title,salary_min,description,salary_is_predicted,salary_max,adref,latitude,redirect_url,created,__CLASS__,longitude,id,company.display_name,company.__CLASS__,location.area,location.__CLASS__,location.display_name,category.tag,category.label,category.__CLASS__,contract_time,contract_type
"Travel Registered Nurse - Neuro Unit - $2,542 per week",0.0,"American Traveler is seeking a travel nurse RN Neurology Med Surg for a travel nursing job in Peoria, Illinois. Job Description & Requirements Specialty: Neurology Discipline: RN Start Date: 06/29/2026 Duration: 13 weeks 36 hours per week Shift: 12 hours, nights Employment Type: Travel Assignment Overview Shift: Nights, 3x12hrs Hours: 36 hrs/wk Start Date: Jun 29, 2026 Length: 13 weeks Openings: 1 Description American Traveler is seeking an experienced RN for a Neuro Med/Surg night shift positi…",0,132184.0,eyJhbGciOiJIUzI1NiJ9.eyJzIjoiSWhlSnA3WmE4Ukc3ZnBSeS1zb3lfdyIsImkiOiI1NzQzNjMwMDQ1In0.zqlc7RadPBZsPdaIjGlf3DBMoKXsOho_ao94SQqpKTY,40.70923,https://www.adzuna.com/land/ad/5743630045?se=IheJp7Za8RG7fpRy-soy_w&utm_medium=api&utm_source=abfa41a4&v=65332091B222B8DECD63C78C8BD7617C09F96C8B,2026-05-28T12:56:56Z,Adzuna::API::Response::Job,-89.56409,5743630045,American Traveler,Adzuna::API::Response::Company,"['US', 'Illinois', 'Peoria County', 'Vets Row']",Adzuna::API::Response::Location,"Vets Row, Peoria County",healthcare-nursing-jobs,Healthcare & Nursing Jobs,Adzuna::API::Response::Category,,
Environmental Services Director,124295.05,"Responsibilities Provide leadership that supports a team environment that fosters morale, passion, quality, and respect Demonstrate continuous ability to maintain and/or improve customer and patient satisfaction Lead and manage team member recruiting, training, development, and assignments Perform daily inspections and assessments and coach and counsel team members Collaborate with department, facility, and company leadership to achieve goals Analyze data and make adjustments to meet facility, …",1,124295.05,eyJhbGciOiJIUzI1NiJ9.eyJpIjoiNTc0MzYyOTk5NSIsInMiOiJJaGVKcDdaYThSRzdmcFJ5LXNveV93In0.A39NIkpixFvvcBcCoh9TLfJN22zEOugm1YdVp1Sfv_g,46.534857,https://www.adzuna.com/details/5743629995?utm_medium=api&utm_source=abfa41a4,2026-05-28T12:56:49Z,Adzuna::API::Response::Job,-87.394137,5743629995,HHS,Adzuna::API::Response::Company,"['US', 'Michigan', 'Marquette County', 'Marquette']",Adzuna::API::Response::Location,"Marquette, Marquette County",customer-services-jobs,Customer Services Jobs,Adzuna::API::Response::Category,full_time,
Licensed Practical Nurse,89229.57,"Job Description Job Description Overview The Licensed Practical Nurse (LPN) plays a vital role in patient care by contributing to the nursing process of assessment, planning, implementation, and evaluation. Working under the supervision of RN(s), the LPN provides direction and guidance in patient education and activities that align with their education and demonstrated competencies. Responsibilities Under RN supervision, assesses patients' physical, psychological, and social dimensions in both …",1,89229.57,eyJhbGciOiJIUzI1NiJ9.eyJpIjoiNTc0MzYyOTk4NyIsInMiOiJJaGVKcDdaYThSRzdmcFJ5LXNveV93In0.sFp-AOwUNKOh1ZR5FOz0TgAYhrRXKH875-ooALanBs0,39.647765,https://www.adzuna.com/land/ad/5743629987?se=IheJp7Za8RG7fpRy-soy_w&utm_medium=api&utm_source=abfa41a4&v=C8BB44467AA273C2204388471618CCE46AAF2481,2026-05-28T12:56:48Z,Adzuna::API::Response::Job,-104.98776,5743629987,Wellpath,Adzuna::API::Response::Company,"['US', 'Colorado', 'Arapahoe County', 'Englewood']",Adzuna::API::Response::Location,"Englewood, Arapahoe County",healthcare-nursing-jobs,Healthcare & Nursing Jobs,Adzuna::API::Response::Category,full_time,permanent
ACCOUNT MANAGER / COLLECTION SPECIALIST,29542.32,"Job Description Job Description Account Manager is responsible for contacting all customers who’s Rental Agreements have expired and working with them in whatever it is feasible to maintain the account. This position, though requiring extensive telephone collection type activity, is more a sales than a collections job. The Account Manager’s priority is to re-sell the Rental Agreement and educate the customer rather than simply calling to collect money. Account Manager / Collection Specialist is…",1,29542.32,eyJhbGciOiJIUzI1NiJ9.eyJzIjoiSWhlSnA3WmE4Ukc3ZnBSeS1zb3lfdyIsImkiOiI1NzQzNjI5OTE1In0.Ry_xZe_A8RCCsAMBWaPF2KXnwsKf_YnYjMq_y7Nskqc,30.229353,https://www.adzuna.com/land/ad/5743629915?se=IheJp7Za8RG7fpRy-soy_w&utm_medium=api&utm_source=abfa41a4&v=6F957343A60EFE28E57298E51EEC6C5306DA3C89,2026-05-28T12:56:40Z,Adzuna::API::Response::Job,-93.213123,5743629915,RNR Tire Express and Custom Wheels - Lake Charles,Adzuna::API::Response::Company,"['US', 'Louisiana', 'Calcasieu Parish', 'Lake Charles']",Adzuna::API::Response::Location,"Lake Charles, Calcasieu Parish",accounting-finance-jobs,Accounting & Finance Jobs,Adzuna::API::Response::Category,full_time,permanent
Outside Sales Professional,72260.58,"Job Description Job Description We are dedicated to enhancing not only the lives of our valued clients but also the personal and professional growth of our people. We've grown 32% since last year, creating a need to expand our sales team into several key local markets, and we're on the lookout for an individual with a competitive background who is hungry for career advancement, performance-based compensation, and an environment surrounded by a team of like-minded and high-achieving peers. This …",1,72260.58,eyJhbGciOiJIUzI1NiJ9.eyJzIjoiSWhlSnA3WmE4Ukc3ZnBSeS1zb3lfdyIsImkiOiI1NzQzNjI5OTA1In0.EvgquFyCJBuIIsTm_ud4OaJAlczmqNXWp6NPjMj13Oc,33.162619,https://www.adzuna.com/land/ad/5743629905?se=IheJp7Za8RG7fpRy-soy_w&utm_medium=api&utm_source=abfa41a4&v=7E2C0638D49611F93C2DED37AF6CA718A95D68F9,2026-05-28T12:56:38Z,Adzuna::API::Response::Job,-96.937505,5743629905,Alleviation Enterprise LLC,Adzuna::API::Response::Company,"['US', 'Texas', 'Denton County', 'Little Elm']",Adzuna::API::Response::Location,"Little Elm, Denton County",sales-jobs,Sales Jobs,Adzuna::API::Response::Category,full_time,permanent
Maintenance Supervisor,53318.57,"Job Description Job Description Maintenance Supervisor The maintenance supervisor is responsible for conducting general maintenance and repairs on facility equipment and property structures. Ensuring that the heating, electrical and plumbing systems perform at optimum functionality. The goal is to maintain the facilities and common areas in the best possible condition. Essential Duties and Responsibilities: Work with the on-site team in managing all maintenance-related repairs and upkeep of the…",1,53318.57,eyJhbGciOiJIUzI1NiJ9.eyJzIjoiSWhlSnA3WmE4Ukc3ZnBSeS1zb3lfdyIsImkiOiI1NzQzNjI5ODk3In0.HT_T89pLjYBYtdV2w2KYu8ahoAMeGarF9VC0d3SfRuU,27.440462,https://www.adzuna.com/land/ad/5743629897?se=IheJp7Za8RG7fpRy-soy_w&utm_medium=api&utm_source=abfa41a4&v=5D25F6D8E31202C95C3C160BE17989ACF7D5AD67,2026-05-28T12:56:34Z,Adzuna::API::Response::Job,-80.566066,5743629897,Pratum Companies,Adzuna::API::Response::Company,"['US', 'Florida', 'St. Lucie County', 'Fort Pierce']",Adzuna::API::Response::Location,"Fort Pierce, St. Lucie County",maintenance-jobs,Maintenance Jobs,Adzuna::API::Response::Category,full_time,permanent
Auto Body Prepper,48013.06,"Job Description Job Description We're looking for Auto Body Preppers with a minimum of 6 months of professional automotive prepping experience to join us at Carvana - the fastest-growing used automotive retailer in U.S. history and one of the four fastest companies to make the Fortune 500. As an Entry-level Auto Body Repair Technician, you'll be expected to prep vehicles for paint , including sanding, masking, taping, bagging, unbagging/tear down, and buffing. At Carvana, you'll receive a compe…",1,48013.06,eyJhbGciOiJIUzI1NiJ9.eyJpIjoiNTc0MzYyOTg2NyIsInMiOiJJaGVKcDdaYThSRzdmcFJ5LXNveV93In0.xSXwwZN4f7RJu2KAn7QJYtT72r3jvFkEMaJVZSBchYM,33.163284,https://www.adzuna.com/land/ad/5743629867?se=IheJp7Za8RG7fpRy-soy_w&utm_medium=api&utm_source=abfa41a4&v=5516C1CFDC73D870C24587BB4086DBCC6ACDA46E,2026-05-28T12:56:18Z,Adzuna::API::Response::Job,-96.589017,5743629867,Carvana Careers,Adzuna::API::Response::Company,"['US', 'Texas', 'Collin County', 'Mckinney']",Adzuna::API::Response::Location,"Mckinney, Collin County",maintenance-jobs,Maintenance Jobs,Adzuna::API::Response::Category,,
Behavior Technician (BT),33115.91,"Job Description Job Description We believe every learner deserves a safe place to grow. At New Story Schools, teams unite academics and therapeutic supports to help students ages 5–21 build skills for life. If collaboration, compassion, and data-informed practice drive you, join us. As a Part Time Behavior Technician (BT) at New Story Schools, you’ll provide one-on-one and small-group support to students in home and community settings. You’ll implement individualized plans that build academic, …",1,33115.91,eyJhbGciOiJIUzI1NiJ9.eyJzIjoiSWhlSnA3WmE4Ukc3ZnBSeS1zb3lfdyIsImkiOiI1NzQzNjI5ODQyIn0.uITtHEqTBEU8Uzs1TQibS2Ko3K5hEZeJkSP7z9PgMgM,39.007845,https://www.adzuna.com/land/ad/5743629842?se=IheJp7Za8RG7fpRy-soy_w&utm_medium=api&utm_source=abfa41a4&v=DEA9DBB87312850FAC8DBB03C2B2BE05E708F447,2026-05-28T12:56:04Z,Adzuna::API::Response::Job,-83.808538,5743629842,New Story Schools  Careers,Adzuna::API::Response::Company,"['US', 'Ohio', 'Brown County', 'Sardinia']",Adzuna::API::Response::Location,"Sardinia, Brown County",teaching-jobs,Teaching Jobs,Adzuna::API::Response::Category,part_time,contract
School-Based Speech Language Pathologist,76625.92,"Job Description Job Description Full-Time Speech-Language Pathologist (SLP-CCC) Make a Difference in a School-Based Setting with PDS! Pediatric Developmental Services (PDS) is hiring a dedicated and qualified Speech-Language Pathologist (SLP-CCC) for a full-time school-based position. Do you love working with children? Are you looking for meaningful, impactful work that also supports a healthy work-life balance? If so, this opportunity could be the perfect fit for you. Why Choose a School-Based…",1,76625.92,eyJhbGciOiJIUzI1NiJ9.eyJpIjoiNTc0MzYyOTc2NCIsInMiOiJJaGVKcDdaYThSRzdmcFJ5LXNveV93In0.59cSfCYiMHen2hfB4rgd_92ZVPHdtjQt6_Edv3M_FiQ,39.426896,https://www.adzuna.com/land/ad/5743629764?se=IheJp7Za8RG7fpRy-soy_w&utm_medium=api&utm_source=abfa41a4&v=242577159D91BB04909D17BF35300AA9FF349530,2026-05-28T12:55:47Z,Adzuna::API::Response::Job,-84.497486,5743629764,Pediatric Developmental Services,Adzuna::API::Response::Company,"['US', 'Ohio', 'Butler County', 'Hamilton']",Adzuna::API::Response::Location,"Hamilton, Butler County",teaching-jobs,Teaching Jobs,Adzuna::API::Response::Category,full_time,permanent
"Travel Nurse RN - Labor & Delivery - $2,406 per week in San Tan Valley, AZ",9624.0,"Registered Nurse (RN) | Labor & Delivery Location: San Tan Valley, AZ Agency: Medical Solutions Pay: $2,406 per week Shift Information: Nights Start Date: 6/22/2026 About the Position TravelNurseSource is working with Medical Solutions to find a qualified Labor/Delivery RN in San Tan Valley, Arizona, 85140! A facility in San Tan Valley, AZ is seeking its next amazing RN (Registered Nurse) to work in L&D (Labor and Delivery). Minimum of one (1) year of recent clinical experience required. Nurses…",0,9624.0,eyJhbGciOiJIUzI1NiJ9.eyJpIjoiNTc0MzYyOTcyMiIsInMiOiJJaGVKcDdaYThSRzdmcFJ5LXNveV93In0.3OrQmvoeXAFXJCo-zrYjmsZB06Gl7sCvaR7jOhDZORs,33.245483,https://www.adzuna.com/land/ad/5743629722?se=IheJp7Za8RG7fpRy-soy_w&utm_medium=api&utm_source=abfa41a4&v=348E0F0C95030F03D044464F6DDD13DBC9777F5D,2026-05-28T12:55:43Z,Adzuna::API::Response::Job,-111.530217,5743629722,TravelNurseSource,Adzuna::API::Response::Company,"['US', 'Arizona', 'Pinal County', 'San Tan Valley']",Adzuna::API::Response::Location,"San Tan Valley, Pinal County",healthcare-nursing-jobs,Healthcare & Nursing Jobs,Adzuna::API::Response::Category,full_time,
"Travel Nurse RN - Bone Marrow Transplant - $1,956 per week in Dallas, TX",7824.0,"Registered Nurse (RN) | Bone Marrow Transplant Location: Dallas, TX Agency: Medical Solutions Pay: $1,956 per week Shift Information: Days Start Date: ASAP About the Position TravelNurseSource is working with Medical Solutions to find a qualified Bone Marrow Transplant RN in Dallas, Texas, 75230! A facility in Dallas, TX is seeking its next amazing RN (Registered Nurse) to work in BMT (Bone Marrow Transplant). Minimum of one (1) year of recent clinical experience required. Nurses and allied hea…",0,7824.0,eyJhbGciOiJIUzI1NiJ9.eyJpIjoiNTc0MzYyOTYwNSIsInMiOiJJaGVKcDdaYThSRzdmcFJ5LXNveV93In0.VwCKYFU1Cdz-_THGUcuhShcy2AKFUPx84PlGJMF6dHE,32.798895,https://www.adzuna.com/land/ad/5743629605?se=IheJp7Za8RG7fpRy-soy_w&utm_medium=api&utm_source=abfa41a4&v=495302094989D46535D68D6CAAEACF12FF978800,2026-05-28T12:55:41Z,Adzuna::API::Response::Job,-96.767002,5743629605,TravelNurseSource,Adzuna::API::Response::Company,"['US', 'Texas', 'Dallas']",Adzuna::API::Response::Location,"Dallas, Texas",healthcare-nursing-jobs,Healthcare & Nursing Jobs,Adzuna::API::Response::Category,full_time,
"Local Contract Speech Language Pathologist, Outpatient - $44-48 per hour",91520.0,"Host Healthcare is seeking a local contract Speech Language Pathologist for a local contract job in Oak Bluffs, Massachusetts. Job Description & Requirements Specialty: Speech Language Pathologist Discipline: Therapy Start Date: 06/29/2026 Duration: 13 weeks 40 hours per week Shift: 8 hours Employment Type: Local Contract Host Healthcare Job ID La1fVX000003PtZ3YAK. Pay package is based on 8 hour shifts and 40 hours per week (subject to confirmation) with tax-free stipend amount to be determined…",0,99840.0,eyJhbGciOiJIUzI1NiJ9.eyJpIjoiNTc0MzYyOTU5MiIsInMiOiJJaGVKcDdaYThSRzdmcFJ5LXNveV93In0.waSzPgOOHqUTV_GzjzchzgMM29tddK2VHcifSnRTK4Y,41.444567,https://www.adzuna.com/land/ad/5743629592?se=IheJp7Za8RG7fpRy-soy_w&utm_medium=api&utm_source=abfa41a4&v=DD7CC1B4994324F38D864D0F993FB4DB3BAD758C,2026-05-28T12:55:37Z,Adzuna::API::Response::Job,-70.577975,5743629592,Host Healthcare,Adzuna::API::Response::Company,"['US', 'Massachusetts', 'Dukes County', 'Vineyard Haven']",Adzuna::API::Response::Location,"Vineyard Haven, Dukes County",healthcare-nursing-jobs,Healthcare & Nursing Jobs,Adzuna::API::Response::Category,,
"Travel Medical/Surgical Telemetry RN - $2,282 per week",0.0,"Anders Group is seeking a travel nurse RN Med Surg / Telemetry for a travel nursing job in Ithaca, New York. Job Description & Requirements Specialty: Med Surg / Telemetry Discipline: RN Start Date: 06/28/2026 Duration: 13 weeks 36 hours per week Shift: 12 hours, nights Employment Type: Travel Anders Group Job ID 1026936. Pay package is based on 12 hour shifts and 36 hours per week (subject to confirmation) with tax-free stipend amount to be determined. Posted job title: Extension- Carin Hodgso…",0,118664.0,eyJhbGciOiJIUzI1NiJ9.eyJzIjoiSWhlSnA3WmE4Ukc3ZnBSeS1zb3lfdyIsImkiOiI1NzQzNjI5NTkwIn0.MdjksPorxkRsIK0NXf24pwX0rMY2Aj4X3P3ZXsye2Zw,42.44829,https://www.adzuna.com/land/ad/5743629590?se=IheJp7Za8RG7fpRy-soy_w&utm_medium=api&utm_source=abfa41a4&v=804BC590C9F0EE4EF2073CF4DCF5626860026B07,2026-05-28T12:55:36Z,Adzuna::API::Response::Job,-76.504053,5743629590,Anders Group,Adzuna::API::Response::Company,"['US', 'New York', 'Tompkins County', 'Ithaca']",Adzuna::API::Response::Location,"Ithaca, Tompkins County",healthcare-nursing-jobs,Healthcare & Nursing Jobs,Adzuna::API::Response::Category,,
"Travel Physical Therapist - $1,854 per week",0.0,"TNAA TotalMed Allied is seeking a travel Physical Therapist for a travel job in Spring Hill, Tennessee. Job Description & Requirements Specialty: Physical Therapist Discipline: Therapy Duration: 13 weeks 40 hours per week Shift: 8 hours, days Employment Type: Travel We are looking for a Physical Therapist (PT) for an immediate travel opening in Spring Hill, TN. The right PT should have 1 year of experience; for an exceptional candidate with an appropriate background, 6 months of experience may …",0,96408.0,eyJhbGciOiJIUzI1NiJ9.eyJpIjoiNTc0MzYyOTU4OSIsInMiOiJJaGVKcDdaYThSRzdmcFJ5LXNveV93In0.QvJMpHKYSRJH914yIPzGdSltLD-FT7ulKi9n2nJlM00,35.738588,https://www.adzuna.com/land/ad/5743629589?se=IheJp7Za8RG7fpRy-soy_w&utm_medium=api&utm_source=abfa41a4&v=A9704BFCC524B6E0567849FC50273524DD53FC93,2026-05-28T12:55:36Z,Adzuna::API::Response::Job,-86.903452,5743629589,TNAA TotalMed Allied,Adzuna::API::Response::Company,"['US', 'Tennessee', 'Maury County', 'Spring Hill']",Adzuna::API::Response::Location,"Spring Hill, Maury County",healthcare-nursing-jobs,Healthcare & Nursing Jobs,Adzuna::API::Response::Category,,
"Travel Occupational Therapist, Rehabilitation - $1,950 per week",0.0,"GrapeTree Medical Staffing Allied is seeking a travel Occupational Therapist for a travel job in Nashua, New Hampshire. Job Description & Requirements Specialty: Occupational Therapist Discipline: Therapy Start Date: 06/01/2026 Duration: 13 weeks 40 hours per week Shift: 8 hours, days Employment Type: Travel To perform this job successfully, the individual must have the requirements listed below: BLS, AHA preferred Current, valid certifications Currently listed registry in state of practice Min…",0,101400.0,eyJhbGciOiJIUzI1NiJ9.eyJpIjoiNTc0MzYyOTU4NyIsInMiOiJJaGVKcDdaYThSRzdmcFJ5LXNveV93In0.IO-rZTYFsDZwZ7ak-XBflBSdPHRoyb1ANMlmWc8MdME,42.72819,https://www.adzuna.com/land/ad/5743629587?se=IheJp7Za8RG7fpRy-soy_w&utm_medium=api&utm_source=abfa41a4&v=489A170BC78DC85547DEB5E2682517BF93E20422,2026-05-28T12:55:36Z,Adzuna::API::Response::Job,-71.496166,5743629587,GrapeTree Medical Staffing Allied,Adzuna::API::Response::Company,"['US', 'New Hampshire', 'Hillsborough County', 'Nashua']",Adzuna::API::Response::Location,"Nashua, Hillsborough County",healthcare-nursing-jobs,Healthcare & Nursing Jobs,Adzuna::API::Response::Category,,
"Travel Physical Therapist - $1,886 per week",0.0,"TNAA TotalMed Allied is seeking a travel Physical Therapist for a travel job in Cypress, Texas. Job Description & Requirements Specialty: Physical Therapist Discipline: Therapy Duration: 13 weeks 40 hours per week Shift: 8 hours, days Employment Type: Travel We are looking for a Physical Therapist (PT) for an immediate travel opening in Cypress, TX. The right PT should have 1 year of experience; for an exceptional candidate with an appropriate background, 6 months of experience may be accepted.…",0,98072.0,eyJhbGciOiJIUzI1NiJ9.eyJpIjoiNTc0MzYyOTU4OCIsInMiOiJJaGVKcDdaYThSRzdmcFJ5LXNveV93In0.3--Kmfphsw0xo0h7HLG8KJInG1GeiJF2I2fMWCY6njY,29.975158,https://www.adzuna.com/land/ad/5743629588?se=IheJp7Za8RG7fpRy-soy_w&utm_medium=api&utm_source=abfa41a4&v=F247A09026A61B70CA98FBE553C9E7DD24BD1B27,2026-05-28T12:55:36Z,Adzuna::API::Response::Job,-95.680346,5743629588,TNAA TotalMed Allied,Adzuna::API::Response::Company,"['US', 'Texas', 'Harris County', 'Cypress']",Adzuna::API::Response::Location,"Cypress, Harris County",healthcare-nursing-jobs,Healthcare & Nursing Jobs,Adzuna::API::Response::Category,,
"Travel Physical Therapist - $2,306 per week",0.0,"Towne U.S. LLC is seeking a travel Physical Therapist for a travel job in Canton, Georgia. Job Description & Requirements Specialty: Physical Therapist Discipline: Therapy Start Date: ASAP Duration: 13 weeks 40 hours per week Shift: 8 hours, days Employment Type: Travel Towne U.S. LLC Job ID 18384251. Pay package is based on 8 hour shifts and 40.0 hours per week (subject to confirmation) with tax-free stipend amount to be determined. Posted job title: Physical Therapy:Physical Therapist (PT),09…",0,119912.0,eyJhbGciOiJIUzI1NiJ9.eyJzIjoiSWhlSnA3WmE4Ukc3ZnBSeS1zb3lfdyIsImkiOiI1NzQzNjI5NTg0In0.iZsoReBzVL3wdRSrf4t0HO0vc0_46JL0NdN8OfVCcG4,34.14,https://www.adzuna.com/land/ad/5743629584?se=IheJp7Za8RG7fpRy-soy_w&utm_medium=api&utm_source=abfa41a4&v=AE110917B045785EB3558024DD952AEAEA0E0A5D,2026-05-28T12:55:35Z,Adzuna::API::Response::Job,-84.3,5743629584,Towne U.S. LLC,Adzuna::API::Response::Company,"['US', 'Georgia', 'Fulton County', 'Milton']",Adzuna::API::Response::Location,"Milton, Fulton County",social-work-jobs,Social work Jobs,Adzuna::API::Response::Category,,
"Travel Post Surgical Unit RN - $2,380 per week",0.0,"Voca Healthcare is seeking a travel nurse RN Med Surg for a travel nursing job in Oklahoma City, Oklahoma. Job Description & Requirements Specialty: Med Surg Discipline: RN Start Date: 06/15/2026 Duration: 13 weeks 36 hours per week Shift: 12 hours, nights Employment Type: Travel Shift: Nights Schedule Notes: This is a med/surg unit. Will not accept OR candidates. Stepdown/PCU experience is required Must have acute care surgical floor experience. ENT and/or Transplant Experience Preferred Nurse…",0,123760.0,eyJhbGciOiJIUzI1NiJ9.eyJpIjoiNTc0MzYyOTU3NyIsInMiOiJJaGVKcDdaYThSRzdmcFJ5LXNveV93In0.73Du_aQlPLsrdtbOUmLhotztwOpB83mzljueZLkoveg,35.54388,https://www.adzuna.com/land/ad/5743629577?se=IheJp7Za8RG7fpRy-soy_w&utm_medium=api&utm_source=abfa41a4&v=0BCA52D74406893E6ECE6D88E0BC22BABF1CD19B,2026-05-28T12:55:35Z,Adzuna::API::Response::Job,-97.5561,5743629577,Voca Healthcare,Adzuna::API::Response::Company,"['US', 'Oklahoma', 'Oklahoma County', 'Nichols Hills']",Adzuna::API::Response::Location,"Nichols Hills, Oklahoma County",healthcare-nursing-jobs,Healthcare & Nursing Jobs,Adzuna::API::Response::Category,,
"Travel Occupational Therapist - $2,000 per week",0.0,"Prime Time Healthcare Therapy is seeking a travel Occupational Therapist for a travel job in Ahoskie, North Carolina. Job Description & Requirements Specialty: Occupational Therapist Discipline: Therapy Duration: 13 weeks 40 hours per week Shift: 8 hours, days Employment Type: Travel",0,104000.0,eyJhbGciOiJIUzI1NiJ9.eyJpIjoiNTc0MzYyOTU4MSIsInMiOiJJaGVKcDdaYThSRzdmcFJ5LXNveV93In0.FM9-zSBGlz6tITsxjQ05fZARdcO43XldfIiQ3ovSR64,36.287527,https://www.adzuna.com/land/ad/5743629581?se=IheJp7Za8RG7fpRy-soy_w&utm_medium=api&utm_source=abfa41a4&v=0D1F4A43C5407D603CBF35E32A6317E77C142D9D,2026-05-28T12:55:35Z,Adzuna::API::Response::Job,-76.984848,5743629581,Prime Time Healthcare Therapy,Adzuna::API::Response::Company,"['US', 'North Carolina', 'Hertford County', 'Ahoskie']",Adzuna::API::Response::Location,"Ahoskie, Hertford County",healthcare-nursing-jobs,Healthcare & Nursing Jobs,Adzuna::API::Response::Category,,
"Travel Physical Therapist - $1,782 per week",0.0,"Triage Staffing is seeking a travel Physical Therapist for a travel job in Cypress, Texas. Job Description & Requirements Specialty: Physical Therapist Discipline: Therapy Start Date: 06/22/2026 Duration: 13 weeks 40 hours per week Shift: 8 hours, days Employment Type: Travel Travel Rehab: Physical Therapy Cypress Location: Cypress Start Date: 6/22/2026 Shift Details: 8H Days 40 hours per week Length: 13 WEEKS Apply for specific facility details.Physical Therapist Triage Staffing Job ID 6YRVE6Q…",0,92664.0,eyJhbGciOiJIUzI1NiJ9.eyJzIjoiSWhlSnA3WmE4Ukc3ZnBSeS1zb3lfdyIsImkiOiI1NzQzNjI5NTgzIn0.35c9bYo4wGMKkV2n-6LHmIlT8PrQydaPipyIDWBX4is,29.975158,https://www.adzuna.com/land/ad/5743629583?se=IheJp7Za8RG7fpRy-soy_w&utm_medium=api&utm_source=abfa41a4&v=85B18CBDF41F26FFB6BE6FAB0AD8A4B141AFF693,2026-05-28T12:55:35Z,Adzuna::API::Response::Job,-95.680346,5743629583,Triage Staffing,Adzuna::API::Response::Company,"['US', 'Texas', 'Harris County', 'Cypress']",Adzuna::API::Response::Location,"Cypress, Harris County",healthcare-nursing-jobs,Healthcare & Nursing Jobs,Adzuna::API::Response::Category,,
"Travel Progressive Care Unit RN - $2,508 per week",0.0,"Amergis Healthcare Staffing, Inc. is seeking a travel nurse RN PCU - Progressive Care Unit for a travel nursing job in Washington, District of Columbia. Job Description & Requirements Specialty: PCU - Progressive Care Unit Discipline: RN Duration: 13 weeks 36 hours per week Shift: 12 hours Employment Type: Travel The Progressive Care Unit RN, as a professional practitioner, assumes the responsibility and accountability for delivering patient care to telemetry/progressive care patients. The Prog…",0,130416.0,eyJhbGciOiJIUzI1NiJ9.eyJzIjoiSWhlSnA3WmE4Ukc3ZnBSeS1zb3lfdyIsImkiOiI1NzQzNjI5NTcyIn0.wZTJityvbRGKQYW96oeREOUHvSHc61zHGQCjM42wp-I,38.903862,https://www.adzuna.com/land/ad/5743629572?se=IheJp7Za8RG7fpRy-soy_w&utm_medium=api&utm_source=abfa41a4&v=8BE93F7B5C3650A091B4A50999EF0F3F1A669316,2026-05-28T12:55:34Z,Adzuna::API::Response::Job,-76.990882,5743629572,"Amergis Healthcare Staffing, Inc.",Adzuna::API::Response::Company,"['US', 'Maryland', ""Prince George's County"", 'Mount Rainier']",Adzuna::API::Response::Location,"Mount Rainier, Prince George's County",healthcare-nursing-jobs,Healthcare & Nursing Jobs,Adzuna::API::Response::Category,,
"Travel Certified Occupational Therapy Assistant (COTA) - SNF/LTC - $1,731 per week",0.0,"Centra Healthcare Allied is seeking a travel Certified Occupational Therapy Assistant for a travel job in Nashua, New Hampshire. Job Description & Requirements Specialty: Certified Occupational Therapy Assistant Discipline: Therapy Start Date: 06/01/2026 Duration: 13 weeks 40 hours per week Shift: 8 hours, days Employment Type: Travel Centra Healthcare Solutions is seeking an experienced Certified Occupational Therapy Assistant (COTA) that is licensed or in the immediate process, and qualifies,…",0,90012.0,eyJhbGciOiJIUzI1NiJ9.eyJpIjoiNTc0MzYyOTU3MCIsInMiOiJJaGVKcDdaYThSRzdmcFJ5LXNveV93In0.ja5aCvsb7-b_u3plOuIdtzPhXirMXWyRM9nxiTTE5MM,42.72819,https://www.adzuna.com/land/ad/5743629570?se=IheJp7Za8RG7fpRy-soy_w&utm_medium=api&utm_source=abfa41a4&v=36DABD29D9258B5C96426F3D1F71C33B4464A3E8,2026-05-28T12:55:34Z,Adzuna::API::Response::Job,-71.496166,5743629570,Centra Healthcare Allied,Adzuna::API::Response::Company,"['US', 'New Hampshire', 'Hillsborough County', 'Nashua']",Adzuna::API::Response::Location,"Nashua, Hillsborough County",healthcare-nursing-jobs,Healthcare & Nursing Jobs,Adzuna::API::Response::Category,,
"Travel Physical Therapy Assistant - $1,528 per week",0.0,"Centra Healthcare Allied is seeking a travel Physical Therapy Assistant for a travel job in Belle Fourche, South Dakota. Job Description & Requirements Specialty: Physical Therapy Assistant Discipline: Therapy Start Date: ASAP Duration: 13 weeks 40 hours per week Shift: 8 hours, days Employment Type: Travel A great SNF / LTC is looking for an experienced or newly graduated Physical Therapist Assistant / Physical Therapy Assistant / PTA to join their growing team for a contract assignment! The P…",0,79456.0,eyJhbGciOiJIUzI1NiJ9.eyJpIjoiNTc0MzYyOTU3NiIsInMiOiJJaGVKcDdaYThSRzdmcFJ5LXNveV93In0.sYPsIh9LIMV_4sU10BWbSnCuPgBGkBGTozvfll9o7FI,44.71926,https://www.adzuna.com/land/ad/5743629576?se=IheJp7Za8RG7fpRy-soy_w&utm_medium=api&utm_source=abfa41a4&v=9A56AED7CB785E49E1A3E97246E55C6AAF6C142D,2026-05-28T12:55:34Z,Adzuna::API::Response::Job,-103.82946,5743629576,Centra Healthcare Allied,Adzuna::API::Response::Company,"['US', 'South Dakota', 'Butte County', 'Mason']",Adzuna::API::Response::Location,"Mason, Butte County",healthcare-nursing-jobs,Healthcare & Nursing Jobs,Adzuna::API::Response::Category,,
"Travel Physical Therapy Assistant - $1,649 per week",0.0,"AHS Staffing is seeking a travel Physical Therapy Assistant for a travel job in West Memphis, Arkansas. Job Description & Requirements Specialty: Physical Therapy Assistant Discipline: Therapy Start Date: 06/01/2026 Duration: 4 weeks 40 hours per week Shift: 8 hours, days Employment Type: Travel AHS Job ID 2406015. Posted job title: Physical Therapy Assistant Physical Therapy Assistant About AHS Staffing At AHS Staffing, we are committed to providing a personalized, transparent, and rewarding e…",0,85748.0,eyJhbGciOiJIUzI1NiJ9.eyJzIjoiSWhlSnA3WmE4Ukc3ZnBSeS1zb3lfdyIsImkiOiI1NzQzNjI5NTY5In0.qtdDvZ-KV18RYOQCaK2TjwLotKLHPCZ123wGdvvrrdc,35.14632,https://www.adzuna.com/land/ad/5743629569?se=IheJp7Za8RG7fpRy-soy_w&utm_medium=api&utm_source=abfa41a4&v=5820676C5BE91E1F932E19CF776EBC6F8E8EAEFD,2026-05-28T12:55:34Z,Adzuna::API::Response::Job,-90.18438,5743629569,AHS Staffing,Adzuna::API::Response::Company,"['US', 'Arkansas', 'Crittenden County', 'West Memphis']",Adzuna::API::Response::Location,"West Memphis, Crittenden County",healthcare-nursing-jobs,Healthcare & Nursing Jobs,Adzuna::API::Response::Category,,
"Travel Physical Therapist - $1,739 per week",0.0,"Focus Staff is seeking a travel Physical Therapist for a travel job in Dallas, Texas. Job Description & Requirements Specialty: Physical Therapist Discipline: Therapy Start Date: 06/15/2026 Duration: 13 weeks 40 hours per week Shift: 8 hours, days Employment Type: Travel Focus Staff is seeking a Physical Therapist for a travel contract in Dallas, TX. The ideal candidate will have at least 1 year of experience in a PT setting. Contract Length: 13 Weeks Start Date: 06/15/2026 Shift: Days Benefits…",0,90428.0,eyJhbGciOiJIUzI1NiJ9.eyJpIjoiNTc0MzYyOTU2NiIsInMiOiJJaGVKcDdaYThSRzdmcFJ5LXNveV93In0.71F_U7lHcCMi6qvUHeBP1PnLiBxXTkz8sUtmZ1_x9b4,32.760168,https://www.adzuna.com/land/ad/5743629566?se=IheJp7Za8RG7fpRy-soy_w&utm_medium=api&utm_source=abfa41a4&v=AE1B52BAA23C7C7B21B02A0197259638A4DEE9F1,2026-05-28T12:55:33Z,Adzuna::API::Response::Job,-96.765058,5743629566,Focus Staff,Adzuna::API::Response::Company,"['US', 'Texas', 'Dallas', 'Highland Park']",Adzuna::API::Response::Location,"Highland Park, Dallas",healthcare-nursing-jobs,Healthcare & Nursing Jobs,Adzuna::API::Response::Category,,
"Travel Occupational Therapist - $1,513 per week",0.0,"AHS Staffing is seeking a travel Occupational Therapist for a travel job in Pensacola, Florida. Job Description & Requirements Specialty: Occupational Therapist Discipline: Therapy Start Date: 06/15/2026 Duration: 13 weeks 40 hours per week Shift: 8 hours, days Employment Type: Travel AHS Job ID 2406040. Posted job title: Occupational Therapist Acute Inpatient About AHS Staffing At AHS Staffing, we are committed to providing a personalized, transparent, and rewarding experience. We go beyond th…",0,78676.0,eyJhbGciOiJIUzI1NiJ9.eyJpIjoiNTc0MzYyOTU1OCIsInMiOiJJaGVKcDdaYThSRzdmcFJ5LXNveV93In0.8nFHYYkFnXVWiOxuLEn4QRXlAA8QDkTrd19rSQ6kfu0,30.423724,https://www.adzuna.com/land/ad/5743629558?se=IheJp7Za8RG7fpRy-soy_w&utm_medium=api&utm_source=abfa41a4&v=6DF9DDE2D29068B7431A58629931F48EECCDA70E,2026-05-28T12:55:32Z,Adzuna::API::Response::Job,-87.226997,5743629558,AHS Staffing,Adzuna::API::Response::Company,"['US', 'Florida', 'Escambia County', 'Pensacola']",Adzuna::API::Response::Location,"Pensacola, Escambia County",healthcare-nursing-jobs,Healthcare & Nursing Jobs,Adzuna::API::Response::Category,,
"Travel PACU Registered Nurse - $2,440 per week",0.0,"American Traveler is seeking a travel nurse RN PACU - Post Anesthesia Care for a travel nursing job in Oklahoma City, Oklahoma. Job Description & Requirements Specialty: PACU - Post Anesthesia Care Discipline: RN Start Date: 06/08/2026 Duration: 13 weeks 36 hours per week Shift: 12 hours, days Employment Type: Travel Assignment Overview Shift: Days, 3x12hrs Hours: 36 hrs/wk Start Date: Jun 8, 2026 Length: 13 weeks Openings: 1 Description American Traveler is seeking an experienced RN for an Adu…",0,126880.0,eyJhbGciOiJIUzI1NiJ9.eyJpIjoiNTc0MzYyOTU1OSIsInMiOiJJaGVKcDdaYThSRzdmcFJ5LXNveV93In0.NpWhV3GdPr-nIHTF_DFVP93dP3Bojmuuh_2DNqT7QnE,35.54388,https://www.adzuna.com/land/ad/5743629559?se=IheJp7Za8RG7fpRy-soy_w&utm_medium=api&utm_source=abfa41a4&v=D6BA2660F9ED8DF82F69D0B1A51CF042A86ED35B,2026-05-28T12:55:32Z,Adzuna::API::Response::Job,-97.5561,5743629559,American Traveler,Adzuna::API::Response::Company,"['US', 'Oklahoma', 'Oklahoma County', 'Nichols Hills']",Adzuna::API::Response::Location,"Nichols Hills, Oklahoma County",healthcare-nursing-jobs,Healthcare & Nursing Jobs,Adzuna::API::Response::Category,,
HIRING NATIONWIDE! Level 4 DC Power Technician,122589.84,"Job Description Job Description 100% Travel Opportunity – Hiring Across the Entire U.S. We are actively hiring nationwide for this role due to its travel-based nature . As a traveling position , you will work on high-impact projects across the United States. ✅ Per diem is provided to fully cover travel-related expenses, so you can focus on delivering top-quality work without worrying about costs. Travel Position PositionSummary The L4 Principal Installer is the ultimate authority on DC power de…",1,122589.84,eyJhbGciOiJIUzI1NiJ9.eyJpIjoiNTc0MzYyOTQ5NyIsInMiOiJJaGVKcDdaYThSRzdmcFJ5LXNveV93In0.3cZn5DUnJdeXuGeqpbnHzldL6zmmcleuOOBjPijUqTQ,32.798895,https://www.adzuna.com/land/ad/5743629497?se=IheJp7Za8RG7fpRy-soy_w&utm_medium=api&utm_source=abfa41a4&v=B27975A9E109B48ED3CF26E8098B49CC9CCDAAC8,2026-05-28T12:55:15Z,Adzuna::API::Response::Job,-96.767002,5743629497,Vensure Employer Services,Adzuna::API::Response::Company,"['US', 'Texas', 'Dallas']",Adzuna::API::Response::Location,"Dallas, Texas",engineering-jobs,Engineering Jobs,Adzuna::API::Response::Category,full_time,permanent
"Travel Nurse RN - Neonatal Intensive Care Unit - $1,975 to $2,128 per week in Los Angeles, CA",8510.0,"Registered Nurse (RN) | Neonatal Intensive Care Unit Location: Los Angeles, CA Agency: Host Healthcare Pay: $1,975 to $2,128 per week Shift Information: Nights Contract Duration: 13 Weeks Start Date: 6/22/2026 About the Position Host Healthcare is an award-winning travel healthcare company with an immediate opening for this Registered Nurse - NICU in Los Angeles, CA. If you are interested in this position, please contact your recruiter and reference Job 2214282",0,8510.0,eyJhbGciOiJIUzI1NiJ9.eyJpIjoiNTc0MzYyOTQ5NCIsInMiOiJJaGVKcDdaYThSRzdmcFJ5LXNveV93In0.scQH-B1WgZNrbkNM4bJbZvVclZoGAs2D_H9Axg9jVTc,,https://www.adzuna.com/land/ad/5743629494?se=IheJp7Za8RG7fpRy-soy_w&utm_medium=api&utm_source=abfa41a4&v=EC13B29CC4B34F7C6E445CC005C2D990A4377D0D,2026-05-28T12:55:14Z,Adzuna::API::Response::Job,,5743629494,Host Healthcare,Adzuna::API::Response::Company,"['US', 'California', 'Los Angeles County', 'Los Angeles']",Adzuna::API::Response::Location,"Los Angeles, Los Angeles County",healthcare-nursing-jobs,Healthcare & Nursing Jobs,Adzuna::API::Response::Category,full_time,contract
"Travel Nurse RN - Neonatal Intensive Care Unit - $1,975 to $2,128 per week in Los Angeles, CA",8510.0,"Registered Nurse (RN) | Neonatal Intensive Care Unit Location: Los Angeles, CA Agency: Host Healthcare Pay: $1,975 to $2,128 per week Shift Information: Nights Contract Duration: 13 Weeks Start Date: 6/22/2026 About the Position TravelNurseSource is working with Host Healthcare to find a qualified NICU RN in Los Angeles, California, 90027! Host Healthcare is an award-winning travel healthcare company with an immediate opening for this Registered Nurse - NICU in Los Angeles, CA. If you are inter…",0,8510.0,eyJhbGciOiJIUzI1NiJ9.eyJpIjoiNTc0MzYyOTQ5MyIsInMiOiJJaGVKcDdaYThSRzdmcFJ5LXNveV93In0.VLBroZiMOMYvBpYS5aJykSoF63TBpGhuhZOsU7x1htQ,,https://www.adzuna.com/land/ad/5743629493?se=IheJp7Za8RG7fpRy-soy_w&utm_medium=api&utm_source=abfa41a4&v=0D28895D56B80A04BF76FCED7EA463B5F790BE73,2026-05-28T12:55:13Z,Adzuna::API::Response::Job,,5743629493,TravelNurseSource,Adzuna::API::Response::Company,"['US', 'California', 'Los Angeles County', 'Los Angeles']",Adzuna::API::Response::Location,"Los Angeles, Los Angeles County",healthcare-nursing-jobs,Healthcare & Nursing Jobs,Adzuna::API::Response::Category,full_time,contract
"Travel Nurse RN - Neonatal Intensive Care Unit - $2,060 to $2,155 per week in Los Angeles, CA",8620.0,"Registered Nurse (RN) | Neonatal Intensive Care Unit Location: Los Angeles, CA Agency: GQR Healthcare Pay: $2,060 to $2,155 per week Shift Information: Nights Contract Duration: 13 Weeks Start Date: ASAP About the Position TravelNurseSource is working with GQR Healthcare to find a qualified NICU RN in Los Angeles, California, 90027! Contract - W2 Neonatal Intensive Care (NICU) Registered Nurse (RN) Job Location: Los Angeles, California Start Date: June 1, 2026 Profession: Registered Nurse (RN) …",0,8620.0,eyJhbGciOiJIUzI1NiJ9.eyJzIjoiSWhlSnA3WmE4Ukc3ZnBSeS1zb3lfdyIsImkiOiI1NzQzNjI5NDc2In0.LsjWlJNdxtCzvp9-wZHOJeKt9B2fp2Ef0I0gqgMiuR0,,https://www.adzuna.com/land/ad/5743629476?se=IheJp7Za8RG7fpRy-soy_w&utm_medium=api&utm_source=abfa41a4&v=63593E5F9BDFCEEDF5B7C295160301BABE00F5AC,2026-05-28T12:55:04Z,Adzuna::API::Response::Job,,5743629476,TravelNurseSource,Adzuna::API::Response::Company,"['US', 'California', 'Los Angeles County', 'Los Angeles']",Adzuna::API::Response::Location,"Los Angeles, Los Angeles County",healthcare-nursing-jobs,Healthcare & Nursing Jobs,Adzuna::API::Response::Category,full_time,contract
Permit Supervisor (Drafting)-Telecommunications,67637.04,"Job Description Job Description Why CCI? CCI Systems, Inc. is an Employee-Owned Telecommunications Company based in Iron Mountain, MI with 60 years of industry knowledge and experience. Our outstanding team-based work culture and environment has allowed us to grow, develop, and retain long-term employees. We offer a comprehensive benefits package, competitive pay, flexibility, paid on the job training, overtime, professional development, and inspire you to be bold, yet accountable. We value our…",1,67637.04,eyJhbGciOiJIUzI1NiJ9.eyJpIjoiNTc0MzYyOTQyNCIsInMiOiJJaGVKcDdaYThSRzdmcFJ5LXNveV93In0.s0ohtWqN6ZGFG9V_ckY5ksGYC_j0pUIOkHeW8tIpXd8,25.839203,https://www.adzuna.com/land/ad/5743629424?se=IheJp7Za8RG7fpRy-soy_w&utm_medium=api&utm_source=abfa41a4&v=A5E59C08C2922E926F9DDD21047B210E09F6421D,2026-05-28T12:54:44Z,Adzuna::API::Response::Job,-80.282306,5743629424,"CCI Systems, Inc.",Adzuna::API::Response::Company,"['US', 'Florida', 'Miami-Dade County', 'Hialeah']",Adzuna::API::Response::Location,"Hialeah, Miami-Dade County",engineering-jobs,Engineering Jobs,Adzuna::API::Response::Category,full_time,permanent
"Locum Physician (MD/DO) - Obstetrics and Gynecology - $175 to $200 per hour in Midland, MI",175.0,"Doctor of Medicine | Obstetrics and Gynecology Location: Midland, MI Employer: Curative Pay: $175 to $200 per hour Start Date: ASAP About the Position LocumJobsOnline is working with Curative to find a qualified Obstetrics and Gynecology MD in Midland, Michigan, 48670! Michigan OB/GYN locums centered on true 24 hour in house call with dedicated overnight midwife coverage, built around predictable shift blocks that fit cleanly into your monthly schedule. Highlights 24 hour in house call with cal…",0,175.0,eyJhbGciOiJIUzI1NiJ9.eyJpIjoiNTc0MzYyOTM4MiIsInMiOiJJaGVKcDdaYThSRzdmcFJ5LXNveV93In0.qsvZlyscFAbbcjHtM-zowJVLXi-B2CDY9K6u306A0lY,43.582956,https://www.adzuna.com/details/5743629382?utm_medium=api&utm_source=abfa41a4,2026-05-28T12:54:28Z,Adzuna::API::Response::Job,-84.351332,5743629382,LocumJobsOnline,Adzuna::API::Response::Company,"['US', 'Michigan', 'Midland County', 'Midland']",Adzuna::API::Response::Location,"Midland, Midland County",healthcare-nursing-jobs,Healthcare & Nursing Jobs,Adzuna::API::Response::Category,,
"Locum Physician (MD/DO) - Surgery - Orthopedic - $300 to $400 per hour in Sonora, CA",300.0,"Doctor of Medicine | Surgery - Orthopedic Location: Sonora, CA Employer: Curative Pay: $300 to $400 per hour Start Date: ASAP About the Position LocumJobsOnline is working with Curative to find a qualified Orthopedic Surgery MD in Sonora, California, 95370! Explore an Orthopedic Surgery locum tenens opportunity in California, near Los Angeles, offering a mix of inpatient and outpatient settings. Highlights Fast credentialing with temporary privileges available Flexible scheduling with ongoing m…",0,300.0,eyJhbGciOiJIUzI1NiJ9.eyJzIjoiSWhlSnA3WmE4Ukc3ZnBSeS1zb3lfdyIsImkiOiI1NzQzNjI5Mzc4In0.74EYjtZF-Iqv-6FpIJDBdlAED9_lNw1s1Cz1YTQR7Bo,37.984091,https://www.adzuna.com/details/5743629378?utm_medium=api&utm_source=abfa41a4,2026-05-28T12:54:28Z,Adzuna::API::Response::Job,-120.382138,5743629378,LocumJobsOnline,Adzuna::API::Response::Company,"['US', 'California', 'Tuolumne County', 'Sonora']",Adzuna::API::Response::Location,"Sonora, Tuolumne County",healthcare-nursing-jobs,Healthcare & Nursing Jobs,Adzuna::API::Response::Category,,
"Locum Physician (MD/DO) - Radiology - General/Other - $400 to $475 per hour in Columbia, MO",400.0,"Doctor of Medicine | Radiology - General/Other Location: Columbia, MO Employer: Curative Pay: $400 to $475 per hour Start Date: ASAP About the Position LocumJobsOnline is working with Curative to find a qualified Radiology MD in Columbia, Missouri, 65212! Missouri Breast Imaging locums focused on 100 percent mammography and a weekday daytime structure, built around a schedule you can scale from part week to full time. Highlights 100 percent mammography assignment, no mixed modality dilution Cho…",0,400.0,eyJhbGciOiJIUzI1NiJ9.eyJzIjoiSWhlSnA3WmE4Ukc3ZnBSeS1zb3lfdyIsImkiOiI1NzQzNjI5Mzc5In0.8MxHO6ccoe_6c74OVFJghu2GNSmF4aZwmsdkWaZpca4,38.882174,https://www.adzuna.com/details/5743629379?utm_medium=api&utm_source=abfa41a4,2026-05-28T12:54:28Z,Adzuna::API::Response::Job,-92.25231,5743629379,LocumJobsOnline,Adzuna::API::Response::Company,"['US', 'Missouri', 'Boone County', 'Columbia']",Adzuna::API::Response::Location,"Columbia, Boone County",healthcare-nursing-jobs,Healthcare & Nursing Jobs,Adzuna::API::Response::Category,,
"Locum Physician (MD/DO) - Surgery - Orthopedic - $300 to $400 per hour in Sonora, CA",300.0,"Doctor of Medicine | Surgery - Orthopedic Location: Sonora, CA Employer: Curative Pay: $300 to $400 per hour Start Date: ASAP About the Position LocumJobsOnline is working with Curative to find a qualified Orthopedic Surgery MD in Sonora, California, 95370! Explore an Orthopedic Surgery locum tenens opportunity in California, near Los Angeles, offering a mix of inpatient and outpatient settings. Highlights Fast credentialing with temporary privileges available Flexible scheduling with ongoing m…",0,300.0,eyJhbGciOiJIUzI1NiJ9.eyJzIjoiSWhlSnA3WmE4Ukc3ZnBSeS1zb3lfdyIsImkiOiI1NzQzNjI5MzgzIn0.QHkYXEWLnMN3YEZFCjgNjIY6BwDGljIk_2cNFrDfiz4,37.984091,https://www.adzuna.com/details/5743629383?utm_medium=api&utm_source=abfa41a4,2026-05-28T12:54:28Z,Adzuna::API::Response::Job,-120.382138,5743629383,LocumJobsOnline,Adzuna::API::Response::Company,"['US', 'California', 'Tuolumne County', 'Sonora']",Adzuna::API::Response::Location,"Sonora, Tuolumne County",healthcare-nursing-jobs,Healthcare & Nursing Jobs,Adzuna::API::Response::Category,,
"Locum Physician (MD/DO) - Radiology - General/Other - $400 to $475 per hour in Columbia, MO",400.0,"Doctor of Medicine | Radiology - General/Other Location: Columbia, MO Employer: Curative Pay: $400 to $475 per hour Start Date: ASAP About the Position LocumJobsOnline is working with Curative to find a qualified Radiology MD in Columbia, Missouri, 65212! Missouri Breast Imaging locums focused on 100 percent mammography and a weekday daytime structure, built around a schedule you can scale from part week to full time. Highlights 100 percent mammography assignment, no mixed modality dilution Cho…",0,400.0,eyJhbGciOiJIUzI1NiJ9.eyJpIjoiNTc0MzYyOTM4MCIsInMiOiJJaGVKcDdaYThSRzdmcFJ5LXNveV93In0.F3k_wtKgdBOXkCsivI9YdFM0A4x_U-MapOWJ_WSVydY,38.882174,https://www.adzuna.com/details/5743629380?utm_medium=api&utm_source=abfa41a4,2026-05-28T12:54:28Z,Adzuna::API::Response::Job,-92.25231,5743629380,LocumJobsOnline,Adzuna::API::Response::Company,"['US', 'Missouri', 'Boone County', 'Columbia']",Adzuna::API::Response::Location,"Columbia, Boone County",healthcare-nursing-jobs,Healthcare & Nursing Jobs,Adzuna::API::Response::Category,,
"Locum Physician (MD/DO) - Obstetrics and Gynecology - $175 to $200 per hour in Midland, MI",175.0,"Doctor of Medicine | Obstetrics and Gynecology Location: Midland, MI Employer: Curative Pay: $175 to $200 per hour Start Date: ASAP About the Position Michigan OB/GYN locums centered on true 24 hour in house call with dedicated overnight midwife coverage, built around predictable shift blocks that fit cleanly into your monthly schedule. Highlights 24 hour in house call with call rooms available, you stay on the hospital floor for the full shift Nightly L&D coverage by midwives and 3 PAs, they w…",0,175.0,eyJhbGciOiJIUzI1NiJ9.eyJzIjoiSWhlSnA3WmE4Ukc3ZnBSeS1zb3lfdyIsImkiOiI1NzQzNjI5Mzg2In0.rZ96S2reEidW8GyvvF6onnY3-tT8Cd5ep6dvaMxMDfM,43.582956,https://www.adzuna.com/details/5743629386?utm_medium=api&utm_source=abfa41a4,2026-05-28T12:54:28Z,Adzuna::API::Response::Job,-84.351332,5743629386,Curative,Adzuna::API::Response::Company,"['US', 'Michigan', 'Midland County', 'Midland']",Adzuna::API::Response::Location,"Midland, Midland County",healthcare-nursing-jobs,Healthcare & Nursing Jobs,Adzuna::API::Response::Category,,
"Locum Physician (MD/DO) - Surgery - Orthopedic - $300 to $400 per hour in Sonora, CA",300.0,"Doctor of Medicine | Surgery - Orthopedic Location: Sonora, CA Employer: Curative Pay: $300 to $400 per hour Start Date: ASAP About the Position Explore an Orthopedic Surgery locum tenens opportunity in California, near Los Angeles, offering a mix of inpatient and outpatient settings. Highlights Fast credentialing with temporary privileges available Flexible scheduling with ongoing monthly opportunities No supervision requirements Near Los Angeles, providing access to a major city Practice Sett…",0,300.0,eyJhbGciOiJIUzI1NiJ9.eyJzIjoiSWhlSnA3WmE4Ukc3ZnBSeS1zb3lfdyIsImkiOiI1NzQzNjI5MzczIn0.0zthz-EUGF2zX3fcOtt2PIklY6AKmTA2MOdisErT-z8,37.984091,https://www.adzuna.com/details/5743629373?utm_medium=api&utm_source=abfa41a4,2026-05-28T12:54:27Z,Adzuna::API::Response::Job,-120.382138,5743629373,Curative,Adzuna::API::Response::Company,"['US', 'California', 'Tuolumne County', 'Sonora']",Adzuna::API::Response::Location,"Sonora, Tuolumne County",healthcare-nursing-jobs,Healthcare & Nursing Jobs,Adzuna::API::Response::Category,,
"Locum Physician (MD/DO) - Obstetrics and Gynecology - $175 to $200 per hour in Midland, MI",175.0,"Doctor of Medicine | Obstetrics and Gynecology Location: Midland, MI Employer: Curative Pay: $175 to $200 per hour Start Date: ASAP About the Position LocumJobsOnline is working with Curative to find a qualified Obstetrics and Gynecology MD in Midland, Michigan, 48670! Michigan OB/GYN locums centered on true 24 hour in house call with dedicated overnight midwife coverage, built around predictable shift blocks that fit cleanly into your monthly schedule. Highlights 24 hour in house call with cal…",0,175.0,eyJhbGciOiJIUzI1NiJ9.eyJpIjoiNTc0MzYyOTM3MSIsInMiOiJJaGVKcDdaYThSRzdmcFJ5LXNveV93In0.6XgDdtFlMnWpYUmoubBBlGyLKJ5pcMDCSJYT3lDcHeQ,43.582956,https://www.adzuna.com/details/5743629371?utm_medium=api&utm_source=abfa41a4,2026-05-28T12:54:27Z,Adzuna::API::Response::Job,-84.351332,5743629371,LocumJobsOnline,Adzuna::API::Response::Company,"['US', 'Michigan', 'Midland County', 'Midland']",Adzuna::API::Response::Location,"Midland, Midland County",healthcare-nursing-jobs,Healthcare & Nursing Jobs,Adzuna::API::Response::Category,,
"Locum Physician (MD/DO) - Radiology - General/Other - $400 to $475 per hour in Columbia, MO",400.0,"Doctor of Medicine | Radiology - General/Other Location: Columbia, MO Employer: Curative Pay: $400 to $475 per hour Start Date: ASAP About the Position Missouri Breast Imaging locums focused on 100 percent mammography and a weekday daytime structure, built around a schedule you can scale from part week to full time. Highlights 100 percent mammography assignment, no mixed modality dilution Choose 3 to 5 weekdays per week, ideal for stacking with other commitments No call responsibilities Longer …",0,400.0,eyJhbGciOiJIUzI1NiJ9.eyJzIjoiSWhlSnA3WmE4Ukc3ZnBSeS1zb3lfdyIsImkiOiI1NzQzNjI5Mzc0In0.cgB1oo2JMS0s-1MIuEIcU8P8UGiWW3kGCzjeYocg_FQ,38.882174,https://www.adzuna.com/details/5743629374?utm_medium=api&utm_source=abfa41a4,2026-05-28T12:54:27Z,Adzuna::API::Response::Job,-92.25231,5743629374,Curative,Adzuna::API::Response::Company,"['US', 'Missouri', 'Boone County', 'Columbia']",Adzuna::API::Response::Location,"Columbia, Boone County",healthcare-nursing-jobs,Healthcare & Nursing Jobs,Adzuna::API::Response::Category,,
Underwriter - Commercial Real Estate Credit CRE,100402.46,"Job Description Job Description Responsible for providing a sound, independent and objective assessment and recommendation on risk factors associated with small business, midsize, large, complex structures and transactions related to Commercial Real Estate (CRE) transactions. This position will also oversee credit risk management and maintenance of credit quality for the respective assigned portfolio by monitoring relationship trends, clearing of exceptions, properly assessing and evaluating cr…",1,100402.46,eyJhbGciOiJIUzI1NiJ9.eyJpIjoiNTc0MzYyOTM0OCIsInMiOiJJaGVKcDdaYThSRzdmcFJ5LXNveV93In0.yc0HYjMZv2i5ENPnp9BuEwVDbJx7HpZt3RI8UMZlCjg,25.756014,https://www.adzuna.com/land/ad/5743629348?se=IheJp7Za8RG7fpRy-soy_w&utm_medium=api&utm_source=abfa41a4&v=2DCFD26E77F2F1887130A1269D099BC7793C8A2D,2026-05-28T12:54:19Z,Adzuna::API::Response::Job,-80.134484,5743629348,Amerantbank,Adzuna::API::Response::Company,"['US', 'Florida', 'Miami-Dade County', 'Miami']",Adzuna::API::Response::Location,"Miami, Miami-Dade County",accounting-finance-jobs,Accounting & Finance Jobs,Adzuna::API::Response::Category,full_time,permanent
Commercial Landscape Technician,32204.05,"Job Description Job Description Landscape Technician St. Petersburg, FL Pay rate based on experience Full-Time | Monday–Friday | Early Morning Start (6–7 AM typical) Position Overview The Landscape Technician plays a key role in maintaining the beauty, safety, and functionality of our campus. This position focuses on detailed landscaping, day-to-day grounds work, and supporting property maintenance needs across our large corporate environment. What You’ll Do Perform daily landscaping and ground…",1,32204.05,eyJhbGciOiJIUzI1NiJ9.eyJpIjoiNTc0MzYyOTI5OSIsInMiOiJJaGVKcDdaYThSRzdmcFJ5LXNveV93In0.t5MVOom0XcK0Rk265_-oWej7nsl42ogNoJV4VEY58ss,27.769606,https://www.adzuna.com/land/ad/5743629299?se=IheJp7Za8RG7fpRy-soy_w&utm_medium=api&utm_source=abfa41a4&v=409B357B8C1115C8EBFAF16963805E2F22A47318,2026-05-28T12:54:12Z,Adzuna::API::Response::Job,-82.632138,5743629299,JMI Resource,Adzuna::API::Response::Company,"['US', 'Florida', 'Pinellas County', 'Saint Petersburg']",Adzuna::API::Response::Location,"Saint Petersburg, Pinellas County",maintenance-jobs,Maintenance Jobs,Adzuna::API::Response::Category,full_time,permanent
Infant/Toddler Teacher,30981.5,"Job Description Job Description Salary: $22,880-$27,040 annually Our Company Culture: We hire and retain teachers based on our 6 core values; 1) Be Respectful, 2) Provide ""The Egg"" Customer Service, 3)Positive Vibes Only, 4) Be a Team Player 5) Dependability, 6) Have FUN We are looking for candidates who want to become apart of our work family! If you feel you can meet our core values and want to join a hard-working and caring team, then we encourage you to apply! Responsible for the daily plan…",1,30981.5,eyJhbGciOiJIUzI1NiJ9.eyJpIjoiNTc0MzYyOTEzOCIsInMiOiJJaGVKcDdaYThSRzdmcFJ5LXNveV93In0.EFtB3yb0Ddltw7RFrWiHb8xOOUJppWVHyuopaQC7ijw,,https://www.adzuna.com/land/ad/5743629138?se=IheJp7Za8RG7fpRy-soy_w&utm_medium=api&utm_source=abfa41a4&v=BE9A8C56F48A2F8DE84A9A0B36E2A274C53294A1,2026-05-28T12:53:24Z,Adzuna::API::Response::Job,,5743629138,Kiddie Academy,Adzuna::API::Response::Company,"['US', 'Texas', 'Harris County', 'Houston']",Adzuna::API::Response::Location,"Houston, Harris County",teaching-jobs,Teaching Jobs,Adzuna::API::Response::Category,full_time,permanent
Amazon Package Delivery Driver - Earn $24.50 - $28.00/hr,50960.0,"Amazon delivery partner opportunity – Earn $24.50 - $28.00/hr What is Amazon Flex? It's simple! Use your vehicle and smartphone to earn extra money delivering with a brand you trust. With Amazon Flex, you only deliver when you want to. Amazon Flex pays delivery partners for completing delivery blocks. When you schedule a block, you’ll know when you’re delivering, for how long, and how much you can earn before you begin. No experience necessary. Choose the delivery blocks that fit your schedule,…",0,58240.0,eyJhbGciOiJIUzI1NiJ9.eyJpIjoiNTc0MzYyODk5NiIsInMiOiJJaGVKcDdaYThSRzdmcFJ5LXNveV93In0.cexcPpF9Ep79RwH-hVRzNoWJJhYSUygqW6kn4aAMLn8,39.924186,https://www.adzuna.com/land/ad/5743628996?se=IheJp7Za8RG7fpRy-soy_w&utm_medium=api&utm_source=abfa41a4&v=43C4CDE6606FFF7422E733F29F516F5853ADCD08,2026-05-28T12:52:55Z,Adzuna::API::Response::Job,-122.461126,5743628996,Amazon Flex,Adzuna::API::Response::Company,"['US', 'California', 'Glenn County', 'Newville']",Adzuna::API::Response::Location,"Newville, Glenn County",logistics-warehouse-jobs,Logistics & Warehouse Jobs,Adzuna::API::Response::Category,,
Amazon Flex Package Delivery Driver,38480.0,"Amazon delivery partner opportunity – Earn $18.50 - $21.50/hr What is Amazon Flex? It's simple! Use your vehicle and smartphone to earn extra money delivering with a brand you trust. With Amazon Flex, you only deliver when you want to. Amazon Flex pays delivery partners for completing delivery blocks. When you schedule a block, you’ll know when you’re delivering, for how long, and how much you can earn before you begin. No experience necessary. Choose the delivery blocks that fit your schedule,…",0,44720.0,eyJhbGciOiJIUzI1NiJ9.eyJzIjoiSWhlSnA3WmE4Ukc3ZnBSeS1zb3lfdyIsImkiOiI1NzQzNjI4OTc2In0.rtVQH8CYtg4fuOHUgL2oHtoDQqvgyx1kAqpKjkDoOcs,40.538516,https://www.adzuna.com/land/ad/5743628976?se=IheJp7Za8RG7fpRy-soy_w&utm_medium=api&utm_source=abfa41a4&v=753C105C5F83827535AE7176AB1538D52DE60164,2026-05-28T12:52:51Z,Adzuna::API::Response::Job,-94.821252,5743628976,Amazon Flex,Adzuna::API::Response::Company,"['US', 'Missouri', 'Nodaway County', 'Pickering']",Adzuna::API::Response::Location,"Pickering, Nodaway County",logistics-warehouse-jobs,Logistics & Warehouse Jobs,Adzuna::API::Response::Category,,
Amazon Package Delivery Driver - Earn $24.50 - $28.00/hr,50960.0,"Amazon delivery partner opportunity – Earn $24.50 - $28.00/hr What is Amazon Flex? It's simple! Use your vehicle and smartphone to earn extra money delivering with a brand you trust. With Amazon Flex, you only deliver when you want to. Amazon Flex pays delivery partners for completing delivery blocks. When you schedule a block, you’ll know when you’re delivering, for how long, and how much you can earn before you begin. No experience necessary. Choose the delivery blocks that fit your schedule,…",0,58240.0,eyJhbGciOiJIUzI1NiJ9.eyJzIjoiSWhlSnA3WmE4Ukc3ZnBSeS1zb3lfdyIsImkiOiI1NzQzNjI4OTczIn0.CQXOj8wAipzTUKTGPym9qb_0PoygeaL9RQ9XgM-j6fY,39.751691,https://www.adzuna.com/land/ad/5743628973?se=IheJp7Za8RG7fpRy-soy_w&utm_medium=api&utm_source=abfa41a4&v=6140249706B9BE824120F546AFC94D7D8BF01C08,2026-05-28T12:52:50Z,Adzuna::API::Response::Job,-121.809628,5743628973,Amazon Flex,Adzuna::API::Response::Company,"['US', 'California', 'Butte County', 'Butte Creek']",Adzuna::API::Response::Location,"Butte Creek, Butte County",logistics-warehouse-jobs,Logistics & Warehouse Jobs,Adzuna::API::Response::Category,,
MRI TECHNOLOGIST,92982.23,"Job Description Job Description MRI technologists specialize in magnetic resonance imaging scanners. They inject patients with contrast media, such as a dye, so that the images will show up on the scanner. The scanners use magnetic fields in combination with the contrast agent to produce images that a physician can use to diagnose medical problems. ACTIVE ARRT MR OR ARMRIT Credentials. BLS OR CPR (AMERICAN HEART ASSOCIATION.) ARRT Certification (Required) Registered Technologist - Magnetic Reso…",1,92982.23,eyJhbGciOiJIUzI1NiJ9.eyJpIjoiNTc0MzYyODk2OCIsInMiOiJJaGVKcDdaYThSRzdmcFJ5LXNveV93In0.ry5V_Q0xOhVsEjToCeXUmmHvKoVcUYIOc8GH57t664M,25.756014,https://www.adzuna.com/land/ad/5743628968?se=IheJp7Za8RG7fpRy-soy_w&utm_medium=api&utm_source=abfa41a4&v=F52B4BB1260E71FC6344940510FEE832AE9D502F,2026-05-28T12:52:49Z,Adzuna::API::Response::Job,-80.134484,5743628968,VITAL IMAGING DIAGNOSTIC CENTERS LLC,Adzuna::API::Response::Company,"['US', 'Florida', 'Miami-Dade County', 'Miami']",Adzuna::API::Response::Location,"Miami, Miami-Dade County",healthcare-nursing-jobs,Healthcare & Nursing Jobs,Adzuna::API::Response::Category,full_time,permanent
Amazon Package Delivery Driver - Earn $24.50 - $28.00/hr,50960.0,"Amazon delivery partner opportunity – Earn $24.50 - $28.00/hr What is Amazon Flex? It's simple! Use your vehicle and smartphone to earn extra money delivering with a brand you trust. With Amazon Flex, you only deliver when you want to. Amazon Flex pays delivery partners for completing delivery blocks. When you schedule a block, you’ll know when you’re delivering, for how long, and how much you can earn before you begin. No experience necessary. Choose the delivery blocks that fit your schedule,…",0,58240.0,eyJhbGciOiJIUzI1NiJ9.eyJzIjoiSWhlSnA3WmE4Ukc3ZnBSeS1zb3lfdyIsImkiOiI1NzQzNjI4OTY0In0.aqEe28lBpd5BAmIFf3YfT1xvbfgZaDo6T3N_BJ_PPbM,39.777301,https://www.adzuna.com/land/ad/5743628964?se=IheJp7Za8RG7fpRy-soy_w&utm_medium=api&utm_source=abfa41a4&v=950593E43C2B7E34479807771D8C3A21F73916AA,2026-05-28T12:52:48Z,Adzuna::API::Response::Job,-121.859061,5743628964,Amazon Flex,Adzuna::API::Response::Company,"['US', 'California', 'Butte County', 'Chico']",Adzuna::API::Response::Location,"Chico, Butte County",logistics-warehouse-jobs,Logistics & Warehouse Jobs,Adzuna::API::Response::Category,,
"Travel Nurse RN - Emergency Room (ER) / Trauma - $2,316 to $2,386 per week in Marshalltown, IA",9544.0,"Registered Nurse (RN) | Emergency Room (ER) / Trauma Location: Marshalltown, IA Agency: Jackson Nurse Professionals Pay: $2,316 to $2,386 per week Shift Information: Nights Contract Duration: 13 Weeks Start Date: 6/15/2026 About the Position At Jackson Nurse Professionals , we are dedicated to supporting travel nurses and helping you build a fulfilling nursing career. Whether you’re looking for your first or next travel nursing assignment, we specialize in connecting healthcare professionals wi…",0,9544.0,eyJhbGciOiJIUzI1NiJ9.eyJpIjoiNTc0MzYyODg5NyIsInMiOiJJaGVKcDdaYThSRzdmcFJ5LXNveV93In0.li9Cvuz-A5ICtkXgYEYSoACbtVvPbSBTxVuLLEbSs5U,42.049467,https://www.adzuna.com/land/ad/5743628897?se=IheJp7Za8RG7fpRy-soy_w&utm_medium=api&utm_source=abfa41a4&v=D53CD8745BC757C933D4D8A19F230373D1D82844,2026-05-28T12:52:40Z,Adzuna::API::Response::Job,-92.908038,5743628897,Jackson Nurse Professionals,Adzuna::API::Response::Company,"['US', 'Iowa', 'Marshall County', 'Marshalltown']",Adzuna::API::Response::Location,"Marshalltown, Marshall County",healthcare-nursing-jobs,Healthcare & Nursing Jobs,Adzuna::API::Response::Category,full_time,contract
"Travel Nurse RN - Emergency Room (ER) / Trauma - $2,316 to $2,386 per week in Marshalltown, IA",9544.0,"Registered Nurse (RN) | Emergency Room (ER) / Trauma Location: Marshalltown, IA Agency: Jackson Nurse Professionals Pay: $2,316 to $2,386 per week Shift Information: Nights Contract Duration: 13 Weeks Start Date: 6/15/2026 About the Position TravelNurseSource is working with Jackson Nurse Professionals to find a qualified ER/Trauma RN in MARSHALLTOWN, Iowa, 50158! At Jackson Nurse Professionals , we are dedicated to supporting travel nurses and helping you build a fulfilling nursing career. Whe…",0,9544.0,eyJhbGciOiJIUzI1NiJ9.eyJpIjoiNTc0MzYyODg5OCIsInMiOiJHT2hjcUxaYThSRzdmcFJ5LXNveV93In0.YG51oOlNmNT8WBoxuC3sh4OtV7KWAahitCWkebWXICU,42.049467,https://www.adzuna.com/land/ad/5743628898?se=GOhcqLZa8RG7fpRy-soy_w&utm_medium=api&utm_source=abfa41a4&v=FA4BC03F587AF138DC8155F1689E2F060C5315FE,2026-05-28T12:52:40Z,Adzuna::API::Response::Job,-92.908038,5743628898,TravelNurseSource,Adzuna::API::Response::Company,"['US', 'Iowa', 'Marshall County', 'Marshalltown']",Adzuna::API::Response::Location,"Marshalltown, Marshall County",healthcare-nursing-jobs,Healthcare & Nursing Jobs,Adzuna::API::Response::Category,full_time,contract
"Travel Nurse RN - Labor & Delivery - $1,800 to $1,855 per week in El Paso, TX",7420.0,"Registered Nurse (RN) | Labor & Delivery Location: El Paso, TX Agency: Jackson Nurse Professionals Pay: $1,800 to $1,855 per week Shift Information: Nights - 3 days x 12 hours Contract Duration: 13 Weeks Start Date: 6/1/2026 About the Position TravelNurseSource is working with Jackson Nurse Professionals to find a qualified Labor/Delivery RN in El Paso, Texas, 79925! At Jackson Nurse Professionals , we are dedicated to supporting travel nurses and helping you build a fulfilling nursing career. …",0,7420.0,eyJhbGciOiJIUzI1NiJ9.eyJzIjoiR09oY3FMWmE4Ukc3ZnBSeS1zb3lfdyIsImkiOiI1NzQzNjI4ODA0In0.kAlwBMCMak2fAdb0FEcZTp8n36ro5tIsRZ1uI2wOjC4,31.759737,https://www.adzuna.com/land/ad/5743628804?se=GOhcqLZa8RG7fpRy-soy_w&utm_medium=api&utm_source=abfa41a4&v=524476AA94D8FE5E82CA794A20AF97D9888F6D86,2026-05-28T12:52:23Z,Adzuna::API::Response::Job,-106.478871,5743628804,TravelNurseSource,Adzuna::API::Response::Company,"['US', 'Texas', 'El Paso County', 'El Paso']",Adzuna::API::Response::Location,"El Paso, El Paso County",healthcare-nursing-jobs,Healthcare & Nursing Jobs,Adzuna::API::Response::Category,full_time,contract
"Travel Nurse RN - Operating Room - $1,946 to $2,006 per week in San Marcos, TX",8024.0,"Registered Nurse (RN) | Operating Room Location: San Marcos, TX Agency: Jackson Nurse Professionals Pay: $1,946 to $2,006 per week Shift Information: Days - 5 days x 8 hours Contract Duration: 13 Weeks Start Date: ASAP About the Position TravelNurseSource is working with Jackson Nurse Professionals to find a qualified OR RN in San Marcos, Texas, 78666! At Jackson Nurse Professionals , we are dedicated to supporting travel nurses and helping you build a fulfilling nursing career. Whether you’re …",0,8024.0,eyJhbGciOiJIUzI1NiJ9.eyJpIjoiNTc0MzYyODgwNiIsInMiOiJHT2hjcUxaYThSRzdmcFJ5LXNveV93In0.BcbZH9Z8OISjksJvplajrUO57wQYLL1yRvkPEKkUsfQ,29.883275,https://www.adzuna.com/land/ad/5743628806?se=GOhcqLZa8RG7fpRy-soy_w&utm_medium=api&utm_source=abfa41a4&v=E5C0351AECDE6624DFF76A4CD3A0CC58A0AAB117,2026-05-28T12:52:23Z,Adzuna::API::Response::Job,-97.941394,5743628806,TravelNurseSource,Adzuna::API::Response::Company,"['US', 'Texas', 'Hays County', 'San Marcos']",Adzuna::API::Response::Location,"San Marcos, Hays County",healthcare-nursing-jobs,Healthcare & Nursing Jobs,Adzuna::API::Response::Category,full_time,contract
"Travel Nurse RN - Medical-Surgical - $2,054 to $2,117 per week in Waterloo, IA",8468.0,"Registered Nurse (RN) | Medical-Surgical Location: Waterloo, IA Agency: Jackson Nurse Professionals Pay: $2,054 to $2,117 per week Shift Information: Nights - 3 days x 12 hours Contract Duration: 14 Weeks Start Date: 6/1/2026 About the Position TravelNurseSource is working with Jackson Nurse Professionals to find a qualified Med/Surg RN in Waterloo, Iowa, 50702! At Jackson Nurse Professionals , we are dedicated to supporting travel nurses and helping you build a fulfilling nursing career. Wheth…",0,8468.0,eyJhbGciOiJIUzI1NiJ9.eyJpIjoiNTc0MzYyODgxMCIsInMiOiJHT2hjcUxaYThSRzdmcFJ5LXNveV93In0.eh4ZEkxVuulaOWCU5X66fjQV0ezRkBxVfOhC7JXg10E,42.429256,https://www.adzuna.com/land/ad/5743628810?se=GOhcqLZa8RG7fpRy-soy_w&utm_medium=api&utm_source=abfa41a4&v=C3B99C325DFD7546B8E87E088DAAE473DC669F21,2026-05-28T12:52:23Z,Adzuna::API::Response::Job,-92.313378,5743628810,TravelNurseSource,Adzuna::API::Response::Company,"['US', 'Iowa', 'Black Hawk County', 'Waterloo']",Adzuna::API::Response::Location,"Waterloo, Black Hawk County",healthcare-nursing-jobs,Healthcare & Nursing Jobs,Adzuna::API::Response::Category,full_time,contract
"Travel Nurse RN - Medical-Surgical - $2,054 to $2,117 per week in Waterloo, IA",8468.0,"Registered Nurse (RN) | Medical-Surgical Location: Waterloo, IA Agency: Jackson Nurse Professionals Pay: $2,054 to $2,117 per week Shift Information: Nights - 3 days x 12 hours Contract Duration: 14 Weeks Start Date: 6/1/2026 About the Position At Jackson Nurse Professionals , we are dedicated to supporting travel nurses and helping you build a fulfilling nursing career. Whether you’re looking for your first or next travel nursing assignment, we specialize in connecting healthcare professionals…",0,8468.0,eyJhbGciOiJIUzI1NiJ9.eyJzIjoiR09oY3FMWmE4Ukc3ZnBSeS1zb3lfdyIsImkiOiI1NzQzNjI4ODA4In0.TObEkgaX6HMuo3BkywlTsKskXtsIgyuVaFmfE_mqKxI,42.429256,https://www.adzuna.com/land/ad/5743628808?se=GOhcqLZa8RG7fpRy-soy_w&utm_medium=api&utm_source=abfa41a4&v=32DA2CACD01462B5CE008F382AD1AD65D76503A9,2026-05-28T12:52:23Z,Adzuna::API::Response::Job,-92.313378,5743628808,Jackson Nurse Professionals,Adzuna::API::Response::Company,"['US', 'Iowa', 'Black Hawk County', 'Waterloo']",Adzuna::API::Response::Location,"Waterloo, Black Hawk County",healthcare-nursing-jobs,Healthcare & Nursing Jobs,Adzuna::API::Response::Category,full_time,contract
"Travel Nurse RN - Operating Room - $1,946 to $2,006 per week in San Marcos, TX",8024.0,"Registered Nurse (RN) | Operating Room Location: San Marcos, TX Agency: Jackson Nurse Professionals Pay: $1,946 to $2,006 per week Shift Information: Days - 5 days x 8 hours Contract Duration: 13 Weeks Start Date: ASAP About the Position At Jackson Nurse Professionals , we are dedicated to supporting travel nurses and helping you build a fulfilling nursing career. Whether you’re looking for your first or next travel nursing assignment, we specialize in connecting healthcare professionals with l…",0,8024.0,eyJhbGciOiJIUzI1NiJ9.eyJpIjoiNTc0MzYyODgwMCIsInMiOiJHT2hjcUxaYThSRzdmcFJ5LXNveV93In0.2HmOxm3durFjX4PSCscKd-dN2Y3Pyynnk2WaA5E1dIc,29.883275,https://www.adzuna.com/land/ad/5743628800?se=GOhcqLZa8RG7fpRy-soy_w&utm_medium=api&utm_source=abfa41a4&v=3DA27E3BD811C603A8075DC6F7D6EC8A95B17F6B,2026-05-28T12:52:22Z,Adzuna::API::Response::Job,-97.941394,5743628800,Jackson Nurse Professionals,Adzuna::API::Response::Company,"['US', 'Texas', 'Hays County', 'San Marcos']",Adzuna::API::Response::Location,"San Marcos, Hays County",healthcare-nursing-jobs,Healthcare & Nursing Jobs,Adzuna::API::Response::Category,full_time,contract
"Travel Nurse RN - Labor & Delivery - $1,800 to $1,855 per week in El Paso, TX",7420.0,"Registered Nurse (RN) | Labor & Delivery Location: El Paso, TX Agency: Jackson Nurse Professionals Pay: $1,800 to $1,855 per week Shift Information: Nights - 3 days x 12 hours Contract Duration: 13 Weeks Start Date: 6/1/2026 About the Position At Jackson Nurse Professionals , we are dedicated to supporting travel nurses and helping you build a fulfilling nursing career. Whether you’re looking for your first or next travel nursing assignment, we specialize in connecting healthcare professionals …",0,7420.0,eyJhbGciOiJIUzI1NiJ9.eyJzIjoiR09oY3FMWmE4Ukc3ZnBSeS1zb3lfdyIsImkiOiI1NzQzNjI4ODAxIn0.pzfG6xnQG-4ZrNiMsLI2Lup9jsotLqdOMSVwxlIkuMQ,31.759737,https://www.adzuna.com/land/ad/5743628801?se=GOhcqLZa8RG7fpRy-soy_w&utm_medium=api&utm_source=abfa41a4&v=6496085F0E3FF5BBFBEBE2BA00F4F49FFCEA7811,2026-05-28T12:52:22Z,Adzuna::API::Response::Job,-106.478871,5743628801,Jackson Nurse Professionals,Adzuna::API::Response::Company,"['US', 'Texas', 'El Paso County', 'El Paso']",Adzuna::API::Response::Location,"El Paso, El Paso County",healthcare-nursing-jobs,Healthcare & Nursing Jobs,Adzuna::API::Response::Category,full_time,contract
"Travel Nurse RN - Medical-Surgical - $1,664 to $1,715 per week in Atlanta, GA",6860.0,"Registered Nurse (RN) | Medical-Surgical Location: Atlanta, GA Agency: Jackson Nurse Professionals Pay: $1,664 to $1,715 per week Shift Information: Nights - 3 days x 12 hours Contract Duration: 8 Weeks Start Date: 6/1/2026 About the Position TravelNurseSource is working with Jackson Nurse Professionals to find a qualified Med/Surg RN in Atlanta, Georgia, 30303! At Jackson Nurse Professionals , we are dedicated to supporting travel nurses and helping you build a fulfilling nursing career. Wheth…",0,6860.0,eyJhbGciOiJIUzI1NiJ9.eyJpIjoiNTc0MzYyODgwMyIsInMiOiJHT2hjcUxaYThSRzdmcFJ5LXNveV93In0.r1y-J7CkkyO2OmPKPKa4lPh7_VorckZOC-HTGpNAua4,33.755711,https://www.adzuna.com/land/ad/5743628803?se=GOhcqLZa8RG7fpRy-soy_w&utm_medium=api&utm_source=abfa41a4&v=2720168DE9A2BCCE517CA8320C4CFB5D035C355A,2026-05-28T12:52:22Z,Adzuna::API::Response::Job,-84.388372,5743628803,TravelNurseSource,Adzuna::API::Response::Company,"['US', 'Georgia', 'Fulton County', 'Atlanta']",Adzuna::API::Response::Location,"Atlanta, Fulton County",healthcare-nursing-jobs,Healthcare & Nursing Jobs,Adzuna::API::Response::Category,full_time,contract
(CNA) Certified Nursing Assistant,39520.0,"Complete Care at Barn Hill - Certified Nursing Assistant (CNA) - Newton, New Jersey, UP TO $27/hour - All Shifts Available! Job Summary: Complete Care at Barn Hill - Newton, NJ is seeking a dedicated and compassionate Certified Nursing Assistant (CNA) to join our team of healthcare professionals. As a CNA at Complete Care at Barn Hill, you will play a vital role in providing high-quality patient care and support to our residents. If you are passionate about delivering exceptional care and makin…",0,56160.0,eyJhbGciOiJIUzI1NiJ9.eyJpIjoiNTc0MzYyODc5MyIsInMiOiJHT2hjcUxaYThSRzdmcFJ5LXNveV93In0.SBfofE7p7Rfsc91ap5F9VVEFEAGQg6TPQflJ-7ksh4w,41.057564,https://www.adzuna.com/details/5743628793?utm_medium=api&utm_source=abfa41a4,2026-05-28T12:52:21Z,Adzuna::API::Response::Job,-74.783978,5743628793,Complete Care at Barn Hill,Adzuna::API::Response::Company,"['US', 'New Jersey', 'Sussex County', 'Fredon']",Adzuna::API::Response::Location,"Fredon, Sussex County",healthcare-nursing-jobs,Healthcare & Nursing Jobs,Adzuna::API::Response::Category,,
(RN) Registered Nurse,87360.0,"Complete Care at Barn Hill - NOW HIRING: RNs – ALL SHIFTS $42 – $49.75/HR  DIFFERENTIALS  GIFT CARD Complete Care at Barn Hill – Newton, NJ Registered Nurse (RNs) - Various Shifts Join the Complete Care at Barn Hill team and make a difference in the lives of our patients! As a Registered Nurse (RN) with Complete Care at Barn Hill, you will have the opportunity to work in a dynamic and compassionate environment, providing high-quality patient care to individuals in our Newton, New Jersey locatio…",0,103480.0,eyJhbGciOiJIUzI1NiJ9.eyJpIjoiNTc0MzYyODc5MSIsInMiOiJHT2hjcUxaYThSRzdmcFJ5LXNveV93In0.nN_5yP_uqrscQM1nA9r76HQPRaqf8Z-CRR8qx6YeCBk,41.057564,https://www.adzuna.com/details/5743628791?utm_medium=api&utm_source=abfa41a4,2026-05-28T12:52:21Z,Adzuna::API::Response::Job,-74.783978,5743628791,Complete Care at Barn Hill,Adzuna::API::Response::Company,"['US', 'New Jersey', 'Sussex County', 'Fredon']",Adzuna::API::Response::Location,"Fredon, Sussex County",healthcare-nursing-jobs,Healthcare & Nursing Jobs,Adzuna::API::Response::Category,,
Registered Nurse (RN) Evening Shift Supervisor,90000.0,"Complete Care at Barn Hill - NOW HIRING: NURSE SUPERVISOR (RN) Complete Care at Barn Hill / Newton, NJ Monday through Friday - Evening Shift Registered Nurse (RN) Evening Shift Supervisor We are seeking a compassionate and experienced Registered Nurse (RN) to join our team as an Evening Shift Supervisor at Complete Care at Barn Hill in Newton, New Jersey. As a leader in our healthcare facility, you will play a vital role in ensuring the highest level of care is delivered to our patients. If you…",0,95000.0,eyJhbGciOiJIUzI1NiJ9.eyJpIjoiNTc0MzYyODc5MiIsInMiOiJHT2hjcUxaYThSRzdmcFJ5LXNveV93In0.rBRkqiLsDk41L6KXnIwHwvtIsA57PJu8L7KLaX36WXw,41.057564,https://www.adzuna.com/details/5743628792?utm_medium=api&utm_source=abfa41a4,2026-05-28T12:52:21Z,Adzuna::API::Response::Job,-74.783978,5743628792,Complete Care at Barn Hill,Adzuna::API::Response::Company,"['US', 'New Jersey', 'Sussex County', 'Fredon']",Adzuna::API::Response::Location,"Fredon, Sussex County",healthcare-nursing-jobs,Healthcare & Nursing Jobs,Adzuna::API::Response::Category,,
Evening Shift Licensed Practical Nurse (LPN),70720.0,"Complete Care at Barn Hill - NOW HIRING: Evening Shift (LPN) - Newton, New Jersey $34.00 – $41.75/HR  DIFFERENTIALS  GIFT CARD Evening Shift Licensed Practical Nurse (LPN) - Newton, New Jersey Join our dedicated team at Complete Care at Barn Hill as a skilled LPN, delivering exceptional patient care to our residents in a warm and compassionate environment. About the Role: Evening Shift Licensed Practical Nurse (LPN) As an Evening Shift Licensed Practical Nurse, you will play a vital role in pro…",0,86840.0,eyJhbGciOiJIUzI1NiJ9.eyJpIjoiNTc0MzYyODc4OSIsInMiOiJHT2hjcUxaYThSRzdmcFJ5LXNveV93In0.c5V5-o_OO2b7TUS7h2bZ5QnrboF5vDi_I0FrV_P4Xe4,41.057564,https://www.adzuna.com/details/5743628789?utm_medium=api&utm_source=abfa41a4,2026-05-28T12:52:21Z,Adzuna::API::Response::Job,-74.783978,5743628789,Complete Care at Barn Hill,Adzuna::API::Response::Company,"['US', 'New Jersey', 'Sussex County', 'Fredon']",Adzuna::API::Response::Location,"Fredon, Sussex County",healthcare-nursing-jobs,Healthcare & Nursing Jobs,Adzuna::API::Response::Category,,
Registered Nurse (RN) Supervisor,104000.0,"Complete Care at Monmouth - $5,000 Sign-On Bonus for Full-time, $2,500 Sign-On Bonus for Part-time At Complete Care at Monmouth , our culture is rooted in compassion, collaboration, comfort, commitment, and confidence . Our dedicated, long-tenured clinical team creates a supportive, family-like environment where residents feel comfortable and cared for—and staff feel valued and empowered. If you’re a committed, confident leader who thrives in a collaborative setting, Complete Care at Monmouth w…",0,104000.0,eyJhbGciOiJIUzI1NiJ9.eyJzIjoiR09oY3FMWmE4Ukc3ZnBSeS1zb3lfdyIsImkiOiI1NzQzNjI4Nzg1In0._i014mtWJaEgp8XcY5UP-JPW4hwcegkgT3Ou0SKTtoY,40.2945,https://www.adzuna.com/details/5743628785?utm_medium=api&utm_source=abfa41a4,2026-05-28T12:52:20Z,Adzuna::API::Response::Job,-73.99518,5743628785,Complete Care at Monmouth,Adzuna::API::Response::Company,"['US', 'New Jersey', 'Monmouth County', 'West End']",Adzuna::API::Response::Location,"West End, Monmouth County",healthcare-nursing-jobs,Healthcare & Nursing Jobs,Adzuna::API::Response::Category,,
"Travel Nurse RN - Intensive Care Unit (ICU) / Critical Care - $1,961 to $2,021 per week in Montgomery, AL",8084.0,"Registered Nurse (RN) | Intensive Care Unit (ICU) / Critical Care Location: Montgomery, AL Agency: Jackson Nurse Professionals Pay: $1,961 to $2,021 per week Shift Information: Nights Contract Duration: 13 Weeks Start Date: ASAP About the Position At Jackson Nurse Professionals , we are dedicated to supporting travel nurses and helping you build a fulfilling nursing career. Whether you’re looking for your first or next travel nursing assignment, we specialize in connecting healthcare profession…",0,8084.0,eyJhbGciOiJIUzI1NiJ9.eyJpIjoiNTc0MzYyODc4NCIsInMiOiJHT2hjcUxaYThSRzdmcFJ5LXNveV93In0.Hx1Nw1P3Jb1fzr97BTSJG8gkk0PccBVgPHlr3391Llo,32.398932,https://www.adzuna.com/land/ad/5743628784?se=GOhcqLZa8RG7fpRy-soy_w&utm_medium=api&utm_source=abfa41a4&v=41C64A3467054FA519B13E1878CE62C7193D1504,2026-05-28T12:52:20Z,Adzuna::API::Response::Job,-86.322464,5743628784,Jackson Nurse Professionals,Adzuna::API::Response::Company,"['US', 'Alabama', 'Montgomery County', 'Montgomery']",Adzuna::API::Response::Location,"Montgomery, Montgomery County",healthcare-nursing-jobs,Healthcare & Nursing Jobs,Adzuna::API::Response::Category,full_time,contract
Registered Nurse (RN) Unit Manager,85000.0,"Complete Care at Monmouth - $5,000 Sign on Bonus! As a Registered Nurse (RN) Unit Manager , you will play a key leadership role on our Complete Care at Monmouth clinical team—overseeing daily operations, supporting and mentoring nursing staff, and ensuring our residents receive the highest quality of care. Your leadership will help create a positive, collaborative environment where both residents and team members feel supported. If you are a compassionate nurse with strong leadership skills and…",0,95000.0,eyJhbGciOiJIUzI1NiJ9.eyJpIjoiNTc0MzYyODc3OSIsInMiOiJHT2hjcUxaYThSRzdmcFJ5LXNveV93In0.snxjZisu5Jr6zbG5Q8oHBe7O9qy-U6hOfpoQhux16bo,40.2945,https://www.adzuna.com/details/5743628779?utm_medium=api&utm_source=abfa41a4,2026-05-28T12:52:20Z,Adzuna::API::Response::Job,-73.99518,5743628779,Complete Care at Monmouth,Adzuna::API::Response::Company,"['US', 'New Jersey', 'Monmouth County', 'West End']",Adzuna::API::Response::Location,"West End, Monmouth County",healthcare-nursing-jobs,Healthcare & Nursing Jobs,Adzuna::API::Response::Category,,
Every Other Weekend Nurse Supervisor,64480.0,"Complete Care at Barn Hill - NOW HIRING: NURSE SUPERVISOR (RN or LPN) Complete Care at Barn Hill | Newton, NJ Part-Time | Every Other Weekend 7am - 3pm or 3pm - 11pm · Lead with confidence. Support your team. Elevate resident care. · Supervise CNAs, LPNs & RNs · Oversee clinical operations · Drive quality outcomes Now Hiring: Nurse Supervisor You Bring: NURSE SUPERVISOR (RN or LPN) • Active NJ RN or LPN license • Leadership experience in LTC/Rehab/SNF • Strong clinical & communication skills No…",0,97760.0,eyJhbGciOiJIUzI1NiJ9.eyJzIjoiR09oY3FMWmE4Ukc3ZnBSeS1zb3lfdyIsImkiOiI1NzQzNjI4Nzg3In0.cIfFHAoAfOTk0daHyqQcagwYb1lwxsm9BnYTg9dtg90,41.057564,https://www.adzuna.com/details/5743628787?utm_medium=api&utm_source=abfa41a4,2026-05-28T12:52:20Z,Adzuna::API::Response::Job,-74.783978,5743628787,Complete Care at Barn Hill,Adzuna::API::Response::Company,"['US', 'New Jersey', 'Sussex County', 'Fredon']",Adzuna::API::Response::Location,"Fredon, Sussex County",healthcare-nursing-jobs,Healthcare & Nursing Jobs,Adzuna::API::Response::Category,,
"Travel Nurse RN - Intensive Care Unit (ICU) / Critical Care - $1,961 to $2,021 per week in Montgomery, AL",8084.0,"Registered Nurse (RN) | Intensive Care Unit (ICU) / Critical Care Location: Montgomery, AL Agency: Jackson Nurse Professionals Pay: $1,961 to $2,021 per week Shift Information: Nights Contract Duration: 13 Weeks Start Date: ASAP About the Position TravelNurseSource is working with Jackson Nurse Professionals to find a qualified ICU/Critical Care RN in Montgomery, Alabama, 36116! At Jackson Nurse Professionals , we are dedicated to supporting travel nurses and helping you build a fulfilling nurs…",0,8084.0,eyJhbGciOiJIUzI1NiJ9.eyJpIjoiNTc0MzYyODc4MyIsInMiOiJHT2hjcUxaYThSRzdmcFJ5LXNveV93In0.YoBSQHsQQdBaquojtrtLuvrdi3l4zBdtGBxtpngnKYk,32.398932,https://www.adzuna.com/land/ad/5743628783?se=GOhcqLZa8RG7fpRy-soy_w&utm_medium=api&utm_source=abfa41a4&v=7ECD509BE41C02E713A4D41BEE5E1FBF8C269619,2026-05-28T12:52:20Z,Adzuna::API::Response::Job,-86.322464,5743628783,TravelNurseSource,Adzuna::API::Response::Company,"['US', 'Alabama', 'Montgomery County', 'Montgomery']",Adzuna::API::Response::Location,"Montgomery, Montgomery County",healthcare-nursing-jobs,Healthcare & Nursing Jobs,Adzuna::API::Response::Category,full_time,contract
Licensed Practical Nurse (LPN) Unit Manager,87000.0,"Complete Care at Monmouth - Apply Today! $3,000 Sign-on Bonus! As a Licensed Practical Nurse (LPN) Unit Manager , you will play a key leadership role on our Complete Care at Monmouth clinical team—overseeing daily operations, supporting and mentoring nursing staff, and ensuring our residents receive the highest quality of care. Your leadership will help create a positive, collaborative environment where both residents and team members feel supported. If you are a compassionate nurse with strong…",0,92000.0,eyJhbGciOiJIUzI1NiJ9.eyJpIjoiNTc0MzYyODc4MiIsInMiOiJHT2hjcUxaYThSRzdmcFJ5LXNveV93In0.LcsxcFNbA-zmHxR0J1K9AbstU6lodvm1E1iLbudrkZM,40.2945,https://www.adzuna.com/details/5743628782?utm_medium=api&utm_source=abfa41a4,2026-05-28T12:52:20Z,Adzuna::API::Response::Job,-73.99518,5743628782,Complete Care at Monmouth,Adzuna::API::Response::Company,"['US', 'New Jersey', 'Monmouth County', 'West End']",Adzuna::API::Response::Location,"West End, Monmouth County",healthcare-nursing-jobs,Healthcare & Nursing Jobs,Adzuna::API::Response::Category,,
Activity Aide,33113.0,"Complete Care at Burlington Woods - Our residents hold a special place as cherished members of our extended family. Choosing a dependable team of caregivers, committed to their promises, is a significant and difficult life decision for any family. As a collective, we take pride in being a sanctuary where individuals in our community can discover compassionate support along their health journey. As an Activity Aide on our team, you will make a meaningful impact on the lives of our extended famil…",0,33113.0,eyJhbGciOiJIUzI1NiJ9.eyJzIjoiR09oY3FMWmE4Ukc3ZnBSeS1zb3lfdyIsImkiOiI1NzQzNjI4Nzg2In0.Tj9v1qg0SMsaZX8PMWJhQ6ywVa4R0oZjvOBS6VWWQqc,40.07424,https://www.adzuna.com/details/5743628786?utm_medium=api&utm_source=abfa41a4,2026-05-28T12:52:20Z,Adzuna::API::Response::Job,-74.82318,5743628786,Complete Care at Burlington Woods,Adzuna::API::Response::Company,"['US', 'New Jersey', 'Burlington County', 'Burlington City']",Adzuna::API::Response::Location,"Burlington City, Burlington County",healthcare-nursing-jobs,Healthcare & Nursing Jobs,Adzuna::API::Response::Category,,
Registered Nurse (RN) First Shift Unit Manager,95000.0,"Complete Care at Barn Hill - RN UNIT MANAGER – FIRST SHIFT $5000 Sign On! Complete Care at Barn Hill | Newton, NJ Monday through Friday 8a-4pm We offer competitive wages, great benefits, and a workplace where your leadership is valued and supported. $5000 Sign On! Registered Nurse First Shift, Unit Manager Join Our Team at Complete Care at Barn Hill! As a Registered Nurse First Shift Unit Manager at Complete Care at Barn Hill, you will be responsible for overseeing the daily operations of our h…",0,98000.0,eyJhbGciOiJIUzI1NiJ9.eyJpIjoiNTc0MzYyODc4OCIsInMiOiJHT2hjcUxaYThSRzdmcFJ5LXNveV93In0.WBN8w4TaCuvjDU3glW2Y8cmzwo9bDiYP1uKzPOuDx20,41.057564,https://www.adzuna.com/details/5743628788?utm_medium=api&utm_source=abfa41a4,2026-05-28T12:52:20Z,Adzuna::API::Response::Job,-74.783978,5743628788,Complete Care at Barn Hill,Adzuna::API::Response::Company,"['US', 'New Jersey', 'Sussex County', 'Fredon']",Adzuna::API::Response::Location,"Fredon, Sussex County",healthcare-nursing-jobs,Healthcare & Nursing Jobs,Adzuna::API::Response::Category,,
"Travel Nurse RN - Operating Room - $2,318 to $2,388 per week in Hartford, CT",9552.0,"Registered Nurse (RN) | Operating Room Location: Hartford, CT Agency: Jackson Nurse Professionals Pay: $2,318 to $2,388 per week Shift Information: Days - 3 days x 12 hours Contract Duration: 13 Weeks Start Date: ASAP About the Position At Jackson Nurse Professionals , we are dedicated to supporting travel nurses and helping you build a fulfilling nursing career. Whether you’re looking for your first or next travel nursing assignment, we specialize in connecting healthcare professionals with le…",0,9552.0,eyJhbGciOiJIUzI1NiJ9.eyJpIjoiNTc0MzYyODc3MyIsInMiOiJHT2hjcUxaYThSRzdmcFJ5LXNveV93In0.b6WaTfa76eN10IENl7qk5rG9zDgFJqGmsFXOmz9eYNs,41.789968,https://www.adzuna.com/land/ad/5743628773?se=GOhcqLZa8RG7fpRy-soy_w&utm_medium=api&utm_source=abfa41a4&v=8C0A6143E27162D2B115F7BE1F2D2270D9B819E5,2026-05-28T12:52:19Z,Adzuna::API::Response::Job,-72.662236,5743628773,Jackson Nurse Professionals,Adzuna::API::Response::Company,"['US', 'Connecticut', 'Hartford County', 'Hartford']",Adzuna::API::Response::Location,"Hartford, Hartford County",healthcare-nursing-jobs,Healthcare & Nursing Jobs,Adzuna::API::Response::Category,full_time,contract
Personal Care Aide,37785.49,"Addus HomeCare is hiring immediately for Personal Care Aides. This rewarding, entry-level position provides consistent, flexible full-time/part-time hours to accommodate your personal needs, while providing a great career with a growing, innovative industry leader. If you have a drive to help others, and you are looking for a meaningful, fulfilling, independent career with an organization that encourages and supports your contribution, we invite you to join our team. Personal Care Aides Perks: …",1,37785.49,eyJhbGciOiJIUzI1NiJ9.eyJpIjoiNTc0MzYyODc1NiIsInMiOiJHT2hjcUxaYThSRzdmcFJ5LXNveV93In0.dRo1-EfOTPm1lg3dBqxLnRSdSMDHXRkg7aH-wBZQ4nU,35.908232,https://www.adzuna.com/land/ad/5743628756?se=GOhcqLZa8RG7fpRy-soy_w&utm_medium=api&utm_source=abfa41a4&v=989D7DC2B10BC17E4F5EBF161A3BF7E16DF04269,2026-05-28T12:52:16Z,Adzuna::API::Response::Job,-92.641017,5743628756,Addus Homecare,Adzuna::API::Response::Company,"['US', 'Arkansas', 'Searcy County', 'Marshall']",Adzuna::API::Response::Location,"Marshall, Searcy County",healthcare-nursing-jobs,Healthcare & Nursing Jobs,Adzuna::API::Response::Category,part_time,
Personal Care Aide,44292.99,"Addus HomeCare is hiring immediately for Personal Care Aides in West Plains and all surrounding areas. This rewarding, entry-level position provides consistent, flexible full-time/part-time hours to accommodate your personal needs, while providing a great career with a growing, innovative industry leader. If you have a drive to help others, and you are looking for a meaningful, fulfilling, independent career with an organization that encourages and supports your contribution, we invite you to j…",1,44292.99,eyJhbGciOiJIUzI1NiJ9.eyJpIjoiNTc0MzYyODc2MCIsInMiOiJHT2hjcUxaYThSRzdmcFJ5LXNveV93In0.0CuSBYVjRzNXBEIJV5ozldeSyHKzqMhKvB0ZnJNygDA,36.722514,https://www.adzuna.com/land/ad/5743628760?se=GOhcqLZa8RG7fpRy-soy_w&utm_medium=api&utm_source=abfa41a4&v=9F80DD5A641A8CF70A14DCB3DF29BA3DE2FB491A,2026-05-28T12:52:16Z,Adzuna::API::Response::Job,-91.871516,5743628760,Addus Homecare,Adzuna::API::Response::Company,"['US', 'Missouri', 'Howell County', 'West Plains']",Adzuna::API::Response::Location,"West Plains, Howell County",healthcare-nursing-jobs,Healthcare & Nursing Jobs,Adzuna::API::Response::Category,part_time,
Personal Care Aide,46183.13,"Pay rates range from $22 - $23/hr Hiring for Daytime and overnight shifts including weekends Arcadia Home Care & Staffing is hiring immediately for Personal Care Aides. This rewarding, entry-level position provides consistent, flexible full-time/part-time hours to accommodate your personal needs, while providing a great career with a growing, innovative industry leader. Arcadia Home Care & Staffing is part of the Addus HomeCare family of companies. If you have a drive to help others, and you ar…",1,46183.13,eyJhbGciOiJIUzI1NiJ9.eyJzIjoiR09oY3FMWmE4Ukc3ZnBSeS1zb3lfdyIsImkiOiI1NzQzNjI4NzU1In0.eDS-oQ2xho2tNbWq875fTU3OKDI_x-8CSHDUBrJwug4,37.918501,https://www.adzuna.com/land/ad/5743628755?se=GOhcqLZa8RG7fpRy-soy_w&utm_medium=api&utm_source=abfa41a4&v=5BC3D4A9647C5446B8B1563D3050DB565095EC20,2026-05-28T12:52:16Z,Adzuna::API::Response::Job,-122.025036,5743628755,Arcadia Home Care and Staffing – an Addus family company,Adzuna::API::Response::Company,"['US', 'California', 'Contra Costa County', 'Concord']",Adzuna::API::Response::Location,"Concord, Contra Costa County",healthcare-nursing-jobs,Healthcare & Nursing Jobs,Adzuna::API::Response::Category,part_time,
Personal Care Aide,41033.21,"Addus HomeCare is hiring immediately for Personal Care Aides. This rewarding, entry-level position provides consistent, flexible full-time/part-time hours to accommodate your personal needs, while providing a great career with a growing, innovative industry leader. If you have a drive to help others, and you are looking for a meaningful, fulfilling, independent career with an organization that encourages and supports your contribution, we invite you to join our team. Personal Care Aides Perks: …",1,41033.21,eyJhbGciOiJIUzI1NiJ9.eyJzIjoiR09oY3FMWmE4Ukc3ZnBSeS1zb3lfdyIsImkiOiI1NzQzNjI4NzYzIn0.xhOfPsLV8fFuNYAGAQCAwK1VFnL7gPzqfyNyUQaL9t8,36.778332,https://www.adzuna.com/land/ad/5743628763?se=GOhcqLZa8RG7fpRy-soy_w&utm_medium=api&utm_source=abfa41a4&v=9FA771EE9B500DE54940CDF95E4D7E44BEE73204,2026-05-28T12:52:16Z,Adzuna::API::Response::Job,-89.384495,5743628763,Addus Homecare,Adzuna::API::Response::Company,"['US', 'Missouri', 'Mississippi County', 'East Prairie']",Adzuna::API::Response::Location,"East Prairie, Mississippi County",healthcare-nursing-jobs,Healthcare & Nursing Jobs,Adzuna::API::Response::Category,part_time,
Personal Care Aide,44536.97,"Addus HomeCare is hiring immediately for Personal Care Aides . This rewarding, entry-level position provides consistent, flexible full-time/part-time hours to accommodate your personal needs, while providing a great career with a growing, innovative industry leader. If you have a drive to help others, and you are looking for a meaningful, fulfilling, independent career with an organization that encourages and supports your contribution, we invite you to join our team. Personal Care Aides Perks:…",1,44536.97,eyJhbGciOiJIUzI1NiJ9.eyJpIjoiNTc0MzYyODc2MSIsInMiOiJHT2hjcUxaYThSRzdmcFJ5LXNveV93In0.H-IbcmDF9aqEKYndH_pIomORK6uCqb7g5JLYEMUb-p0,39.070204,https://www.adzuna.com/land/ad/5743628761?se=GOhcqLZa8RG7fpRy-soy_w&utm_medium=api&utm_source=abfa41a4&v=83823DB0AA8F509A24FDC35EC03A2BD4CAE798D5,2026-05-28T12:52:16Z,Adzuna::API::Response::Job,-94.345364,5743628761,Addus Homecare,Adzuna::API::Response::Company,"['US', 'Missouri', 'Jackson County', 'Lake Tapawingo']",Adzuna::API::Response::Location,"Lake Tapawingo, Jackson County",healthcare-nursing-jobs,Healthcare & Nursing Jobs,Adzuna::API::Response::Category,part_time,
Personal Care Aide,101370.16,"URGENT HIRE for the ABILENE area ALL SHIFTS also AVAILABLE Arcadia Home Care & Staffing is hiring immediately for Personal Care Aides. This rewarding, entry-level position provides consistent, flexible full-time/part-time hours to accommodate your personal needs, while providing a great career with a growing, innovative industry leader. Arcadia Home Care & Staffing is part of the Addus HomeCare family of companies. If you have a drive to help others, and you are looking for a meaningful, fulfil…",1,101370.16,eyJhbGciOiJIUzI1NiJ9.eyJpIjoiNTc0MzYyODc1NyIsInMiOiJHT2hjcUxaYThSRzdmcFJ5LXNveV93In0.CSQKiuAmCHjWOTCQlCOBiT6A1CT3Ch4BbKp257FPRjs,32.396218,https://www.adzuna.com/land/ad/5743628757?se=GOhcqLZa8RG7fpRy-soy_w&utm_medium=api&utm_source=abfa41a4&v=67D32F68445B856A849E1AD591207D0A51B741F2,2026-05-28T12:52:16Z,Adzuna::API::Response::Job,-98.808275,5743628757,Arcadia Home Care and Staffing – an Addus family company,Adzuna::API::Response::Company,"['US', 'Texas', 'Eastland County', 'Eastland']",Adzuna::API::Response::Location,"Eastland, Eastland County",healthcare-nursing-jobs,Healthcare & Nursing Jobs,Adzuna::API::Response::Category,part_time,
Special Needs Caregiver,56099.29,"Pay rate of $20.75 per hour. Currently looking to hire aides for all shifts; daytime, evening, and overnights. Also hiring weekend aides. Addus HomeCare is hiring immediately for Special Needs Caregivers to work with adults and children. This rewarding, entry-level position provides consistent, flexible full-time/part-time hours to accommodate your personal needs, while providing a great career with a growing, innovative industry leader. Addus HomeCare is part of the Addus HomeCare family of co…",1,56099.29,eyJhbGciOiJIUzI1NiJ9.eyJpIjoiNTc0MzYyODc2MiIsInMiOiJHT2hjcUxaYThSRzdmcFJ5LXNveV93In0.35HNK_AXSfCNgA4Y2lzGtzTlzxlB2_SiqRq-WWC4KlI,37.90212,https://www.adzuna.com/land/ad/5743628762?se=GOhcqLZa8RG7fpRy-soy_w&utm_medium=api&utm_source=abfa41a4&v=03CA95468AFB7F103E40D3B518493A59F633821D,2026-05-28T12:52:16Z,Adzuna::API::Response::Job,-122.05572,5743628762,Addus Homecare,Adzuna::API::Response::Company,"['US', 'California', 'Contra Costa County', 'Waldon']",Adzuna::API::Response::Location,"Waldon, Contra Costa County",healthcare-nursing-jobs,Healthcare & Nursing Jobs,Adzuna::API::Response::Category,part_time,
Personal Care Aide,45056.19,"Addus HomeCare is hiring immediately for Personal Care Aides. This rewarding, entry-level position provides consistent, flexible full-time/part-time hours to accommodate your personal needs, while providing a great career with a growing, innovative industry leader. If you have a drive to help others, and you are looking for a meaningful, fulfilling, independent career with an organization that encourages and supports your contribution, we invite you to join our team. Personal Care Aides Perks: …",1,45056.19,eyJhbGciOiJIUzI1NiJ9.eyJzIjoiR09oY3FMWmE4Ukc3ZnBSeS1zb3lfdyIsImkiOiI1NzQzNjI4NzUzIn0.2o7lrfqdW165qsJRTlbGmvQIgvyY6OeUAdO6cjwwkIQ,36.059242,https://www.adzuna.com/land/ad/5743628753?se=GOhcqLZa8RG7fpRy-soy_w&utm_medium=api&utm_source=abfa41a4&v=2B5135A222C88FB7DF746595577AC3DA2F504131,2026-05-28T12:52:16Z,Adzuna::API::Response::Job,-90.522005,5743628753,Addus Homecare,Adzuna::API::Response::Company,"['US', 'Arkansas', 'Greene County', 'Paragould']",Adzuna::API::Response::Location,"Paragould, Greene County",healthcare-nursing-jobs,Healthcare & Nursing Jobs,Adzuna::API::Response::Category,part_time,
Personal Care Aide,45871.73,"Pay rates range from $19 - $20/hr Currently looking to hire aides for all shifts. Also hiring weekend aides. Arcadia Home Care & Staffing is hiring immediately for Personal Care Aides. This rewarding, position provides consistent, flexible full-time/part-time hours to accommodate your personal needs, while providing a great career with a growing, innovative industry leader. Arcadia Home Care & Staffing is part of the Addus HomeCare family of companies. If you have a drive to help others, and yo…",1,45871.73,eyJhbGciOiJIUzI1NiJ9.eyJzIjoiR09oY3FMWmE4Ukc3ZnBSeS1zb3lfdyIsImkiOiI1NzQzNjI4NzU0In0.Nc8v3-WVLuKD1QSBINeAcEsV17tMe6ytXGqRNflHofk,38.495676,https://www.adzuna.com/land/ad/5743628754?se=GOhcqLZa8RG7fpRy-soy_w&utm_medium=api&utm_source=abfa41a4&v=C3364804733CB82239EB148C0503232C34F0AC89,2026-05-28T12:52:16Z,Adzuna::API::Response::Job,-121.531336,5743628754,Arcadia Home Care and Staffing – an Addus family company,Adzuna::API::Response::Company,"['US', 'California', 'Yolo County', 'Clarksburg']",Adzuna::API::Response::Location,"Clarksburg, Yolo County",healthcare-nursing-jobs,Healthcare & Nursing Jobs,Adzuna::API::Response::Category,part_time,
Special Needs Caregiver,48227.18,"Addus HomeCare is now offering $19.50/hr. Currently looking to hire aides for all shifts; daytime, evening, and overnights. Also hiring weekend aides. Addus HomeCare is hiring immediately for Special Needs Caregivers to work with adults and children. This rewarding, entry-level position provides consistent, flexible full-time/part-time hours to accommodate your personal needs, while providing a great career with a growing, innovative industry leader. Addus HomeCare is part of the Addus HomeCare…",1,48227.18,eyJhbGciOiJIUzI1NiJ9.eyJzIjoiR09oY3FMWmE4Ukc3ZnBSeS1zb3lfdyIsImkiOiI1NzQzNjI4NzU4In0.aTh-GQzzN01-YGUGtvW-6cODicLZ4lMEHmLEDNeyW84,37.665733,https://www.adzuna.com/land/ad/5743628758?se=GOhcqLZa8RG7fpRy-soy_w&utm_medium=api&utm_source=abfa41a4&v=E46FCD922F75BE74ACFB1765DDE7A4C2E5A5F7C1,2026-05-28T12:52:16Z,Adzuna::API::Response::Job,-120.994244,5743628758,Addus Homecare,Adzuna::API::Response::Company,"['US', 'California', 'Stanislaus County', 'Modesto']",Adzuna::API::Response::Location,"Modesto, Stanislaus County",healthcare-nursing-jobs,Healthcare & Nursing Jobs,Adzuna::API::Response::Category,part_time,
Special Needs Caregiver,62255.93,"Pay rates range from $20 - $25/hr Currently looking to hire aides for all shifts; daytime, evening, and overnights. Also hiring weekend aides. Arcadia Home Care & Staffing is hiring immediately for Personal Care Aides. This rewarding, entry-level position provides consistent, flexible full-time/part-time hours to accommodate your personal needs, while providing a great career with a growing, innovative industry leader. Arcadia Home Care & Staffing is part of the Addus HomeCare family of compani…",1,62255.93,eyJhbGciOiJIUzI1NiJ9.eyJzIjoiR09oY3FMWmE4Ukc3ZnBSeS1zb3lfdyIsImkiOiI1NzQzNjI4NzQ2In0.E5s7QqGmJ6XMy6u-Bye0HSSt2zfG6A70fSxTb6tkrYU,37.386721,https://www.adzuna.com/land/ad/5743628746?se=GOhcqLZa8RG7fpRy-soy_w&utm_medium=api&utm_source=abfa41a4&v=7C3F7E8505E1E28E27D95D0B21D037C00CB40CE5,2026-05-28T12:52:15Z,Adzuna::API::Response::Job,-121.89708,5743628746,Arcadia Home Care and Staffing – an Addus family company,Adzuna::API::Response::Company,"['US', 'California', 'Santa Clara County', 'San Jose']",Adzuna::API::Response::Location,"San Jose, Santa Clara County",healthcare-nursing-jobs,Healthcare & Nursing Jobs,Adzuna::API::Response::Category,part_time,
Personal Care Aide,73033.48,"Arcadia Home Care & Staffing is hiring immediately for Personal Care Aides. This rewarding, entry-level position provides consistent, flexible full-time/part-time hours to accommodate your personal needs, while providing a great career with a growing, innovative industry leader. Arcadia Home Care & Staffing is part of the Addus HomeCare family of companies. If you have a drive to help others, and you are looking for a meaningful, fulfilling, independent career with an organization that encourag…",1,73033.48,eyJhbGciOiJIUzI1NiJ9.eyJzIjoiR09oY3FMWmE4Ukc3ZnBSeS1zb3lfdyIsImkiOiI1NzQzNjI4NzQ4In0.qQ59SKjKEQGm1_h-Tovu9DzsB6AfNPZHoytN____9kM,31.470233,https://www.adzuna.com/land/ad/5743628748?se=GOhcqLZa8RG7fpRy-soy_w&utm_medium=api&utm_source=abfa41a4&v=F4B2E9454D72AB59FF53B84FDCA319AA8CE1B907,2026-05-28T12:52:15Z,Adzuna::API::Response::Job,-100.438376,5743628748,Arcadia Home Care and Staffing – an Addus family company,Adzuna::API::Response::Company,"['US', 'Texas', 'Tom Green County', 'San Angelo']",Adzuna::API::Response::Location,"San Angelo, Tom Green County",healthcare-nursing-jobs,Healthcare & Nursing Jobs,Adzuna::API::Response::Category,part_time,
Addus Home Care Aide,53671.65,"Addus HomeCare is now offering $19.50/hr. Offering Daily Pay! We offer a referral bonus incentive. Addus HomeCare is hiring immediately for Home Care Aides. This position provides consistent, flexible part-time hours to accommodate your personal needs while providing a great career with a growing, innovative industry leader. If you have the drive to help others, and you are looking for a meaningful, fulfilling, independent career with an organization that encourages and supports your contributi…",1,53671.65,eyJhbGciOiJIUzI1NiJ9.eyJzIjoiR09oY3FMWmE4Ukc3ZnBSeS1zb3lfdyIsImkiOiI1NzQzNjI4NzQxIn0.uWSoYoLwTgdUZbzoYDDcjDjvZfWUQMY19F1kfv2ybqo,37.677454,https://www.adzuna.com/land/ad/5743628741?se=GOhcqLZa8RG7fpRy-soy_w&utm_medium=api&utm_source=abfa41a4&v=2796A99097897B6F21D9AFC48EEEC83D15E65103,2026-05-28T12:52:15Z,Adzuna::API::Response::Job,-120.945644,5743628741,Addus Homecare,Adzuna::API::Response::Company,"['US', 'California', 'Stanislaus County', 'Modesto']",Adzuna::API::Response::Location,"Modesto, Stanislaus County",social-work-jobs,Social work Jobs,Adzuna::API::Response::Category,part_time,
Personal Care Aide,52901.21,"Pay rates range from $22 - $25/hr Hiring for Daytime and overnight shifts including weekends Arcadia Home Care & Staffing is hiring immediately for Personal Care Aides. This rewarding, entry-level position provides consistent, flexible full-time/part-time hours to accommodate your personal needs, while providing a great career with a growing, innovative industry leader. Arcadia Home Care & Staffing is part of the Addus HomeCare family of companies. If you have a drive to help others, and you ar…",1,52901.21,eyJhbGciOiJIUzI1NiJ9.eyJpIjoiNTc0MzYyODc0OSIsInMiOiJHT2hjcUxaYThSRzdmcFJ5LXNveV93In0.VmI7TnWFdxaVUi-IFFpQUpEL8KTAmHhdd2E5PStFOiY,37.700917,https://www.adzuna.com/land/ad/5743628749?se=GOhcqLZa8RG7fpRy-soy_w&utm_medium=api&utm_source=abfa41a4&v=F05EC5FFFD910B22916D779564704528560AEA71,2026-05-28T12:52:15Z,Adzuna::API::Response::Job,-121.762187,5743628749,Arcadia Home Care and Staffing – an Addus family company,Adzuna::API::Response::Company,"['US', 'California', 'Alameda County', 'Altamont']",Adzuna::API::Response::Location,"Altamont, Alameda County",healthcare-nursing-jobs,Healthcare & Nursing Jobs,Adzuna::API::Response::Category,part_time,
Personal Care Aide,39784.18,"Addus HomeCare is hiring immediately for Personal Care Aides. This rewarding, entry-level position provides consistent, flexible part-time hours to accommodate your personal needs, while providing a great career with a growing, innovative industry leader. If you have a drive to help others, and you are looking for a meaningful, fulfilling, independent career with an organization that encourages and supports your contribution, we invite you to join our team. Personal Care Aides Perks: Healthcare…",1,39784.18,eyJhbGciOiJIUzI1NiJ9.eyJzIjoiR09oY3FMWmE4Ukc3ZnBSeS1zb3lfdyIsImkiOiI1NzQzNjI4NzQzIn0.LN0BIttQV0rzfc0qkbKeGiSC9i5X0Q2zZ77yhgZBWh4,37.81962,https://www.adzuna.com/land/ad/5743628743?se=GOhcqLZa8RG7fpRy-soy_w&utm_medium=api&utm_source=abfa41a4&v=DB9426470DFA614DC2BA8C4E2616365DEF7AAE38,2026-05-28T12:52:15Z,Adzuna::API::Response::Job,-90.4035,5743628743,Addus Homecare,Adzuna::API::Response::Company,"['US', 'Missouri', 'Saint Francois County', 'Farmington']",Adzuna::API::Response::Location,"Farmington, Saint Francois County",healthcare-nursing-jobs,Healthcare & Nursing Jobs,Adzuna::API::Response::Category,part_time,
Special Needs Caregiver,54784.54,"Pay rates range from $20 - $25/hr Currently looking to hire aides for all shifts; daytime, evening, and overnights. Also hiring weekend aides. Arcadia Home Care & Staffing is hiring immediately for Personal Care Aides. This rewarding, entry-level position provides consistent, flexible full-time/part-time hours to accommodate your personal needs, while providing a great career with a growing, innovative industry leader. Arcadia Home Care & Staffing is part of the Addus HomeCare family of compani…",1,54784.54,eyJhbGciOiJIUzI1NiJ9.eyJzIjoiR09oY3FMWmE4Ukc3ZnBSeS1zb3lfdyIsImkiOiI1NzQzNjI4NzQyIn0.oGCVFn_dDtxSJdp8cMKCgB99739ov1Ob5u3H5Do4SbA,37.720114,https://www.adzuna.com/land/ad/5743628742?se=GOhcqLZa8RG7fpRy-soy_w&utm_medium=api&utm_source=abfa41a4&v=E0F6A326B0F98C4CD584C050630B17A8E46AD9EE,2026-05-28T12:52:15Z,Adzuna::API::Response::Job,-122.440383,5743628742,Arcadia Home Care and Staffing – an Addus family company,Adzuna::API::Response::Company,"['US', 'California', 'San Francisco', 'Noe Valley']",Adzuna::API::Response::Location,"Noe Valley, San Francisco",healthcare-nursing-jobs,Healthcare & Nursing Jobs,Adzuna::API::Response::Category,part_time,
AUTOMOTIVE SALES & LEASING CONSULTANT,66206.28,"Job Description Job Description Description: Sell Cars - Have Fun - Make Money We are looking to hire quality employees that can handle new and used car sales and finance. Due to the recent increase in inventory, our business has grown! This is a RARE opportunity to make a difference by joining a thriving auto dealership. We have one of the largest inventories in the area and we want you to join our team! Whether or not you have previously worked in the automobile industry we would love to meet…",1,66206.28,eyJhbGciOiJIUzI1NiJ9.eyJzIjoiR09oY3FMWmE4Ukc3ZnBSeS1zb3lfdyIsImkiOiI1NzQzNjI4NzMwIn0.6TXQKnCJrhMRr1zjdgFAIdQAgWQ33MEblcr2-1nTwiQ,27.516581,https://www.adzuna.com/land/ad/5743628730?se=GOhcqLZa8RG7fpRy-soy_w&utm_medium=api&utm_source=abfa41a4&v=42372D1CBEF8C80054E9006BF9BB9CD10027D7BF,2026-05-28T12:52:14Z,Adzuna::API::Response::Job,-99.511733,5743628730,Sames Motor Company Inc,Adzuna::API::Response::Company,"['US', 'Texas', 'Webb County', 'Laredo']",Adzuna::API::Response::Location,"Laredo, Webb County",sales-jobs,Sales Jobs,Adzuna::API::Response::Category,full_time,permanent
Personal Care Aide,45076.61,"URGENT HIRE for the ABILENE area ALL SHIFTS also AVAILABLE Arcadia Home Care & Staffing is hiring immediately for Personal Care Aides. This rewarding, entry-level position provides consistent, flexible full-time/part-time hours to accommodate your personal needs, while providing a great career with a growing, innovative industry leader. Arcadia Home Care & Staffing is part of the Addus HomeCare family of companies. If you have a drive to help others, and you are looking for a meaningful, fulfil…",1,45076.61,eyJhbGciOiJIUzI1NiJ9.eyJpIjoiNTc0MzYyODczNiIsInMiOiJHT2hjcUxaYThSRzdmcFJ5LXNveV93In0.XQ4xw__HeNkYsTkxg6Jsye-XvNSPtfPkeXmEf0K4K7Y,31.195987,https://www.adzuna.com/land/ad/5743628736?se=GOhcqLZa8RG7fpRy-soy_w&utm_medium=api&utm_source=abfa41a4&v=A3DDD32FD64F7A9A798254DEEFC666C19844703B,2026-05-28T12:52:14Z,Adzuna::API::Response::Job,-98.726428,5743628736,Arcadia Home Care and Staffing – an Addus family company,Adzuna::API::Response::Company,"['US', 'Texas', 'San Saba County', 'San Saba']",Adzuna::API::Response::Location,"San Saba, San Saba County",healthcare-nursing-jobs,Healthcare & Nursing Jobs,Adzuna::API::Response::Category,part_time,
Personal Care Aide,40651.27,"Pay rates range from $22 - $23/hr Hiring for Daytime and overnight shifts including weekends Arcadia Home Care & Staffing is hiring immediately for Personal Care Aides. This rewarding, entry-level position provides consistent, flexible full-time/part-time hours to accommodate your personal needs, while providing a great career with a growing, innovative industry leader. Arcadia Home Care & Staffing is part of the Addus HomeCare family of companies. If you have a drive to help others, and you ar…",1,40651.27,eyJhbGciOiJIUzI1NiJ9.eyJzIjoiR09oY3FMWmE4Ukc3ZnBSeS1zb3lfdyIsImkiOiI1NzQzNjI4NzI0In0.7FVc6bBKNbpz4z28FaFs7oKiKiP19HepXQYlLJXQYys,37.97688,https://www.adzuna.com/land/ad/5743628724?se=GOhcqLZa8RG7fpRy-soy_w&utm_medium=api&utm_source=abfa41a4&v=4A4DAB7B0E4C1808E309D6E59A1375A5503FF4D5,2026-05-28T12:52:14Z,Adzuna::API::Response::Job,-122.05608,5743628724,Arcadia Home Care and Staffing – an Addus family company,Adzuna::API::Response::Company,"['US', 'California', 'Contra Costa County', 'Pacheco']",Adzuna::API::Response::Location,"Pacheco, Contra Costa County",healthcare-nursing-jobs,Healthcare & Nursing Jobs,Adzuna::API::Response::Category,part_time,
Personal Care Aide,39649.3,"Addus HomeCare is hiring immediately for Personal Care Aides. This rewarding, entry-level position provides consistent, flexible full-time/part-time hours to accommodate your personal needs, while providing a great career with a growing, innovative industry leader. If you have a drive to help others, and you are looking for a meaningful, fulfilling, independent career with an organization that encourages and supports your contribution, we invite you to join our team. Personal Care Aides Perks: …",1,39649.3,eyJhbGciOiJIUzI1NiJ9.eyJpIjoiNTc0MzYyODcyOCIsInMiOiJHT2hjcUxaYThSRzdmcFJ5LXNveV93In0.a2sXWs3Om73Alu4vxDFi9NYAbBfX9884PHCSyDUZljk,34.753925,https://www.adzuna.com/land/ad/5743628728?se=GOhcqLZa8RG7fpRy-soy_w&utm_medium=api&utm_source=abfa41a4&v=1EEF9BD83C51631CECD4C6B1735C7401E406DB41,2026-05-28T12:52:14Z,Adzuna::API::Response::Job,-92.417707,5743628728,Addus Homecare,Adzuna::API::Response::Company,"['US', 'Arkansas', 'Pulaski County', 'Cammack Village']",Adzuna::API::Response::Location,"Cammack Village, Pulaski County",healthcare-nursing-jobs,Healthcare & Nursing Jobs,Adzuna::API::Response::Category,part_time,
Arcadia Home Health Aide,54033.41,"Pay rates range from $17.34 - $20/hr Offering Daily Pay! Take advantage of this unique opportunity to learn the fundamentals of quality home care and deliver life-changing service to your clients. As an Arcadia Home Health Aide, you'll play a vital role in supporting seniors and people with disabilities living independently. This rewarding position provides consistent, flexible hours to accommodate your personal needs while providing a great career with a growing, innovative industry leader. If…",1,54033.41,eyJhbGciOiJIUzI1NiJ9.eyJpIjoiNTc0MzYyODcyNiIsInMiOiJHT2hjcUxaYThSRzdmcFJ5LXNveV93In0.bgGVGMBxGwYtv4dRpcgrrcscrPLsT-Z6PyaEiXA9sP8,37.81018,https://www.adzuna.com/land/ad/5743628726?se=GOhcqLZa8RG7fpRy-soy_w&utm_medium=api&utm_source=abfa41a4&v=FEF624CF0BE25CEBFB1E6526134FD1D20F255023,2026-05-28T12:52:14Z,Adzuna::API::Response::Job,-122.269073,5743628726,Arcadia Home Care and Staffing – an Addus family company,Adzuna::API::Response::Company,"['US', 'California', 'Alameda County', 'Philatelic']",Adzuna::API::Response::Location,"Philatelic, Alameda County",healthcare-nursing-jobs,Healthcare & Nursing Jobs,Adzuna::API::Response::Category,,
Personal Care Aide,43561.36,"URGENT HIRE for the ABILENE area ALL SHIFTS also AVAILABLE Arcadia Home Care & Staffing is hiring immediately for Personal Care Aides. This rewarding, entry-level position provides consistent, flexible full-time/part-time hours to accommodate your personal needs, while providing a great career with a growing, innovative industry leader. Arcadia Home Care & Staffing is part of the Addus HomeCare family of companies. If you have a drive to help others, and you are looking for a meaningful, fulfil…",1,43561.36,eyJhbGciOiJIUzI1NiJ9.eyJzIjoiR09oY3FMWmE4Ukc3ZnBSeS1zb3lfdyIsImkiOiI1NzQzNjI4NzQwIn0.aUcZRhlcDZpBMJfx1JdnLop2ZQI-WQZicq9YlDqPNqA,32.107193,https://www.adzuna.com/land/ad/5743628740?se=GOhcqLZa8RG7fpRy-soy_w&utm_medium=api&utm_source=abfa41a4&v=F7FE0501DC7E26DB7CDCE17BEFD5B43C4963C3E0,2026-05-28T12:52:14Z,Adzuna::API::Response::Job,-98.980379,5743628740,Arcadia Home Care and Staffing – an Addus family company,Adzuna::API::Response::Company,"['US', 'Texas', 'Eastland County', 'Rising Star']",Adzuna::API::Response::Location,"Rising Star, Eastland County",healthcare-nursing-jobs,Healthcare & Nursing Jobs,Adzuna::API::Response::Category,part_time,
Personal Care Aide,38300.16,"Addus HomeCare is hiring immediately for Personal Care Aides. This rewarding, entry-level position provides consistent, flexible full-time/part-time hours to accommodate your personal needs, while providing a great career with a growing, innovative industry leader. If you have a drive to help others, and you are looking for a meaningful, fulfilling, independent career with an organization that encourages and supports your contribution, we invite you to join our team. Personal Care Aides Perks: …",1,38300.16,eyJhbGciOiJIUzI1NiJ9.eyJpIjoiNTc0MzYyODczMSIsInMiOiJHT2hjcUxaYThSRzdmcFJ5LXNveV93In0.OaZQAf0UqvjtOc9oixcSyC5qO8V8znFrLQ6xzBbZD2k,36.339195,https://www.adzuna.com/land/ad/5743628731?se=GOhcqLZa8RG7fpRy-soy_w&utm_medium=api&utm_source=abfa41a4&v=4152D06D5041F8F8B3470F64E9DD9C8A7CF7B2D9,2026-05-28T12:52:14Z,Adzuna::API::Response::Job,-93.420276,5743628731,Addus Homecare,Adzuna::API::Response::Company,"['US', 'Arkansas', 'Carroll County', 'Green Forest']",Adzuna::API::Response::Location,"Green Forest, Carroll County",healthcare-nursing-jobs,Healthcare & Nursing Jobs,Adzuna::API::Response::Category,part_time,
Arcadia Home Health Aide,62098.97,"Pay rates ranging from $16.90 to $22 dollars per hour! Offering Daily Pay! Take advantage of this unique opportunity to learn the fundamentals of quality home care and deliver life-changing service to your clients. As an Arcadia Home Health Aide, you'll play a vital role in supporting seniors and people with disabilities living independently. This rewarding position provides consistent, flexible hours to accommodate your personal needs while providing a great career with a growing, innovative i…",1,62098.97,eyJhbGciOiJIUzI1NiJ9.eyJpIjoiNTc0MzYyODcxMCIsInMiOiJHT2hjcUxaYThSRzdmcFJ5LXNveV93In0.b8kDPHHXgx91JGLpLAT0y1eA9jwXYnD8OLfBhNOHdgE,38.015319,https://www.adzuna.com/land/ad/5743628710?se=GOhcqLZa8RG7fpRy-soy_w&utm_medium=api&utm_source=abfa41a4&v=B622E75CD4A7E814D65DA7CEB4D8E5A303108905,2026-05-28T12:52:13Z,Adzuna::API::Response::Job,-122.545868,5743628710,Arcadia Home Care and Staffing – an Addus family company,Adzuna::API::Response::Company,"['US', 'California', 'Marin County', 'Terra Linda']",Adzuna::API::Response::Location,"Terra Linda, Marin County",healthcare-nursing-jobs,Healthcare & Nursing Jobs,Adzuna::API::Response::Category,,
Addus Home Care Aide,46996.25,"Offering Daily Pay for select positions Addus HomeCare is hiring immediately for Home Care Aides. This rewarding, entry-level position provides consistent, flexible full-time/part-time hours to accommodate your personal needs while providing a great career with a growing, innovative industry leader. If you have the drive to help others, and you are looking for a meaningful, fulfilling, independent career with an organization that encourages and supports your contribution, we invite you to join …",1,46996.25,eyJhbGciOiJIUzI1NiJ9.eyJpIjoiNTc0MzYyODcxNiIsInMiOiJHT2hjcUxaYThSRzdmcFJ5LXNveV93In0.UyUmz3gxfPB0pUxeWo0fMyFUNQ1Mq8Kya-83cDspwUw,46.154694,https://www.adzuna.com/land/ad/5743628716?se=GOhcqLZa8RG7fpRy-soy_w&utm_medium=api&utm_source=abfa41a4&v=DF718DAA08C171DF107DD4764CCDB33C0CD51F35,2026-05-28T12:52:13Z,Adzuna::API::Response::Job,-122.970128,5743628716,Addus Homecare,Adzuna::API::Response::Company,"['US', 'Washington', 'Cowlitz County', 'Longview']",Adzuna::API::Response::Location,"Longview, Cowlitz County",healthcare-nursing-jobs,Healthcare & Nursing Jobs,Adzuna::API::Response::Category,part_time,
Personal Care Aide,48160.35,"Pay rates range from $22 - $23/hr Hiring for Daytime and overnight shifts including weekends Arcadia Home Care & Staffing is hiring immediately for Personal Care Aides. This rewarding, entry-level position provides consistent, flexible full-time/part-time hours to accommodate your personal needs, while providing a great career with a growing, innovative industry leader. Arcadia Home Care & Staffing is part of the Addus HomeCare family of companies. If you have a drive to help others, and you ar…",1,48160.35,eyJhbGciOiJIUzI1NiJ9.eyJpIjoiNTc0MzYyODcxOCIsInMiOiJHT2hjcUxaYThSRzdmcFJ5LXNveV93In0.Hhhqi6EXdIhnHuichv6zFiU3cPloL8zWqp9cZ6BvKfQ,37.95414,https://www.adzuna.com/land/ad/5743628718?se=GOhcqLZa8RG7fpRy-soy_w&utm_medium=api&utm_source=abfa41a4&v=2FE642DB375B607BA7C8BE04FBFEEDFC30039794,2026-05-28T12:52:13Z,Adzuna::API::Response::Job,-122.07666,5743628718,Arcadia Home Care and Staffing – an Addus family company,Adzuna::API::Response::Company,"['US', 'California', 'Contra Costa County', 'Pleasant Hill']",Adzuna::API::Response::Location,"Pleasant Hill, Contra Costa County",healthcare-nursing-jobs,Healthcare & Nursing Jobs,Adzuna::API::Response::Category,part_time,
Addus Home Care Aide,45428.38,"Payrate: $21.44 Offering Daily Pay for select positions Addus HomeCare is hiring immediately for Home Care Aides. This rewarding, entry-level position provides consistent, flexible full-time/part-time hours to accommodate your personal needs while providing a great career with a growing, innovative industry leader. If you have the drive to help others, and you are looking for a meaningful, fulfilling, independent career with an organization that encourages and supports your contribution, we inv…",1,45428.38,eyJhbGciOiJIUzI1NiJ9.eyJzIjoiR09oY3FMWmE4Ukc3ZnBSeS1zb3lfdyIsImkiOiI1NzQzNjI4NzE1In0.r8oGGhsM0ld7_FEYiYXabMor7JCYJdFSFq6b1oGxpUU,46.061814,https://www.adzuna.com/land/ad/5743628715?se=GOhcqLZa8RG7fpRy-soy_w&utm_medium=api&utm_source=abfa41a4&v=E27218207CB93AB48BF09BC6672CDD86E878321F,2026-05-28T12:52:13Z,Adzuna::API::Response::Job,-118.328198,5743628715,Addus Homecare,Adzuna::API::Response::Company,"['US', 'Washington', 'Walla Walla County', 'Walla Walla']",Adzuna::API::Response::Location,"Walla Walla, Walla Walla County",healthcare-nursing-jobs,Healthcare & Nursing Jobs,Adzuna::API::Response::Category,part_time,
Personal Care Aide,48429.98,"Pay rates range from $19 - $20/hr Currently looking to hire aides for all shifts; daytime, evening, and overnights. Also hiring weekend aides. Arcadia Home Care & Staffing is hiring immediately for Personal Care Aides. This rewarding position provides consistent, flexible full-time/part-time hours to accommodate your personal needs, while providing a great career with a growing, innovative industry leader. Arcadia Home Care & Staffing is part of the Addus HomeCare family of companies. If you ha…",1,48429.98,eyJhbGciOiJIUzI1NiJ9.eyJpIjoiNTc0MzYyODcwOCIsInMiOiJHT2hjcUxaYThSRzdmcFJ5LXNveV93In0.G6q4W7nuWBMQAVP1iy9CN0udOaFQYBIvjuSqlN9wKnY,38.323982,https://www.adzuna.com/land/ad/5743628708?se=GOhcqLZa8RG7fpRy-soy_w&utm_medium=api&utm_source=abfa41a4&v=099E45D1F3AFBC3508576C2531BEFF01DDA6319A,2026-05-28T12:52:13Z,Adzuna::API::Response::Job,-122.303561,5743628708,Arcadia Home Care and Staffing – an Addus family company,Adzuna::API::Response::Company,"['US', 'California', 'Napa County', 'Yountville']",Adzuna::API::Response::Location,"Yountville, Napa County",healthcare-nursing-jobs,Healthcare & Nursing Jobs,Adzuna::API::Response::Category,part_time,
Personal Care Aide,41304.67,"Addus HomeCare is hiring immediately for Personal Care Aides. This rewarding, entry-level position provides consistent, flexible full-time/part-time hours to accommodate your personal needs, while providing a great career with a growing, innovative industry leader. If you have a drive to help others, and you are looking for a meaningful, fulfilling, independent career with an organization that encourages and supports your contribution, we invite you to join our team. Personal Care Aides Perks: …",1,41304.67,eyJhbGciOiJIUzI1NiJ9.eyJzIjoiR09oY3FMWmE4Ukc3ZnBSeS1zb3lfdyIsImkiOiI1NzQzNjI4NzE5In0.ejhLhDQJnE45iEQoePO6MSnMVmGEPKm9lguB_FROuRc,37.074436,https://www.adzuna.com/land/ad/5743628719?se=GOhcqLZa8RG7fpRy-soy_w&utm_medium=api&utm_source=abfa41a4&v=66D67D2495C4045DA19A63F419ED893927D22C24,2026-05-28T12:52:13Z,Adzuna::API::Response::Job,-89.662074,5743628719,Addus Homecare,Adzuna::API::Response::Company,"['US', 'Missouri', 'Scott County', 'Oran']",Adzuna::API::Response::Location,"Oran, Scott County",healthcare-nursing-jobs,Healthcare & Nursing Jobs,Adzuna::API::Response::Category,part_time,
Personal Care Aide,36736.92,"HIRING CAREGIVERS IN BRINKLEY ARKANSAS & SURROUNDING AREA Addus HomeCare is hiring immediately for Personal Care Aides. This rewarding, entry-level position provides consistent, flexible full-time/part-time hours to accommodate your personal needs, while providing a great career with a growing, innovative industry leader. If you have a drive to help others, and you are looking for a meaningful, fulfilling, independent career with an organization that encourages and supports your contribution, w…",1,36736.92,eyJhbGciOiJIUzI1NiJ9.eyJzIjoickVRMHFiWmE4UkdETll0U3ZQcU5xdyIsImkiOiI1NzQzNjI4NzIwIn0.5HKO_Fer-kworOaSwmhSiYh0kCpW8WW-Yu1LScLe6HA,34.889702,https://www.adzuna.com/land/ad/5743628720?se=rEQ0qbZa8RGDNYtSvPqNqw&utm_medium=api&utm_source=abfa41a4&v=0099EB9584E9D067BA128F7602720C4C1744E4FE,2026-05-28T12:52:13Z,Adzuna::API::Response::Job,-91.191753,5743628720,Addus Homecare,Adzuna::API::Response::Company,"['US', 'Arkansas', 'Monroe County', 'Brinkley']",Adzuna::API::Response::Location,"Brinkley, Monroe County",healthcare-nursing-jobs,Healthcare & Nursing Jobs,Adzuna::API::Response::Category,part_time,
Personal Care Aide,43500.12,"Pay rates range from $21 - $25/hr Currently looking to hire aides for all shifts. Also hiring weekend aides. Arcadia Home Care & Staffing is hiring immediately for Personal Care Aides. This rewarding position provides consistent, flexible full-time/part-time hours to accommodate your personal needs, while providing a great career with a growing, innovative industry leader. Arcadia Home Care & Staffing is part of the Addus HomeCare family of companies. If you have a drive to help others, and you…",1,43500.12,eyJhbGciOiJIUzI1NiJ9.eyJpIjoiNTc0MzYyODcxNyIsInMiOiJyRVEwcWJaYThSR0ROWXRTdlBxTnF3In0._tVBCuKnkhUsbY2QgVPv7qL62X2xeJ-aZgWTAg8THoo,37.982111,https://www.adzuna.com/land/ad/5743628717?se=rEQ0qbZa8RGDNYtSvPqNqw&utm_medium=api&utm_source=abfa41a4&v=370591C55272A4EDEAC3CF98F0C9DDBC60E98FC8,2026-05-28T12:52:13Z,Adzuna::API::Response::Job,-122.568755,5743628717,Arcadia Home Care and Staffing – an Addus family company,Adzuna::API::Response::Company,"['US', 'California', 'Marin County', 'San Anselmo']",Adzuna::API::Response::Location,"San Anselmo, Marin County",healthcare-nursing-jobs,Healthcare & Nursing Jobs,Adzuna::API::Response::Category,part_time,
Personal Care Aide,42254.11,"URGENT HIRE for the ABILENE area ALL SHIFTS also AVAILABLE Arcadia Home Care & Staffing is hiring immediately for Personal Care Aides. This rewarding, entry-level position provides consistent, flexible full-time/part-time hours to accommodate your personal needs, while providing a great career with a growing, innovative industry leader. Arcadia Home Care & Staffing is part of the Addus HomeCare family of companies. If you have a drive to help others, and you are looking for a meaningful, fulfil…",1,42254.11,eyJhbGciOiJIUzI1NiJ9.eyJpIjoiNTc0MzYyODcyMyIsInMiOiJyRVEwcWJaYThSR0ROWXRTdlBxTnF3In0.bK-kMl0OCmG3bGfdUytWu57vEtFB-xM2hwUI0YYZ-a4,32.211882,https://www.adzuna.com/land/ad/5743628723?se=rEQ0qbZa8RGDNYtSvPqNqw&utm_medium=api&utm_source=abfa41a4&v=E37F768AD3CB84F5B4B9BFA6253D6416B2ED87F7,2026-05-28T12:52:13Z,Adzuna::API::Response::Job,-98.670975,5743628723,Arcadia Home Care and Staffing – an Addus family company,Adzuna::API::Response::Company,"['US', 'Texas', 'Eastland County', 'Gorman']",Adzuna::API::Response::Location,"Gorman, Eastland County",healthcare-nursing-jobs,Healthcare & Nursing Jobs,Adzuna::API::Response::Category,part_time,
Home Care Aide,50261.09,"Addus HomeCare is hiring immediately for Personal Care Aides. This rewarding, entry-level position provides consistent, flexible full-time/part-time hours to accommodate your personal needs, while providing a great career with a growing, innovative industry leader. If you have a drive to help others, and you are looking for a meaningful, fulfilling, independent career with an organization that encourages and supports your contribution, we invite you to join our team. Personal Care Aides Perks: …",1,50261.09,eyJhbGciOiJIUzI1NiJ9.eyJzIjoickVRMHFiWmE4UkdETll0U3ZQcU5xdyIsImkiOiI1NzQzNjI4NzExIn0.TSA1c2fD3xkWB-_ngHC-hbExjrBakmvlzla6dBFt9SQ,36.767576,https://www.adzuna.com/land/ad/5743628711?se=rEQ0qbZa8RGDNYtSvPqNqw&utm_medium=api&utm_source=abfa41a4&v=E6732BC29818A3DFCB9717413353C9F8F0EEB9BA,2026-05-28T12:52:13Z,Adzuna::API::Response::Job,-90.426103,5743628711,Addus Homecare,Adzuna::API::Response::Company,"['US', 'Missouri', 'Butler County', 'Poplar Bluff']",Adzuna::API::Response::Location,"Poplar Bluff, Butler County",healthcare-nursing-jobs,Healthcare & Nursing Jobs,Adzuna::API::Response::Category,part_time,
Personal Care Aide,39218.82,"Pay rates range from $19 - $20/hr Currently looking to hire aides for all shifts; daytime, evening, and overnights. Also hiring weekend aides. Arcadia Home Care & Staffing is hiring immediately for Personal Care Aides. This rewarding, position provides consistent, flexible full-time/part-time hours to accommodate your personal needs, while providing a great career with a growing, innovative industry leader. Arcadia Home Care & Staffing is part of the Addus HomeCare family of companies. If you h…",1,39218.82,eyJhbGciOiJIUzI1NiJ9.eyJzIjoickVRMHFiWmE4UkdETll0U3ZQcU5xdyIsImkiOiI1NzQzNjI4NzIyIn0.ITMBzJDmVHLFKoECErpNmwk7-FO6l9YSrgW7GMCpML0,38.380032,https://www.adzuna.com/land/ad/5743628722?se=rEQ0qbZa8RGDNYtSvPqNqw&utm_medium=api&utm_source=abfa41a4&v=1658EA2993F14B61D0315B88E4FB3BFBDE2578E4,2026-05-28T12:52:13Z,Adzuna::API::Response::Job,-121.986245,5743628722,Arcadia Home Care and Staffing – an Addus family company,Adzuna::API::Response::Company,"['US', 'California', 'Solano County', 'Vacaville']",Adzuna::API::Response::Location,"Vacaville, Solano County",healthcare-nursing-jobs,Healthcare & Nursing Jobs,Adzuna::API::Response::Category,part_time,
Personal Care Aide,41980.14,"URGENT HIRE for the ABILENE area ALL SHIFTS also AVAILABLE Arcadia Home Care & Staffing is hiring immediately for Personal Care Aides. This rewarding, entry-level position provides consistent, flexible full-time/part-time hours to accommodate your personal needs, while providing a great career with a growing, innovative industry leader. Arcadia Home Care & Staffing is part of the Addus HomeCare family of companies. If you have a drive to help others, and you are looking for a meaningful, fulfil…",1,41980.14,eyJhbGciOiJIUzI1NiJ9.eyJpIjoiNTc0MzYyODcwNCIsInMiOiJyRVEwcWJaYThSR0ROWXRTdlBxTnF3In0.EAZ29SDHSTcPTAbAyVi6AcwwgbMqhzQnBBDwxMld-9Y,32.134721,https://www.adzuna.com/land/ad/5743628704?se=rEQ0qbZa8RGDNYtSvPqNqw&utm_medium=api&utm_source=abfa41a4&v=2B167EE3F2196113FC92B27648906C6F5DE1571F,2026-05-28T12:52:12Z,Adzuna::API::Response::Job,-99.175835,5743628704,Arcadia Home Care and Staffing – an Addus family company,Adzuna::API::Response::Company,"['US', 'Texas', 'Callahan County', 'Cross Plains']",Adzuna::API::Response::Location,"Cross Plains, Callahan County",healthcare-nursing-jobs,Healthcare & Nursing Jobs,Adzuna::API::Response::Category,part_time,
Personal Care Aide,46647.11,"Pay rates range from $22 - $25/hr Hiring for Daytime and overnight shifts including weekends Arcadia Home Care & Staffing is hiring immediately for Personal Care Aides. This rewarding, entry-level position provides consistent, flexible full-time/part-time hours to accommodate your personal needs, while providing a great career with a growing, innovative industry leader. Arcadia Home Care & Staffing is part of the Addus HomeCare family of companies. If you have a drive to help others, and you ar…",1,46647.11,eyJhbGciOiJIUzI1NiJ9.eyJpIjoiNTc0MzYyODY5NiIsInMiOiJyRVEwcWJaYThSR0ROWXRTdlBxTnF3In0.XmfBAlGPzCCGmEU325KCGOwxN4re4ka_ihsRXUZRehs,37.65612,https://www.adzuna.com/land/ad/5743628696?se=rEQ0qbZa8RGDNYtSvPqNqw&utm_medium=api&utm_source=abfa41a4&v=FAE6D0C08D0C07B5ECF7538285CD943C0B0D426D,2026-05-28T12:52:12Z,Adzuna::API::Response::Job,-121.86461,5743628696,Arcadia Home Care and Staffing – an Addus family company,Adzuna::API::Response::Company,"['US', 'California', 'Alameda County', 'Pleasanton']",Adzuna::API::Response::Location,"Pleasanton, Alameda County",healthcare-nursing-jobs,Healthcare & Nursing Jobs,Adzuna::API::Response::Category,part_time,
Home Care Aide (HCA),44569.73,"Pay rate of $20.75 per hour. Offering Daily Pay! Addus HomeCare is hiring immediately for Home Care Aides. This position provides consistent, flexible full-time/part-time hours to accommodate your personal needs while providing a great career with a growing, innovative industry leader. If you have the drive to help others, and you are looking for a meaningful, fulfilling, independent career with an organization that encourages and supports your contribution, we invite you to join our team. Care…",1,44569.73,eyJhbGciOiJIUzI1NiJ9.eyJpIjoiNTc0MzYyODcwNSIsInMiOiJyRVEwcWJaYThSR0ROWXRTdlBxTnF3In0.FJIX0DK9uRpj2KokcPuDsRfaoUtC9LByRhdbnjGiFsY,38.104802,https://www.adzuna.com/land/ad/5743628705?se=rEQ0qbZa8RGDNYtSvPqNqw&utm_medium=api&utm_source=abfa41a4&v=172119F142F1368288BFAAD85A89899FEC26650C,2026-05-28T12:52:12Z,Adzuna::API::Response::Job,-122.246774,5743628705,Addus Homecare,Adzuna::API::Response::Company,"['US', 'California', 'Solano County', 'Mare Island']",Adzuna::API::Response::Location,"Mare Island, Solano County",social-work-jobs,Social work Jobs,Adzuna::API::Response::Category,part_time,
Home Care Aide,45746.92,"Offering Daily Pay for select positions Addus HomeCare is hiring immediately for Home Care Aides. This rewarding, entry-level position provides consistent, flexible full-time/part-time hours to accommodate your personal needs while providing a great career with a growing, innovative industry leader. If you have the drive to help others, and you are looking for a meaningful, fulfilling, independent career with an organization that encourages and supports your contribution, we invite you to join …",1,45746.92,eyJhbGciOiJIUzI1NiJ9.eyJpIjoiNTc0MzYyODY5OCIsInMiOiJyRVEwcWJaYThSR0ROWXRTdlBxTnF3In0.w6nhxOc8tKmVChSGiV76WhZZ4wxz2_sXn5BovICbQNs,47.736559,https://www.adzuna.com/land/ad/5743628698?se=rEQ0qbZa8RGDNYtSvPqNqw&utm_medium=api&utm_source=abfa41a4&v=50F38D0BB0232975031A4CD29F79775C6BF810FC,2026-05-28T12:52:12Z,Adzuna::API::Response::Job,-117.443932,5743628698,Addus Homecare,Adzuna::API::Response::Company,"['US', 'Washington', 'Spokane County', 'Shadle Garland']",Adzuna::API::Response::Location,"Shadle Garland, Spokane County",healthcare-nursing-jobs,Healthcare & Nursing Jobs,Adzuna::API::Response::Category,part_time,
Personal Care Aide,37269.07,"Addus HomeCare is hiring immediately for Personal Care Aides. This rewarding, entry-level position provides consistent, flexible full-time/part-time hours to accommodate your personal needs, while providing a great career with a growing, innovative industry leader. If you have a drive to help others, and you are looking for a meaningful, fulfilling, independent career with an organization that encourages and supports your contribution, we invite you to join our team. Personal Care Aides Perks: …",1,37269.07,eyJhbGciOiJIUzI1NiJ9.eyJzIjoickVRMHFiWmE4UkdETll0U3ZQcU5xdyIsImkiOiI1NzQzNjI4NzAyIn0.Qx60hDrq8RooHDkId1VgYrV4N5op0ZhrLpagn4BtZ4Y,33.663099,https://www.adzuna.com/land/ad/5743628702?se=rEQ0qbZa8RGDNYtSvPqNqw&utm_medium=api&utm_source=abfa41a4&v=C568291B4F78F3FF7475523DECF17A8C02157A21,2026-05-28T12:52:12Z,Adzuna::API::Response::Job,-93.589563,5743628702,Addus Homecare,Adzuna::API::Response::Company,"['US', 'Arkansas', 'Hempstead County', 'Hope']",Adzuna::API::Response::Location,"Hope, Hempstead County",healthcare-nursing-jobs,Healthcare & Nursing Jobs,Adzuna::API::Response::Category,part_time,
Personal Care Aide,39800.27,"Addus HomeCare is hiring immediately for Personal Care Aides. This rewarding, entry-level position provides consistent, flexible full-time/part-time hours to accommodate your personal needs, while providing a great career with a growing, innovative industry leader. If you have a drive to help others, and you are looking for a meaningful, fulfilling, independent career with an organization that encourages and supports your contribution, we invite you to join our team. Personal Care Aides Perks: …",1,39800.27,eyJhbGciOiJIUzI1NiJ9.eyJzIjoickVRMHFiWmE4UkdETll0U3ZQcU5xdyIsImkiOiI1NzQzNjI4Njk1In0.EHW_6j-A3i9udPLvGPp2hsyPwNRuZZy_5YSlmjJEBSo,34.550663,https://www.adzuna.com/land/ad/5743628695?se=rEQ0qbZa8RGDNYtSvPqNqw&utm_medium=api&utm_source=abfa41a4&v=30CA19796FB48A802E7318503041F141635BB89D,2026-05-28T12:52:12Z,Adzuna::API::Response::Job,-93.588351,5743628695,Addus Homecare,Adzuna::API::Response::Company,"['US', 'Arkansas', 'Montgomery County', 'Mount Ida']",Adzuna::API::Response::Location,"Mount Ida, Montgomery County",healthcare-nursing-jobs,Healthcare & Nursing Jobs,Adzuna::API::Response::Category,part_time,
Personal Care Aide,40046.91,"Pay rates range from $18.67 - $24.00/hr Currently looking to hire aides for all shifts; daytime, evening, and overnights. Also hiring weekend aides. Arcadia Home Care & Staffing is hiring immediately for Personal Care Aides. This rewarding, entry-level position provides consistent, flexible full-time/part-time hours to accommodate your personal needs, while providing a great career with a growing, innovative industry leader. Arcadia Home Care & Staffing is part of the Addus HomeCare family of c…",1,40046.91,eyJhbGciOiJIUzI1NiJ9.eyJzIjoickVRMHFiWmE4UkdETll0U3ZQcU5xdyIsImkiOiI1NzQzNjI4NjkzIn0.sktBDD5lMuLy7DrPxsQwGVwWfd840iktTyMnFVPG_cI,37.720114,https://www.adzuna.com/land/ad/5743628693?se=rEQ0qbZa8RGDNYtSvPqNqw&utm_medium=api&utm_source=abfa41a4&v=58DF0FA4980CE09C14855F929A455AC49ED426BA,2026-05-28T12:52:12Z,Adzuna::API::Response::Job,-122.440383,5743628693,Arcadia Home Care and Staffing – an Addus family company,Adzuna::API::Response::Company,"['US', 'California', 'San Francisco', 'Noe Valley']",Adzuna::API::Response::Location,"Noe Valley, San Francisco",healthcare-nursing-jobs,Healthcare & Nursing Jobs,Adzuna::API::Response::Category,part_time,
Addus Home Care Aide,50508.93,"Offering Daily Pay for select positions Addus HomeCare is hiring immediately for Home Care Aides. This rewarding, entry-level position provides consistent, flexible full-time/part-time hours to accommodate your personal needs while providing a great career with a growing, innovative industry leader. If you have the drive to help others, and you are looking for a meaningful, fulfilling, independent career with an organization that encourages and supports your contribution, we invite you to join …",1,50508.93,eyJhbGciOiJIUzI1NiJ9.eyJzIjoickVRMHFiWmE4UkdETll0U3ZQcU5xdyIsImkiOiI1NzQzNjI4NzAzIn0.hEaGYMWM-TjTMnnYw51osNkumRyQC8FhhSVEmKHhojw,46.210276,https://www.adzuna.com/land/ad/5743628703?se=rEQ0qbZa8RGDNYtSvPqNqw&utm_medium=api&utm_source=abfa41a4&v=FB4ACC2D4508A49DEB77F55FDFFB7340106E70A1,2026-05-28T12:52:12Z,Adzuna::API::Response::Job,-119.175348,5743628703,Addus Homecare,Adzuna::API::Response::Company,"['US', 'Washington', 'Benton County', 'Kennewick']",Adzuna::API::Response::Location,"Kennewick, Benton County",healthcare-nursing-jobs,Healthcare & Nursing Jobs,Adzuna::API::Response::Category,part_time,
Personal Care Aide,47514.41,"PERSONAL CARE AIDES: $16.00 - $18.00 hr Do you enjoy helping others? Are you looking for rewarding work? Arcadia Home Care is looking for caring individuals, just like YOU, to help our clients remain happy, healthy, and successful in their own homes. If you have the drive to help others, and you are looking for a meaningful, fulfilling, independent career with an organization that encourages and supports your contribution, we invite you to join our team. Arcadia Home Care & Staffing is part of …",1,47514.41,eyJhbGciOiJIUzI1NiJ9.eyJpIjoiNTc0MzYyODcwMSIsInMiOiJyRVEwcWJaYThSR0ROWXRTdlBxTnF3In0.e-AY2FDnHa6vAs29LjSrSL3e1Qh8sBVNoMhZWYfgtds,33.673411,https://www.adzuna.com/land/ad/5743628701?se=rEQ0qbZa8RGDNYtSvPqNqw&utm_medium=api&utm_source=abfa41a4&v=688C79567CD7B0EC9C048A06644DADF8FD78FC64,2026-05-28T12:52:12Z,Adzuna::API::Response::Job,-112.359397,5743628701,Arcadia Home Care and Staffing – an Addus family company,Adzuna::API::Response::Company,"['US', 'Arizona', 'Maricopa County', 'Sun City West']",Adzuna::API::Response::Location,"Sun City West, Maricopa County",social-work-jobs,Social work Jobs,Adzuna::API::Response::Category,part_time,
Home Care Aide,35520.91,"Now offering DAILY PAY for select positions! Addus HomeCare is hiring for Caregivers / Home Care Aides . This rewarding, entry-level position provides consistent, flexible full time/part time hours to accommodate your personal needs, while providing a great career with a growing, innovative industry leader. Apply today and learn more about our current opportunities. Caregiver Benefits: Now offering DAILY PAY for select positions! Healthcare benefits Employee benefits Flexible schedule - full ti…",1,35520.91,eyJhbGciOiJIUzI1NiJ9.eyJzIjoickVRMHFiWmE4UkdETll0U3ZQcU5xdyIsImkiOiI1NzQzNjI4NzA2In0.L2QGz1ktbW6FGAPs0UKkgFRkqiIpynAhxIIvm2OaJ-8,35.331171,https://www.adzuna.com/land/ad/5743628706?se=rEQ0qbZa8RGDNYtSvPqNqw&utm_medium=api&utm_source=abfa41a4&v=26C52AA219B0B6FC5BA3F10ABC6D9D472E30F781,2026-05-28T12:52:12Z,Adzuna::API::Response::Job,-94.306655,5743628706,Addus Homecare,Adzuna::API::Response::Company,"['US', 'Arkansas', 'Sebastian County', 'Barling']",Adzuna::API::Response::Location,"Barling, Sebastian County",healthcare-nursing-jobs,Healthcare & Nursing Jobs,Adzuna::API::Response::Category,part_time,
Personal Care Aide,54359.86,"Pay rates range from $21 - $25/hr Currently looking to hire aides for all shifts. Also hiring weekend aides. Arcadia Home Care & Staffing is hiring immediately for Personal Care Aides. This rewarding position provides consistent, flexible full-time/part-time hours to accommodate your personal needs, while providing a great career with a growing, innovative industry leader. Arcadia Home Care & Staffing is part of the Addus HomeCare family of companies. If you have a drive to help others, and you…",1,54359.86,eyJhbGciOiJIUzI1NiJ9.eyJzIjoickVRMHFiWmE4UkdETll0U3ZQcU5xdyIsImkiOiI1NzQzNjI4Njk5In0.f6wIlV6HVFvvs3cnSpcIijyku8wU7uc_qBDzJjwXtxE,37.897391,https://www.adzuna.com/land/ad/5743628699?se=rEQ0qbZa8RGDNYtSvPqNqw&utm_medium=api&utm_source=abfa41a4&v=B3BB7FD2687CF6045AD947CB662E13B185630C64,2026-05-28T12:52:12Z,Adzuna::API::Response::Job,-122.536343,5743628699,Arcadia Home Care and Staffing – an Addus family company,Adzuna::API::Response::Company,"['US', 'California', 'Marin County', 'Muir Woods']",Adzuna::API::Response::Location,"Muir Woods, Marin County",healthcare-nursing-jobs,Healthcare & Nursing Jobs,Adzuna::API::Response::Category,part_time,
Sr. Injury Adjuster,147416.22,"Why USAA? At USAA, our mission is to empower our members to achieve financial security through highly competitive products, exceptional service and trusted advice. We seek to be the 1 choice for the military community and their families. Embrace a fulfilling career at USAA, where our core values – honesty, integrity, loyalty and service – define how we treat each other and our members. Be part of what truly makes us special and impactful. We are proud to support active-duty military spouses. US…",1,147416.22,eyJhbGciOiJIUzI1NiJ9.eyJpIjoiNTc0MzYyODYyOCIsInMiOiJyRVEwcWJaYThSR0ROWXRTdlBxTnF3In0.DXiF-Fe2KQkjZsSbYljRdrCqsuQQpey65dFiDeX4Y58,38.83367,https://www.adzuna.com/land/ad/5743628628?se=rEQ0qbZa8RGDNYtSvPqNqw&utm_medium=api&utm_source=abfa41a4&v=BB787A1C7191C58687CDA9A4FFACD350CEF9ACF2,2026-05-28T12:51:50Z,Adzuna::API::Response::Job,-104.82099,5743628628,USAA,Adzuna::API::Response::Company,"['US', 'Colorado', 'El Paso County', 'Stratmoor Hills']",Adzuna::API::Response::Location,"Stratmoor Hills, El Paso County",legal-jobs,Legal Jobs,Adzuna::API::Response::Category,full_time,contract
"Travel Therapist-PT-Physical Therapist in Grand Junction, Colorado",79756.96,"Job Description Job Description Looking to level up your career and boost your income? At Voyage Healthcare, we help connect nurses, therapists, and allied health pros with high-paying travel jobs at top-rated facilities across the U.S. With thousands of openings nationwide, you can earn up to $3,500 per week (depending on your specialty, location, housing, and benefits)—all while making a real impact on the communities that need you most. Let your next adventure start with us! Position: Therap…",1,79756.96,eyJhbGciOiJIUzI1NiJ9.eyJzIjoickVRMHFiWmE4UkdETll0U3ZQcU5xdyIsImkiOiI1NzQzNjI4NTk1In0.blYdEsPs-gz0_oaOcz3eDIkFYaljcHIDZCQ8lzlDt64,39.075059,https://www.adzuna.com/land/ad/5743628595?se=rEQ0qbZa8RGDNYtSvPqNqw&utm_medium=api&utm_source=abfa41a4&v=9470A6E5154E9B13CA79BBFB806043372DED0F08,2026-05-28T12:51:40Z,Adzuna::API::Response::Job,-108.552253,5743628595,Voyage Health,Adzuna::API::Response::Company,"['US', 'Colorado', 'Mesa County', 'Grand Junction']",Adzuna::API::Response::Location,"Grand Junction, Mesa County",hospitality-catering-jobs,Hospitality & Catering Jobs,Adzuna::API::Response::Category,full_time,permanent
Pelvic Health Physical Therapist,88567.1,"Job Description Job Description Company Description Therapy Partners of North Texas serves the greater DFW Metroplex with 20 evidence-based practices that provide comprehensive evaluations, treatments, and prevention strategies for general orthopedic-related injuries to the spine and extremities. Our philosophy is to provide excellent therapy through personalized care and education. We support creative and individualized therapeutic planning and intervention. We ensure patient comprehension and…",1,88567.1,eyJhbGciOiJIUzI1NiJ9.eyJpIjoiNTc0MzYyODU4NCIsInMiOiJyRVEwcWJaYThSR0ROWXRTdlBxTnF3In0.tk1tyec6dUhASjtKAj9Otgfy3DAUeijJ92DUuA1E6hM,32.9347,https://www.adzuna.com/land/ad/5743628584?se=rEQ0qbZa8RGDNYtSvPqNqw&utm_medium=api&utm_source=abfa41a4&v=6B505DC77868408B24632DF61B84324EC6BBF731,2026-05-28T12:51:39Z,Adzuna::API::Response::Job,-97.2515,5743628584,Therapy Partners of North Texas,Adzuna::API::Response::Company,"['US', 'Texas', 'Tarrant County', 'Keller']",Adzuna::API::Response::Location,"Keller, Tarrant County",healthcare-nursing-jobs,Healthcare & Nursing Jobs,Adzuna::API::Response::Category,full_time,permanent
Inside Sales Representative,48482.29,"Job Description Job Description Company Description Rexel USA is one of the largest distributors of electrical products, data communication, and related supplies in the United States. Rexel USA operates its electrical distribution business in the United States through eight Regions that go to market under various banner and trade names, including Rexel, Rexel Automation, Gexpro, Mayer, and Platt Electric Supply. In addition to an online store, Rexel USA has a distribution network of over 460 wa…",1,48482.29,eyJhbGciOiJIUzI1NiJ9.eyJpIjoiNTc0MzYyODU3OSIsInMiOiJyRVEwcWJaYThSR0ROWXRTdlBxTnF3In0.5x0yDbCgweLmlxS846UCnwqpxwbmlCdPPEeyYoKHsCI,29.681352,https://www.adzuna.com/land/ad/5743628579?se=rEQ0qbZa8RGDNYtSvPqNqw&utm_medium=api&utm_source=abfa41a4&v=680717A7E859C25BD586FF65B3A1957701F652E9,2026-05-28T12:51:38Z,Adzuna::API::Response::Job,-95.200573,5743628579,REXEL,Adzuna::API::Response::Company,"['US', 'Texas', 'Harris County', 'Pasadena']",Adzuna::API::Response::Location,"Pasadena, Harris County",sales-jobs,Sales Jobs,Adzuna::API::Response::Category,full_time,permanent
Mechanic,132658.1,Job Description Job Description Skyworks LLC is a family-owned and operated construction equipment rental company. Skyworks is a team inspired by a positive culture to build exceptional customer experiences. We need an experienced Mechanic for our new buiding at 8200 Reading Road in Cincinnati. Duties and responsibilities for Mechanic: maintain the branch's equipment fleet diagnose and fix issues with equipment Qualifications for Mechanic: electrical and hydraulic experience experience repairin…,1,132658.1,eyJhbGciOiJIUzI1NiJ9.eyJzIjoickVRMHFiWmE4UkdETll0U3ZQcU5xdyIsImkiOiI1NzQzNjI4NTU3In0.8mVt_mWLWiRLUel27DkUEkZ8Bnj4VdgfgG83fn7kSMQ,39.103197,https://www.adzuna.com/land/ad/5743628557?se=rEQ0qbZa8RGDNYtSvPqNqw&utm_medium=api&utm_source=abfa41a4&v=989F5B7E302E8AA473C9C444678C5175C7FDA4B7,2026-05-28T12:51:32Z,Adzuna::API::Response::Job,-84.506488,5743628557,Skyworks LLC,Adzuna::API::Response::Company,"['US', 'Ohio', 'Hamilton County', 'Cincinnati']",Adzuna::API::Response::Location,"Cincinnati, Hamilton County",engineering-jobs,Engineering Jobs,Adzuna::API::Response::Category,full_time,permanent
Home Health Physical Therapist,162039.28,"Become a part of our caring community As a therapist at CenterWell Home Health, reporting to the Clinical Manager, you will help patients regain strength, mobility and independence, from the comfort of their homes. By delivering personalized care that focuses on functional improvement, you‘ll empower individuals to overcome limitations and enjoy a better quality of life. Coverage area: Phoenix, Chandler, Tempe, Ahwatukee As a Home Health Physical Therapist , you will: Plan and administer prescr…",1,162039.28,eyJhbGciOiJIUzI1NiJ9.eyJpIjoiNTc0MzYyODUyNSIsInMiOiJyRVEwcWJaYThSR0ROWXRTdlBxTnF3In0.wrpo0P0v89WTrX87HBf2e4HzYT05CyRgetb8O1gue2U,33.50741,https://www.adzuna.com/land/ad/5743628525?se=rEQ0qbZa8RGDNYtSvPqNqw&utm_medium=api&utm_source=abfa41a4&v=0EB962F5DF7CC31C5378E86F2510CFDA1246C99B,2026-05-28T12:51:27Z,Adzuna::API::Response::Job,-112.031029,5743628525,CenterWell Home Health,Adzuna::API::Response::Company,"['US', 'Arizona', 'Maricopa County', 'Phoenix']",Adzuna::API::Response::Location,"Phoenix, Maricopa County",healthcare-nursing-jobs,Healthcare & Nursing Jobs,Adzuna::API::Response::Category,,
Paramedic Basic - Portland,27481.19,"Job Description: Salary Range: $73,394.83 - $112,102.00 depending on experience We’re hiring Paramedics that are passionate about delivering compassionate, high-quality service and basic, as well as advanced, patient care to our customers. RESPONSIBILITIES Assess each call situation to determine the best course of action while working with progressive Paramedic protocols. Utilize your Paramedic skills on medical equipment and procedures including defibrillator, EKG monitor, oxygen and suction d…",1,27481.19,eyJhbGciOiJIUzI1NiJ9.eyJpIjoiNTc0MzYyODUyOCIsInMiOiJyRVEwcWJaYThSR0ROWXRTdlBxTnF3In0.IP_GFY-NMGW4pNnYtY-stI3ZEXg6ibKtUFYxB9Rx9Yo,45.367241,https://www.adzuna.com/land/ad/5743628528?se=rEQ0qbZa8RGDNYtSvPqNqw&utm_medium=api&utm_source=abfa41a4&v=1595A1F5EFC47290B39B3C1CEC839910141ED41A,2026-05-28T12:51:27Z,Adzuna::API::Response::Job,-122.64964,5743628528,AMR,Adzuna::API::Response::Company,"['US', 'Oregon', 'Clackamas County', 'Willamette']",Adzuna::API::Response::Location,"Willamette, Clackamas County",healthcare-nursing-jobs,Healthcare & Nursing Jobs,Adzuna::API::Response::Category,,
Paramedic Basic - Portland,24193.88,"Job Description: Salary Range: $73,394.83 - $112,102.00 depending on experience We’re hiring Paramedics that are passionate about delivering compassionate, high-quality service and basic, as well as advanced, patient care to our customers. RESPONSIBILITIES Assess each call situation to determine the best course of action while working with progressive Paramedic protocols. Utilize your Paramedic skills on medical equipment and procedures including defibrillator, EKG monitor, oxygen and suction d…",1,24193.88,eyJhbGciOiJIUzI1NiJ9.eyJpIjoiNTc0MzYyODUyOSIsInMiOiJyRVEwcWJaYThSR0ROWXRTdlBxTnF3In0.Sf2QkBFRFJh7dwuSztsDxTtdc4THO7wwCLmiIUQ9In8,39.525336,https://www.adzuna.com/land/ad/5743628529?se=rEQ0qbZa8RGDNYtSvPqNqw&utm_medium=api&utm_source=abfa41a4&v=578265DCBCB770A6D6234786019BDB6770D7D320,2026-05-28T12:51:27Z,Adzuna::API::Response::Job,-76.818538,5743628529,AMR,Adzuna::API::Response::Company,"['US', 'Maryland', 'Baltimore County', 'Boring']",Adzuna::API::Response::Location,"Boring, Baltimore County",healthcare-nursing-jobs,Healthcare & Nursing Jobs,Adzuna::API::Response::Category,,
Registered Nurse,62141.81,"Registered Nurse Career Opportunity - $10,000 Sign On Bonus Encompass Health: Where Nursing Meets Heart, Home, and Healing Are you seeking a nursing career deeply rooted in purpose, close to your heart and home? Encompass Health offers a transformative journey where your expertise as a Registered Nurse becomes an integral part of patients' recoveries. Picture the impact of providing individualized, compassionate care that guides patients along their path to healing. With us, small victories lea…",1,62141.81,eyJhbGciOiJIUzI1NiJ9.eyJzIjoickVRMHFiWmE4UkdETll0U3ZQcU5xdyIsImkiOiI1NzQzNjI4NTMzIn0.NvI4Wv8KPe5LzFF0ISf0MIGa2OuS7ZVR-cDNr-2PoEI,39.97596,https://www.adzuna.com/land/ad/5743628533?se=rEQ0qbZa8RGDNYtSvPqNqw&utm_medium=api&utm_source=abfa41a4&v=401F0649906A95CF640234F490D01750DCBE8F82,2026-05-28T12:51:27Z,Adzuna::API::Response::Job,-75.36462,5743628533,Encompass Health Rehabilitation Hospital of Erie,Adzuna::API::Response::Company,"['US', 'Pennsylvania', 'Delaware County', 'Radnor']",Adzuna::API::Response::Location,"Radnor, Delaware County",healthcare-nursing-jobs,Healthcare & Nursing Jobs,Adzuna::API::Response::Category,,
Paramedic Basic - Portland,30663.37,"Job Description: Salary Range: $73,394.83 - $112,102.00 depending on experience We’re hiring Paramedics that are passionate about delivering compassionate, high-quality service and basic, as well as advanced, patient care to our customers. RESPONSIBILITIES Assess each call situation to determine the best course of action while working with progressive Paramedic protocols. Utilize your Paramedic skills on medical equipment and procedures including defibrillator, EKG monitor, oxygen and suction d…",1,30663.37,eyJhbGciOiJIUzI1NiJ9.eyJzIjoickVRMHFiWmE4UkdETll0U3ZQcU5xdyIsImkiOiI1NzQzNjI4NTMyIn0.YAbw_2K50Wiw0VWp0Z-p0A-cKrNe6h-6tEpK853S_Bo,45.335674,https://www.adzuna.com/land/ad/5743628532?se=rEQ0qbZa8RGDNYtSvPqNqw&utm_medium=api&utm_source=abfa41a4&v=E23F92F224EC3339689DC68C64BF5D067623898D,2026-05-28T12:51:27Z,Adzuna::API::Response::Job,-122.574305,5743628532,AMR,Adzuna::API::Response::Company,"['US', 'Oregon', 'Clackamas County', 'Oregon City']",Adzuna::API::Response::Location,"Oregon City, Clackamas County",healthcare-nursing-jobs,Healthcare & Nursing Jobs,Adzuna::API::Response::Category,,
"Respiratory Therapist (RRT), FT Days (NICU)",90599.38,"How would you like to work in a place where your contributions and ideas are valued? A place where you can serve with compassion, pursue excellence and honor every voice? At Wellstar, our mission is simple, yet powerful: to enhance the health and well-being of every person we serve. We are proud to have become a shining example of what‘s possible when the brightest professionals dedicate themselves to making a difference in the healthcare industry, and in people‘s lives. Work Shift Day (United …",1,90599.38,eyJhbGciOiJIUzI1NiJ9.eyJzIjoickVRMHFiWmE4UkdETll0U3ZQcU5xdyIsImkiOiI1NzQzNjI4NTIzIn0.PbcfKGr6Ba2CKZr7_FkcK1OwuOVoZ8mjTpwvnbfEeKM,40.503921,https://www.adzuna.com/land/ad/5743628523?se=rEQ0qbZa8RGDNYtSvPqNqw&utm_medium=api&utm_source=abfa41a4&v=787088FB867C1F9F9C78A660D5FF0AA5F0D52482,2026-05-28T12:51:26Z,Adzuna::API::Response::Job,-90.407012,5743628523,"Wellstar Health Systems, Inc.",Adzuna::API::Response::Company,"['US', 'Illinois', 'Fulton County', 'Marietta']",Adzuna::API::Response::Location,"Marietta, Fulton County",healthcare-nursing-jobs,Healthcare & Nursing Jobs,Adzuna::API::Response::Category,,
Physical Therapy Asst PRN,63715.27,"How would you like to work in a place where your contributions and ideas are valued? A place where you can serve with compassion, pursue excellence and honor every voice? At Wellstar, our mission is simple, yet powerful: to enhance the health and well-being of every person we serve. We are proud to have become a shining example of what's possible when the brightest professionals dedicate themselves to making a difference in the healthcare industry, and in people's lives. Work Shift Day (United …",1,63715.27,eyJhbGciOiJIUzI1NiJ9.eyJzIjoickVRMHFiWmE4UkdETll0U3ZQcU5xdyIsImkiOiI1NzQzNjI4NTIyIn0.5dh8q-bJkJk_15SQAGJI2-30Rz97ifk3diScom8-KeI,33.348967,https://www.adzuna.com/land/ad/5743628522?se=rEQ0qbZa8RGDNYtSvPqNqw&utm_medium=api&utm_source=abfa41a4&v=FC965DA873B4E07898B0CE82B47EB198FFE2AA5D,2026-05-28T12:51:25Z,Adzuna::API::Response::Job,-104.493437,5743628522,"Wellstar Health Systems, Inc.",Adzuna::API::Response::Company,"['US', 'New Mexico', 'Chaves County', 'Midway']",Adzuna::API::Response::Location,"Midway, Chaves County",healthcare-nursing-jobs,Healthcare & Nursing Jobs,Adzuna::API::Response::Category,,
Occupational Therapist FT Days Acute Care Therapies,120711.71,"How would you like to work in a place where your contributions and ideas are valued? A place where you can serve with compassion, pursue excellence and honor every voice? At Wellstar, our mission is simple, yet powerful: to enhance the health and well-being of every person we serve. We are proud to have become a shining example of what‘s possible when the brightest professionals dedicate themselves to making a difference in the healthcare industry, and in people‘s lives. Work Shift Day (United …",1,120711.71,eyJhbGciOiJIUzI1NiJ9.eyJpIjoiNTc0MzYyODUxNCIsInMiOiJyRVEwcWJaYThSR0ROWXRTdlBxTnF3In0.-HdlUNcUrXl8DpoOM9J4n5xJWxs0FsfQti0YB1Y5j8k,33.938563,https://www.adzuna.com/land/ad/5743628514?se=rEQ0qbZa8RGDNYtSvPqNqw&utm_medium=api&utm_source=abfa41a4&v=4E72E96536C20E03622D1999EE3E4B4B35C2730E,2026-05-28T12:51:25Z,Adzuna::API::Response::Job,-84.615057,5743628514,Confidential,Adzuna::API::Response::Company,"['US', 'Georgia', 'Cobb County', 'Marietta']",Adzuna::API::Response::Location,"Marietta, Cobb County",healthcare-nursing-jobs,Healthcare & Nursing Jobs,Adzuna::API::Response::Category,,
"Respiratory Therapist (RRT) PT, Wkd Nights (Non-NICU)",199363.05,"How would you like to work in a place where your contributions and ideas are valued? A place where you can serve with compassion, pursue excellence and honor every voice? At Wellstar, our mission is simple, yet powerful: to enhance the health and well-being of every person we serve. We are proud to have become a shining example of what's possible when the brightest professionals dedicate themselves to making a difference in the healthcare industry, and in people's lives. Work Shift Night (Unite…",1,199363.05,eyJhbGciOiJIUzI1NiJ9.eyJpIjoiNTc0MzYyODUxMyIsInMiOiJyRVEwcWJaYThSR0ROWXRTdlBxTnF3In0.T6czrU-JQvzErOl_Zvx9xT6KvcIrGEIyEmvdffiGfgg,40.503921,https://www.adzuna.com/land/ad/5743628513?se=rEQ0qbZa8RGDNYtSvPqNqw&utm_medium=api&utm_source=abfa41a4&v=B1CFC2AF800D85398E8EB72935098FB867FD7110,2026-05-28T12:51:25Z,Adzuna::API::Response::Job,-90.407012,5743628513,"Wellstar Health Systems, Inc.",Adzuna::API::Response::Company,"['US', 'Illinois', 'Fulton County', 'Marietta']",Adzuna::API::Response::Location,"Marietta, Fulton County",healthcare-nursing-jobs,Healthcare & Nursing Jobs,Adzuna::API::Response::Category,,
Physical Therapy Orthopedic Resident,80704.35,"How would you like to work in a place where your contributions and ideas are valued? A place where you can serve with compassion, pursue excellence and honor every voice? At Wellstar, our mission is simple, yet powerful: to enhance the health and well-being of every person we serve. We are proud to have become a shining example of what‘s possible when the brightest professionals dedicate themselves to making a difference in the healthcare industry, and in people‘s lives. Work Shift Day (United …",1,80704.35,eyJhbGciOiJIUzI1NiJ9.eyJpIjoiNTc0MzYyODUxOSIsInMiOiJyRVEwcWJaYThSR0ROWXRTdlBxTnF3In0.F2weuEdkEPwOvsnNq22KthX-tdCYj0kAKMqiLTYtQtc,33.457703,https://www.adzuna.com/land/ad/5743628519?se=rEQ0qbZa8RGDNYtSvPqNqw&utm_medium=api&utm_source=abfa41a4&v=130359611C39EB243DDC68C2911A268A16F52EBF,2026-05-28T12:51:25Z,Adzuna::API::Response::Job,-81.964391,5743628519,"Wellstar Health Systems, Inc.",Adzuna::API::Response::Company,"['US', 'Georgia', 'Richmond County', 'Augusta']",Adzuna::API::Response::Location,"Augusta, Richmond County",healthcare-nursing-jobs,Healthcare & Nursing Jobs,Adzuna::API::Response::Category,,
"Respiratory Therapist II (RRT), PT Days (Non-NICU)",183802.36,"How would you like to work in a place where your contributions and ideas are valued? A place where you can serve with compassion, pursue excellence and honor every voice? At Wellstar, our mission is simple, yet powerful: to enhance the health and well-being of every person we serve. We are proud to have become a shining example of what's possible when the brightest professionals dedicate themselves to making a difference in the healthcare industry, and in people's lives. Work Shift Day (United …",1,183802.36,eyJhbGciOiJIUzI1NiJ9.eyJzIjoickVRMHFiWmE4UkdETll0U3ZQcU5xdyIsImkiOiI1NzQzNjI4NTE2In0.ZiRLoGwJHY7O79lwPHkkVMAfwbErYFi24p0DhNL40UY,40.503921,https://www.adzuna.com/land/ad/5743628516?se=rEQ0qbZa8RGDNYtSvPqNqw&utm_medium=api&utm_source=abfa41a4&v=6DC5430856CBC8BCB3845D10F0DA355F911E05A0,2026-05-28T12:51:25Z,Adzuna::API::Response::Job,-90.407012,5743628516,"Wellstar Health Systems, Inc.",Adzuna::API::Response::Company,"['US', 'Illinois', 'Fulton County', 'Marietta']",Adzuna::API::Response::Location,"Marietta, Fulton County",healthcare-nursing-jobs,Healthcare & Nursing Jobs,Adzuna::API::Response::Category,,
"Registered Nurse (RN), Oncology - Acute Care",71021.18,"How would you like to work in a place where your contributions and ideas are valued? A place where you can serve with compassion, pursue excellence and honor every voice? At Wellstar, our mission is simple, yet powerful: to enhance the health and well-being of every person we serve. We are proud to have become a shining example of what's possible when the brightest professionals dedicate themselves to making a difference in the healthcare industry, and in people's lives. Work Shift Various (Uni…",1,71021.18,eyJhbGciOiJIUzI1NiJ9.eyJpIjoiNTc0MzYyODUyMSIsInMiOiJyRVEwcWJaYThSR0ROWXRTdlBxTnF3In0.b67ezLqQtG8bNrYbIrNuzI5TAM28kZmxsj0MxC9g9JQ,33.913449,https://www.adzuna.com/land/ad/5743628521?se=rEQ0qbZa8RGDNYtSvPqNqw&utm_medium=api&utm_source=abfa41a4&v=C8C438C8AB01AEB2C3064702DE8ACCF7F121CC02,2026-05-28T12:51:25Z,Adzuna::API::Response::Job,-84.552205,5743628521,"Wellstar Health Systems, Inc.",Adzuna::API::Response::Company,"['US', 'Georgia', 'Cobb County', 'Marietta']",Adzuna::API::Response::Location,"Marietta, Cobb County",healthcare-nursing-jobs,Healthcare & Nursing Jobs,Adzuna::API::Response::Category,,
Phlebotomist II,98090.77,"Summary: The main function of a phlebotomist is to assist in performing various assigned duties, trouble shooting, training and making work flow recommendations. Position Responsibilities: Experience doing blood draws, labeling specimens, centrifuging specimens, recording maintenance data and decontamination, updating patient information, etc. Collects and stores specimens according to established procedures. Properly explains in a clear but courteous manner the process of the venipuncture (blo…",1,98090.77,eyJhbGciOiJIUzI1NiJ9.eyJpIjoiNTc0MzYyODQ0NCIsInMiOiJyRVEwcWJaYThSR0ROWXRTdlBxTnF3In0.gGJG8fWh9EzXeX02Dqhhfs9FsoCGG9yU4rNkfVyBdRw,36.14566,https://www.adzuna.com/details/5743628444?utm_medium=api&utm_source=abfa41a4,2026-05-28T12:50:52Z,Adzuna::API::Response::Job,-95.953136,5743628444,Apidel Technologies,Adzuna::API::Response::Company,"['US', 'Oklahoma', 'Tulsa County', 'Williams']",Adzuna::API::Response::Location,"Williams, Tulsa County",admin-jobs,Admin Jobs,Adzuna::API::Response::Category,,
"Engineering - Engineer, Test Engineering",195817.14,"Job Description: Collaborate closely with developers, product owners, and other team members to fully understand requirements and ensure high-quality implementations and application changes. Participate in daily Scrum meetings, Sprint planning, Sprint Retrospective, and Backlog grooming meetings with Scrum team members to support cross-functional teams and execute testing for multiple ongoing projects Review user stories and analyze software requirements with the product owner and developers to…",1,195817.14,eyJhbGciOiJIUzI1NiJ9.eyJpIjoiNTc0MzYyODQ0MyIsInMiOiJyRVEwcWJaYThSR0ROWXRTdlBxTnF3In0.6SZpOFhUBu5SHBLuSvIvk4penmi1QQA6Sx2Umcwqnc8,26.05932,https://www.adzuna.com/details/5743628443?utm_medium=api&utm_source=abfa41a4,2026-05-28T12:50:51Z,Adzuna::API::Response::Job,-80.36958,5743628443,Apidel Technologies,Adzuna::API::Response::Company,"['US', 'Florida', 'Broward County', 'Everglades Br']",Adzuna::API::Response::Location,"Everglades Br, Broward County",it-jobs,IT Jobs,Adzuna::API::Response::Category,,
"Quality/Regulatory - Specialist, Quality Assurance",89224.63,"Job Description: Implement quality standards, ensure and execute compliance on every stage of the process. Assess potential risks, ensures compliance and gives recommendations. Takes responsibility for all quality control aspects of the process (laboratories studies, clinical research, testing, operations, raw materials, production, finished product or services). Facilitates audits and regulatory inspections. Coordinates quality trainings. This is an individual contributor role that requires th…",1,89224.63,eyJhbGciOiJIUzI1NiJ9.eyJpIjoiNTc0MzYyODQ0MiIsInMiOiJyRVEwcWJaYThSR0ROWXRTdlBxTnF3In0.WG1uLIyF-4IbtL_9bVhbXkpnT1husGt7DWx4NCaJHbI,42.201074,https://www.adzuna.com/details/5743628442?utm_medium=api&utm_source=abfa41a4,2026-05-28T12:50:51Z,Adzuna::API::Response::Job,-85.564608,5743628442,Apidel Technologies,Adzuna::API::Response::Company,"['US', 'Michigan', 'Kalamazoo County', 'Portage']",Adzuna::API::Response::Location,"Portage, Kalamazoo County",scientific-qa-jobs,Scientific & QA Jobs,Adzuna::API::Response::Category,,
"Assembler I, Assembly - Skilled",66777.88,"Job Description: Assembles mechanical units, fabricated parts/components and/or electrical/electronic systems to make subassemblies, assemblies or complete units using hand tools, power tools, jigs, fixtures and miscellaneous equipment. Fits, aligns, calibrates and adjusts parts and mechanisms to meet tolerances and product operating requirements; repairing units or products that have failed to meet requirements. This position requires knowledge that is acquired through experience, specialized …",1,66777.88,eyJhbGciOiJIUzI1NiJ9.eyJpIjoiNTc0MzYyODQzNyIsInMiOiJyRVEwcWJaYThSR0ROWXRTdlBxTnF3In0.4Sib0Vdwpa5Osv3aaXUQMC3Ro15VoiyThBXjtuPJDlQ,42.201074,https://www.adzuna.com/details/5743628437?utm_medium=api&utm_source=abfa41a4,2026-05-28T12:50:48Z,Adzuna::API::Response::Job,-85.564608,5743628437,Apidel Technologies,Adzuna::API::Response::Company,"['US', 'Michigan', 'Kalamazoo County', 'Portage']",Adzuna::API::Response::Location,"Portage, Kalamazoo County",trade-construction-jobs,Trade & Construction Jobs,Adzuna::API::Response::Category,,
"Engineering - Engineer, Test Engineering",126935.73,"Job Description: Performs engineering work in operations, production, construction or maintenance environments. Designs and scales up manufacturing processes, instruments and equipment and tests manufactured products to maintain quality. Plans, designs and estimates time and cost and oversees construction and maintenance of structures, facilities, systems and components. Analyzes and develops solutions to engineering problems related to manufacturing equipment and systems or the causes of compo…",1,126935.73,eyJhbGciOiJIUzI1NiJ9.eyJpIjoiNTc0MzYyODQzNSIsInMiOiJyRVEwcWJaYThSR0ROWXRTdlBxTnF3In0.4QNEH6E951yaDsR3jy-MjF1MiQ3g3RIK_Ql_FomU7Ac,42.266717,https://www.adzuna.com/details/5743628435?utm_medium=api&utm_source=abfa41a4,2026-05-28T12:50:47Z,Adzuna::API::Response::Job,-85.569463,5743628435,Apidel Technologies,Adzuna::API::Response::Company,"['US', 'Michigan', 'Kalamazoo County', 'Kalamazoo']",Adzuna::API::Response::Location,"Kalamazoo, Kalamazoo County",engineering-jobs,Engineering Jobs,Adzuna::API::Response::Category,,
Administrative Assistant,70601.95,Interview: Onsite Interview Shift: Monday to Friday 8:00 am to 5:00 pm Role focus: Legitimate clerical/administrative support within EHS Key qualifications: Strong Excel skills Prior safety or EHS-related experience (this is key) Proven reliability in administrative/clerical work Purpose Of The Job The EHS Assistant reports directly to the Environmental Health & Safety (EH&S) Leader/Site Leader at the Houston Roofing & Asphalt Plant. The position will work with leadership and plant team members…,1,70601.95,eyJhbGciOiJIUzI1NiJ9.eyJpIjoiNTc0MzYyODQyOCIsInMiOiJyRVEwcWJaYThSR0ROWXRTdlBxTnF3In0.MrCVWcIG6mydcQNBEe_Eo7QPj1YlORsM0akmU5zggJQ,29.79918,https://www.adzuna.com/details/5743628428?utm_medium=api&utm_source=abfa41a4,2026-05-28T12:50:41Z,Adzuna::API::Response::Job,-95.2563,5743628428,Apidel Technologies,Adzuna::API::Response::Company,"['US', 'Texas', 'Harris County', 'Houston', 'El Dorado/Oates Prairie']",Adzuna::API::Response::Location,"El Dorado/Oates Prairie, Houston",scientific-qa-jobs,Scientific & QA Jobs,Adzuna::API::Response::Category,,
Receptionist,49714.15,"In a team setting, maintain files and records, answer telephones, process incoming mail, prepare and mail out going correspondence or parcels, prepare correspondence, forms, files and reports for processing, storage or forwarding, using Excel and Word programs, answer inquiries, operate standard office equipment and perform related work as required. 6. Detailed Statement Of Duties And Responsibilities Greet and assist members visiting the office in accordance with established procedures. File m…",1,49714.15,eyJhbGciOiJIUzI1NiJ9.eyJzIjoickVRMHFiWmE4UkdETll0U3ZQcU5xdyIsImkiOiI1NzQzNjI4NDI2In0.W94YabSA8JUjYuNcASeZSmt7uS7iQCPRYIlx5Cf_zOw,42.270458,https://www.adzuna.com/details/5743628426?utm_medium=api&utm_source=abfa41a4,2026-05-28T12:50:39Z,Adzuna::API::Response::Job,-71.851204,5743628426,Apidel Technologies,Adzuna::API::Response::Company,"['US', 'Massachusetts', 'Worcester County', 'Worcester']",Adzuna::API::Response::Location,"Worcester, Worcester County",admin-jobs,Admin Jobs,Adzuna::API::Response::Category,,
"Admin/Clerical - Representative, Customer Service",64068.25,"Job Description: Provides customer services relating to sales, sales promotions, installations and communications. Ensures that good customer relations are maintained and customer claims and complaints are resolved fairly, effectively and in accordance with the consumer laws. Develops organization-wide initiatives to proactively inform and educate customers. Develops improvement plans in response to customer surveys. This position requires knowledge that is acquired through experience, speciali…",1,64068.25,eyJhbGciOiJIUzI1NiJ9.eyJzIjoickVRMHFiWmE4UkdETll0U3ZQcU5xdyIsImkiOiI1NzQzNjI4NDE5In0.tOXFawQcjIDZR62qTOGmPP0v20FkPyptPpNu0fG_iIA,39.577288,https://www.adzuna.com/details/5743628419?utm_medium=api&utm_source=abfa41a4,2026-05-28T12:50:37Z,Adzuna::API::Response::Job,-104.877642,5743628419,Apidel Technologies,Adzuna::API::Response::Company,"['US', 'Colorado', 'Arapahoe County', 'Centennial', 'Castlewood']",Adzuna::API::Response::Location,"Castlewood, Centennial",customer-services-jobs,Customer Services Jobs,Adzuna::API::Response::Category,,
CR.343.XXX.JC3.Lab Analyst I.NP,66008.76,"Qualifications: Prefer candidates with an associates or bachelors degree in a science field. Prefer candidates that have experience analyzing environmental samples. Responsibilities: Analyzing wastewater samples for Total Suspended Solids, Fecal Coliform, Ammonia, pH, Biochemical Oxygen Demand and a variety of other tests Analyzing solid samples for %TS and %VS Collecting air samples for analysis Using microscope to properly identify bacteria in wastewater samples Maintaining laboratory equipme…",1,66008.76,eyJhbGciOiJIUzI1NiJ9.eyJzIjoickVRMHFiWmE4UkdETll0U3ZQcU5xdyIsImkiOiI1NzQzNjI4NDE4In0.RmlJgH_lbNl-8EtI-nXevKGQiMpE0kl4df3HNf3QeXk,45.640793,https://www.adzuna.com/details/5743628418?utm_medium=api&utm_source=abfa41a4,2026-05-28T12:50:37Z,Adzuna::API::Response::Job,-122.676735,5743628418,Apidel Technologies,Adzuna::API::Response::Company,"['US', 'Washington', 'Clark County', 'Salmon Creek']",Adzuna::API::Response::Location,"Salmon Creek, Clark County",scientific-qa-jobs,Scientific & QA Jobs,Adzuna::API::Response::Category,,
Quality/Regulatory - Senior Specialist,153885.19,"Job Description: Is seeking a highly qualified EH&S Specialist to provide technical support and EH&S leadership at the Mahwah site. This role serves as a subject matter expert and key contributor to the sites EH&S strategy, supporting and mentoring the organization to ensure effective implementation of EH&S processes aligned with business needs. Key Responsibilities include maintaining the EH&S management system in accordance with internal and regulatory requirements; preparing and delivering E…",1,153885.19,eyJhbGciOiJIUzI1NiJ9.eyJpIjoiNTc0MzYyODQxMyIsInMiOiJyRVEwcWJaYThSR0ROWXRTdlBxTnF3In0.P2E08KK2noaRMD3QI5EodUyX-0PVwFziFgLkzKYUcCw,41.075278,https://www.adzuna.com/details/5743628413?utm_medium=api&utm_source=abfa41a4,2026-05-28T12:50:32Z,Adzuna::API::Response::Job,-74.157296,5743628413,Apidel Technologies,Adzuna::API::Response::Company,"['US', 'New Jersey', 'Bergen County', 'Ramsey']",Adzuna::API::Response::Location,"Ramsey, Bergen County",scientific-qa-jobs,Scientific & QA Jobs,Adzuna::API::Response::Category,,
"Light Industrial - Inspector II, Manufacturing",94389.48,"Job Description: Performs inspection of manufacturing goods during the manufacturing process. Conducts dimensional and electrical inspection of sub-assemblies or final systems assemblies. Interprets prints, manufacturing drawings, diagrams, wire cards and lists in approving or rejecting in-process or final assemblies. This position requires knowledge that is acquired through experience, specialized education or training. The role has clearly defined procedures and tasks as well as defined guide…",1,94389.48,eyJhbGciOiJIUzI1NiJ9.eyJpIjoiNTc0MzYyODQwMiIsInMiOiJyRVEwcWJaYThSR0ROWXRTdlBxTnF3In0.Ld4dAnXIzAE3kKt-HbUunZA4KXeUtVeJPHXaZT_wvrQ,26.05932,https://www.adzuna.com/details/5743628402?utm_medium=api&utm_source=abfa41a4,2026-05-28T12:50:28Z,Adzuna::API::Response::Job,-80.36958,5743628402,Apidel Technologies,Adzuna::API::Response::Company,"['US', 'Florida', 'Broward County', 'Everglades Br']",Adzuna::API::Response::Location,"Everglades Br, Broward County",manufacturing-jobs,Manufacturing Jobs,Adzuna::API::Response::Category,,
"Travel Nurse RN - Medical-Surgical - $2,010 per week in Waterloo, IA",8040.0,"Registered Nurse (RN) | Medical-Surgical Location: Waterloo, IA Agency: Core Medical Group Pay: $2,010 per week Shift Information: Nights - 3 days x 12 hours Contract Duration: 12 Weeks Start Date: 6/1/2026 About the Position Client in IA seeking Registered Nurse: Med/Surg for the following shift(s): Nights We are looking for a healthcare professional who is ready to provide exceptional patient care in this contract/travel role. Contract/travel assignments are typically 13 weeks, with potential…",0,8040.0,eyJhbGciOiJIUzI1NiJ9.eyJzIjoickVRMHFiWmE4UkdETll0U3ZQcU5xdyIsImkiOiI1NzQzNjI4MzkzIn0.Bt5AVKiHo9mXZgT-2V-bGZCsYFJX26NvQrHXMoDN8fQ,42.429256,https://www.adzuna.com/land/ad/5743628393?se=rEQ0qbZa8RGDNYtSvPqNqw&utm_medium=api&utm_source=abfa41a4&v=52595B0DB02FA431E4F9A55721720027A0213FFA,2026-05-28T12:50:25Z,Adzuna::API::Response::Job,-92.313378,5743628393,Core Medical Group,Adzuna::API::Response::Company,"['US', 'Iowa', 'Black Hawk County', 'Waterloo']",Adzuna::API::Response::Location,"Waterloo, Black Hawk County",healthcare-nursing-jobs,Healthcare & Nursing Jobs,Adzuna::API::Response::Category,full_time,contract
"Travel Nurse RN - Medical-Surgical - $2,010 per week in Waterloo, IA",8040.0,"Registered Nurse (RN) | Medical-Surgical Location: Waterloo, IA Agency: Core Medical Group Pay: $2,010 per week Shift Information: Nights - 3 days x 12 hours Contract Duration: 12 Weeks Start Date: 6/1/2026 About the Position TravelNurseSource is working with Core Medical Group to find a qualified Med/Surg RN in Waterloo, Iowa, 50702! Client in IA seeking Registered Nurse: Med/Surg for the following shift(s): Nights We are looking for a healthcare professional who is ready to provide exceptiona…",0,8040.0,eyJhbGciOiJIUzI1NiJ9.eyJzIjoickVRMHFiWmE4UkdETll0U3ZQcU5xdyIsImkiOiI1NzQzNjI4Mzk1In0.WOH1bdCcDmBCzXrvr-BcfgmHow6BJMcZkKudjlK_kYQ,42.429256,https://www.adzuna.com/land/ad/5743628395?se=rEQ0qbZa8RGDNYtSvPqNqw&utm_medium=api&utm_source=abfa41a4&v=2E811462381A135BD9638332C71DA3D274F4730D,2026-05-28T12:50:25Z,Adzuna::API::Response::Job,-92.313378,5743628395,TravelNurseSource,Adzuna::API::Response::Company,"['US', 'Iowa', 'Black Hawk County', 'Waterloo']",Adzuna::API::Response::Location,"Waterloo, Black Hawk County",healthcare-nursing-jobs,Healthcare & Nursing Jobs,Adzuna::API::Response::Category,full_time,contract
Teleradiology Physician,70133.2,"Job Description & Requirements Teleradiology Physician StartDate: ASAP Pay Rate: $400000.00 - $700000.00 Build a 100% remote radiology practice with complete scheduling flexibility, multiple work models, and added earning potential for evening and overnight shifts. Keck Community Medical Group, part of Keck Medicine of USC’s nationally recognized academic health system, seeks a Teleradiologist for a remote position that allows you to live anywhere in the US with a California license. Connect wi…",1,70133.2,eyJhbGciOiJIUzI1NiJ9.eyJpIjoiNTc0MzYyODM4NyIsInMiOiJyRVEwcWJaYThSR0ROWXRTdlBxTnF3In0.VcPVkC1xJMLFdLlzbbHBQyWSR3y-kLiP7hB-nUl1k-g,33.922235,https://www.adzuna.com/land/ad/5743628387?se=rEQ0qbZa8RGDNYtSvPqNqw&utm_medium=api&utm_source=abfa41a4&v=2C0B90F4AF58E9E0E5523C9E1A275D4536C0EE97,2026-05-28T12:50:23Z,Adzuna::API::Response::Job,-118.405515,5743628387,AMN Healthcare,Adzuna::API::Response::Company,"['US', 'California', 'Los Angeles County', 'El Segundo']",Adzuna::API::Response::Location,"El Segundo, Los Angeles County",healthcare-nursing-jobs,Healthcare & Nursing Jobs,Adzuna::API::Response::Category,,
Teleradiology Physician,72701.1,"Job Description & Requirements Teleradiology Physician StartDate: ASAP Pay Rate: $400000.00 - $750000.00 Build a 100% remote radiology practice with complete scheduling flexibility, multiple work models, and added earning potential for evening and overnight shifts. Keck Community Medical Group, part of Keck Medicine of USC’s nationally recognized academic health system, seeks a Teleradiologist for a remote position that allows you to live anywhere in the US with a California license. Connect wi…",1,72701.1,eyJhbGciOiJIUzI1NiJ9.eyJpIjoiNTc0MzYyODM4NCIsInMiOiJyRVEwcWJaYThSR0ROWXRTdlBxTnF3In0.nn310fM8ZxClo6XEsnwfCLclyFbX_UPp8lCL3njk28k,34.017186,https://www.adzuna.com/land/ad/5743628384?se=rEQ0qbZa8RGDNYtSvPqNqw&utm_medium=api&utm_source=abfa41a4&v=BC3407BEB2514922BB44080A0781DA531F435304,2026-05-28T12:50:22Z,Adzuna::API::Response::Job,-118.392827,5743628384,AMN Healthcare,Adzuna::API::Response::Company,"['US', 'California', 'Los Angeles County', 'Palms']",Adzuna::API::Response::Location,"Palms, Los Angeles County",healthcare-nursing-jobs,Healthcare & Nursing Jobs,Adzuna::API::Response::Category,,
Teleradiology Physician,73158.4,"Job Description & Requirements Teleradiology Physician StartDate: ASAP Pay Rate: $400000.00 - $700000.00 Build a 100% remote radiology practice with complete scheduling flexibility, multiple work models, and added earning potential for evening and overnight shifts. Keck Community Medical Group, part of Keck Medicine of USC’s nationally recognized academic health system, seeks a Teleradiologist for a remote position that allows you to live anywhere in the US with a California license. Connect wi…",1,73158.4,eyJhbGciOiJIUzI1NiJ9.eyJzIjoickVRMHFiWmE4UkdETll0U3ZQcU5xdyIsImkiOiI1NzQzNjI4Mzg2In0.QB40u-weRvOiS4NUbZVAe5YCLHV4T3fgQwSfKvWeQjY,33.870626,https://www.adzuna.com/land/ad/5743628386?se=rEQ0qbZa8RGDNYtSvPqNqw&utm_medium=api&utm_source=abfa41a4&v=35659CE2A7A281CF30C0298926EA967CD58B7311,2026-05-28T12:50:22Z,Adzuna::API::Response::Job,-118.328113,5743628386,AMN Healthcare,Adzuna::API::Response::Company,"['US', 'California', 'Los Angeles County', 'Alondra Park']",Adzuna::API::Response::Location,"Alondra Park, Los Angeles County",healthcare-nursing-jobs,Healthcare & Nursing Jobs,Adzuna::API::Response::Category,,
Senior Databricks Developer,201131.8,"Job Description: Seeking an experienced Senior Databricks Developer to lead the design, development, optimization, and management of enterprise-scale cloud data engineering solutions using Azure Databricks and Azure data services. The ideal candidate should possess strong expertise in Azure Databricks, Azure Data Lake, ADLS Gen 2, ETL/ELT development, cloud-native data pipelines, and enterprise data architecture. This role requires leading end-to-end data engineering initiatives, building scala…",1,201131.8,eyJhbGciOiJIUzI1NiJ9.eyJzIjoickVRMHFiWmE4UkdETll0U3ZQcU5xdyIsImkiOiI1NzQzNjI4MzcxIn0.aIZsqKrPvQio51Su3AqpgcV0bf_xFoBDkRDLCN7tAYw,40.487836,https://www.adzuna.com/details/5743628371?utm_medium=api&utm_source=abfa41a4,2026-05-28T12:50:17Z,Adzuna::API::Response::Job,-74.449448,5743628371,Siritech Solutions Corp,Adzuna::API::Response::Company,"['US', 'New Jersey', 'Middlesex County', 'New Brunswick']",Adzuna::API::Response::Location,"New Brunswick, Middlesex County",it-jobs,IT Jobs,Adzuna::API::Response::Category,,
Culinary Project Manager,67372.06,"Job Description Job Description Description About Us Cotton Holdings, Inc. is a leader in providing property restoration, recovery, construction, logistical support, and culinary services worldwide. With innovative solutions and a talented team, we support large-scale events and disaster recovery efforts, delivering excellence to our clients. Join a dynamic, family-oriented company that offers competitive compensation, growth opportunities, and a chance to make a lasting impact. Job Summary We …",1,67372.06,eyJhbGciOiJIUzI1NiJ9.eyJzIjoiV08wOXFyWmE4Ukc3ZnBSeS1zb3lfdyIsImkiOiI1NzQzNjI4MDg4In0.YA6L1DEJ-ixYr-QpMeoB6Ng-T2JsgHagy7bDr96v0Cc,29.826018,https://www.adzuna.com/land/ad/5743628088?se=WO09qrZa8RG7fpRy-soy_w&utm_medium=api&utm_source=abfa41a4&v=DEC1C08515EA73AB0C043EEE735772824E3E4E27,2026-05-28T12:48:36Z,Adzuna::API::Response::Job,-95.751048,5743628088,Cotton Culinary,Adzuna::API::Response::Company,"['US', 'Texas', 'Harris County', 'Katy']",Adzuna::API::Response::Location,"Katy, Harris County",hospitality-catering-jobs,Hospitality & Catering Jobs,Adzuna::API::Response::Category,full_time,permanent
Project Engineer,114153.35,"Job Description Job Description Basic Function Dynamic leader in sustainable resource management, providing clean water, renewable energy, and water treatment as a service Project Engineer with a strong project execution background to join the company’s team. The ideal candidate will be a pro-active problem solver capable of working with the Project Manager to engineer wastewater-to-energy plants to customers on time and on budget. Role includes providing site engineering, construction, install…",1,114153.35,eyJhbGciOiJIUzI1NiJ9.eyJpIjoiNTc0MzYyNzgzMSIsInMiOiJXTzA5cXJaYThSRzdmcFJ5LXNveV93In0.1bc1ERAFWGQdP0UkzlrFdLMHeNk7yEL4dH9jtYkTAHs,,https://www.adzuna.com/land/ad/5743627831?se=WO09qrZa8RG7fpRy-soy_w&utm_medium=api&utm_source=abfa41a4&v=C699588D9447E75ABA15BB510EA3D49918FB4B63,2026-05-28T12:47:56Z,Adzuna::API::Response::Job,,5743627831,CAMBRIAN INNOVATION,Adzuna::API::Response::Company,"['US', 'Texas', 'Harris County', 'Houston']",Adzuna::API::Response::Location,"Houston, Harris County",energy-oil-gas-jobs,"Energy, Oil & Gas Jobs",Adzuna::API::Response::Category,full_time,permanent
Charge Nurse (RN)- 4S Acute Care- Surgery-FT- Days,46232.39,"How would you like to work in a place where your contributions and ideas are valued? A place where you can serve with compassion, pursue excellence and honor every voice? At Wellstar, our mission is simple, yet powerful: to enhance the health and well-being of every person we serve. We are proud to have become a shining example of what‘s possible when the brightest professionals dedicate themselves to making a difference in the healthcare industry, and in people‘s lives. Work Shift Day (United …",1,46232.39,eyJhbGciOiJIUzI1NiJ9.eyJzIjoiV08wOXFyWmE4Ukc3ZnBSeS1zb3lfdyIsImkiOiI1NzQzNjI3ODE1In0.TPUOpbh7-4ME1hpaxkuApB0nKy9dFQMNLyl_hPO6dMU,33.4711,https://www.adzuna.com/land/ad/5743627815?se=WO09qrZa8RG7fpRy-soy_w&utm_medium=api&utm_source=abfa41a4&v=41972358838F0041B65955E7116841432B19613D,2026-05-28T12:47:25Z,Adzuna::API::Response::Job,-81.9911,5743627815,"Wellstar Health Systems, Inc.",Adzuna::API::Response::Company,"['US', 'Georgia', 'Richmond County', 'Augusta']",Adzuna::API::Response::Location,"Augusta, Richmond County",healthcare-nursing-jobs,Healthcare & Nursing Jobs,Adzuna::API::Response::Category,,
Registered Charge Nurse-RN - Neuro-Tele-Acute Care-FT- Days,224022.1,"How would you like to work in a place where your contributions and ideas are valued? A place where you can serve with compassion, pursue excellence and honor every voice? At Wellstar, our mission is simple, yet powerful: to enhance the health and well-being of every person we serve. We are proud to have become a shining example of what‘s possible when the brightest professionals dedicate themselves to making a difference in the healthcare industry, and in people‘s lives. Work Shift Day (United …",1,224022.1,eyJhbGciOiJIUzI1NiJ9.eyJpIjoiNTc0MzYyNzgyMSIsInMiOiJXTzA5cXJaYThSRzdmcFJ5LXNveV93In0.N9cHqq4kReX-HYN9zfBMr5BdWhWCygEkeQUaHfMRWk0,33.842925,https://www.adzuna.com/land/ad/5743627821?se=WO09qrZa8RG7fpRy-soy_w&utm_medium=api&utm_source=abfa41a4&v=77838D3B0EDCE42D7B0A78CAB216E72997715E68,2026-05-28T12:47:25Z,Adzuna::API::Response::Job,-84.616791,5743627821,"Wellstar Health Systems, Inc.",Adzuna::API::Response::Company,"['US', 'Georgia', 'Cobb County', 'Austell']",Adzuna::API::Response::Location,"Austell, Cobb County",healthcare-nursing-jobs,Healthcare & Nursing Jobs,Adzuna::API::Response::Category,,
Registered Nurse (RN)- Acute Care- 4W Trauma- Augusta- FT,85241.84,"How would you like to work in a place where your contributions and ideas are valued? A place where you can serve with compassion, pursue excellence and honor every voice? At Wellstar, our mission is simple, yet powerful: to enhance the health and well-being of every person we serve. We are proud to have become a shining example of what‘s possible when the brightest professionals dedicate themselves to making a difference in the healthcare industry, and in people‘s lives. Work Shift Day (United …",1,85241.84,eyJhbGciOiJIUzI1NiJ9.eyJpIjoiNTc0MzYyNzgxNyIsInMiOiJXTzA5cXJaYThSRzdmcFJ5LXNveV93In0.gid9Vo2I8uqnoTUz78EWCYVVdNUlhDimZdp_Ex6y4_4,33.4711,https://www.adzuna.com/land/ad/5743627817?se=WO09qrZa8RG7fpRy-soy_w&utm_medium=api&utm_source=abfa41a4&v=2B10709113CAAD90089E36C8C62EF09355320971,2026-05-28T12:47:25Z,Adzuna::API::Response::Job,-81.9911,5743627817,"Wellstar Health Systems, Inc.",Adzuna::API::Response::Company,"['US', 'Georgia', 'Richmond County', 'Augusta']",Adzuna::API::Response::Location,"Augusta, Richmond County",healthcare-nursing-jobs,Healthcare & Nursing Jobs,Adzuna::API::Response::Category,,
Registered Nurse RN - Acute Care,77746.33,"How would you like to work in a place where your contributions and ideas are valued? A place where you can serve with compassion, pursue excellence and honor every voice? At Wellstar, our mission is simple, yet powerful: to enhance the health and well-being of every person we serve. We are proud to have become a shining example of what‘s possible when the brightest professionals dedicate themselves to making a difference in the healthcare industry, and in people‘s lives. Work Shift Night (Unite…",1,77746.33,eyJhbGciOiJIUzI1NiJ9.eyJpIjoiNTc0MzYyNzgyMCIsInMiOiJXTzA5cXJaYThSRzdmcFJ5LXNveV93In0.SMvEM121QjAg7L125PgZNpnwzAhzMFLkZwD4ZrkEiaY,33.913449,https://www.adzuna.com/land/ad/5743627820?se=WO09qrZa8RG7fpRy-soy_w&utm_medium=api&utm_source=abfa41a4&v=51D41415538124520134C2F616FBE9A554EC38BE,2026-05-28T12:47:25Z,Adzuna::API::Response::Job,-84.552205,5743627820,"Wellstar Health Systems, Inc.",Adzuna::API::Response::Company,"['US', 'Georgia', 'Cobb County', 'Marietta']",Adzuna::API::Response::Location,"Marietta, Cobb County",healthcare-nursing-jobs,Healthcare & Nursing Jobs,Adzuna::API::Response::Category,,
Registered Nurse (RN) Acute Care Surgical/Orthopedics/Trauma -FT- Nights -MedSurg,59334.7,"How would you like to work in a place where your contributions and ideas are valued? A place where you can serve with compassion, pursue excellence and honor every voice? At Wellstar, our mission is simple, yet powerful: to enhance the health and well-being of every person we serve. We are proud to have become a shining example of what‘s possible when the brightest professionals dedicate themselves to making a difference in the healthcare industry, and in people‘s lives. Work Shift Night (Unite…",1,59334.7,eyJhbGciOiJIUzI1NiJ9.eyJzIjoiV08wOXFyWmE4Ukc3ZnBSeS1zb3lfdyIsImkiOiI1NzQzNjI3ODE5In0.0EUYmxf3caPOJpu2ca3tuMC5luE5Jh7SxYjuSuDHXoY,33.842925,https://www.adzuna.com/land/ad/5743627819?se=WO09qrZa8RG7fpRy-soy_w&utm_medium=api&utm_source=abfa41a4&v=BB50C7A77C89DE5FCAA0BADC39B5604E24172465,2026-05-28T12:47:25Z,Adzuna::API::Response::Job,-84.616791,5743627819,"Wellstar Health Systems, Inc.",Adzuna::API::Response::Company,"['US', 'Georgia', 'Cobb County', 'Austell']",Adzuna::API::Response::Location,"Austell, Cobb County",healthcare-nursing-jobs,Healthcare & Nursing Jobs,Adzuna::API::Response::Category,,
Registered Nurse- 4S Acute Care- Surgery- FT- Nights,69397.75,"How would you like to work in a place where your contributions and ideas are valued? A place where you can serve with compassion, pursue excellence and honor every voice? At Wellstar, our mission is simple, yet powerful: to enhance the health and well-being of every person we serve. We are proud to have become a shining example of what‘s possible when the brightest professionals dedicate themselves to making a difference in the healthcare industry, and in people‘s lives. Work Shift Night (Unite…",1,69397.75,eyJhbGciOiJIUzI1NiJ9.eyJpIjoiNTc0MzYyNzgxOCIsInMiOiJXTzA5cXJaYThSRzdmcFJ5LXNveV93In0.0CL5r-fngrWhX5VtJN9YpMBRMuVa1P8u2Rwv5yp86vw,33.4711,https://www.adzuna.com/land/ad/5743627818?se=WO09qrZa8RG7fpRy-soy_w&utm_medium=api&utm_source=abfa41a4&v=96BBF9E8477DB8B3CD0D3E838A7734B2291134E1,2026-05-28T12:47:25Z,Adzuna::API::Response::Job,-81.9911,5743627818,"Wellstar Health Systems, Inc.",Adzuna::API::Response::Company,"['US', 'Georgia', 'Richmond County', 'Augusta']",Adzuna::API::Response::Location,"Augusta, Richmond County",healthcare-nursing-jobs,Healthcare & Nursing Jobs,Adzuna::API::Response::Category,,
Registered Nurse (RN) - Acute Care Float,99096.94,"How would you like to work in a place where your contributions and ideas are valued? A place where you can serve with compassion, pursue excellence and honor every voice? At Wellstar, our mission is simple, yet powerful: to enhance the health and well-being of every person we serve. We are proud to have become a shining example of what‘s possible when the brightest professionals dedicate themselves to making a difference in the healthcare industry, and in people‘s lives. Work Shift Day (United …",1,99096.94,eyJhbGciOiJIUzI1NiJ9.eyJzIjoiV08wOXFyWmE4Ukc3ZnBSeS1zb3lfdyIsImkiOiI1NzQzNjI3ODEzIn0.cqGKt7I5XX28EUSgPtDDYhjIUpavMDl5bcF9IFWfayU,33.913449,https://www.adzuna.com/land/ad/5743627813?se=WO09qrZa8RG7fpRy-soy_w&utm_medium=api&utm_source=abfa41a4&v=A61EC02FB6E3D8C48C23BDE189106F148D7AD78D,2026-05-28T12:47:25Z,Adzuna::API::Response::Job,-84.552205,5743627813,"Wellstar Health Systems, Inc.",Adzuna::API::Response::Company,"['US', 'Georgia', 'Cobb County', 'Marietta']",Adzuna::API::Response::Location,"Marietta, Cobb County",healthcare-nursing-jobs,Healthcare & Nursing Jobs,Adzuna::API::Response::Category,,
Registered Nurse (RN)- Acute Care-Surgical/Orthopedics/Trauma-FT Days,87194.66,"How would you like to work in a place where your contributions and ideas are valued? A place where you can serve with compassion, pursue excellence and honor every voice? At Wellstar, our mission is simple, yet powerful: to enhance the health and well-being of every person we serve. We are proud to have become a shining example of what‘s possible when the brightest professionals dedicate themselves to making a difference in the healthcare industry, and in people‘s lives. Work Shift Day (United …",1,87194.66,eyJhbGciOiJIUzI1NiJ9.eyJpIjoiNTc0MzYyNzgxMiIsInMiOiJXTzA5cXJaYThSRzdmcFJ5LXNveV93In0.Egmsfv1v2TWzedPohc5DdHrtu_iUxY8Btit5DPmWMvc,33.842925,https://www.adzuna.com/land/ad/5743627812?se=WO09qrZa8RG7fpRy-soy_w&utm_medium=api&utm_source=abfa41a4&v=2A9A51A17CDFE887A5B77A125E35DABC6ACB959A,2026-05-28T12:47:25Z,Adzuna::API::Response::Job,-84.616791,5743627812,"Wellstar Health Systems, Inc.",Adzuna::API::Response::Company,"['US', 'Georgia', 'Cobb County', 'Austell']",Adzuna::API::Response::Location,"Austell, Cobb County",healthcare-nursing-jobs,Healthcare & Nursing Jobs,Adzuna::API::Response::Category,,
"Registered Nurse (RN) - Acute Care Pediatric Medicine - Augusta, GA - Full Time",59106.09,"How would you like to work in a place where your contributions and ideas are valued? A place where you can serve with compassion, pursue excellence and honor every voice? At Wellstar, our mission is simple, yet powerful: to enhance the health and well-being of every person we serve. We are proud to have become a shining example of what‘s possible when the brightest professionals dedicate themselves to making a difference in the healthcare industry, and in people‘s lives. Work Shift Night (Unite…",1,59106.09,eyJhbGciOiJIUzI1NiJ9.eyJzIjoiV08wOXFyWmE4Ukc3ZnBSeS1zb3lfdyIsImkiOiI1NzQzNjI3ODE2In0.lV5ONJmIvLJUNsYiasECbD7977MmqEm_oHvYvFVAjD8,33.4711,https://www.adzuna.com/land/ad/5743627816?se=WO09qrZa8RG7fpRy-soy_w&utm_medium=api&utm_source=abfa41a4&v=2EF3ADE14B7FE6B2CB9DB295D42B0F66F57B5C2A,2026-05-28T12:47:25Z,Adzuna::API::Response::Job,-81.9911,5743627816,"Wellstar Health Systems, Inc.",Adzuna::API::Response::Company,"['US', 'Georgia', 'Richmond County', 'Augusta']",Adzuna::API::Response::Location,"Augusta, Richmond County",healthcare-nursing-jobs,Healthcare & Nursing Jobs,Adzuna::API::Response::Category,,
"Registered Nurse (RN) - 7S Acute Care ENT - Augusta, GA - Full Time",53807.26,"How would you like to work in a place where your contributions and ideas are valued? A place where you can serve with compassion, pursue excellence and honor every voice? At Wellstar, our mission is simple, yet powerful: to enhance the health and well-being of every person we serve. We are proud to have become a shining example of what‘s possible when the brightest professionals dedicate themselves to making a difference in the healthcare industry, and in people‘s lives. Work Shift Night (Unite…",1,53807.26,eyJhbGciOiJIUzI1NiJ9.eyJpIjoiNTc0MzYyNzgxNCIsInMiOiJXTzA5cXJaYThSRzdmcFJ5LXNveV93In0.V_84XIa8JGl4XIUsIz2OwJgasgQbbonjNdC1eCpCVFM,33.4711,https://www.adzuna.com/land/ad/5743627814?se=WO09qrZa8RG7fpRy-soy_w&utm_medium=api&utm_source=abfa41a4&v=B8C72F1A07E51D2708B3F5DEC05A4EB64D24A8D1,2026-05-28T12:47:25Z,Adzuna::API::Response::Job,-81.9911,5743627814,"Wellstar Health Systems, Inc.",Adzuna::API::Response::Company,"['US', 'Georgia', 'Richmond County', 'Augusta']",Adzuna::API::Response::Location,"Augusta, Richmond County",healthcare-nursing-jobs,Healthcare & Nursing Jobs,Adzuna::API::Response::Category,,
"Registered Nurse (RN) - 5W Acute Care Medicine - Augusta, GA - Full Time",63937.51,"How would you like to work in a place where your contributions and ideas are valued? A place where you can serve with compassion, pursue excellence and honor every voice? At Wellstar, our mission is simple, yet powerful: to enhance the health and well-being of every person we serve. We are proud to have become a shining example of what's possible when the brightest professionals dedicate themselves to making a difference in the healthcare industry, and in people's lives. Work Shift Day (United …",1,63937.51,eyJhbGciOiJIUzI1NiJ9.eyJzIjoiV08wOXFyWmE4Ukc3ZnBSeS1zb3lfdyIsImkiOiI1NzQzNjI3ODEwIn0.jnTWkd0dF8Q9PZ4HS-3FUWEUE89hkidlzviVJfeM0lw,33.457703,https://www.adzuna.com/land/ad/5743627810?se=WO09qrZa8RG7fpRy-soy_w&utm_medium=api&utm_source=abfa41a4&v=3F2B3EBD412D781649512AA94235442CA749958D,2026-05-28T12:47:24Z,Adzuna::API::Response::Job,-81.964391,5743627810,"Wellstar Health Systems, Inc.",Adzuna::API::Response::Company,"['US', 'Georgia', 'Richmond County', 'Augusta']",Adzuna::API::Response::Location,"Augusta, Richmond County",healthcare-nursing-jobs,Healthcare & Nursing Jobs,Adzuna::API::Response::Category,,
Licensed Clinical Psychologist (No Associates) - Remote,170276.27,"About Rula Rula is a comprehensive behavioral health solution that works with a network of licensed clinicians to deliver high-quality care to individuals, couples, and families. By taking care of all the new client marketing and administrative heavy-lifting, we allow providers at Rula to focus on what they do best; helping clients get better. We are expanding our network of licensed providers in Washington. Providers in the Rula network are 1099 contractors, have no minimum caseloads and compl…",1,170276.27,eyJhbGciOiJIUzI1NiJ9.eyJpIjoiNTc0MzYyNzgwMiIsInMiOiJXTzA5cXJaYThSRzdmcFJ5LXNveV93In0.sPxt8JVz8xjvPBGKkg_Ayup_dpfbg7ZZ_KG6862aQEU,47.641944,https://www.adzuna.com/land/ad/5743627802?se=WO09qrZa8RG7fpRy-soy_w&utm_medium=api&utm_source=abfa41a4&v=95A89E67A33F06D9775CAC554D55F25C780B1A6F,2026-05-28T12:47:18Z,Adzuna::API::Response::Job,-122.079167,5743627802,Rula Health,Adzuna::API::Response::Company,"['US', 'Washington', 'King County', 'Adelaide']",Adzuna::API::Response::Location,"Adelaide, King County",healthcare-nursing-jobs,Healthcare & Nursing Jobs,Adzuna::API::Response::Category,,
Lead Registered Respiratory Therapist @ Cobb Hospital,90456.16,"How would you like to work in a place where your contributions and ideas are valued? A place where you can serve with compassion, pursue excellence and honor every voice? At Wellstar, our mission is simple, yet powerful: to enhance the health and well-being of every person we serve. We are proud to have become a shining example of what‘s possible when the brightest professionals dedicate themselves to making a difference in the healthcare industry, and in people‘s lives. Work Shift Night (Unite…",1,90456.16,eyJhbGciOiJIUzI1NiJ9.eyJpIjoiNTc0MzYyNzgwNyIsInMiOiJXTzA5cXJaYThSRzdmcFJ5LXNveV93In0.xVfPzt4Zs_E00741MG9Niv61NhJqyHIlkAeUJF1srIA,33.842925,https://www.adzuna.com/land/ad/5743627807?se=WO09qrZa8RG7fpRy-soy_w&utm_medium=api&utm_source=abfa41a4&v=B00ED0B52842D150FF67A73B75F14E47D2631122,2026-05-28T12:47:18Z,Adzuna::API::Response::Job,-84.616791,5743627807,"Wellstar Health Systems, Inc.",Adzuna::API::Response::Company,"['US', 'Georgia', 'Cobb County', 'Austell']",Adzuna::API::Response::Location,"Austell, Cobb County",healthcare-nursing-jobs,Healthcare & Nursing Jobs,Adzuna::API::Response::Category,,
Registered Respiratory Therapist II @ Cobb Hospital - 10k Sign On Opportunity,117587.07,"How would you like to work in a place where your contributions and ideas are valued? A place where you can serve with compassion, pursue excellence and honor every voice? At Wellstar, our mission is simple, yet powerful: to enhance the health and well-being of every person we serve. We are proud to have become a shining example of what‘s possible when the brightest professionals dedicate themselves to making a difference in the healthcare industry, and in people‘s lives. Work Shift Night (Unite…",1,117587.07,eyJhbGciOiJIUzI1NiJ9.eyJzIjoiV08wOXFyWmE4Ukc3ZnBSeS1zb3lfdyIsImkiOiI1NzQzNjI3ODAzIn0.qAmiaba6m3QcKbInxrxC86P-1RmrGPoRsqKBMuo5cjY,33.842925,https://www.adzuna.com/land/ad/5743627803?se=WO09qrZa8RG7fpRy-soy_w&utm_medium=api&utm_source=abfa41a4&v=8B36F7955372ABAEB432807350D5DCDA39916CB9,2026-05-28T12:47:18Z,Adzuna::API::Response::Job,-84.616791,5743627803,"Wellstar Health Systems, Inc.",Adzuna::API::Response::Company,"['US', 'Georgia', 'Cobb County', 'Austell']",Adzuna::API::Response::Location,"Austell, Cobb County",healthcare-nursing-jobs,Healthcare & Nursing Jobs,Adzuna::API::Response::Category,,
Physical Therapist PRN Inpatient Rehab - Days,96076.35,"How would you like to work in a place where your contributions and ideas are valued? A place where you can serve with compassion, pursue excellence and honor every voice? At Wellstar, our mission is simple, yet powerful: to enhance the health and well-being of every person we serve. We are proud to have become a shining example of what‘s possible when the brightest professionals dedicate themselves to making a difference in the healthcare industry, and in people‘s lives. Work Shift Day (United …",1,96076.35,eyJhbGciOiJIUzI1NiJ9.eyJpIjoiNTc0MzYyNzc5OSIsInMiOiJXTzA5cXJaYThSRzdmcFJ5LXNveV93In0.UxOwwUOLg3aqx-QYxnQPFxuAb-_bTK1AYAVrpHTVFo8,33.913449,https://www.adzuna.com/land/ad/5743627799?se=WO09qrZa8RG7fpRy-soy_w&utm_medium=api&utm_source=abfa41a4&v=E2E20609086757355D2C818552FE7A1770C10A9C,2026-05-28T12:47:18Z,Adzuna::API::Response::Job,-84.552205,5743627799,"Wellstar Health Systems, Inc.",Adzuna::API::Response::Company,"['US', 'Georgia', 'Cobb County', 'Marietta']",Adzuna::API::Response::Location,"Marietta, Cobb County",healthcare-nursing-jobs,Healthcare & Nursing Jobs,Adzuna::API::Response::Category,,
Licensed Clinical Psychologist (No Associates) - Remote,151107.81,"About Rula Rula is a comprehensive behavioral health solution that works with a network of licensed clinicians to deliver high-quality care to individuals, couples, and families. By taking care of all the new client marketing and administrative heavy-lifting, we allow providers at Rula to focus on what they do best; helping clients get better. We are expanding our network of licensed providers in Washington. Providers in the Rula network are 1099 contractors, have no minimum caseloads and compl…",1,151107.81,eyJhbGciOiJIUzI1NiJ9.eyJzIjoiV08wOXFyWmE4Ukc3ZnBSeS1zb3lfdyIsImkiOiI1NzQzNjI3ODA0In0.A45CcRLMw2taTSLcPSVB_dIq8YrKTZYKC2h8j_DUUt4,47.481957,https://www.adzuna.com/land/ad/5743627804?se=WO09qrZa8RG7fpRy-soy_w&utm_medium=api&utm_source=abfa41a4&v=86E6AEC5F06C28978CD9E9F379E4A49D8357AEEF,2026-05-28T12:47:18Z,Adzuna::API::Response::Job,-122.214195,5743627804,Rula Health,Adzuna::API::Response::Company,"['US', 'Washington', 'King County', 'Renton']",Adzuna::API::Response::Location,"Renton, King County",healthcare-nursing-jobs,Healthcare & Nursing Jobs,Adzuna::API::Response::Category,,
Physical Therapist PRN Acute Care Therapies,115122.75,"How would you like to work in a place where your contributions and ideas are valued? A place where you can serve with compassion, pursue excellence and honor every voice? At Wellstar, our mission is simple, yet powerful: to enhance the health and well-being of every person we serve. We are proud to have become a shining example of what‘s possible when the brightest professionals dedicate themselves to making a difference in the healthcare industry, and in people‘s lives. Work Shift Day (United …",1,115122.75,eyJhbGciOiJIUzI1NiJ9.eyJzIjoiV08wOXFyWmE4Ukc3ZnBSeS1zb3lfdyIsImkiOiI1NzQzNjI3ODA4In0.NoewlYzJ_gpEIssvIcpArX1PxZNHk7MBmI8uBD-iDio,33.913449,https://www.adzuna.com/land/ad/5743627808?se=WO09qrZa8RG7fpRy-soy_w&utm_medium=api&utm_source=abfa41a4&v=51492246557C717AB69C91E4C35D01B4BD98FD4C,2026-05-28T12:47:18Z,Adzuna::API::Response::Job,-84.552205,5743627808,"Wellstar Health Systems, Inc.",Adzuna::API::Response::Company,"['US', 'Georgia', 'Cobb County', 'Marietta']",Adzuna::API::Response::Location,"Marietta, Cobb County",healthcare-nursing-jobs,Healthcare & Nursing Jobs,Adzuna::API::Response::Category,,
Licensed Clinical Psychologist (No Associates) - Remote,128111.76,"About Rula Rula is a comprehensive behavioral health solution that works with a network of licensed clinicians to deliver high-quality care to individuals, couples, and families. By taking care of all the new client marketing and administrative heavy-lifting, we allow providers at Rula to focus on what they do best; helping clients get better. We are expanding our network of licensed providers in Washington. Providers in the Rula network are 1099 contractors, have no minimum caseloads and compl…",1,128111.76,eyJhbGciOiJIUzI1NiJ9.eyJpIjoiNTc0MzYyNzc5NyIsInMiOiJXTzA5cXJaYThSRzdmcFJ5LXNveV93In0._J7Kxe_yv0ICKgm7zAmCppCKT5G-SGUv8fREf9MqRYo,47.010276,https://www.adzuna.com/land/ad/5743627797?se=WO09qrZa8RG7fpRy-soy_w&utm_medium=api&utm_source=abfa41a4&v=9E5762056DAA25A3E907A518CF21A2D8D8AD7FA3,2026-05-28T12:47:18Z,Adzuna::API::Response::Job,-122.766586,5743627797,Rula Health,Adzuna::API::Response::Company,"['US', 'Washington', 'Thurston County', 'Union Mills']",Adzuna::API::Response::Location,"Union Mills, Thurston County",healthcare-nursing-jobs,Healthcare & Nursing Jobs,Adzuna::API::Response::Category,,
PRN Respiratory Therapist II - Non-NICU @ Cobb Hospital,80539.12,"How would you like to work in a place where your contributions and ideas are valued? A place where you can serve with compassion, pursue excellence and honor every voice? At Wellstar, our mission is simple, yet powerful: to enhance the health and well-being of every person we serve. We are proud to have become a shining example of what‘s possible when the brightest professionals dedicate themselves to making a difference in the healthcare industry, and in people‘s lives. Work Shift Day (United …",1,80539.12,eyJhbGciOiJIUzI1NiJ9.eyJpIjoiNTc0MzYyNzgwMSIsInMiOiJXTzA5cXJaYThSRzdmcFJ5LXNveV93In0.tD6p-XgBBsbYJQR8FkNyS-6pjgjY1T-eB6SqiSdi-WA,33.842925,https://www.adzuna.com/land/ad/5743627801?se=WO09qrZa8RG7fpRy-soy_w&utm_medium=api&utm_source=abfa41a4&v=1295E275EA8F458969382CCEFF8F8546C8DB5FE1,2026-05-28T12:47:18Z,Adzuna::API::Response::Job,-84.616791,5743627801,"Wellstar Health Systems, Inc.",Adzuna::API::Response::Company,"['US', 'Georgia', 'Cobb County', 'Austell']",Adzuna::API::Response::Location,"Austell, Cobb County",healthcare-nursing-jobs,Healthcare & Nursing Jobs,Adzuna::API::Response::Category,,
"Respiratory Therapist II (RRT), PT Days (Non-NICU)",285887.75,"How would you like to work in a place where your contributions and ideas are valued? A place where you can serve with compassion, pursue excellence and honor every voice? At Wellstar, our mission is simple, yet powerful: to enhance the health and well-being of every person we serve. We are proud to have become a shining example of what‘s possible when the brightest professionals dedicate themselves to making a difference in the healthcare industry, and in people‘s lives. Work Shift Day (United …",1,285887.75,eyJhbGciOiJIUzI1NiJ9.eyJpIjoiNTc0MzYyNzc5OCIsInMiOiJXTzA5cXJaYThSRzdmcFJ5LXNveV93In0.UdBS4iA8ZTbzZ1z-epaflDoQifeLRutp7Yytg9YbHk4,33.913449,https://www.adzuna.com/land/ad/5743627798?se=WO09qrZa8RG7fpRy-soy_w&utm_medium=api&utm_source=abfa41a4&v=C00C99A7DF935BA017FF029376C9FE3E1EE64457,2026-05-28T12:47:18Z,Adzuna::API::Response::Job,-84.552205,5743627798,"Wellstar Health Systems, Inc.",Adzuna::API::Response::Company,"['US', 'Georgia', 'Cobb County', 'Marietta']",Adzuna::API::Response::Location,"Marietta, Cobb County",healthcare-nursing-jobs,Healthcare & Nursing Jobs,Adzuna::API::Response::Category,,
Licensed Clinical Psychologist (No Associates) - Remote,158980.94,"About Rula Rula is a comprehensive behavioral health solution that works with a network of licensed clinicians to deliver high-quality care to individuals, couples, and families. By taking care of all the new client marketing and administrative heavy-lifting, we allow providers at Rula to focus on what they do best; helping clients get better. We are expanding our network of licensed providers in Washington. Providers in the Rula network are 1099 contractors, have no minimum caseloads and compl…",1,158980.94,eyJhbGciOiJIUzI1NiJ9.eyJpIjoiNTc0MzYyNzgwMCIsInMiOiJXTzA5cXJaYThSRzdmcFJ5LXNveV93In0.82oay5rJbXGw48B7jC8VCUY92w_FNE-MT0czHbd0Rvk,45.529774,https://www.adzuna.com/land/ad/5743627800?se=WO09qrZa8RG7fpRy-soy_w&utm_medium=api&utm_source=abfa41a4&v=2EB7C369688C07FD9AC381F0E4EB6E662EA0B652,2026-05-28T12:47:18Z,Adzuna::API::Response::Job,-122.680488,5743627800,Rula Health,Adzuna::API::Response::Company,"['US', 'Oregon', 'Multnomah County', 'Portland']",Adzuna::API::Response::Location,"Portland, Multnomah County",healthcare-nursing-jobs,Healthcare & Nursing Jobs,Adzuna::API::Response::Category,,
Licensed Clinical Psychologist (No Associates) - Remote,256878.36,"About Rula Rula is a comprehensive behavioral health solution that works with a network of licensed clinicians to deliver high-quality care to individuals, couples, and families. By taking care of all the new client marketing and administrative heavy-lifting, we allow providers at Rula to focus on what they do best; helping clients get better. We are expanding our network of licensed providers in Washington. Providers in the Rula network are 1099 contractors, have no minimum caseloads and compl…",1,256878.36,eyJhbGciOiJIUzI1NiJ9.eyJpIjoiNTc0MzYyNzc4NiIsInMiOiJXTzA5cXJaYThSRzdmcFJ5LXNveV93In0.W2sePRGwjHwaCDpDgh0zRrafb2akh6yYbdgSzKZA5cY,47.37648,https://www.adzuna.com/land/ad/5743627786?se=WO09qrZa8RG7fpRy-soy_w&utm_medium=api&utm_source=abfa41a4&v=194ED0228E77CD533B1F888632A4009A0EC76014,2026-05-28T12:47:17Z,Adzuna::API::Response::Job,-122.0994,5743627786,Rula Health,Adzuna::API::Response::Company,"['US', 'Washington', 'King County', 'Covington']",Adzuna::API::Response::Location,"Covington, King County",healthcare-nursing-jobs,Healthcare & Nursing Jobs,Adzuna::API::Response::Category,,
Licensed Clinical Psychologist (No Associates) - Remote,207110.7,"About Rula Rula is a comprehensive behavioral health solution that works with a network of licensed clinicians to deliver high-quality care to individuals, couples, and families. By taking care of all the new client marketing and administrative heavy-lifting, we allow providers at Rula to focus on what they do best; helping clients get better. We are expanding our network of licensed providers in Washington. Providers in the Rula network are 1099 contractors, have no minimum caseloads and compl…",1,207110.7,eyJhbGciOiJIUzI1NiJ9.eyJpIjoiNTc0MzYyNzc4NCIsInMiOiJXTzA5cXJaYThSRzdmcFJ5LXNveV93In0.ULzaiAoP1L461wIh67EMpNLQKvizJZfrZJeUs9Ku3F8,47.749094,https://www.adzuna.com/land/ad/5743627784?se=WO09qrZa8RG7fpRy-soy_w&utm_medium=api&utm_source=abfa41a4&v=1CC914936AC7231A5F77BAAF00D7CDFB2587E416,2026-05-28T12:47:17Z,Adzuna::API::Response::Job,-122.062165,5743627784,Rula Health,Adzuna::API::Response::Company,"['US', 'Washington', 'King County', 'Cottage Lake']",Adzuna::API::Response::Location,"Cottage Lake, King County",healthcare-nursing-jobs,Healthcare & Nursing Jobs,Adzuna::API::Response::Category,,
Occupational Therapist PRN,80515.16,"How would you like to work in a place where your contributions and ideas are valued? A place where you can serve with compassion, pursue excellence and honor every voice? At Wellstar, our mission is simple, yet powerful: to enhance the health and well-being of every person we serve. We are proud to have become a shining example of what‘s possible when the brightest professionals dedicate themselves to making a difference in the healthcare industry, and in people‘s lives. Work Shift Job Summary:…",1,80515.16,eyJhbGciOiJIUzI1NiJ9.eyJpIjoiNTc0MzYyNzc4OCIsInMiOiJXTzA5cXJaYThSRzdmcFJ5LXNveV93In0.-OQE74KZnpbhoyxRHJ2WiT91SNyNZ5WDkv36kBoL_I8,33.4711,https://www.adzuna.com/land/ad/5743627788?se=WO09qrZa8RG7fpRy-soy_w&utm_medium=api&utm_source=abfa41a4&v=A403D8CB9B8BC7C749BC77E4422F74D48E6DC128,2026-05-28T12:47:17Z,Adzuna::API::Response::Job,-81.9911,5743627788,"Wellstar Health Systems, Inc.",Adzuna::API::Response::Company,"['US', 'Georgia', 'Richmond County', 'Augusta']",Adzuna::API::Response::Location,"Augusta, Richmond County",healthcare-nursing-jobs,Healthcare & Nursing Jobs,Adzuna::API::Response::Category,,
Licensed Clinical Psychologist (No Associates) - Remote,158909.39,"About Rula Rula is a comprehensive behavioral health solution that works with a network of licensed clinicians to deliver high-quality care to individuals, couples, and families. By taking care of all the new client marketing and administrative heavy-lifting, we allow providers at Rula to focus on what they do best; helping clients get better. We are expanding our network of licensed providers in Washington. Providers in the Rula network are 1099 contractors, have no minimum caseloads and compl…",1,158909.39,eyJhbGciOiJIUzI1NiJ9.eyJzIjoiV08wOXFyWmE4Ukc3ZnBSeS1zb3lfdyIsImkiOiI1NzQzNjI3NzkxIn0.8A1uN8S-NSLyOAEAL7gnev7pewyKjO_7i9O_6zUrwIA,47.862079,https://www.adzuna.com/land/ad/5743627791?se=WO09qrZa8RG7fpRy-soy_w&utm_medium=api&utm_source=abfa41a4&v=C2CC45BBA6DB52557BCAA7ED263F5D9CD69CD4EC,2026-05-28T12:47:17Z,Adzuna::API::Response::Job,-122.271219,5743627791,Rula Health,Adzuna::API::Response::Company,"['US', 'Washington', 'Snohomish County', 'Eastmont']",Adzuna::API::Response::Location,"Eastmont, Snohomish County",healthcare-nursing-jobs,Healthcare & Nursing Jobs,Adzuna::API::Response::Category,,
PRN Registered Respiratory Therapist II - Night Shift @ Cobb Hospital,98325.1,"How would you like to work in a place where your contributions and ideas are valued? A place where you can serve with compassion, pursue excellence and honor every voice? At Wellstar, our mission is simple, yet powerful: to enhance the health and well-being of every person we serve. We are proud to have become a shining example of what‘s possible when the brightest professionals dedicate themselves to making a difference in the healthcare industry, and in people‘s lives. Work Shift Night (Unite…",1,98325.1,eyJhbGciOiJIUzI1NiJ9.eyJpIjoiNTc0MzYyNzc5NCIsInMiOiJXTzA5cXJaYThSRzdmcFJ5LXNveV93In0.4T-4bvn8qxaDyLJKBSZTnWwIZBASPoy6JSm3faQXLTw,33.842925,https://www.adzuna.com/land/ad/5743627794?se=WO09qrZa8RG7fpRy-soy_w&utm_medium=api&utm_source=abfa41a4&v=D80FFABB443EB311202EEAC7C7156C10400AC4D8,2026-05-28T12:47:17Z,Adzuna::API::Response::Job,-84.616791,5743627794,"Wellstar Health Systems, Inc.",Adzuna::API::Response::Company,"['US', 'Georgia', 'Cobb County', 'Austell']",Adzuna::API::Response::Location,"Austell, Cobb County",healthcare-nursing-jobs,Healthcare & Nursing Jobs,Adzuna::API::Response::Category,,
Licensed Clinical Psychologist (No Associates) - Remote,142095.81,"About Rula Rula is a comprehensive behavioral health solution that works with a network of licensed clinicians to deliver high-quality care to individuals, couples, and families. By taking care of all the new client marketing and administrative heavy-lifting, we allow providers at Rula to focus on what they do best; helping clients get better. We are expanding our network of licensed providers in Washington. Providers in the Rula network are 1099 contractors, have no minimum caseloads and compl…",1,142095.81,eyJhbGciOiJIUzI1NiJ9.eyJzIjoiV08wOXFyWmE4Ukc3ZnBSeS1zb3lfdyIsImkiOiI1NzQzNjI3NzkyIn0.DWkik9j8htuX13Qz6uaAlAIqcnH_v88Tk6-vpMYc6MY,47.30448,https://www.adzuna.com/land/ad/5743627792?se=WO09qrZa8RG7fpRy-soy_w&utm_medium=api&utm_source=abfa41a4&v=C9640B7EF5DCC3DF58E3756313FBFDBACDCBCC63,2026-05-28T12:47:17Z,Adzuna::API::Response::Job,-122.37258,5743627792,Rula Health,Adzuna::API::Response::Company,"['US', 'Washington', 'King County', 'Federal Way']",Adzuna::API::Response::Location,"Federal Way, King County",healthcare-nursing-jobs,Healthcare & Nursing Jobs,Adzuna::API::Response::Category,,
Licensed Clinical Psychologist (No Associates) - Remote,158596.45,"About Rula Rula is a comprehensive behavioral health solution that works with a network of licensed clinicians to deliver high-quality care to individuals, couples, and families. By taking care of all the new client marketing and administrative heavy-lifting, we allow providers at Rula to focus on what they do best; helping clients get better. We are expanding our network of licensed providers in Washington. Providers in the Rula network are 1099 contractors, have no minimum caseloads and compl…",1,158596.45,eyJhbGciOiJIUzI1NiJ9.eyJpIjoiNTc0MzYyNzc4NSIsInMiOiJXTzA5cXJaYThSRzdmcFJ5LXNveV93In0.CGavnIsM63kxE3fEdsbSR-gLl5Dz2_10rbU3_j27K3c,47.71788,https://www.adzuna.com/land/ad/5743627785?se=WO09qrZa8RG7fpRy-soy_w&utm_medium=api&utm_source=abfa41a4&v=D8ADE719FF2EAC310A3146DD7542155C57259295,2026-05-28T12:47:17Z,Adzuna::API::Response::Job,-122.2059,5743627785,Rula Health,Adzuna::API::Response::Company,"['US', 'Washington', 'King County', 'Juanita']",Adzuna::API::Response::Location,"Juanita, King County",healthcare-nursing-jobs,Healthcare & Nursing Jobs,Adzuna::API::Response::Category,,
Licensed Clinical Psychologist (No Associates) - Remote,142483.64,"About Rula Rula is a comprehensive behavioral health solution that works with a network of licensed clinicians to deliver high-quality care to individuals, couples, and families. By taking care of all the new client marketing and administrative heavy-lifting, we allow providers at Rula to focus on what they do best; helping clients get better. We are expanding our network of licensed providers in Washington. Providers in the Rula network are 1099 contractors, have no minimum caseloads and compl…",1,142483.64,eyJhbGciOiJIUzI1NiJ9.eyJpIjoiNTc0MzYyNzc4OSIsInMiOiJXTzA5cXJaYThSRzdmcFJ5LXNveV93In0.xypJSmHkpc4kPCQxb2hYnbswAvtVQUfkjCdax1til9E,47.103519,https://www.adzuna.com/land/ad/5743627789?se=WO09qrZa8RG7fpRy-soy_w&utm_medium=api&utm_source=abfa41a4&v=4165B85FDBDF5B27807D9011F1E8218E15C227F7,2026-05-28T12:47:17Z,Adzuna::API::Response::Job,-122.583593,5743627789,Rula Health,Adzuna::API::Response::Company,"['US', 'Washington', 'Pierce County', 'Camp Murray']",Adzuna::API::Response::Location,"Camp Murray, Pierce County",healthcare-nursing-jobs,Healthcare & Nursing Jobs,Adzuna::API::Response::Category,,
Licensed Clinical Psychologist (No Associates) - Remote,175843.67,"About Rula Rula is a comprehensive behavioral health solution that works with a network of licensed clinicians to deliver high-quality care to individuals, couples, and families. By taking care of all the new client marketing and administrative heavy-lifting, we allow providers at Rula to focus on what they do best; helping clients get better. We are expanding our network of licensed providers in Washington. Providers in the Rula network are 1099 contractors, have no minimum caseloads and compl…",1,175843.67,eyJhbGciOiJIUzI1NiJ9.eyJzIjoiV08wOXFyWmE4Ukc3ZnBSeS1zb3lfdyIsImkiOiI1NzQzNjI3Nzk1In0.w_Rg4r6vgwFWnmJI9KC_I9f9GDPQJngKNj4A_aRhPcA,47.4938,https://www.adzuna.com/land/ad/5743627795?se=WO09qrZa8RG7fpRy-soy_w&utm_medium=api&utm_source=abfa41a4&v=93679B057B4D0EE54B0ACA67556278360447B186,2026-05-28T12:47:17Z,Adzuna::API::Response::Job,-122.25025,5743627795,Rula Health,Adzuna::API::Response::Company,"['US', 'Washington', 'King County', 'Skyway']",Adzuna::API::Response::Location,"Skyway, King County",healthcare-nursing-jobs,Healthcare & Nursing Jobs,Adzuna::API::Response::Category,,
Licensed Clinical Psychologist (No Associates) - Remote,154466.56,"About Rula Rula is a comprehensive behavioral health solution that works with a network of licensed clinicians to deliver high-quality care to individuals, couples, and families. By taking care of all the new client marketing and administrative heavy-lifting, we allow providers at Rula to focus on what they do best; helping clients get better. We are expanding our network of licensed providers in Washington. Providers in the Rula network are 1099 contractors, have no minimum caseloads and compl…",1,154466.56,eyJhbGciOiJIUzI1NiJ9.eyJpIjoiNTc0MzYyNzc5MyIsInMiOiJXTzA5cXJaYThSRzdmcFJ5LXNveV93In0.REswNyndmpjPLzUHs56dr15hlGiRocRqrjwHI4i51HU,47.359217,https://www.adzuna.com/land/ad/5743627793?se=WO09qrZa8RG7fpRy-soy_w&utm_medium=api&utm_source=abfa41a4&v=6F25847E061F7E452FD171FF83BBCD3B49D9EC65,2026-05-28T12:47:17Z,Adzuna::API::Response::Job,-122.594405,5743627793,Rula Health,Adzuna::API::Response::Company,"['US', 'Washington', 'Pierce County', 'Driftwood']",Adzuna::API::Response::Location,"Driftwood, Pierce County",healthcare-nursing-jobs,Healthcare & Nursing Jobs,Adzuna::API::Response::Category,,
Licensed Clinical Psychologist (No Associates) - Remote,135370.94,"About Rula Rula is a comprehensive behavioral health solution that works with a network of licensed clinicians to deliver high-quality care to individuals, couples, and families. By taking care of all the new client marketing and administrative heavy-lifting, we allow providers at Rula to focus on what they do best; helping clients get better. We are expanding our network of licensed providers in Washington. Providers in the Rula network are 1099 contractors, have no minimum caseloads and compl…",1,135370.94,eyJhbGciOiJIUzI1NiJ9.eyJpIjoiNTc0MzYyNzc4NyIsInMiOiJXTzA5cXJaYThSRzdmcFJ5LXNveV93In0.OXT2eeJX-QQSAJkwPFa6RnxOREfhO_DDekAyT54YFzY,47.09973,https://www.adzuna.com/land/ad/5743627787?se=WO09qrZa8RG7fpRy-soy_w&utm_medium=api&utm_source=abfa41a4&v=810CB245A81C3161FBB6BE2BC8D01DCADDF58047,2026-05-28T12:47:17Z,Adzuna::API::Response::Job,-122.32557,5743627787,Rula Health,Adzuna::API::Response::Company,"['US', 'Washington', 'Pierce County', 'South Hill']",Adzuna::API::Response::Location,"South Hill, Pierce County",healthcare-nursing-jobs,Healthcare & Nursing Jobs,Adzuna::API::Response::Category,,
Licensed Clinical Psychologist (No Associates) - Remote,150827.2,"About Rula Rula is a comprehensive behavioral health solution that works with a network of licensed clinicians to deliver high-quality care to individuals, couples, and families. By taking care of all the new client marketing and administrative heavy-lifting, we allow providers at Rula to focus on what they do best; helping clients get better. We are expanding our network of licensed providers in Washington. Providers in the Rula network are 1099 contractors, have no minimum caseloads and compl…",1,150827.2,eyJhbGciOiJIUzI1NiJ9.eyJzIjoiV08wOXFyWmE4Ukc3ZnBSeS1zb3lfdyIsImkiOiI1NzQzNjI3NzkwIn0.exg8mYDVuvHys69LzAvRDGlJRNg1SoCy6LRPxfhQsw8,45.643289,https://www.adzuna.com/land/ad/5743627790?se=WO09qrZa8RG7fpRy-soy_w&utm_medium=api&utm_source=abfa41a4&v=FA347F58B88ED67BD46684A50B782705C14BD488,2026-05-28T12:47:17Z,Adzuna::API::Response::Job,-122.623848,5743627790,Rula Health,Adzuna::API::Response::Company,"['US', 'Washington', 'Clark County', 'Salmon Creek']",Adzuna::API::Response::Location,"Salmon Creek, Clark County",healthcare-nursing-jobs,Healthcare & Nursing Jobs,Adzuna::API::Response::Category,,
Physical Therapist PRN - Acute Care,53370.81,"Hours of Work : Varies 8-5 Days Of Week : Regular weekdays & weekend requirement Work Shift : Job Description : Your Job: In this highly technical, fast-paced, and rewarding position, you'll collaborate with multidisciplinary team members to provide the very best care for patients. The Physical Therapist PRN responsibility is to render professional and technical physical therapy to assigned patients. Provides direct and indirect patient care using the Practice of Physical Therapy Act/Rules proc…",1,53370.81,eyJhbGciOiJIUzI1NiJ9.eyJpIjoiNTc0MzYyNzY4NCIsInMiOiJXTzA5cXJaYThSRzdmcFJ5LXNveV93In0.TQPXRCxvnx66CwGMTvOcjcI0b83Tt05SaFplcBxy4iE,32.735565,https://www.adzuna.com/land/ad/5743627684?se=WO09qrZa8RG7fpRy-soy_w&utm_medium=api&utm_source=abfa41a4&v=30E58858EBBEF92FAD4C21476BF12CCA904B5BBD,2026-05-28T12:47:13Z,Adzuna::API::Response::Job,-96.886387,5743627684,Methodist Health System,Adzuna::API::Response::Company,"['US', 'Texas', 'Dallas', 'Cockrell Hill']",Adzuna::API::Response::Location,"Cockrell Hill, Dallas",healthcare-nursing-jobs,Healthcare & Nursing Jobs,Adzuna::API::Response::Category,,
Physical Therapist PRN - Acute Care,49666.67,"Hours of Work : 8:00-4:30 Days Of Week : M-F as needed, with at least 2 weekend days per month (Saturday or Sunday) Work Shift : PRN (United States of America) Job Description : Your Job: In this highly technical, fast-paced, and rewarding position, you'll collaborate with multidisciplinary team members to provide the very best care for patients. The Physical Therapist PRN responsibility is to render professional and technical physical therapy to assigned patients. Provides direct and indirect …",1,49666.67,eyJhbGciOiJIUzI1NiJ9.eyJpIjoiNTc0MzYyNzY5NiIsInMiOiJXTzA5cXJaYThSRzdmcFJ5LXNveV93In0.uMs61en6UdVsw2O6OvPLdUgewy-Q3SE-exHoG0uEJAE,32.847087,https://www.adzuna.com/land/ad/5743627696?se=WO09qrZa8RG7fpRy-soy_w&utm_medium=api&utm_source=abfa41a4&v=B08599737781474AC106F0B5C6FA199949ACDAEF,2026-05-28T12:47:13Z,Adzuna::API::Response::Job,-96.964845,5743627696,Methodist Health System,Adzuna::API::Response::Company,"['US', 'Texas', 'Dallas', 'Irving']",Adzuna::API::Response::Location,"Irving, Dallas",healthcare-nursing-jobs,Healthcare & Nursing Jobs,Adzuna::API::Response::Category,,
PRN Physical Therapist - Outpatient,65240.55,"Hours of Work : 7AM-4PM as needed Days Of Week : M-F as needed (PRN) Work Shift : Job Description : Your Job: In this highly technical, fast-paced, and rewarding position, you'll collaborate with multidisciplinary team members to provide the very best care for patients. The Physical Therapist PRN responsibility is to render professional and technical physical therapy to assigned patients. Provides direct and indirect patient care using the Practice of Physical Therapy Act/Rules process (evaluat…",1,65240.55,eyJhbGciOiJIUzI1NiJ9.eyJzIjoiV08wOXFyWmE4Ukc3ZnBSeS1zb3lfdyIsImkiOiI1NzQzNjI3Njk0In0.biJgbH8z9XPyt4eOxj6WoYIwFDkK_-O6cq_uPPUKnSA,32.720123,https://www.adzuna.com/land/ad/5743627694?se=WO09qrZa8RG7fpRy-soy_w&utm_medium=api&utm_source=abfa41a4&v=076A9A361A726B4F0010EC962876493316ACD2AD,2026-05-28T12:47:13Z,Adzuna::API::Response::Job,-96.674274,5743627694,Methodist Health System,Adzuna::API::Response::Company,"['US', 'Texas', 'Dallas', 'Balch Springs']",Adzuna::API::Response::Location,"Balch Springs, Dallas",healthcare-nursing-jobs,Healthcare & Nursing Jobs,Adzuna::API::Response::Category,,
Physical Therapist PRN - Acute Care,44911.54,"Hours of Work : Varies 8-5 Days Of Week : Regular weekdays & weekend requirement Work Shift : Job Description : Your Job: In this highly technical, fast-paced, and rewarding position, you'll collaborate with multidisciplinary team members to provide the very best care for patients. The Physical Therapist PRN responsibility is to render professional and technical physical therapy to assigned patients. Provides direct and indirect patient care using the Practice of Physical Therapy Act/Rules proc…",1,44911.54,eyJhbGciOiJIUzI1NiJ9.eyJzIjoiV08wOXFyWmE4Ukc3ZnBSeS1zb3lfdyIsImkiOiI1NzQzNjI3NzA5In0.U2dZ41wLl-Cy0r5bJO65r6Xf0XyM3uUIax3RgR5VfR8,32.644006,https://www.adzuna.com/land/ad/5743627709?se=WO09qrZa8RG7fpRy-soy_w&utm_medium=api&utm_source=abfa41a4&v=447735BB17E9EE568423F4F0C0E95B1798605614,2026-05-28T12:47:13Z,Adzuna::API::Response::Job,-96.550488,5743627709,Methodist Health System,Adzuna::API::Response::Company,"['US', 'Texas', 'Dallas', 'Seagoville']",Adzuna::API::Response::Location,"Seagoville, Dallas",healthcare-nursing-jobs,Healthcare & Nursing Jobs,Adzuna::API::Response::Category,,
Physical Therapist PRN - Acute Care,44790.79,"Hours of Work : 8:00-4:30 Days Of Week : M-F as needed, with at least 2 weekend days per month (Saturday or Sunday) Work Shift : PRN (United States of America) Job Description : Your Job: In this highly technical, fast-paced, and rewarding position, you'll collaborate with multidisciplinary team members to provide the very best care for patients. The Physical Therapist PRN responsibility is to render professional and technical physical therapy to assigned patients. Provides direct and indirect …",1,44790.79,eyJhbGciOiJIUzI1NiJ9.eyJpIjoiNTc0MzYyNzY5OCIsInMiOiJXTzA5cXJaYThSRzdmcFJ5LXNveV93In0.hYJZMrpp4ii78csROPvmUZBFBtKDDBv6OtjmDSQsYHQ,33.016977,https://www.adzuna.com/land/ad/5743627698?se=WO09qrZa8RG7fpRy-soy_w&utm_medium=api&utm_source=abfa41a4&v=4C27BB771FFAE1CD8AC506B278D36BA1E64BD450,2026-05-28T12:47:13Z,Adzuna::API::Response::Job,-96.551274,5743627698,Methodist Health System,Adzuna::API::Response::Company,"['US', 'Texas', 'Collin County', 'St Paul']",Adzuna::API::Response::Location,"St Paul, Collin County",healthcare-nursing-jobs,Healthcare & Nursing Jobs,Adzuna::API::Response::Category,,
"VP, Collections Digital & Mail Contact Strategy Leader",184394.03,"Role Summary/Purpose: The VP, Collections Digital and Letter Contact Strategy role will lead collections contact strategy development and analytics for Synchrony’s digital (mobile app, email, text) and letter channels, leveraging statistical methods, advanced analytics, and deep domain expertise. Overseeing a global team of three strategy analysts, this role will be accountable for driving superior business outcomes by developing and continuously optimizing data-driven strategies. The VP will m…",1,184394.03,eyJhbGciOiJIUzI1NiJ9.eyJpIjoiNTc0MzYyNzY1OCIsInMiOiJXTzA5cXJaYThSRzdmcFJ5LXNveV93In0.TNc7ZewpAMnF9SZ5kxM6ZjuSVo71W5_VlISDnbE3FW4,28.54236,https://www.adzuna.com/land/ad/5743627658?se=WO09qrZa8RG7fpRy-soy_w&utm_medium=api&utm_source=abfa41a4&v=02784868B5C29B52FB40A2E67A36DB369A4F83BA,2026-05-28T12:47:12Z,Adzuna::API::Response::Job,-81.37403,5743627658,Synchrony Financial,Adzuna::API::Response::Company,"['US', 'Florida', 'Orange County', 'Orlando']",Adzuna::API::Response::Location,"Orlando, Orange County",accounting-finance-jobs,Accounting & Finance Jobs,Adzuna::API::Response::Category,,
"AVP, Regional Credit Sales Manager Sam's Club – Los Angeles, CA or Phoenix, AZ",114304.99,"Role Summary/Purpose: This field sales position is responsible to sell Regional & Club level client leadership on the benefits of our products so that they will in turn drive product engagement and in club execution to accomplish/exceed credit goals. Position would be required to maintain relationships through effective and timely communication, attending market/store meetings, develop in store product execution strategies/action plans, and ensure regional strategies are effectively rolled out …",1,114304.99,eyJhbGciOiJIUzI1NiJ9.eyJzIjoiV08wOXFyWmE4Ukc3ZnBSeS1zb3lfdyIsImkiOiI1NzQzNjI3NjYyIn0.uOjnU1JLwj0435FFpI43a5at-jrhDYCXrn2fMgk82Eg,33.8389,https://www.adzuna.com/land/ad/5743627662?se=WO09qrZa8RG7fpRy-soy_w&utm_medium=api&utm_source=abfa41a4&v=BE53C9CDE331DA3361C9A289D7A503BCAB7D251D,2026-05-28T12:47:12Z,Adzuna::API::Response::Job,-117.872331,5743627662,Synchrony Financial,Adzuna::API::Response::Company,"['US', 'California', 'Orange County', 'Sunkist']",Adzuna::API::Response::Location,"Sunkist, Orange County",sales-jobs,Sales Jobs,Adzuna::API::Response::Category,,
"AVP, Portfolio Credit Manager",120041.16,"Role Summary/Purpose: This role will support credit risk management of the Travel Cobrand portfolios. You will be responsible for Credit Risk reporting and analysis with primary accountability for identifying and managing consumer credit risk across all components of the cardholder life-cycle through data gathering and analytics. You will support and interact with the client, client teams and with key contacts throughout Synchrony. Our Way of Working: We’re proud to offer you flexibility. At Sy…",1,120041.16,eyJhbGciOiJIUzI1NiJ9.eyJpIjoiNTc0MzYyNzY1NyIsInMiOiJXTzA5cXJaYThSRzdmcFJ5LXNveV93In0.tlMKxfzbqjMT77qh2cZ_9aSQm4zS7gj27qMmU5ckZSA,41.87817,https://www.adzuna.com/land/ad/5743627657?se=WO09qrZa8RG7fpRy-soy_w&utm_medium=api&utm_source=abfa41a4&v=D807C850FA0FA7C1D010CAC23553C1B558E70095,2026-05-28T12:47:12Z,Adzuna::API::Response::Job,-87.63392,5743627657,Synchrony Financial,Adzuna::API::Response::Company,"['US', 'Illinois', 'Cook County', 'Chicago', 'K-Town']",Adzuna::API::Response::Location,"K-Town, Chicago",accounting-finance-jobs,Accounting & Finance Jobs,Adzuna::API::Response::Category,,
"AVP, Field Sales Manager",150369.19,"Role Summary/Purpose: This field sales position is responsible to sell Regional & Store level client leadership on the benefits of our products so that they will in turn drive product engagement and in store execution to accomplish /exceed credit goals. Position would be required to maintain relationships through effective and timely communication, attending market/store meetings, develop in store product execution strategies/action plans, and ensure regional strategies are effectively rolled o…",1,150369.19,eyJhbGciOiJIUzI1NiJ9.eyJzIjoiV08wOXFyWmE4Ukc3ZnBSeS1zb3lfdyIsImkiOiI1NzQzNjI3NjU5In0.oMUMiT-zlZVvUzNYzPEBly4vz8EbGAI8H5PFkotuLO4,25.82478,https://www.adzuna.com/land/ad/5743627659?se=WO09qrZa8RG7fpRy-soy_w&utm_medium=api&utm_source=abfa41a4&v=E36EBC7529D42A61FFE55BDEA9431BD555CFAB9A,2026-05-28T12:47:12Z,Adzuna::API::Response::Job,-80.28348,5743627659,Synchrony Financial,Adzuna::API::Response::Company,"['US', 'Florida', 'Miami-Dade County', 'Miami Springs']",Adzuna::API::Response::Location,"Miami Springs, Miami-Dade County",sales-jobs,Sales Jobs,Adzuna::API::Response::Category,,
Physical Therapist PRN - Acute Care,62810.25,"Hours of Work : Varies 8-5 Days Of Week : Regular weekdays & weekend requirement Work Shift : Job Description : Your Job: In this highly technical, fast-paced, and rewarding position, you'll collaborate with multidisciplinary team members to provide the very best care for patients. The Physical Therapist PRN responsibility is to render professional and technical physical therapy to assigned patients. Provides direct and indirect patient care using the Practice of Physical Therapy Act/Rules proc…",1,62810.25,eyJhbGciOiJIUzI1NiJ9.eyJzIjoiV08wOXFyWmE4Ukc3ZnBSeS1zb3lfdyIsImkiOiI1NzQzNjI3NjY4In0.NJolwdglApC8SqPTqGYETYHlU8HelOge1Jll_rGWr2Q,33.15855,https://www.adzuna.com/land/ad/5743627668?se=WO09qrZa8RG7fpRy-soy_w&utm_medium=api&utm_source=abfa41a4&v=7BF524F70425DC3C98C3F9FE7920F52D63E0F5FA,2026-05-28T12:47:12Z,Adzuna::API::Response::Job,-96.502266,5743627668,Methodist Health System,Adzuna::API::Response::Company,"['US', 'Texas', 'Collin County', 'Princeton']",Adzuna::API::Response::Location,"Princeton, Collin County",healthcare-nursing-jobs,Healthcare & Nursing Jobs,Adzuna::API::Response::Category,,
Physical Therapist PRN - Acute Care,48546.88,"Hours of Work : 8:00-4:30 Days Of Week : M-F as needed, with at least 2 weekend days per month (Saturday or Sunday) Work Shift : PRN (United States of America) Job Description : Your Job: In this highly technical, fast-paced, and rewarding position, you'll collaborate with multidisciplinary team members to provide the very best care for patients. The Physical Therapist PRN responsibility is to render professional and technical physical therapy to assigned patients. Provides direct and indirect …",1,48546.88,eyJhbGciOiJIUzI1NiJ9.eyJzIjoiV08wOXFyWmE4Ukc3ZnBSeS1zb3lfdyIsImkiOiI1NzQzNjI3Njc2In0.hiaB-m1_5nZ09Cy6PqMCGr867HTdR7jewp6guLHR44Y,32.942076,https://www.adzuna.com/land/ad/5743627676?se=WO09qrZa8RG7fpRy-soy_w&utm_medium=api&utm_source=abfa41a4&v=80902DD247180246844CABE8CABF548DDC0D6D8B,2026-05-28T12:47:12Z,Adzuna::API::Response::Job,-96.376923,5743627676,Methodist Health System,Adzuna::API::Response::Company,"['US', 'Texas', 'Rockwall County', 'Fate']",Adzuna::API::Response::Location,"Fate, Rockwall County",healthcare-nursing-jobs,Healthcare & Nursing Jobs,Adzuna::API::Response::Category,,
Weekend Physical Therapist PRN,73840.91,"Hours of Work : PRN Days Of Week : Varies (weekday and weekend availability) Work Shift : PRN (United States of America) Job Description : Your Job: In this highly technical, fast-paced, and rewarding position, you'll collaborate with multidisciplinary team members to provide the very best care for patients. The Physical Therapist PRN responsibility is to render professional and technical physical therapy to assigned patients. Provides direct and indirect patient care using the Practice of Phys…",1,73840.91,eyJhbGciOiJIUzI1NiJ9.eyJpIjoiNTc0MzYyNzY2OSIsInMiOiJXTzA5cXJaYThSRzdmcFJ5LXNveV93In0.eP62ZmNkQCCTSmxJVTJt7VIlEfFjqefJA-9Ae0lQtug,32.472339,https://www.adzuna.com/land/ad/5743627669?se=WO09qrZa8RG7fpRy-soy_w&utm_medium=api&utm_source=abfa41a4&v=CD23CEB32197AB055FD3CE1E81EB9F97837967BF,2026-05-28T12:47:12Z,Adzuna::API::Response::Job,-96.973258,5743627669,Methodist Health System,Adzuna::API::Response::Company,"['US', 'Texas', 'Ellis County', 'Midlothian']",Adzuna::API::Response::Location,"Midlothian, Ellis County",healthcare-nursing-jobs,Healthcare & Nursing Jobs,Adzuna::API::Response::Category,,
Physical Therapist PRN - Acute Care,53786.12,"Hours of Work : 8:00-4:30 Days Of Week : M-F as needed, with at least 2 weekend days per month (Saturday or Sunday) Work Shift : PRN (United States of America) Job Description : Your Job: In this highly technical, fast-paced, and rewarding position, you'll collaborate with multidisciplinary team members to provide the very best care for patients. The Physical Therapist PRN responsibility is to render professional and technical physical therapy to assigned patients. Provides direct and indirect …",1,53786.12,eyJhbGciOiJIUzI1NiJ9.eyJpIjoiNTc0MzYyNzY3OSIsInMiOiJXTzA5cXJaYThSRzdmcFJ5LXNveV93In0.IBiHlofN_aACngdfMKfMqJFRU-PZ95KTZ7QEzw6vx6M,32.618718,https://www.adzuna.com/land/ad/5743627679?se=WO09qrZa8RG7fpRy-soy_w&utm_medium=api&utm_source=abfa41a4&v=FEC34A41AD7A61554C28D4DA226AF85371C77DF2,2026-05-28T12:47:12Z,Adzuna::API::Response::Job,-96.783263,5743627679,Methodist Health System,Adzuna::API::Response::Company,"['US', 'Texas', 'Dallas', 'Lancaster']",Adzuna::API::Response::Location,"Lancaster, Dallas",healthcare-nursing-jobs,Healthcare & Nursing Jobs,Adzuna::API::Response::Category,,
Physical Therapist PRN - Acute Care,54541.61,"Hours of Work : 8:00-4:30 Days Of Week : M-F as needed, with at least 2 weekend days per month (Saturday or Sunday) Work Shift : PRN (United States of America) Job Description : Your Job: In this highly technical, fast-paced, and rewarding position, you'll collaborate with multidisciplinary team members to provide the very best care for patients. The Physical Therapist PRN responsibility is to render professional and technical physical therapy to assigned patients. Provides direct and indirect …",1,54541.61,eyJhbGciOiJIUzI1NiJ9.eyJzIjoiV08wOXFyWmE4Ukc3ZnBSeS1zb3lfdyIsImkiOiI1NzQzNjI3NjcwIn0.-Fm6oKW52PzDHz4goIbvrbRrvJqD-T2FbdNN6nl_09s,32.73246,https://www.adzuna.com/land/ad/5743627670?se=WO09qrZa8RG7fpRy-soy_w&utm_medium=api&utm_source=abfa41a4&v=5B73ACD9B980884B7CE793BE713AB005A00E8D14,2026-05-28T12:47:12Z,Adzuna::API::Response::Job,-96.44892,5743627670,Methodist Health System,Adzuna::API::Response::Company,"['US', 'Texas', 'Kaufman County', 'Heathridge']",Adzuna::API::Response::Location,"Heathridge, Kaufman County",healthcare-nursing-jobs,Healthcare & Nursing Jobs,Adzuna::API::Response::Category,,
Weekend Physical Therapist PRN,70404.07,"Hours of Work : PRN Days Of Week : Varies (weekday and weekend availability) Work Shift : PRN (United States of America) Job Description : Your Job: In this highly technical, fast-paced, and rewarding position, you'll collaborate with multidisciplinary team members to provide the very best care for patients. The Physical Therapist PRN responsibility is to render professional and technical physical therapy to assigned patients. Provides direct and indirect patient care using the Practice of Phys…",1,70404.07,eyJhbGciOiJIUzI1NiJ9.eyJpIjoiNTc0MzYyNzY2NCIsInMiOiJXTzA5cXJaYThSRzdmcFJ5LXNveV93In0.Vm3ziRlyYRJQHfNt18wPy3A44kcQdjpJFe_Q7Ts4aw8,32.436911,https://www.adzuna.com/land/ad/5743627664?se=WO09qrZa8RG7fpRy-soy_w&utm_medium=api&utm_source=abfa41a4&v=9E4C37490CC762F8CB0EE1A4D221F3C4D879B977,2026-05-28T12:47:12Z,Adzuna::API::Response::Job,-97.204239,5743627664,Methodist Health System,Adzuna::API::Response::Company,"['US', 'Texas', 'Johnson County', 'Alvarado']",Adzuna::API::Response::Location,"Alvarado, Johnson County",healthcare-nursing-jobs,Healthcare & Nursing Jobs,Adzuna::API::Response::Category,,
