salary_min,longitude,created,salary_max,salary_is_predicted,__CLASS__,redirect_url,description,title,latitude,adref,id,location.area,location.__CLASS__,location.display_name,company.display_name,company.__CLASS__,category.tag,category.__CLASS__,category.label,contract_time,contract_type
67687.89,-122.52204,2026-06-15T13:57:56Z,67687.89,1,Adzuna::API::Response::Job,https://www.adzuna.com/land/ad/5764524868?se=gkCz-eNo8RGjKJIWHOfiKg&utm_medium=api&utm_source=abfa41a4&v=F5A3FDB2D8E9C928D91420B187C15858F61BDE32,"Travel Rad Tech Company: Fusion Medical Staffing Location: Facility in Lakewood, Washington Job Details Fusion Medical Staffing is seeking a skilled Rad Tech for a 13-week travel assignment in Lakewood, Washington. As a member of our team, you'll have the opportunity to make a positive impact on the lives of patients while enjoying competitive pay, comprehensive benefits, and the support of a dedicated clinical team. Required Qualifications: One year's experience as Radiologic Technologist Curr…",Travel Radiologic Technologist,47.17488,eyJhbGciOiJIUzI1NiJ9.eyJzIjoiZ2tDei1lTm84UkdqS0pJV0hPZmlLZyIsImkiOiI1NzY0NTI0ODY4In0.FFrBEkeudco6jSKFRG5WdLovXnyctr8hvR6r4a1nWSQ,5764524868,"['US', 'Washington', 'Pierce County', 'Lakewood']",Adzuna::API::Response::Location,"Lakewood, Pierce County",Fusion Medical Staffing,Adzuna::API::Response::Company,healthcare-nursing-jobs,Adzuna::API::Response::Category,Healthcare & Nursing Jobs,,
71941.6,-81.22068,2026-06-15T13:57:55Z,71941.6,1,Adzuna::API::Response::Job,https://www.adzuna.com/land/ad/5764524867?se=gkCz-eNo8RGjKJIWHOfiKg&utm_medium=api&utm_source=abfa41a4&v=A3F8C94C7330DD2D105AF8BE37AE18DB8BB068BE,"Travel Rad Tech Company: Fusion Medical Staffing Location: Facility in Beckley, West Virginia Job Details Fusion Medical Staffing is seeking a skilled Rad Tech for a 13-week travel assignment in Beckley, West Virginia. As a member of our team, you'll have the opportunity to make a positive impact on the lives of patients while enjoying competitive pay, comprehensive benefits, and the support of a dedicated clinical team. Required Qualifications: One year's experience as Radiologic Technologist …",Travel Radiologic Technologist,37.80936,eyJhbGciOiJIUzI1NiJ9.eyJpIjoiNTc2NDUyNDg2NyIsInMiOiJna0N6LWVObzhSR2pLSklXSE9maUtnIn0.7tm6w-cIv6OMi974yiTPYDywiBdxPCJaKJd9N7P3zwQ,5764524867,"['US', 'West Virginia', 'Raleigh County', 'Prosperity']",Adzuna::API::Response::Location,"Prosperity, Raleigh County",Fusion Medical Staffing,Adzuna::API::Response::Company,healthcare-nursing-jobs,Adzuna::API::Response::Category,Healthcare & Nursing Jobs,,
32055.1,-88.83564,2026-06-15T13:57:32Z,32055.1,1,Adzuna::API::Response::Job,https://www.adzuna.com/land/ad/5764524858?se=gkCz-eNo8RGjKJIWHOfiKg&utm_medium=api&utm_source=abfa41a4&v=483093EA8638963417245CAC13C89A5C9511B4D5,"We. Are. OneStaff. Medical. An independently-owned, nationally-recognized and amazingly awesome staffing firm ready to work for you! A work ethic forged in the Midwest, we are here to stand by your side and help you find your dream assignment anywhere in this great country. We want the same like-minded, awesome candidates to travel with us. Be bold. Enjoy work again. Let us help. THE POSITION: Skilled Nurses work with complex wound dressings, rehabilitation, tube feedings or rapidly changing he…",Travel Registered Nurse RN Skilled Nursing,41.37612,eyJhbGciOiJIUzI1NiJ9.eyJzIjoiZ2tDei1lTm84UkdqS0pJV0hPZmlLZyIsImkiOiI1NzY0NTI0ODU4In0.qraM3A-DYfEmZV7hfUOGw5WSx9P45apumdjetXYBUGU,5764524858,"['US', 'Illinois', 'LaSalle County', 'Ottawa']",Adzuna::API::Response::Location,"Ottawa, LaSalle County",OneStaffMedical,Adzuna::API::Response::Company,healthcare-nursing-jobs,Adzuna::API::Response::Category,Healthcare & Nursing Jobs,,
70833.55,-83.223199,2026-06-15T13:57:19Z,70833.55,1,Adzuna::API::Response::Job,https://www.adzuna.com/land/ad/5764524842?se=gkCz-eNo8RGjKJIWHOfiKg&utm_medium=api&utm_source=abfa41a4&v=485353EDAD986B169BB5A2198ABC79100E25A9FA,"Take your CDL-A career further! Our drivers work hard to move, supply, and provide for America's favorite brands. Being reliable and dedicated to safety has defined our success as an industry leader for 130 years. Join McLane and discover the driving difference-we provide you with industry-leading pay, strong and secure client relationships, and get you home safely and more often. That's why our drivers build long-lasting careers with us. Benefits you can count on: Average Annual Income: CDL A …","CDL A Delivery Truck Driver - $5,000 Sign-On Bonus",32.597694,eyJhbGciOiJIUzI1NiJ9.eyJpIjoiNTc2NDUyNDg0MiIsInMiOiJna0N6LWVObzhSR2pLSklXSE9maUtnIn0.zr2R1MlTFvY43S6xZzwZ1TfOyZ71lvF6qz5SrKvYUVM,5764524842,"['US', 'Georgia', 'Wilkinson County', 'Allentown']",Adzuna::API::Response::Location,"Allentown, Wilkinson County","Mclane Company, Inc.",Adzuna::API::Response::Company,logistics-warehouse-jobs,Adzuna::API::Response::Category,Logistics & Warehouse Jobs,full_time,
70800.52,-83.048127,2026-06-15T13:57:19Z,70800.52,1,Adzuna::API::Response::Job,https://www.adzuna.com/land/ad/5764524853?se=gkCz-eNo8RGjKJIWHOfiKg&utm_medium=api&utm_source=abfa41a4&v=34FBE6E60EC26BA9972CEDB73EDA7B56999497D4,"Take your CDL-A career further! Our drivers work hard to move, supply, and provide for America's favorite brands. Being reliable and dedicated to safety has defined our success as an industry leader for 130 years. Join McLane and discover the driving difference-we provide you with industry-leading pay, strong and secure client relationships, and get you home safely and more often. That's why our drivers build long-lasting careers with us. Benefits you can count on: Average Annual Income: CDL A …","CDL A Delivery Truck Driver - $5,000 Sign-On Bonus",32.426729,eyJhbGciOiJIUzI1NiJ9.eyJzIjoiZ2tDei1lTm84UkdqS0pJV0hPZmlLZyIsImkiOiI1NzY0NTI0ODUzIn0.YRhCbSDlBH49kEAYsazFb8BdEQmtazIUMOMA4zjpDKU,5764524853,"['US', 'Georgia', 'Laurens County', 'Dexter']",Adzuna::API::Response::Location,"Dexter, Laurens County","Mclane Company, Inc.",Adzuna::API::Response::Company,logistics-warehouse-jobs,Adzuna::API::Response::Category,Logistics & Warehouse Jobs,full_time,
69302.58,-84.10557,2026-06-15T13:57:19Z,69302.58,1,Adzuna::API::Response::Job,https://www.adzuna.com/land/ad/5764524843?se=gkCz-eNo8RGjKJIWHOfiKg&utm_medium=api&utm_source=abfa41a4&v=B5882A4410508A298C6D43BAFEE1ED82C951325C,"Take your CDL-A career further! Our drivers work hard to move, supply, and provide for America's favorite brands. Being reliable and dedicated to safety has defined our success as an industry leader for 130 years. Join McLane and discover the driving difference-we provide you with industry-leading pay, strong and secure client relationships, and get you home safely and more often. That's why our drivers build long-lasting careers with us. Benefits you can count on: Average Annual Income: CDL A …","CDL A Delivery Truck Driver - $5,000 Sign-On Bonus",33.357524,eyJhbGciOiJIUzI1NiJ9.eyJpIjoiNTc2NDUyNDg0MyIsInMiOiJna0N6LWVObzhSR2pLSklXSE9maUtnIn0.z53Nws5eYhyeSwixPNAfH5be7LuygLSPg8uZ7u16YWU,5764524843,"['US', 'Georgia', 'Henry County', 'Locust Grove']",Adzuna::API::Response::Location,"Locust Grove, Henry County","Mclane Company, Inc.",Adzuna::API::Response::Company,logistics-warehouse-jobs,Adzuna::API::Response::Category,Logistics & Warehouse Jobs,full_time,
72639.77,-83.998169,2026-06-15T13:57:19Z,72639.77,1,Adzuna::API::Response::Job,https://www.adzuna.com/land/ad/5764524846?se=gkCz-eNo8RGjKJIWHOfiKg&utm_medium=api&utm_source=abfa41a4&v=81C0BA1248F7A860008F4D1A9E77F86F80E1C85D,"Take your CDL-A career further! Our drivers work hard to move, supply, and provide for America's favorite brands. Being reliable and dedicated to safety has defined our success as an industry leader for 130 years. Join McLane and discover the driving difference-we provide you with industry-leading pay, strong and secure client relationships, and get you home safely and more often. That's why our drivers build long-lasting careers with us. Benefits you can count on: Average Annual Income: CDL A …","CDL A Delivery Truck Driver - $5,000 Sign-On Bonus",32.296118,eyJhbGciOiJIUzI1NiJ9.eyJzIjoiZ2tDei1lTm84UkdqS0pJV0hPZmlLZyIsImkiOiI1NzY0NTI0ODQ2In0.Sc70IKZ3LVs2pvBSC7pXpUffFPf1G17WxjkTRBVSF98,5764524846,"['US', 'Georgia', 'Macon County', 'Montezuma']",Adzuna::API::Response::Location,"Montezuma, Macon County","Mclane Company, Inc.",Adzuna::API::Response::Company,logistics-warehouse-jobs,Adzuna::API::Response::Category,Logistics & Warehouse Jobs,full_time,
73900.51,-83.906563,2026-06-15T13:57:19Z,73900.51,1,Adzuna::API::Response::Job,https://www.adzuna.com/land/ad/5764524844?se=gkCz-eNo8RGjKJIWHOfiKg&utm_medium=api&utm_source=abfa41a4&v=BC5DB965A17784E942FB0BF7E99C5F16CEE4AB09,"Take your CDL-A career further! Our drivers work hard to move, supply, and provide for America's favorite brands. Being reliable and dedicated to safety has defined our success as an industry leader for 130 years. Join McLane and discover the driving difference-we provide you with industry-leading pay, strong and secure client relationships, and get you home safely and more often. That's why our drivers build long-lasting careers with us. Benefits you can count on: Average Annual Income: CDL A …","CDL A Delivery Truck Driver - $5,000 Sign-On Bonus",32.209932,eyJhbGciOiJIUzI1NiJ9.eyJpIjoiNTc2NDUyNDg0NCIsInMiOiJna0N6LWVObzhSR2pLSklXSE9maUtnIn0.KqYSiS1hz2wUheIO7YInc85XQhho2jedKoS24w80yW4,5764524844,"['US', 'Georgia', 'Dooly County', 'Byromville']",Adzuna::API::Response::Location,"Byromville, Dooly County","Mclane Company, Inc.",Adzuna::API::Response::Company,logistics-warehouse-jobs,Adzuna::API::Response::Category,Logistics & Warehouse Jobs,full_time,
71739.35,-83.87773,2026-06-15T13:57:19Z,71739.35,1,Adzuna::API::Response::Job,https://www.adzuna.com/land/ad/5764524847?se=gkCz-eNo8RGjKJIWHOfiKg&utm_medium=api&utm_source=abfa41a4&v=25C766B9ECAB07F6CCF20C23825DC04A15FBABE6,"Take your CDL-A career further! Our drivers work hard to move, supply, and provide for America's favorite brands. Being reliable and dedicated to safety has defined our success as an industry leader for 130 years. Join McLane and discover the driving difference-we provide you with industry-leading pay, strong and secure client relationships, and get you home safely and more often. That's why our drivers build long-lasting careers with us. Benefits you can count on: Average Annual Income: CDL A …","CDL A Delivery Truck Driver - $5,000 Sign-On Bonus",32.1469,eyJhbGciOiJIUzI1NiJ9.eyJpIjoiNTc2NDUyNDg0NyIsInMiOiJna0N6LWVObzhSR2pLSklXSE9maUtnIn0.ozZDqgFQ9RoSILwDnzXTDMZiji4f-JEX3j7fMrtV_tM,5764524847,"['US', 'Georgia', 'Dooly County', 'Lilly']",Adzuna::API::Response::Location,"Lilly, Dooly County","Mclane Company, Inc.",Adzuna::API::Response::Company,logistics-warehouse-jobs,Adzuna::API::Response::Category,Logistics & Warehouse Jobs,full_time,
74433.61,-83.637528,2026-06-15T13:57:19Z,74433.61,1,Adzuna::API::Response::Job,https://www.adzuna.com/land/ad/5764524845?se=gkCz-eNo8RGjKJIWHOfiKg&utm_medium=api&utm_source=abfa41a4&v=36C3F53868DE61D2E37103747653A97181782213,"Take your CDL-A career further! Our drivers work hard to move, supply, and provide for America's favorite brands. Being reliable and dedicated to safety has defined our success as an industry leader for 130 years. Join McLane and discover the driving difference-we provide you with industry-leading pay, strong and secure client relationships, and get you home safely and more often. That's why our drivers build long-lasting careers with us. Benefits you can count on: Average Annual Income: CDL A …","CDL A Delivery Truck Driver - $5,000 Sign-On Bonus",33.163817,eyJhbGciOiJIUzI1NiJ9.eyJzIjoiZ2tDei1lTm84UkdqS0pJV0hPZmlLZyIsImkiOiI1NzY0NTI0ODQ1In0.4SBKmklTkkonq-5SCxqev4hQT4GuyC-0uUz9S5O8J6s,5764524845,"['US', 'Georgia', 'Jasper County', 'Hillsboro']",Adzuna::API::Response::Location,"Hillsboro, Jasper County","Mclane Company, Inc.",Adzuna::API::Response::Company,logistics-warehouse-jobs,Adzuna::API::Response::Category,Logistics & Warehouse Jobs,full_time,
73517.34,-83.215477,2026-06-15T13:57:19Z,73517.34,1,Adzuna::API::Response::Job,https://www.adzuna.com/land/ad/5764524851?se=gkCz-eNo8RGjKJIWHOfiKg&utm_medium=api&utm_source=abfa41a4&v=C38E7E28D06186A90219D4BF5E5B08B0FFDD4AE5,"Take your CDL-A career further! Our drivers work hard to move, supply, and provide for America's favorite brands. Being reliable and dedicated to safety has defined our success as an industry leader for 130 years. Join McLane and discover the driving difference-we provide you with industry-leading pay, strong and secure client relationships, and get you home safely and more often. That's why our drivers build long-lasting careers with us. Benefits you can count on: Average Annual Income: CDL A …","CDL A Delivery Truck Driver - $5,000 Sign-On Bonus",33.050919,eyJhbGciOiJIUzI1NiJ9.eyJzIjoiZ2tDei1lTm84UkdqS0pJV0hPZmlLZyIsImkiOiI1NzY0NTI0ODUxIn0.oinj7UtBMNku5zWebpTaJ0t1KMGDCm2RVnGOqA8NOy8,5764524851,"['US', 'Georgia', 'Baldwin County', 'Hardwick']",Adzuna::API::Response::Location,"Hardwick, Baldwin County","Mclane Company, Inc.",Adzuna::API::Response::Company,logistics-warehouse-jobs,Adzuna::API::Response::Category,Logistics & Warehouse Jobs,full_time,
75296.07,-84.268867,2026-06-15T13:57:18Z,75296.07,1,Adzuna::API::Response::Job,https://www.adzuna.com/land/ad/5764524831?se=gkCz-eNo8RGjKJIWHOfiKg&utm_medium=api&utm_source=abfa41a4&v=E5FE9BCF88702A9F8B33ED24B5F364B246294592,"Take your CDL-A career further! Our drivers work hard to move, supply, and provide for America's favorite brands. Being reliable and dedicated to safety has defined our success as an industry leader for 130 years. Join McLane and discover the driving difference-we provide you with industry-leading pay, strong and secure client relationships, and get you home safely and more often. That's why our drivers build long-lasting careers with us. Benefits you can count on: Average Annual Income: CDL A …","CDL A Delivery Truck Driver - $5,000 Sign-On Bonus",32.422432,eyJhbGciOiJIUzI1NiJ9.eyJpIjoiNTc2NDUyNDgzMSIsInMiOiJna0N6LWVObzhSR2pLSklXSE9maUtnIn0.EZzw_xg8TcKSj6nVQ3Ltb5vOxUSnQZFZtkoyx114sVc,5764524831,"['US', 'Georgia', 'Macon County', 'Ideal']",Adzuna::API::Response::Location,"Ideal, Macon County","Mclane Company, Inc.",Adzuna::API::Response::Company,logistics-warehouse-jobs,Adzuna::API::Response::Category,Logistics & Warehouse Jobs,full_time,
71102.98,-84.384705,2026-06-15T13:57:18Z,71102.98,1,Adzuna::API::Response::Job,https://www.adzuna.com/land/ad/5764524839?se=gkCz-eNo8RGjKJIWHOfiKg&utm_medium=api&utm_source=abfa41a4&v=0DDDD98FCA90D40AE03484D18CE911EF36EB7C97,"Take your CDL-A career further! Our drivers work hard to move, supply, and provide for America's favorite brands. Being reliable and dedicated to safety has defined our success as an industry leader for 130 years. Join McLane and discover the driving difference-we provide you with industry-leading pay, strong and secure client relationships, and get you home safely and more often. That's why our drivers build long-lasting careers with us. Benefits you can count on: Average Annual Income: CDL A …","CDL A Delivery Truck Driver - $5,000 Sign-On Bonus",32.596118,eyJhbGciOiJIUzI1NiJ9.eyJpIjoiNTc2NDUyNDgzOSIsInMiOiJna0N6LWVObzhSR2pLSklXSE9maUtnIn0.irYNM27nw3R1D8xFXGsm6I0IJTOVMJAB0Cacu5fmYf4,5764524839,"['US', 'Georgia', 'Talbot County', 'Junction']",Adzuna::API::Response::Location,"Junction, Talbot County","Mclane Company, Inc.",Adzuna::API::Response::Company,logistics-warehouse-jobs,Adzuna::API::Response::Category,Logistics & Warehouse Jobs,full_time,
76926.49,-84.158022,2026-06-15T13:57:18Z,76926.49,1,Adzuna::API::Response::Job,https://www.adzuna.com/land/ad/5764524838?se=gkCz-eNo8RGjKJIWHOfiKg&utm_medium=api&utm_source=abfa41a4&v=EB4FB9D426C119063AA5249ED0B994E5C3ED12B1,"Take your CDL-A career further! Our drivers work hard to move, supply, and provide for America's favorite brands. Being reliable and dedicated to safety has defined our success as an industry leader for 130 years. Join McLane and discover the driving difference-we provide you with industry-leading pay, strong and secure client relationships, and get you home safely and more often. That's why our drivers build long-lasting careers with us. Benefits you can count on: Average Annual Income: CDL A …","CDL A Delivery Truck Driver - $5,000 Sign-On Bonus",32.915156,eyJhbGciOiJIUzI1NiJ9.eyJpIjoiNTc2NDUyNDgzOCIsInMiOiJna0N6LWVObzhSR2pLSklXSE9maUtnIn0.5AmnvQc4RsNhV1oNX3SkYaqc2tVj__DBamxwH_eUjQM,5764524838,"['US', 'Georgia', 'Upson County', 'Yatesville']",Adzuna::API::Response::Location,"Yatesville, Upson County","Mclane Company, Inc.",Adzuna::API::Response::Company,logistics-warehouse-jobs,Adzuna::API::Response::Category,Logistics & Warehouse Jobs,full_time,
70168.59,-83.16667,2026-06-15T13:57:18Z,70168.59,1,Adzuna::API::Response::Job,https://www.adzuna.com/land/ad/5764524829?se=gkCz-eNo8RGjKJIWHOfiKg&utm_medium=api&utm_source=abfa41a4&v=F28CF6601983AD52A61750ABABB0B75EE8C6D4FE,"Take your CDL-A career further! Our drivers work hard to move, supply, and provide for America's favorite brands. Being reliable and dedicated to safety has defined our success as an industry leader for 130 years. Join McLane and discover the driving difference-we provide you with industry-leading pay, strong and secure client relationships, and get you home safely and more often. That's why our drivers build long-lasting careers with us. Benefits you can count on: Average Annual Income: CDL A …","CDL A Delivery Truck Driver - $5,000 Sign-On Bonus",32.400503,eyJhbGciOiJIUzI1NiJ9.eyJpIjoiNTc2NDUyNDgyOSIsInMiOiJna0N6LWVObzhSR2pLSklXSE9maUtnIn0.PuLaNHNPwu_dwqNE-cIaxwgoy9RoPCYDG0JKtc9ZNI8,5764524829,"['US', 'Georgia', 'Dodge County', 'Chester']",Adzuna::API::Response::Location,"Chester, Dodge County","Mclane Company, Inc.",Adzuna::API::Response::Company,logistics-warehouse-jobs,Adzuna::API::Response::Category,Logistics & Warehouse Jobs,full_time,
73447.05,-83.731197,2026-06-15T13:57:18Z,73447.05,1,Adzuna::API::Response::Job,https://www.adzuna.com/land/ad/5764524833?se=gkCz-eNo8RGjKJIWHOfiKg&utm_medium=api&utm_source=abfa41a4&v=CBBDB245F84B49A4D293E2E6596EC049B649EE16,"Take your CDL-A career further! Our drivers work hard to move, supply, and provide for America's favorite brands. Being reliable and dedicated to safety has defined our success as an industry leader for 130 years. Join McLane and discover the driving difference-we provide you with industry-leading pay, strong and secure client relationships, and get you home safely and more often. That's why our drivers build long-lasting careers with us. Benefits you can count on: Average Annual Income: CDL A …","CDL A Delivery Truck Driver - $5,000 Sign-On Bonus",33.329385,eyJhbGciOiJIUzI1NiJ9.eyJzIjoiZ2tDei1lTm84UkdqS0pJV0hPZmlLZyIsImkiOiI1NzY0NTI0ODMzIn0.4S77b0cZWR39ugRuqILZqF3oVJjQipnRq56NCKsVIuI,5764524833,"['US', 'Georgia', 'Jasper County', 'Monticello']",Adzuna::API::Response::Location,"Monticello, Jasper County","Mclane Company, Inc.",Adzuna::API::Response::Company,logistics-warehouse-jobs,Adzuna::API::Response::Category,Logistics & Warehouse Jobs,full_time,
73392.78,-83.978035,2026-06-15T13:57:18Z,73392.78,1,Adzuna::API::Response::Job,https://www.adzuna.com/land/ad/5764524837?se=gkCz-eNo8RGjKJIWHOfiKg&utm_medium=api&utm_source=abfa41a4&v=83D3FD716F9301D29F0F2E7705AC19FCC2898123,"Take your CDL-A career further! Our drivers work hard to move, supply, and provide for America's favorite brands. Being reliable and dedicated to safety has defined our success as an industry leader for 130 years. Join McLane and discover the driving difference-we provide you with industry-leading pay, strong and secure client relationships, and get you home safely and more often. That's why our drivers build long-lasting careers with us. Benefits you can count on: Average Annual Income: CDL A …","CDL A Delivery Truck Driver - $5,000 Sign-On Bonus",33.290906,eyJhbGciOiJIUzI1NiJ9.eyJpIjoiNTc2NDUyNDgzNyIsInMiOiJna0N6LWVObzhSR2pLSklXSE9maUtnIn0.wZH-imIJDpKtpRq_X_BlRjMmhrb36i0GWmoCpRlgLbY,5764524837,"['US', 'Georgia', 'Butts County', 'Jackson']",Adzuna::API::Response::Location,"Jackson, Butts County","Mclane Company, Inc.",Adzuna::API::Response::Company,logistics-warehouse-jobs,Adzuna::API::Response::Category,Logistics & Warehouse Jobs,full_time,
70778.45,-83.090578,2026-06-15T13:57:18Z,70778.45,1,Adzuna::API::Response::Job,https://www.adzuna.com/land/ad/5764524830?se=gkCz-eNo8RGjKJIWHOfiKg&utm_medium=api&utm_source=abfa41a4&v=DAB50E67C7BABBB927F57718AE355ABA643A1498,"Take your CDL-A career further! Our drivers work hard to move, supply, and provide for America's favorite brands. Being reliable and dedicated to safety has defined our success as an industry leader for 130 years. Join McLane and discover the driving difference-we provide you with industry-leading pay, strong and secure client relationships, and get you home safely and more often. That's why our drivers build long-lasting careers with us. Benefits you can count on: Average Annual Income: CDL A …","CDL A Delivery Truck Driver - $5,000 Sign-On Bonus",32.526969,eyJhbGciOiJIUzI1NiJ9.eyJpIjoiNTc2NDUyNDgzMCIsInMiOiJna0N6LWVObzhSR2pLSklXSE9maUtnIn0.IJVzNQuX02zXLcIHZRr9z4ultoYnTWwJegSP7RN_kv0,5764524830,"['US', 'Georgia', 'Laurens County', 'Dudley']",Adzuna::API::Response::Location,"Dudley, Laurens County","Mclane Company, Inc.",Adzuna::API::Response::Company,logistics-warehouse-jobs,Adzuna::API::Response::Category,Logistics & Warehouse Jobs,full_time,
71700.71,-83.231225,2026-06-15T13:57:18Z,71700.71,1,Adzuna::API::Response::Job,https://www.adzuna.com/land/ad/5764524825?se=gkCz-eNo8RGjKJIWHOfiKg&utm_medium=api&utm_source=abfa41a4&v=622A2FE14961788B62C5F1B25B80B7B7ED83F4C5,"Take your CDL-A career further! Our drivers work hard to move, supply, and provide for America's favorite brands. Being reliable and dedicated to safety has defined our success as an industry leader for 130 years. Join McLane and discover the driving difference-we provide you with industry-leading pay, strong and secure client relationships, and get you home safely and more often. That's why our drivers build long-lasting careers with us. Benefits you can count on: Average Annual Income: CDL A …","CDL A Delivery Truck Driver - $5,000 Sign-On Bonus",33.085181,eyJhbGciOiJIUzI1NiJ9.eyJpIjoiNTc2NDUyNDgyNSIsInMiOiJna0N6LWVObzhSR2pLSklXSE9maUtnIn0.gv8OrzSBGBKEc1aNaNNfkqeoFjdzaVtbH7VJiWMl3SM,5764524825,"['US', 'Georgia', 'Baldwin County', 'Milledgeville']",Adzuna::API::Response::Location,"Milledgeville, Baldwin County","Mclane Company, Inc.",Adzuna::API::Response::Company,logistics-warehouse-jobs,Adzuna::API::Response::Category,Logistics & Warehouse Jobs,full_time,
71608.45,-83.795257,2026-06-15T13:57:18Z,71608.45,1,Adzuna::API::Response::Job,https://www.adzuna.com/land/ad/5764524826?se=gkCz-eNo8RGjKJIWHOfiKg&utm_medium=api&utm_source=abfa41a4&v=81CBA4B2E202433FF84A23918B749079B24F602C,"Take your CDL-A career further! Our drivers work hard to move, supply, and provide for America's favorite brands. Being reliable and dedicated to safety has defined our success as an industry leader for 130 years. Join McLane and discover the driving difference-we provide you with industry-leading pay, strong and secure client relationships, and get you home safely and more often. That's why our drivers build long-lasting careers with us. Benefits you can count on: Average Annual Income: CDL A …","CDL A Delivery Truck Driver - $5,000 Sign-On Bonus",32.092475,eyJhbGciOiJIUzI1NiJ9.eyJzIjoiZ2tDei1lTm84UkdqS0pJV0hPZmlLZyIsImkiOiI1NzY0NTI0ODI2In0.apNsIjI1bX6wSyBpY527nr2ZoqpMuu9zbJH77jheiiU,5764524826,"['US', 'Georgia', 'Dooly County', 'Vienna']",Adzuna::API::Response::Location,"Vienna, Dooly County","Mclane Company, Inc.",Adzuna::API::Response::Company,logistics-warehouse-jobs,Adzuna::API::Response::Category,Logistics & Warehouse Jobs,full_time,
87100.33,-83.784,2026-06-15T13:57:18Z,87100.33,1,Adzuna::API::Response::Job,https://www.adzuna.com/land/ad/5764524828?se=gkCz-eNo8RGjKJIWHOfiKg&utm_medium=api&utm_source=abfa41a4&v=390D002B71624452174A2BCB2C2AAB5DF45C86B4,"Take your CDL-A career further! Our drivers work hard to move, supply, and provide for America's favorite brands. Being reliable and dedicated to safety has defined our success as an industry leader for 130 years. Join McLane and discover the driving difference-we provide you with industry-leading pay, strong and secure client relationships, and get you home safely and more often. That's why our drivers build long-lasting careers with us. Benefits you can count on: Average Annual Income: CDL A …","CDL A Delivery Truck Driver - $5,000 Sign-On Bonus",31.95288,eyJhbGciOiJIUzI1NiJ9.eyJpIjoiNTc2NDUyNDgyOCIsInMiOiJna0N6LWVObzhSR2pLSklXSE9maUtnIn0.yjRzzfbxmXBXMmKkV9w7JDpPJBURQ5WjB8xq3RE5lVg,5764524828,"['US', 'Georgia', 'Crisp County', 'Cordele']",Adzuna::API::Response::Location,"Cordele, Crisp County","Mclane Company, Inc.",Adzuna::API::Response::Company,logistics-warehouse-jobs,Adzuna::API::Response::Category,Logistics & Warehouse Jobs,full_time,
80064.31,-84.086757,2026-06-15T13:57:18Z,80064.31,1,Adzuna::API::Response::Job,https://www.adzuna.com/land/ad/5764524834?se=gkCz-eNo8RGjKJIWHOfiKg&utm_medium=api&utm_source=abfa41a4&v=A3744C1C34E5684CAB474B23CB1CCEF1A3D0480D,"Take your CDL-A career further! Our drivers work hard to move, supply, and provide for America's favorite brands. Being reliable and dedicated to safety has defined our success as an industry leader for 130 years. Join McLane and discover the driving difference-we provide you with industry-leading pay, strong and secure client relationships, and get you home safely and more often. That's why our drivers build long-lasting careers with us. Benefits you can count on: Average Annual Income: CDL A …","CDL A Delivery Truck Driver - $5,000 Sign-On Bonus",32.288181,eyJhbGciOiJIUzI1NiJ9.eyJpIjoiNTc2NDUyNDgzNCIsInMiOiJna0N6LWVObzhSR2pLSklXSE9maUtnIn0.tDetb1CfVLECIHmwwZOT6TMlyo4Hp3k7fYEC6R8B7W0,5764524834,"['US', 'Georgia', 'Macon County', 'Ogelthorpe']",Adzuna::API::Response::Location,"Ogelthorpe, Macon County","Mclane Company, Inc.",Adzuna::API::Response::Company,logistics-warehouse-jobs,Adzuna::API::Response::Category,Logistics & Warehouse Jobs,full_time,
72723.16,-83.184393,2026-06-15T13:57:18Z,72723.16,1,Adzuna::API::Response::Job,https://www.adzuna.com/land/ad/5764524832?se=gkCz-eNo8RGjKJIWHOfiKg&utm_medium=api&utm_source=abfa41a4&v=AAD3F6E36A7811898F72481E74EDE1AACE0F10BB,"Take your CDL-A career further! Our drivers work hard to move, supply, and provide for America's favorite brands. Being reliable and dedicated to safety has defined our success as an industry leader for 130 years. Join McLane and discover the driving difference-we provide you with industry-leading pay, strong and secure client relationships, and get you home safely and more often. That's why our drivers build long-lasting careers with us. Benefits you can count on: Average Annual Income: CDL A …","CDL A Delivery Truck Driver - $5,000 Sign-On Bonus",32.797943,eyJhbGciOiJIUzI1NiJ9.eyJzIjoiZ2tDei1lTm84UkdqS0pJV0hPZmlLZyIsImkiOiI1NzY0NTI0ODMyIn0.8klat_wgghsFVvi6L8edLmzXb44ce2JId9zpGiQCEe8,5764524832,"['US', 'Georgia', 'Wilkinson County', 'Irwinton']",Adzuna::API::Response::Location,"Irwinton, Wilkinson County","Mclane Company, Inc.",Adzuna::API::Response::Company,logistics-warehouse-jobs,Adzuna::API::Response::Category,Logistics & Warehouse Jobs,full_time,
75451.55,-84.190298,2026-06-15T13:57:18Z,75451.55,1,Adzuna::API::Response::Job,https://www.adzuna.com/land/ad/5764524827?se=gkCz-eNo8RGjKJIWHOfiKg&utm_medium=api&utm_source=abfa41a4&v=56CF1BC44147F675DCE17FC39C60BD6AFB6C9FFD,"Take your CDL-A career further! Our drivers work hard to move, supply, and provide for America's favorite brands. Being reliable and dedicated to safety has defined our success as an industry leader for 130 years. Join McLane and discover the driving difference-we provide you with industry-leading pay, strong and secure client relationships, and get you home safely and more often. That's why our drivers build long-lasting careers with us. Benefits you can count on: Average Annual Income: CDL A …","CDL A Delivery Truck Driver - $5,000 Sign-On Bonus",33.142037,eyJhbGciOiJIUzI1NiJ9.eyJzIjoiZ2tDei1lTm84UkdqS0pJV0hPZmlLZyIsImkiOiI1NzY0NTI0ODI3In0.Q-wJ-yS4w1g4ywnCYnocJrx3JJCkiSOi6NYzN1Z82oA,5764524827,"['US', 'Georgia', 'Lamar County', 'Milner']",Adzuna::API::Response::Location,"Milner, Lamar County","Mclane Company, Inc.",Adzuna::API::Response::Company,logistics-warehouse-jobs,Adzuna::API::Response::Category,Logistics & Warehouse Jobs,full_time,
34183.55,-81.545172,2026-06-15T13:57:14Z,34183.55,1,Adzuna::API::Response::Job,https://www.adzuna.com/land/ad/5764524824?se=gkCz-eNo8RGjKJIWHOfiKg&utm_medium=api&utm_source=abfa41a4&v=F8C7546E0B2E285745EDE7540B0E59080E6F140A,"Travel PACU RN Company: Fusion Medical Staffing Location: Facility in Akron, Ohio Job Details Fusion Medical Staffing is seeking a skilled PACU RN for a 13-week travel assignment in Akron, Ohio. As a member of our team, you'll have the opportunity to make a positive impact on the lives of patients while enjoying competitive pay, comprehensive benefits, and the support of a dedicated clinical team. Required Qualifications: One year of recent experience as a PACU RN Valid RN license in compliance…",Travel PACU RN,41.070097,eyJhbGciOiJIUzI1NiJ9.eyJzIjoiZ2tDei1lTm84UkdqS0pJV0hPZmlLZyIsImkiOiI1NzY0NTI0ODI0In0.SexdTEuVWjUnzMoQ7atDte4ai2v8WJyZnWkO7I4XsTs,5764524824,"['US', 'Ohio', 'Summit County', 'West Akron']",Adzuna::API::Response::Location,"West Akron, Summit County",Fusion Medical Staffing,Adzuna::API::Response::Company,healthcare-nursing-jobs,Adzuna::API::Response::Category,Healthcare & Nursing Jobs,,
36876.34,-77.62513,2026-06-15T13:57:14Z,36876.34,1,Adzuna::API::Response::Job,https://www.adzuna.com/land/ad/5764524820?se=gkCz-eNo8RGjKJIWHOfiKg&utm_medium=api&utm_source=abfa41a4&v=79E42933BEF6BA7BC1072FAAD48C1AC91F38F65A,"Travel PACU RN Company: Fusion Medical Staffing Location: Facility in Rochester, New York Job Details Fusion Medical Staffing is seeking a skilled PACU RN for a 13-week travel assignment in Rochester, New York. As a member of our team, you'll have the opportunity to make a positive impact on the lives of patients while enjoying competitive pay, comprehensive benefits, and the support of a dedicated clinical team. Required Qualifications: One year of recent experience as a PACU RN Valid RN licen…",Travel PACU RN,43.12182,eyJhbGciOiJIUzI1NiJ9.eyJpIjoiNTc2NDUyNDgyMCIsInMiOiJna0N6LWVObzhSR2pLSklXSE9maUtnIn0.1ly0KRRTD4mHh74DZs-1EtAHhpnq-JE_TuFA4ITU__E,5764524820,"['US', 'New York', 'Monroe County', 'Loehmanns Plaza']",Adzuna::API::Response::Location,"Loehmanns Plaza, Monroe County",Fusion Medical Staffing,Adzuna::API::Response::Company,healthcare-nursing-jobs,Adzuna::API::Response::Category,Healthcare & Nursing Jobs,,
33569.63,-73.841571,2026-06-15T13:57:14Z,33569.63,1,Adzuna::API::Response::Job,https://www.adzuna.com/land/ad/5764524821?se=gkCz-eNo8RGjKJIWHOfiKg&utm_medium=api&utm_source=abfa41a4&v=2D716D1D18B5AFE8A167801784D6509B56F8E066,"Travel PACU RN Company: Fusion Medical Staffing Location: Facility in Pelham Bay, New York Job Details Fusion Medical Staffing is seeking a skilled PACU RN for a 13-week travel assignment in Pelham Bay, New York. As a member of our team, you'll have the opportunity to make a positive impact on the lives of patients while enjoying competitive pay, comprehensive benefits, and the support of a dedicated clinical team. Required Qualifications: One year of recent experience as a PACU RN Valid RN lic…",Travel PACU RN,40.844934,eyJhbGciOiJIUzI1NiJ9.eyJpIjoiNTc2NDUyNDgyMSIsInMiOiJna0N6LWVObzhSR2pLSklXSE9maUtnIn0.AUXLckXZeQH-Ej99uVZ51S1S0_pCtSrFnhD1JcW1r0Y,5764524821,"['US', 'New York', 'New York City', 'Bronx', 'Pilgrim']",Adzuna::API::Response::Location,"Pilgrim, Bronx",Fusion Medical Staffing,Adzuna::API::Response::Company,healthcare-nursing-jobs,Adzuna::API::Response::Category,Healthcare & Nursing Jobs,,
37391.39,-123.821153,2026-06-15T13:57:13Z,37391.39,1,Adzuna::API::Response::Job,https://www.adzuna.com/land/ad/5764524815?se=gkCz-eNo8RGjKJIWHOfiKg&utm_medium=api&utm_source=abfa41a4&v=8BA8A2E816AF7315E9706DB6774BF69B58E6878B,"Travel ER RN Company: Fusion Medical Staffing Location: Facility in Aberdeen, Washington Job Details Fusion Medical Staffing is seeking a skilled ER RN for a 13-week travel assignment in Aberdeen, Washington. As a member of our team, you'll have the opportunity to make a positive impact on the lives of patients while enjoying competitive pay, comprehensive benefits, and the support of a dedicated clinical team. Required Qualifications: One year of recent experience as an ER RN Valid RN license …",Travel ER RN,46.969107,eyJhbGciOiJIUzI1NiJ9.eyJzIjoiZ2tDei1lTm84UkdqS0pJV0hPZmlLZyIsImkiOiI1NzY0NTI0ODE1In0.kKeFSw_vkGDKBWUns-vkUArW3__yyWXwKA-MF7JE_HY,5764524815,"['US', 'Washington', 'Grays Harbor County', 'Bench Drive']",Adzuna::API::Response::Location,"Bench Drive, Grays Harbor County",Fusion Medical Staffing,Adzuna::API::Response::Company,healthcare-nursing-jobs,Adzuna::API::Response::Category,Healthcare & Nursing Jobs,,
33157.98,-89.114086,2026-06-15T13:57:13Z,33157.98,1,Adzuna::API::Response::Job,https://www.adzuna.com/land/ad/5764524813?se=gkCz-eNo8RGjKJIWHOfiKg&utm_medium=api&utm_source=abfa41a4&v=AFDC855F37E8E5CE1B1C9D405AF2CE5C12644894,"Travel ER RN Company: Fusion Medical Staffing Location: Facility in Waupaca, Wisconsin Job Details Fusion Medical Staffing is seeking a skilled ER RN for a 13-week travel assignment in Waupaca, Wisconsin. As a member of our team, you'll have the opportunity to make a positive impact on the lives of patients while enjoying competitive pay, comprehensive benefits, and the support of a dedicated clinical team. Required Qualifications: One year of recent experience as an ER RN Valid RN license in c…",Travel ER RN,44.338218,eyJhbGciOiJIUzI1NiJ9.eyJpIjoiNTc2NDUyNDgxMyIsInMiOiJna0N6LWVObzhSR2pLSklXSE9maUtnIn0.WWUuMAGXHI3o73NHBeq4EfMDRXLAhKlJRWHdkocz5l8,5764524813,"['US', 'Wisconsin', 'Waupaca County', 'Waupaca']",Adzuna::API::Response::Location,"Waupaca, Waupaca County",Fusion Medical Staffing,Adzuna::API::Response::Company,healthcare-nursing-jobs,Adzuna::API::Response::Category,Healthcare & Nursing Jobs,,
32611.89,-97.708694,2026-06-15T13:57:13Z,32611.89,1,Adzuna::API::Response::Job,https://www.adzuna.com/land/ad/5764524811?se=gkCz-eNo8RGjKJIWHOfiKg&utm_medium=api&utm_source=abfa41a4&v=E0D36A47489256671C3508873B95267BF80FAFBA,"Travel ER RN Company: Fusion Medical Staffing Location: Facility in Austin, Texas Job Details Fusion Medical Staffing is seeking a skilled ER RN for a 13-week travel assignment in Austin, Texas. As a member of our team, you'll have the opportunity to make a positive impact on the lives of patients while enjoying competitive pay, comprehensive benefits, and the support of a dedicated clinical team. Required Qualifications: One year of recent experience as an ER RN Valid RN license in compliance …",Travel ER RN,30.377566,eyJhbGciOiJIUzI1NiJ9.eyJpIjoiNTc2NDUyNDgxMSIsInMiOiJna0N6LWVObzhSR2pLSklXSE9maUtnIn0.f1W2T0Ydl6qUvqljxS_f_RQwTU3r6P29lETIlPvs6Ec,5764524811,"['US', 'Texas', 'Travis County', 'Balcones']",Adzuna::API::Response::Location,"Balcones, Travis County",Fusion Medical Staffing,Adzuna::API::Response::Company,healthcare-nursing-jobs,Adzuna::API::Response::Category,Healthcare & Nursing Jobs,,
31398.85,-84.477487,2026-06-15T13:57:13Z,31398.85,1,Adzuna::API::Response::Job,https://www.adzuna.com/land/ad/5764524816?se=gkCz-eNo8RGjKJIWHOfiKg&utm_medium=api&utm_source=abfa41a4&v=C36E9EA7CC253D72FB223AA21EADC276C5068C9F,"Travel ER RN Company: Fusion Medical Staffing Location: Facility in Cheboygan, Michigan Job Details Fusion Medical Staffing is seeking a skilled ER RN for a 13-week travel assignment in Cheboygan, Michigan. As a member of our team, you'll have the opportunity to make a positive impact on the lives of patients while enjoying competitive pay, comprehensive benefits, and the support of a dedicated clinical team. Required Qualifications: One year of recent experience as an ER RN Valid RN license in…",Travel ER RN,45.604833,eyJhbGciOiJIUzI1NiJ9.eyJpIjoiNTc2NDUyNDgxNiIsInMiOiJna0N6LWVObzhSR2pLSklXSE9maUtnIn0.PNAR3ugaGoM5x43DM1e8JkeX3ZvDN4gIdlWCnaOWIHI,5764524816,"['US', 'Michigan', 'Cheboygan County', 'Cheboygan']",Adzuna::API::Response::Location,"Cheboygan, Cheboygan County",Fusion Medical Staffing,Adzuna::API::Response::Company,healthcare-nursing-jobs,Adzuna::API::Response::Category,Healthcare & Nursing Jobs,,
34813.88,-105.021829,2026-06-15T13:57:13Z,34813.88,1,Adzuna::API::Response::Job,https://www.adzuna.com/land/ad/5764524814?se=gkCz-eNo8RGjKJIWHOfiKg&utm_medium=api&utm_source=abfa41a4&v=BB724817BAE79FC30561925451E5A8F3F220069D,"Travel ER RN Company: Fusion Medical Staffing Location: Facility in Denver, Colorado Job Details Fusion Medical Staffing is seeking a skilled ER RN for a 10-week travel assignment in Denver, Colorado. As a member of our team, you'll have the opportunity to make a positive impact on the lives of patients while enjoying competitive pay, comprehensive benefits, and the support of a dedicated clinical team. Required Qualifications: One year of recent experience as an ER RN Valid RN license in compl…",Travel ER RN,39.734833,eyJhbGciOiJIUzI1NiJ9.eyJpIjoiNTc2NDUyNDgxNCIsInMiOiJna0N6LWVObzhSR2pLSklXSE9maUtnIn0.O5XXJ0bMCLeiriFuecV4FSFeBwUkf6dm18zpW51sgyY,5764524814,"['US', 'Colorado', 'Jefferson County', 'Edgewater']",Adzuna::API::Response::Location,"Edgewater, Jefferson County",Fusion Medical Staffing,Adzuna::API::Response::Company,healthcare-nursing-jobs,Adzuna::API::Response::Category,Healthcare & Nursing Jobs,,
45773.41,-71.485046,2026-06-15T13:57:13Z,45773.41,1,Adzuna::API::Response::Job,https://www.adzuna.com/land/ad/5764524818?se=gkCz-eNo8RGjKJIWHOfiKg&utm_medium=api&utm_source=abfa41a4&v=5AF61D3A5F9FC75B3ADC24011157621840B6D6C8,"Travel ER RN Company: Fusion Medical Staffing Location: Facility in Manchester, New Hampshire Job Details Fusion Medical Staffing is seeking a skilled ER RN for a 12-week travel assignment in Manchester, New Hampshire. As a member of our team, you'll have the opportunity to make a positive impact on the lives of patients while enjoying competitive pay, comprehensive benefits, and the support of a dedicated clinical team. Required Qualifications: One year of recent experience as an ER RN Valid R…",Travel ER RN,42.99704,eyJhbGciOiJIUzI1NiJ9.eyJpIjoiNTc2NDUyNDgxOCIsInMiOiJna0N6LWVObzhSR2pLSklXSE9maUtnIn0.9ddtz7Ha_cor6iHWPyT0ulPj8wIE61FbN1XQeAkePvk,5764524818,"['US', 'New Hampshire', 'Hillsborough County', 'Manchester']",Adzuna::API::Response::Location,"Manchester, Hillsborough County",Fusion Medical Staffing,Adzuna::API::Response::Company,healthcare-nursing-jobs,Adzuna::API::Response::Category,Healthcare & Nursing Jobs,,
27817.68,-96.495963,2026-06-15T13:57:13Z,27817.68,1,Adzuna::API::Response::Job,https://www.adzuna.com/land/ad/5764524819?se=gkCz-eNo8RGjKJIWHOfiKg&utm_medium=api&utm_source=abfa41a4&v=7442A30528FBBC64296D6CC60AB557C75F170BF2,"Travel PACU RN Company: Fusion Medical Staffing Location: Facility in Dakota Dunes, South Dakota Job Details Fusion Medical Staffing is seeking a skilled PACU RN for a 13-week travel assignment in Dakota Dunes, South Dakota. As a member of our team, you'll have the opportunity to make a positive impact on the lives of patients while enjoying competitive pay, comprehensive benefits, and the support of a dedicated clinical team. Required Qualifications: One year of recent experience as a PACU RN …",Travel PACU RN,42.514695,eyJhbGciOiJIUzI1NiJ9.eyJpIjoiNTc2NDUyNDgxOSIsInMiOiJna0N6LWVObzhSR2pLSklXSE9maUtnIn0.WqpTJaE8iUeAbkvGE1yKiISz0yXjwCScgzX_qJxaw6E,5764524819,"['US', 'South Dakota', 'Union County', 'North Sioux City']",Adzuna::API::Response::Location,"North Sioux City, Union County",Fusion Medical Staffing,Adzuna::API::Response::Company,healthcare-nursing-jobs,Adzuna::API::Response::Category,Healthcare & Nursing Jobs,,
38621.02,-105.951075,2026-06-15T13:57:12Z,38621.02,1,Adzuna::API::Response::Job,https://www.adzuna.com/land/ad/5764524810?se=gkCz-eNo8RGjKJIWHOfiKg&utm_medium=api&utm_source=abfa41a4&v=0C960EC99B2DBB5E5B3683441BC5F294CA5C92F1,"Travel ER RN Company: Fusion Medical Staffing Location: Facility in Santa Fe, New Mexico Job Details Fusion Medical Staffing is seeking a skilled ER RN for a 13-week travel assignment in Santa Fe, New Mexico. As a member of our team, you'll have the opportunity to make a positive impact on the lives of patients while enjoying competitive pay, comprehensive benefits, and the support of a dedicated clinical team. Required Qualifications: One year of recent experience as an ER RN Valid RN license …",Travel ER RN,35.653389,eyJhbGciOiJIUzI1NiJ9.eyJpIjoiNTc2NDUyNDgxMCIsInMiOiJna0N6LWVObzhSR2pLSklXSE9maUtnIn0.0E2_ru1dukxTgizszec1m48yvlynkWax226XinztJyw,5764524810,"['US', 'New Mexico', 'Santa Fe County', 'La Cienga']",Adzuna::API::Response::Location,"La Cienga, Santa Fe County",Fusion Medical Staffing,Adzuna::API::Response::Company,healthcare-nursing-jobs,Adzuna::API::Response::Category,Healthcare & Nursing Jobs,,
41387.12,-70.85328,2026-06-15T13:57:12Z,41387.12,1,Adzuna::API::Response::Job,https://www.adzuna.com/land/ad/5764524809?se=gkCz-eNo8RGjKJIWHOfiKg&utm_medium=api&utm_source=abfa41a4&v=68E1E5D99AA5384EA453C18BD9E6817FE7D852FD,"Travel ER RN Company: Fusion Medical Staffing Location: Facility in Beverly, Massachusetts Job Details Fusion Medical Staffing is seeking a skilled ER RN for a 8-week travel assignment in Beverly, Massachusetts. As a member of our team, you'll have the opportunity to make a positive impact on the lives of patients while enjoying competitive pay, comprehensive benefits, and the support of a dedicated clinical team. Required Qualifications: One year of recent experience as an ER RN Valid RN licen…",Travel ER RN,42.56646,eyJhbGciOiJIUzI1NiJ9.eyJpIjoiNTc2NDUyNDgwOSIsInMiOiJna0N6LWVObzhSR2pLSklXSE9maUtnIn0.MsIN5e84n0JAT-e7AXlvseBJdA7wmw1Q7-Py8gdO_PI,5764524809,"['US', 'Massachusetts', 'Essex County', 'Beverly']",Adzuna::API::Response::Location,"Beverly, Essex County",Fusion Medical Staffing,Adzuna::API::Response::Company,healthcare-nursing-jobs,Adzuna::API::Response::Category,Healthcare & Nursing Jobs,,
33287.21,-122.242296,2026-06-15T13:57:11Z,33287.21,1,Adzuna::API::Response::Job,https://www.adzuna.com/land/ad/5764524806?se=gkCz-eNo8RGjKJIWHOfiKg&utm_medium=api&utm_source=abfa41a4&v=53C927247DA40D324C15DCB5CB9966F2226CA253,"Travel ER RN Company: Fusion Medical Staffing Location: Facility in Red Bluff, California Job Details Fusion Medical Staffing is seeking a skilled ER RN for a 13-week travel assignment in Red Bluff, California. As a member of our team, you'll have the opportunity to make a positive impact on the lives of patients while enjoying competitive pay, comprehensive benefits, and the support of a dedicated clinical team. Required Qualifications: One year of recent experience as an ER RN Valid RN licens…",Travel ER RN,40.177719,eyJhbGciOiJIUzI1NiJ9.eyJpIjoiNTc2NDUyNDgwNiIsInMiOiJna0N6LWVObzhSR2pLSklXSE9maUtnIn0.OtGJKREb_5qu5o3XTNERY83zf40nSfEW5RYfknY7z3s,5764524806,"['US', 'California', 'Tehama County', 'Red Bluff']",Adzuna::API::Response::Location,"Red Bluff, Tehama County",Fusion Medical Staffing,Adzuna::API::Response::Company,healthcare-nursing-jobs,Adzuna::API::Response::Category,Healthcare & Nursing Jobs,,
38203.12,-76.62372,2026-06-15T13:57:11Z,38203.12,1,Adzuna::API::Response::Job,https://www.adzuna.com/land/ad/5764524808?se=gkCz-eNo8RGjKJIWHOfiKg&utm_medium=api&utm_source=abfa41a4&v=C022EA89C51C179FEB00094F17CC786AF0F1E9C9,"Travel ER RN Company: Fusion Medical Staffing Location: Facility in Baltimore, Maryland Job Details Fusion Medical Staffing is seeking a skilled ER RN for a 13-week travel assignment in Baltimore, Maryland. As a member of our team, you'll have the opportunity to make a positive impact on the lives of patients while enjoying competitive pay, comprehensive benefits, and the support of a dedicated clinical team. Required Qualifications: One year of recent experience as an ER RN Valid RN license in…",Travel ER RN,39.29592,eyJhbGciOiJIUzI1NiJ9.eyJzIjoiZ2tDei1lTm84UkdqS0pJV0hPZmlLZyIsImkiOiI1NzY0NTI0ODA4In0.MHhO6n5ohkZWu2_ti8sbbPWJHTQtZhCC0OfknFyMYnk,5764524808,"['US', 'Maryland', 'Baltimore County', 'Baltimore']",Adzuna::API::Response::Location,"Baltimore, Baltimore County",Fusion Medical Staffing,Adzuna::API::Response::Company,healthcare-nursing-jobs,Adzuna::API::Response::Category,Healthcare & Nursing Jobs,,
39779.4,-106.38981,2026-06-15T13:57:11Z,39779.4,1,Adzuna::API::Response::Job,https://www.adzuna.com/land/ad/5764524807?se=gkCz-eNo8RGjKJIWHOfiKg&utm_medium=api&utm_source=abfa41a4&v=793FB93637AD921B0E4A7EF4E5C2CB047274D05E,"Travel ER RN Company: Fusion Medical Staffing Location: Facility in Kremmling, Colorado Job Details Fusion Medical Staffing is seeking a skilled ER RN for a 12-week travel assignment in Kremmling, Colorado. As a member of our team, you'll have the opportunity to make a positive impact on the lives of patients while enjoying competitive pay, comprehensive benefits, and the support of a dedicated clinical team. Required Qualifications: One year of recent experience as an ER RN Valid RN license in…",Travel ER RN,40.068502,eyJhbGciOiJIUzI1NiJ9.eyJpIjoiNTc2NDUyNDgwNyIsInMiOiJna0N6LWVObzhSR2pLSklXSE9maUtnIn0.DD8v6vpfP2I2UYYTH8HUIAkTPTGdOI31oSSbnh5dBrA,5764524807,"['US', 'Colorado', 'Grand County', 'Kremmling']",Adzuna::API::Response::Location,"Kremmling, Grand County",Fusion Medical Staffing,Adzuna::API::Response::Company,healthcare-nursing-jobs,Adzuna::API::Response::Category,Healthcare & Nursing Jobs,,
33566.11,-87.55616,2026-06-15T13:57:10Z,33566.11,1,Adzuna::API::Response::Job,https://www.adzuna.com/land/ad/5764524800?se=gkCz-eNo8RGjKJIWHOfiKg&utm_medium=api&utm_source=abfa41a4&v=F5016B39D2E79D6C6C35D365CB487DE70B07F89B,"Travel ER RN Company: Fusion Medical Staffing Location: Facility in Chicago, Illinois Job Details Fusion Medical Staffing is seeking a skilled ER RN for a 13-week travel assignment in Chicago, Illinois. As a member of our team, you'll have the opportunity to make a positive impact on the lives of patients while enjoying competitive pay, comprehensive benefits, and the support of a dedicated clinical team. Required Qualifications: One year of recent experience as an ER RN Valid RN license in com…",Travel ER RN,41.71902,eyJhbGciOiJIUzI1NiJ9.eyJpIjoiNTc2NDUyNDgwMCIsInMiOiJna0N6LWVObzhSR2pLSklXSE9maUtnIn0.deaP9wGUNqKScaZu4DiRfgj80sRG7bl4tp2O9hYnonA,5764524800,"['US', 'Illinois', 'Cook County', 'Chicago', 'Calumet Heights']",Adzuna::API::Response::Location,"Calumet Heights, Chicago",Fusion Medical Staffing,Adzuna::API::Response::Company,healthcare-nursing-jobs,Adzuna::API::Response::Category,Healthcare & Nursing Jobs,,
32268.03,-97.765554,2026-06-15T13:57:10Z,32268.03,1,Adzuna::API::Response::Job,https://www.adzuna.com/land/ad/5764524801?se=gkCz-eNo8RGjKJIWHOfiKg&utm_medium=api&utm_source=abfa41a4&v=5C1DFE1719467CA0E60F3A30B52A05EE596C49CD,"Travel ER RN Company: Fusion Medical Staffing Location: Facility in Austin, Texas Job Details Fusion Medical Staffing is seeking a skilled ER RN for a 13-week travel assignment in Austin, Texas. As a member of our team, you'll have the opportunity to make a positive impact on the lives of patients while enjoying competitive pay, comprehensive benefits, and the support of a dedicated clinical team. Required Qualifications: One year of recent experience as an ER RN Valid RN license in compliance …",Travel ER RN,30.244865,eyJhbGciOiJIUzI1NiJ9.eyJpIjoiNTc2NDUyNDgwMSIsInMiOiJna0N6LWVObzhSR2pLSklXSE9maUtnIn0.9IGgcDRW7BzzF8ra7rupRiZWBK6AB6JuX9CYHARcVyw,5764524801,"['US', 'Texas', 'Travis County', 'Travis Heights']",Adzuna::API::Response::Location,"Travis Heights, Travis County",Fusion Medical Staffing,Adzuna::API::Response::Company,healthcare-nursing-jobs,Adzuna::API::Response::Category,Healthcare & Nursing Jobs,,
44259.08,-89.654102,2026-06-15T13:57:10Z,44259.08,1,Adzuna::API::Response::Job,https://www.adzuna.com/land/ad/5764524799?se=gkCz-eNo8RGjKJIWHOfiKg&utm_medium=api&utm_source=abfa41a4&v=EAFACCFDC4894CC2F8CDB5A9BDFDBEA1BF315598,"Travel ER RN Company: Fusion Medical Staffing Location: Facility in Wausau, Wisconsin Job Details Fusion Medical Staffing is seeking a skilled ER RN for a 13-week travel assignment in Wausau, Wisconsin. As a member of our team, you'll have the opportunity to make a positive impact on the lives of patients while enjoying competitive pay, comprehensive benefits, and the support of a dedicated clinical team. Required Qualifications: One year of recent experience as an ER RN Valid RN license in com…",Travel ER RN,44.96036,eyJhbGciOiJIUzI1NiJ9.eyJpIjoiNTc2NDUyNDc5OSIsInMiOiJna0N6LWVObzhSR2pLSklXSE9maUtnIn0.5-6lpftB1UC-bAgut0mlaGG-Ohr9YSorAUmir6bWojw,5764524799,"['US', 'Wisconsin', 'Marathon County', 'Rib Mountain']",Adzuna::API::Response::Location,"Rib Mountain, Marathon County",Fusion Medical Staffing,Adzuna::API::Response::Company,healthcare-nursing-jobs,Adzuna::API::Response::Category,Healthcare & Nursing Jobs,,
29995.44,-84.348572,2026-06-15T13:57:09Z,29995.44,1,Adzuna::API::Response::Job,https://www.adzuna.com/land/ad/5764524797?se=gkCz-eNo8RGjKJIWHOfiKg&utm_medium=api&utm_source=abfa41a4&v=FBF22B17D3563A86BB9F47E5730CB6D5D5AC497C,"Travel ER RN Company: Fusion Medical Staffing Location: Facility in Sault Ste. Marie, Michigan Job Details Fusion Medical Staffing is seeking a skilled ER RN for a 13-week travel assignment in Sault Ste. Marie, Michigan. As a member of our team, you'll have the opportunity to make a positive impact on the lives of patients while enjoying competitive pay, comprehensive benefits, and the support of a dedicated clinical team. Required Qualifications: One year of recent experience as an ER RN Valid…",Travel ER RN,46.466519,eyJhbGciOiJIUzI1NiJ9.eyJpIjoiNTc2NDUyNDc5NyIsInMiOiJna0N6LWVObzhSR2pLSklXSE9maUtnIn0.m7tnXiuZfcWtI4ga-1JeXNh_l5c_B-TEHRUw2llRsw4,5764524797,"['US', 'Michigan', 'Chippewa County', 'Sault Sainte Marie']",Adzuna::API::Response::Location,"Sault Sainte Marie, Chippewa County",Fusion Medical Staffing,Adzuna::API::Response::Company,healthcare-nursing-jobs,Adzuna::API::Response::Category,Healthcare & Nursing Jobs,,
38040.79,-122.156804,2026-06-15T13:57:09Z,38040.79,1,Adzuna::API::Response::Job,https://www.adzuna.com/land/ad/5764524796?se=gkCz-eNo8RGjKJIWHOfiKg&utm_medium=api&utm_source=abfa41a4&v=81A8E1F16702DCD0DEA094B6A0AEA80EFFF3418C,"Travel ER RN Company: Fusion Medical Staffing Location: Facility in San Leandro, California Job Details Fusion Medical Staffing is seeking a skilled ER RN for a 10-week travel assignment in San Leandro, California. As a member of our team, you'll have the opportunity to make a positive impact on the lives of patients while enjoying competitive pay, comprehensive benefits, and the support of a dedicated clinical team. Required Qualifications: One year of recent experience as an ER RN Valid RN li…",Travel ER RN,37.720538,eyJhbGciOiJIUzI1NiJ9.eyJpIjoiNTc2NDUyNDc5NiIsInMiOiJna0N6LWVObzhSR2pLSklXSE9maUtnIn0.CT4pV9KyBjXUnBH9dqWq_BZ1635Gh2eu8CwYLvmjcLM,5764524796,"['US', 'California', 'Alameda County', 'San Leandro']",Adzuna::API::Response::Location,"San Leandro, Alameda County",Fusion Medical Staffing,Adzuna::API::Response::Company,healthcare-nursing-jobs,Adzuna::API::Response::Category,Healthcare & Nursing Jobs,,
35749.82,-81.087656,2026-06-15T13:57:09Z,35749.82,1,Adzuna::API::Response::Job,https://www.adzuna.com/land/ad/5764524798?se=gkCz-eNo8RGjKJIWHOfiKg&utm_medium=api&utm_source=abfa41a4&v=75DE9D8CB82B1798132B9F65AA6D71A4A21FE772,"Travel ER RN Company: Fusion Medical Staffing Location: Facility in Wytheville, Virginia Job Details Fusion Medical Staffing is seeking a skilled ER RN for a 13-week travel assignment in Wytheville, Virginia. As a member of our team, you'll have the opportunity to make a positive impact on the lives of patients while enjoying competitive pay, comprehensive benefits, and the support of a dedicated clinical team. Required Qualifications: One year of recent experience as an ER RN Valid RN license …",Travel ER RN,36.947106,eyJhbGciOiJIUzI1NiJ9.eyJpIjoiNTc2NDUyNDc5OCIsInMiOiJna0N6LWVObzhSR2pLSklXSE9maUtnIn0.tPQRAf4c6kqgy46lH_k1GyT4KjtVukXOxMM6M4dZjgY,5764524798,"['US', 'Virginia', 'Wythe County', 'Wytheville']",Adzuna::API::Response::Location,"Wytheville, Wythe County",Fusion Medical Staffing,Adzuna::API::Response::Company,healthcare-nursing-jobs,Adzuna::API::Response::Category,Healthcare & Nursing Jobs,,
31162.11,-86.775514,2026-06-15T13:57:09Z,31162.11,1,Adzuna::API::Response::Job,https://www.adzuna.com/land/ad/5764524795?se=gkCz-eNo8RGjKJIWHOfiKg&utm_medium=api&utm_source=abfa41a4&v=35F06DCE3C281E3A5FDA0B9A38A8DB1CCAB8E0ED,"Travel ER RN Company: Fusion Medical Staffing Location: Facility in Nashville, Tennessee Job Details Fusion Medical Staffing is seeking a skilled ER RN for a 13-week travel assignment in Nashville, Tennessee. As a member of our team, you'll have the opportunity to make a positive impact on the lives of patients while enjoying competitive pay, comprehensive benefits, and the support of a dedicated clinical team. Required Qualifications: One year of recent experience as an ER RN Valid RN license …",Travel ER RN,36.223535,eyJhbGciOiJIUzI1NiJ9.eyJzIjoiZ2tDei1lTm84UkdqS0pJV0hPZmlLZyIsImkiOiI1NzY0NTI0Nzk1In0.sF_gYNQwZCuJshVs1p5RxH9luSAUnJ703b0GlYMLCm0,5764524795,"['US', 'Tennessee', 'Davidson County', 'Northeast']",Adzuna::API::Response::Location,"Northeast, Davidson County",Fusion Medical Staffing,Adzuna::API::Response::Company,healthcare-nursing-jobs,Adzuna::API::Response::Category,Healthcare & Nursing Jobs,,
33671.08,-88.25622,2026-06-15T13:57:09Z,33671.08,1,Adzuna::API::Response::Job,https://www.adzuna.com/land/ad/5764524793?se=gkCz-eNo8RGjKJIWHOfiKg&utm_medium=api&utm_source=abfa41a4&v=4D4D25010D35BDC1EFF5E52ACE7C648C14AE8A6E,"Travel ER RN Company: Fusion Medical Staffing Location: Facility in Waukesha, Wisconsin Job Details Fusion Medical Staffing is seeking a skilled ER RN for a 27-week travel assignment in Waukesha, Wisconsin. As a member of our team, you'll have the opportunity to make a positive impact on the lives of patients while enjoying competitive pay, comprehensive benefits, and the support of a dedicated clinical team. Required Qualifications: One year of recent experience as an ER RN Valid RN license in…",Travel ER RN,43.01208,eyJhbGciOiJIUzI1NiJ9.eyJzIjoiZ2tDei1lTm84UkdqS0pJV0hPZmlLZyIsImkiOiI1NzY0NTI0NzkzIn0.yb9QQYrzAqPcgmBMZPC_CqLLnaCTLjlK60yEmX9_eLI,5764524793,"['US', 'Wisconsin', 'Waukesha County', 'Waukesha']",Adzuna::API::Response::Location,"Waukesha, Waukesha County",Fusion Medical Staffing,Adzuna::API::Response::Company,healthcare-nursing-jobs,Adzuna::API::Response::Category,Healthcare & Nursing Jobs,,
20383.41,-92.46546,2026-06-15T13:57:06Z,20383.41,1,Adzuna::API::Response::Job,https://www.adzuna.com/land/ad/5764524791?se=gkCz-eNo8RGjKJIWHOfiKg&utm_medium=api&utm_source=abfa41a4&v=3D536B01186CB0E3305493C1B5AFCDFBA74BAB5D,"Travel Telemetry RN Company: Fusion Medical Staffing Location: Facility in Alexandria, Louisiana Job Details Fusion Medical Staffing is seeking a skilled Telemetry RN for a 13-week travel assignment in Alexandria, Louisiana. As a member of our team, you'll have the opportunity to make a positive impact on the lives of patients while enjoying competitive pay, comprehensive benefits, and the support of a dedicated clinical team. Required Qualifications: One year of recent experience as a Telemetr…",Travel Telemetry RN,31.28496,eyJhbGciOiJIUzI1NiJ9.eyJzIjoiZ2tDei1lTm84UkdqS0pJV0hPZmlLZyIsImkiOiI1NzY0NTI0NzkxIn0.0h2S4LFkpFwSfXN8YbMqRrH2uBkI-rMv7E-52sLqy9U,5764524791,"['US', 'Louisiana', 'Rapides Parish', 'Alex']",Adzuna::API::Response::Location,"Alex, Rapides Parish",Fusion Medical Staffing,Adzuna::API::Response::Company,healthcare-nursing-jobs,Adzuna::API::Response::Category,Healthcare & Nursing Jobs,,
26912.81,-117.739135,2026-06-15T13:57:05Z,26912.81,1,Adzuna::API::Response::Job,https://www.adzuna.com/land/ad/5764524787?se=gkCz-eNo8RGjKJIWHOfiKg&utm_medium=api&utm_source=abfa41a4&v=9B4C3E09E3E2F9A0F6B7D06984C802869C50509B,"Travel ICU RN Company: Fusion Medical Staffing Location: Facility in Pomona, California Job Details Fusion Medical Staffing is seeking a ICU RN for a 13-week travel assignment in Pomona, California. As a member of our team, you'll have the opportunity to make a positive impact on the lives of patients while enjoying competitive pay, comprehensive benefits, and the support of a dedicated clinical team. Required Qualifications: One year of recent experience as an ICU RN Valid RN license in compli…",Travel ICU RN,34.081735,eyJhbGciOiJIUzI1NiJ9.eyJpIjoiNTc2NDUyNDc4NyIsInMiOiJna0N6LWVObzhSR2pLSklXSE9maUtnIn0.p4tGl1Oq9imVK5yF1yFToC-DZBqTQ6S59Gh_2B_GQmo,5764524787,"['US', 'California', 'Los Angeles County', 'Claremont']",Adzuna::API::Response::Location,"Claremont, Los Angeles County",Fusion Medical Staffing,Adzuna::API::Response::Company,healthcare-nursing-jobs,Adzuna::API::Response::Category,Healthcare & Nursing Jobs,,
28943.53,-71.06376,2026-06-15T13:57:05Z,28943.53,1,Adzuna::API::Response::Job,https://www.adzuna.com/land/ad/5764524788?se=gkCz-eNo8RGjKJIWHOfiKg&utm_medium=api&utm_source=abfa41a4&v=008E74000E7CA5ED7685CAA58BC89281EB7BA243,"Travel ICU RN Company: Fusion Medical Staffing Location: Facility in Boston, Massachusetts Job Details Fusion Medical Staffing is seeking a ICU RN for a 13-week travel assignment in Boston, Massachusetts. As a member of our team, you'll have the opportunity to make a positive impact on the lives of patients while enjoying competitive pay, comprehensive benefits, and the support of a dedicated clinical team. Required Qualifications: One year of recent experience as an ICU RN Valid RN license in …",Travel ICU RN,42.33696,eyJhbGciOiJIUzI1NiJ9.eyJzIjoiZ2tDei1lTm84UkdqS0pJV0hPZmlLZyIsImkiOiI1NzY0NTI0Nzg4In0.mc60UorvSdJj7UrTt3X_B3omOBd9YuXq7eAc4coj5jY,5764524788,"['US', 'Massachusetts', 'Suffolk County', 'South Boston']",Adzuna::API::Response::Location,"South Boston, Suffolk County",Fusion Medical Staffing,Adzuna::API::Response::Company,healthcare-nursing-jobs,Adzuna::API::Response::Category,Healthcare & Nursing Jobs,,
31651.88,-89.654102,2026-06-15T13:57:05Z,31651.88,1,Adzuna::API::Response::Job,https://www.adzuna.com/land/ad/5764524789?se=GEVy-uNo8RGjKJIWHOfiKg&utm_medium=api&utm_source=abfa41a4&v=F9965BED035A22AC708681B5C462EDA3BC0B1246,"Travel ICU RN Company: Fusion Medical Staffing Location: Facility in Wausau, Wisconsin Job Details Fusion Medical Staffing is seeking a ICU RN for a 13-week travel assignment in Wausau, Wisconsin. As a member of our team, you'll have the opportunity to make a positive impact on the lives of patients while enjoying competitive pay, comprehensive benefits, and the support of a dedicated clinical team. Required Qualifications: One year of recent experience as an ICU RN Valid RN license in complian…",Travel ICU RN,44.96036,eyJhbGciOiJIUzI1NiJ9.eyJzIjoiR0VWeS11Tm84UkdqS0pJV0hPZmlLZyIsImkiOiI1NzY0NTI0Nzg5In0.OEzs3ZaySkd9sgUvsk-blbRU2Q595uBaHaAeEk2E5rs,5764524789,"['US', 'Wisconsin', 'Marathon County', 'Rib Mountain']",Adzuna::API::Response::Location,"Rib Mountain, Marathon County",Fusion Medical Staffing,Adzuna::API::Response::Company,healthcare-nursing-jobs,Adzuna::API::Response::Category,Healthcare & Nursing Jobs,,
29783.54,-82.555682,2026-06-15T13:57:03Z,29783.54,1,Adzuna::API::Response::Job,https://www.adzuna.com/land/ad/5764524783?se=GEVy-uNo8RGjKJIWHOfiKg&utm_medium=api&utm_source=abfa41a4&v=717769FB4B31748CF6EA34FEEE11FFA2A049F5BD,"Travel ICU RN Company: Fusion Medical Staffing Location: Facility in Asheville, North Carolina Job Details Fusion Medical Staffing is seeking a ICU RN for a 13-week travel assignment in Asheville, North Carolina. As a member of our team, you'll have the opportunity to make a positive impact on the lives of patients while enjoying competitive pay, comprehensive benefits, and the support of a dedicated clinical team. Required Qualifications: One year of recent experience as an ICU RN Valid RN lic…",Travel ICU RN,35.596321,eyJhbGciOiJIUzI1NiJ9.eyJpIjoiNTc2NDUyNDc4MyIsInMiOiJHRVZ5LXVObzhSR2pLSklXSE9maUtnIn0.opNe_fdw_KS-C239Z-WYhkqQrbWb6STomSPapfUfjHI,5764524783,"['US', 'North Carolina', 'Buncombe County', 'Asheville']",Adzuna::API::Response::Location,"Asheville, Buncombe County",Fusion Medical Staffing,Adzuna::API::Response::Company,healthcare-nursing-jobs,Adzuna::API::Response::Category,Healthcare & Nursing Jobs,,
26418.05,-91.351837,2026-06-15T13:57:03Z,26418.05,1,Adzuna::API::Response::Job,https://www.adzuna.com/land/ad/5764524785?se=GEVy-uNo8RGjKJIWHOfiKg&utm_medium=api&utm_source=abfa41a4&v=4EE5660973FC6F9FA75D52B665BCC717607D7717,"Travel ICU RN Company: Fusion Medical Staffing Location: Facility in Natchez, Mississippi Job Details Fusion Medical Staffing is seeking a ICU RN for a 13-week travel assignment in Natchez, Mississippi. As a member of our team, you'll have the opportunity to make a positive impact on the lives of patients while enjoying competitive pay, comprehensive benefits, and the support of a dedicated clinical team. Required Qualifications: One year of recent experience as an ICU RN Valid RN license in co…",Travel ICU RN,31.551271,eyJhbGciOiJIUzI1NiJ9.eyJpIjoiNTc2NDUyNDc4NSIsInMiOiJHRVZ5LXVObzhSR2pLSklXSE9maUtnIn0.Tf7NiEIK__2FZFaW3js2SBd1kI5m_O9OgZR-vCIwWgw,5764524785,"['US', 'Mississippi', 'Adams County', 'Natchez']",Adzuna::API::Response::Location,"Natchez, Adams County",Fusion Medical Staffing,Adzuna::API::Response::Company,healthcare-nursing-jobs,Adzuna::API::Response::Category,Healthcare & Nursing Jobs,,
23546.43,-97.318524,2026-06-15T13:57:01Z,23546.43,1,Adzuna::API::Response::Job,https://www.adzuna.com/land/ad/5764524780?se=GEVy-uNo8RGjKJIWHOfiKg&utm_medium=api&utm_source=abfa41a4&v=2DFB1DBF41D9882B1E7434AE697C802342E68513,"Travel ICU RN Company: Fusion Medical Staffing Location: Facility in Wichita, Kansas Job Details Fusion Medical Staffing is seeking a ICU RN for a 13-week travel assignment in Wichita, Kansas. As a member of our team, you'll have the opportunity to make a positive impact on the lives of patients while enjoying competitive pay, comprehensive benefits, and the support of a dedicated clinical team. Required Qualifications: One year of recent experience as an ICU RN Valid RN license in compliance w…",Travel ICU RN,37.704871,eyJhbGciOiJIUzI1NiJ9.eyJzIjoiR0VWeS11Tm84UkdqS0pJV0hPZmlLZyIsImkiOiI1NzY0NTI0NzgwIn0.m8_OvdAsAk0gcL-6roA5T5WyGstvd0ck2iMb20dR68Q,5764524780,"['US', 'Kansas', 'Sedgwick County', 'Wichita']",Adzuna::API::Response::Location,"Wichita, Sedgwick County",Fusion Medical Staffing,Adzuna::API::Response::Company,healthcare-nursing-jobs,Adzuna::API::Response::Category,Healthcare & Nursing Jobs,,
22907.53,-96.739954,2026-06-15T13:57:01Z,22907.53,1,Adzuna::API::Response::Job,https://www.adzuna.com/land/ad/5764524781?se=GEVy-uNo8RGjKJIWHOfiKg&utm_medium=api&utm_source=abfa41a4&v=A08C4B08F5FDAA3E8B48D521ADF43526C3B637C3,"Travel ICU RN Company: Fusion Medical Staffing Location: Facility in Plano, Texas Job Details Fusion Medical Staffing is seeking a ICU RN for a 13-week travel assignment in Plano, Texas. As a member of our team, you'll have the opportunity to make a positive impact on the lives of patients while enjoying competitive pay, comprehensive benefits, and the support of a dedicated clinical team. Required Qualifications: One year of recent experience as an ICU RN Valid RN license in compliance with st…",Travel ICU RN,33.025217,eyJhbGciOiJIUzI1NiJ9.eyJzIjoiR0VWeS11Tm84UkdqS0pJV0hPZmlLZyIsImkiOiI1NzY0NTI0NzgxIn0.dWTM4E_8I1JZIYJZ6Qo9ovIF7Hs1hTLZzfSd0wqOqpg,5764524781,"['US', 'Texas', 'Collin County', 'Plano']",Adzuna::API::Response::Location,"Plano, Collin County",Fusion Medical Staffing,Adzuna::API::Response::Company,healthcare-nursing-jobs,Adzuna::API::Response::Category,Healthcare & Nursing Jobs,,
12198.0,-110.946248,2026-06-15T13:57:00Z,12198.0,1,Adzuna::API::Response::Job,https://www.adzuna.com/land/ad/5764524777?se=GEVy-uNo8RGjKJIWHOfiKg&utm_medium=api&utm_source=abfa41a4&v=EC20A8091769EC9AC481D3EAFE4F687405985F08,"Travel Stepdown RN Company: Fusion Medical Staffing Location: Facility in Tucson, Arizona Job Details Fusion Medical Staffing is seeking a skilled Stepdown RN for a 13-week travel assignment in Tucson, Arizona. As a member of our team, you'll have the opportunity to make a positive impact on the lives of patients while enjoying competitive pay, comprehensive benefits, and the support of a dedicated clinical team. Required Qualifications: One year of recent experience as a Stepdown RN Current Va…",Travel PCU Stepdown RN,32.24285,eyJhbGciOiJIUzI1NiJ9.eyJpIjoiNTc2NDUyNDc3NyIsInMiOiJHRVZ5LXVObzhSR2pLSklXSE9maUtnIn0.aUAqET5fHrwdgJZ9xUJbGg4LkrmJ-0RCvAJ0mQU9CuU,5764524777,"['US', 'Arizona', 'Pima County', 'South Tucson']",Adzuna::API::Response::Location,"South Tucson, Pima County",Fusion Medical Staffing,Adzuna::API::Response::Company,healthcare-nursing-jobs,Adzuna::API::Response::Category,Healthcare & Nursing Jobs,,
11531.16,-84.516133,2026-06-15T13:57:00Z,11531.16,1,Adzuna::API::Response::Job,https://www.adzuna.com/land/ad/5764524778?se=GEVy-uNo8RGjKJIWHOfiKg&utm_medium=api&utm_source=abfa41a4&v=1264C364A361F872273880B8C6E7C27C1F7E9AC0,"Travel Stepdown RN Company: Fusion Medical Staffing Location: Facility in Cincinnati, Ohio Job Details Fusion Medical Staffing is seeking a skilled Stepdown RN for a 8-week travel assignment in Cincinnati, Ohio. As a member of our team, you'll have the opportunity to make a positive impact on the lives of patients while enjoying competitive pay, comprehensive benefits, and the support of a dedicated clinical team. Required Qualifications: One year of recent experience as a Stepdown RN Current V…",Travel PCU Stepdown RN,39.126983,eyJhbGciOiJIUzI1NiJ9.eyJzIjoiR0VWeS11Tm84UkdqS0pJV0hPZmlLZyIsImkiOiI1NzY0NTI0Nzc4In0.9d5H_pnlyTHK1yLawAeM3cQDCPOJgoFszE48dvkUw2A,5764524778,"['US', 'Ohio', 'Hamilton County', 'Mt Auburn']",Adzuna::API::Response::Location,"Mt Auburn, Hamilton County",Fusion Medical Staffing,Adzuna::API::Response::Company,healthcare-nursing-jobs,Adzuna::API::Response::Category,Healthcare & Nursing Jobs,,
12141.3,-99.067483,2026-06-15T13:57:00Z,12141.3,1,Adzuna::API::Response::Job,https://www.adzuna.com/land/ad/5764524779?se=GEVy-uNo8RGjKJIWHOfiKg&utm_medium=api&utm_source=abfa41a4&v=26679B886DE5DA47FDCC0D62DF78ABB522E8274D,"Travel Stepdown RN Company: Fusion Medical Staffing Location: Facility in Kearney, Nebraska Job Details Fusion Medical Staffing is seeking a skilled Stepdown RN for a 13-week travel assignment in Kearney, Nebraska. As a member of our team, you'll have the opportunity to make a positive impact on the lives of patients while enjoying competitive pay, comprehensive benefits, and the support of a dedicated clinical team. Required Qualifications: One year of recent experience as a Stepdown RN Curren…",Travel PCU Stepdown RN,40.710497,eyJhbGciOiJIUzI1NiJ9.eyJpIjoiNTc2NDUyNDc3OSIsInMiOiJHRVZ5LXVObzhSR2pLSklXSE9maUtnIn0.84je-2hAJ1xu0hvOePnqRYsK-_JP0eqcjCUdHDDosgc,5764524779,"['US', 'Nebraska', 'Buffalo County', 'Riverdale']",Adzuna::API::Response::Location,"Riverdale, Buffalo County",Fusion Medical Staffing,Adzuna::API::Response::Company,healthcare-nursing-jobs,Adzuna::API::Response::Category,Healthcare & Nursing Jobs,,
10614.14,-96.739954,2026-06-15T13:56:59Z,10614.14,1,Adzuna::API::Response::Job,https://www.adzuna.com/land/ad/5764524775?se=GEVy-uNo8RGjKJIWHOfiKg&utm_medium=api&utm_source=abfa41a4&v=DE0BE66A00950F4DC46AC27C3B763C0EF1A80236,"Travel Stepdown RN Company: Fusion Medical Staffing Location: Facility in Plano, Texas Job Details Fusion Medical Staffing is seeking a skilled Stepdown RN for a 13-week travel assignment in Plano, Texas. As a member of our team, you'll have the opportunity to make a positive impact on the lives of patients while enjoying competitive pay, comprehensive benefits, and the support of a dedicated clinical team. Required Qualifications: One year of recent experience as a Stepdown RN Current Valid RN…",Travel PCU Stepdown RN,33.025217,eyJhbGciOiJIUzI1NiJ9.eyJpIjoiNTc2NDUyNDc3NSIsInMiOiJHRVZ5LXVObzhSR2pLSklXSE9maUtnIn0.oeD8YLE0xYrJLrXscOPBExS_T6pA7oxU9j62Iypbr8I,5764524775,"['US', 'Texas', 'Collin County', 'Plano']",Adzuna::API::Response::Location,"Plano, Collin County",Fusion Medical Staffing,Adzuna::API::Response::Company,healthcare-nursing-jobs,Adzuna::API::Response::Category,Healthcare & Nursing Jobs,,
12298.77,-91.351837,2026-06-15T13:56:58Z,12298.77,1,Adzuna::API::Response::Job,https://www.adzuna.com/land/ad/5764524774?se=GEVy-uNo8RGjKJIWHOfiKg&utm_medium=api&utm_source=abfa41a4&v=06A919C586B8904F79961CB92361DC90F7B50E14,"Travel Stepdown RN Company: Fusion Medical Staffing Location: Facility in Natchez, Mississippi Job Details Fusion Medical Staffing is seeking a skilled Stepdown RN for a 13-week travel assignment in Natchez, Mississippi. As a member of our team, you'll have the opportunity to make a positive impact on the lives of patients while enjoying competitive pay, comprehensive benefits, and the support of a dedicated clinical team. Required Qualifications: One year of recent experience as a Stepdown RN …",Travel PCU Stepdown RN,31.551271,eyJhbGciOiJIUzI1NiJ9.eyJpIjoiNTc2NDUyNDc3NCIsInMiOiJHRVZ5LXVObzhSR2pLSklXSE9maUtnIn0.QoEHQcNbJ_iUSvYgSJQVugd038vaq2WEpPpD6ZCyeWQ,5764524774,"['US', 'Mississippi', 'Adams County', 'Natchez']",Adzuna::API::Response::Location,"Natchez, Adams County",Fusion Medical Staffing,Adzuna::API::Response::Company,healthcare-nursing-jobs,Adzuna::API::Response::Category,Healthcare & Nursing Jobs,,
14726.09,-80.32048,2026-06-15T13:56:58Z,14726.09,1,Adzuna::API::Response::Job,https://www.adzuna.com/land/ad/5764524773?se=GEVy-uNo8RGjKJIWHOfiKg&utm_medium=api&utm_source=abfa41a4&v=AF77A7B4AC53270F90395FBC42DE4EA0463D8427,"Travel Stepdown RN Company: Fusion Medical Staffing Location: Facility in Winston-Salem, North Carolina Job Details Fusion Medical Staffing is seeking a skilled Stepdown RN for a 13-week travel assignment in Winston-Salem, North Carolina. As a member of our team, you'll have the opportunity to make a positive impact on the lives of patients while enjoying competitive pay, comprehensive benefits, and the support of a dedicated clinical team. Required Qualifications: One year of recent experience…",Travel PCU Stepdown RN,36.0592,eyJhbGciOiJIUzI1NiJ9.eyJpIjoiNTc2NDUyNDc3MyIsInMiOiJHRVZ5LXVObzhSR2pLSklXSE9maUtnIn0.EWBoq4I6vWr9UmCZoBJYd0yKyYjaPOH6R1qu6fd9ELc,5764524773,"['US', 'North Carolina', 'Forsyth County', 'Hanes']",Adzuna::API::Response::Location,"Hanes, Forsyth County",Fusion Medical Staffing,Adzuna::API::Response::Company,healthcare-nursing-jobs,Adzuna::API::Response::Category,Healthcare & Nursing Jobs,,
36659.19,-122.885519,2026-06-15T13:56:55Z,36659.19,1,Adzuna::API::Response::Job,https://www.adzuna.com/land/ad/5764524767?se=GEVy-uNo8RGjKJIWHOfiKg&utm_medium=api&utm_source=abfa41a4&v=EDE6956C8FDF12D2DF40BBEC23194415B0F7732A,"Travel Med Surg RN Company: Fusion Medical Staffing Location: Facility in lebanon, Oregon Job Details Fusion Medical Staffing is seeking a Med Surg RN for a 13-week travel assignment in lebanon, Oregon. As a member of our team, you'll have the opportunity to make a positive impact on the lives of patients while enjoying competitive pay, comprehensive benefits, and the support of a dedicated clinical team. Required Qualifications: One year of recent Med Surg RN experience Valid RN license in com…",Travel Med Surg RN,44.528078,eyJhbGciOiJIUzI1NiJ9.eyJpIjoiNTc2NDUyNDc2NyIsInMiOiJHRVZ5LXVObzhSR2pLSklXSE9maUtnIn0.ZhBnmOjxkF7X_BqZ85DN3kstj6JmJwGnaTqPYi5LJLM,5764524767,"['US', 'Oregon', 'Linn County', 'Lebanon']",Adzuna::API::Response::Location,"Lebanon, Linn County",Fusion Medical Staffing,Adzuna::API::Response::Company,healthcare-nursing-jobs,Adzuna::API::Response::Category,Healthcare & Nursing Jobs,,
50764.54,-100.779822,2026-06-15T13:56:53Z,50764.54,1,Adzuna::API::Response::Job,https://www.adzuna.com/land/ad/5764524765?se=GEVy-uNo8RGjKJIWHOfiKg&utm_medium=api&utm_source=abfa41a4&v=04B450716904C5AD88B7B59A34911B7E7E66CF3B,"Travel Med Surg RN Company: Fusion Medical Staffing Location: Facility in Bismarck, North Dakota Job Details Fusion Medical Staffing is seeking a Med Surg RN for a 13-week travel assignment in Bismarck, North Dakota. As a member of our team, you'll have the opportunity to make a positive impact on the lives of patients while enjoying competitive pay, comprehensive benefits, and the support of a dedicated clinical team. Required Qualifications: One year of recent Med Surg RN experience Valid RN …",Travel Med Surg RN,46.818096,eyJhbGciOiJIUzI1NiJ9.eyJzIjoiR0VWeS11Tm84UkdqS0pJV0hPZmlLZyIsImkiOiI1NzY0NTI0NzY1In0.S3XQ3rvCC3mRzQTk_mnjnwZD9LVFTd_YzXuaE5LgQak,5764524765,"['US', 'North Dakota', 'Burleigh County', 'Bismarck']",Adzuna::API::Response::Location,"Bismarck, Burleigh County",Fusion Medical Staffing,Adzuna::API::Response::Company,healthcare-nursing-jobs,Adzuna::API::Response::Category,Healthcare & Nursing Jobs,,
25709.9,-73.08966,2026-06-15T13:56:53Z,25709.9,1,Adzuna::API::Response::Job,https://www.adzuna.com/land/ad/5764524763?se=GEVy-uNo8RGjKJIWHOfiKg&utm_medium=api&utm_source=abfa41a4&v=D319B7AC9EA17BE06F5BE74B35FFF14EAAB8ECC4,"Travel Med Surg/Tele RN Company: Fusion Medical Staffing Location: Facility in Saint Albans, Vermont Job Details Fusion Medical Staffing is seeking a Med Surg/Tele RN for a 13-week travel assignment in Saint Albans, Vermont. As a member of our team, you'll have the opportunity to make a positive impact on the lives of patients while enjoying competitive pay, comprehensive benefits, and the support of a dedicated clinical team. Required Qualifications: One year of recent Med Surg/Tele RN experie…",Travel Med Surg/Telemetry RN,44.80284,eyJhbGciOiJIUzI1NiJ9.eyJzIjoiR0VWeS11Tm84UkdqS0pJV0hPZmlLZyIsImkiOiI1NzY0NTI0NzYzIn0.1nx7w5m40CZqDe2lKvoAqcP0SIovPtgo_dJUQ_V1e8Q,5764524763,"['US', 'Vermont', 'Franklin County', 'Saint Albans']",Adzuna::API::Response::Location,"Saint Albans, Franklin County",Fusion Medical Staffing,Adzuna::API::Response::Company,healthcare-nursing-jobs,Adzuna::API::Response::Category,Healthcare & Nursing Jobs,,
133344.42,-73.97528,2026-06-15T13:56:53Z,133344.42,1,Adzuna::API::Response::Job,https://www.adzuna.com/details/5764524760?utm_medium=api&utm_source=abfa41a4,"Epic Travel Staffing is hiring an Interim - Nurse Supervisor - Case Management Shift: Non-exempt, Days, 9a-5:30p, Mon-Fri, 8x5, 40 hrs per week Duration: 14 weeks Requirements: New York RN License 7 years of experience, 5 of which in a supervisory role 2 years of experience in discharge planning and utilization review BLS CCM Certification PRI Certification Bachelor's degree in Nursing from an accredited Nursing Program Preferred: Master's degree in Nursing Other Details: Transitional care divi…",Leadership - Case Management,40.75284,eyJhbGciOiJIUzI1NiJ9.eyJpIjoiNTc2NDUyNDc2MCIsInMiOiJHRVZ5LXVObzhSR2pLSklXSE9maUtnIn0.EmW1QWASpmH3IzWVyc7EQREgWkR6Fjn8qwBAyteN838,5764524760,"['US', 'New York', 'New York City', 'Manhattan', 'Grand Central']",Adzuna::API::Response::Location,"Grand Central, Manhattan",Epic Travel Staffing,Adzuna::API::Response::Company,healthcare-nursing-jobs,Adzuna::API::Response::Category,Healthcare & Nursing Jobs,full_time,permanent
100659.88,-70.007254,2026-06-15T13:56:53Z,100659.88,1,Adzuna::API::Response::Job,https://www.adzuna.com/details/5764524759?utm_medium=api&utm_source=abfa41a4,"Epic Travel Staffing is hiring an Interim - Nursing Supervisor Shift: Non-exempt, Variable, rotating shifts, 36 hrs per week Duration: 13 weeks Requirements: MA License 3 years of experience BLS ACLS PALS Other Details: Shared housing provided at no cost Epic Travel Staffing: Day 1 health insurance coverage and comprehensive benefits options 401(k) matching program Weekly direct deposit Industry leading allowances and reimbursements Referral program with cash bonuses and additional perks Exclus…",Leadership - House Supervisor,41.258708,eyJhbGciOiJIUzI1NiJ9.eyJpIjoiNTc2NDUyNDc1OSIsInMiOiJHRVZ5LXVObzhSR2pLSklXSE9maUtnIn0.Td0vBNT0sfzRChQImRIpmtmwlDsNmbYe2JpUwWN201I,5764524759,"['US', 'Massachusetts', 'Nantucket', 'Sconset']",Adzuna::API::Response::Location,"Sconset, Nantucket",Epic Travel Staffing,Adzuna::API::Response::Company,customer-services-jobs,Adzuna::API::Response::Category,Customer Services Jobs,,permanent
33077.97,-87.397144,2026-06-15T13:56:51Z,33077.97,1,Adzuna::API::Response::Job,https://www.adzuna.com/land/ad/5764524757?se=GEVy-uNo8RGjKJIWHOfiKg&utm_medium=api&utm_source=abfa41a4&v=94DA4ED9FCDEFC7DE4917F2F670A78C46585F029,"Travel Med Surg RN Company: Fusion Medical Staffing Location: Facility in Dickson, Tennessee Job Details Fusion Medical Staffing is seeking a Med Surg RN for a 13-week travel assignment in Dickson, Tennessee. As a member of our team, you'll have the opportunity to make a positive impact on the lives of patients while enjoying competitive pay, comprehensive benefits, and the support of a dedicated clinical team. Required Qualifications: One year of recent Med Surg RN experience Valid RN license …",Travel Med Surg RN,36.071672,eyJhbGciOiJIUzI1NiJ9.eyJzIjoiR0VWeS11Tm84UkdqS0pJV0hPZmlLZyIsImkiOiI1NzY0NTI0NzU3In0.E8pUkq-Kc_3IGaaOLP7r2bO7ZNgfvkir2cXhkauEGdc,5764524757,"['US', 'Tennessee', 'Dickson County', 'Dickson']",Adzuna::API::Response::Location,"Dickson, Dickson County",Fusion Medical Staffing,Adzuna::API::Response::Company,healthcare-nursing-jobs,Adzuna::API::Response::Category,Healthcare & Nursing Jobs,,
44074.59,-96.83513,2026-06-15T13:56:51Z,44074.59,1,Adzuna::API::Response::Job,https://www.adzuna.com/land/ad/5764524756?se=GEVy-uNo8RGjKJIWHOfiKg&utm_medium=api&utm_source=abfa41a4&v=C239CF5ECDC1B496CD9C082343D22F641A9011C2,"Travel Med Surg RN Company: Fusion Medical Staffing Location: Facility in Fargo, North Dakota Job Details Fusion Medical Staffing is seeking a Med Surg RN for a 13-week travel assignment in Fargo, North Dakota. As a member of our team, you'll have the opportunity to make a positive impact on the lives of patients while enjoying competitive pay, comprehensive benefits, and the support of a dedicated clinical team. Required Qualifications: One year of recent Med Surg RN experience Valid RN licens…",Travel Med Surg RN,46.817301,eyJhbGciOiJIUzI1NiJ9.eyJzIjoiR0VWeS11Tm84UkdqS0pJV0hPZmlLZyIsImkiOiI1NzY0NTI0NzU2In0.Avy8JLoIJSFlSOcrqE567KsvUli9j8zhNG3Ok0cLOw0,5764524756,"['US', 'North Dakota', 'Cass County', 'Prairie Rose']",Adzuna::API::Response::Location,"Prairie Rose, Cass County",Fusion Medical Staffing,Adzuna::API::Response::Company,healthcare-nursing-jobs,Adzuna::API::Response::Category,Healthcare & Nursing Jobs,,
38442.03,-84.237474,2026-06-15T13:56:51Z,38442.03,1,Adzuna::API::Response::Job,https://www.adzuna.com/land/ad/5764524755?se=GEVy-uNo8RGjKJIWHOfiKg&utm_medium=api&utm_source=abfa41a4&v=0203856353793728C3BB15C47AB10D88F129D2D8,"Travel Med Surg RN Company: Fusion Medical Staffing Location: Facility in Tallahassee, Florida Job Details Fusion Medical Staffing is seeking a Med Surg RN for a 13-week travel assignment in Tallahassee, Florida. As a member of our team, you'll have the opportunity to make a positive impact on the lives of patients while enjoying competitive pay, comprehensive benefits, and the support of a dedicated clinical team. Required Qualifications: One year of recent Med Surg RN experience Valid RN lice…",Travel Med Surg RN,30.472043,eyJhbGciOiJIUzI1NiJ9.eyJzIjoiR0VWeS11Tm84UkdqS0pJV0hPZmlLZyIsImkiOiI1NzY0NTI0NzU1In0.0HTqUH_x-znymXyehGsMg8Unj4foVaqv6OUwykzyAlE,5764524755,"['US', 'Florida', 'Leon County', 'Tallahassee']",Adzuna::API::Response::Location,"Tallahassee, Leon County",Fusion Medical Staffing,Adzuna::API::Response::Company,healthcare-nursing-jobs,Adzuna::API::Response::Category,Healthcare & Nursing Jobs,,
36893.69,-97.708694,2026-06-15T13:56:49Z,36893.69,1,Adzuna::API::Response::Job,https://www.adzuna.com/land/ad/5764524745?se=GEVy-uNo8RGjKJIWHOfiKg&utm_medium=api&utm_source=abfa41a4&v=C9124C6DD1EA8F9BBE3435D2D896390BA8ED3050,"Travel Med Surg RN Company: Fusion Medical Staffing Location: Facility in Austin, Texas Job Details Fusion Medical Staffing is seeking a Med Surg RN for a 13-week travel assignment in Austin, Texas. As a member of our team, you'll have the opportunity to make a positive impact on the lives of patients while enjoying competitive pay, comprehensive benefits, and the support of a dedicated clinical team. Required Qualifications: One year of recent Med Surg RN experience Valid RN license in complia…",Travel Med Surg RN,30.377566,eyJhbGciOiJIUzI1NiJ9.eyJpIjoiNTc2NDUyNDc0NSIsInMiOiJHRVZ5LXVObzhSR2pLSklXSE9maUtnIn0.UF1e4Fo5kranha2zGqBN8iQY0-DRQJbNYi0RFoMAqNA,5764524745,"['US', 'Texas', 'Travis County', 'Balcones']",Adzuna::API::Response::Location,"Balcones, Travis County",Fusion Medical Staffing,Adzuna::API::Response::Company,healthcare-nursing-jobs,Adzuna::API::Response::Category,Healthcare & Nursing Jobs,,
49712.26,-104.238604,2026-06-15T13:56:49Z,49712.26,1,Adzuna::API::Response::Job,https://www.adzuna.com/land/ad/5764524746?se=GEVy-uNo8RGjKJIWHOfiKg&utm_medium=api&utm_source=abfa41a4&v=60A63EFCC2860953BA1A13050C1816DCB5ECD49C,"Travel Med Surg RN Company: Fusion Medical Staffing Location: Facility in Carlsbad, New Mexico Job Details Fusion Medical Staffing is seeking a Med Surg RN for a 13-week travel assignment in Carlsbad, New Mexico. As a member of our team, you'll have the opportunity to make a positive impact on the lives of patients while enjoying competitive pay, comprehensive benefits, and the support of a dedicated clinical team. Required Qualifications: One year of recent Med Surg RN experience Valid RN lice…",Travel Med Surg RN,32.409341,eyJhbGciOiJIUzI1NiJ9.eyJzIjoiR0VWeS11Tm84UkdqS0pJV0hPZmlLZyIsImkiOiI1NzY0NTI0NzQ2In0.33Ixma6iujnnPqSwWMZSe3emQrgzvdDf0r6wUQvaSHg,5764524746,"['US', 'New Mexico', 'Eddy County', 'Carlsbad']",Adzuna::API::Response::Location,"Carlsbad, Eddy County",Fusion Medical Staffing,Adzuna::API::Response::Company,healthcare-nursing-jobs,Adzuna::API::Response::Category,Healthcare & Nursing Jobs,,
29623.23,-77.380179,2026-06-15T13:56:49Z,29623.23,1,Adzuna::API::Response::Job,https://www.adzuna.com/land/ad/5764524750?se=GEVy-uNo8RGjKJIWHOfiKg&utm_medium=api&utm_source=abfa41a4&v=8B489E55D0C8E9892A62399283DA723B7898F2D7,"Travel Med Surg/Tele RN Company: Fusion Medical Staffing Location: Facility in Jacksonville, North Carolina Job Details Fusion Medical Staffing is seeking a Med Surg/Tele RN for a 13-week travel assignment in Jacksonville, North Carolina. As a member of our team, you'll have the opportunity to make a positive impact on the lives of patients while enjoying competitive pay, comprehensive benefits, and the support of a dedicated clinical team. Required Qualifications: One year of recent Med Surg/T…",Travel Med Surg/Telemetry RN,34.774266,eyJhbGciOiJIUzI1NiJ9.eyJpIjoiNTc2NDUyNDc1MCIsInMiOiJHRVZ5LXVObzhSR2pLSklXSE9maUtnIn0.h_L0YGVgdyyz5wAGv_7pXcaI6lBM_ogQ4pRoXJGSwOI,5764524750,"['US', 'North Carolina', 'Onslow County', 'Tarawa']",Adzuna::API::Response::Location,"Tarawa, Onslow County",Fusion Medical Staffing,Adzuna::API::Response::Company,healthcare-nursing-jobs,Adzuna::API::Response::Category,Healthcare & Nursing Jobs,,
39209.43,-84.516133,2026-06-15T13:56:49Z,39209.43,1,Adzuna::API::Response::Job,https://www.adzuna.com/land/ad/5764524748?se=GEVy-uNo8RGjKJIWHOfiKg&utm_medium=api&utm_source=abfa41a4&v=C664CD8FB053CE3B626F07BD9F7B1E06F8E8FCB6,"Travel Med Surg RN Company: Fusion Medical Staffing Location: Facility in Cincinnati, Ohio Job Details Fusion Medical Staffing is seeking a Med Surg RN for a 8-week travel assignment in Cincinnati, Ohio. As a member of our team, you'll have the opportunity to make a positive impact on the lives of patients while enjoying competitive pay, comprehensive benefits, and the support of a dedicated clinical team. Required Qualifications: One year of recent Med Surg RN experience Valid RN license in co…",Travel Med Surg RN,39.126983,eyJhbGciOiJIUzI1NiJ9.eyJzIjoiR0VWeS11Tm84UkdqS0pJV0hPZmlLZyIsImkiOiI1NzY0NTI0NzQ4In0.xWdFudx1WcfOPG2jvWigUSqktWGqisu95i0f882W2Z4,5764524748,"['US', 'Ohio', 'Hamilton County', 'Mt Auburn']",Adzuna::API::Response::Location,"Mt Auburn, Hamilton County",Fusion Medical Staffing,Adzuna::API::Response::Company,healthcare-nursing-jobs,Adzuna::API::Response::Category,Healthcare & Nursing Jobs,,
37461.17,-90.348721,2026-06-15T13:56:49Z,37461.17,1,Adzuna::API::Response::Job,https://www.adzuna.com/land/ad/5764524749?se=GEVy-uNo8RGjKJIWHOfiKg&utm_medium=api&utm_source=abfa41a4&v=6136B336DA9FB570BB9A9B470DE15FA4655DE514,"Travel Med Surg RN Company: Fusion Medical Staffing Location: Facility in Medford, Wisconsin Job Details Fusion Medical Staffing is seeking a Med Surg RN for a 13-week travel assignment in Medford, Wisconsin. As a member of our team, you'll have the opportunity to make a positive impact on the lives of patients while enjoying competitive pay, comprehensive benefits, and the support of a dedicated clinical team. Required Qualifications: One year of recent Med Surg RN experience Valid RN license …",Travel Med Surg RN,45.154502,eyJhbGciOiJIUzI1NiJ9.eyJzIjoiR0VWeS11Tm84UkdqS0pJV0hPZmlLZyIsImkiOiI1NzY0NTI0NzQ5In0.1kQ8J_ncwT-bOBGMliOZeSuHQ7gxYPngVNTMi5yozIU,5764524749,"['US', 'Wisconsin', 'Taylor County', 'Medford']",Adzuna::API::Response::Location,"Medford, Taylor County",Fusion Medical Staffing,Adzuna::API::Response::Company,healthcare-nursing-jobs,Adzuna::API::Response::Category,Healthcare & Nursing Jobs,,
44248.24,-92.46546,2026-06-15T13:56:49Z,44248.24,1,Adzuna::API::Response::Job,https://www.adzuna.com/land/ad/5764524747?se=GEVy-uNo8RGjKJIWHOfiKg&utm_medium=api&utm_source=abfa41a4&v=B9731635753F8ACE7F35647E09D353E63365D76F,"Travel Med Surg RN Company: Fusion Medical Staffing Location: Facility in Alexandria, Louisiana Job Details Fusion Medical Staffing is seeking a Med Surg RN for a 13-week travel assignment in Alexandria, Louisiana. As a member of our team, you'll have the opportunity to make a positive impact on the lives of patients while enjoying competitive pay, comprehensive benefits, and the support of a dedicated clinical team. Required Qualifications: One year of recent Med Surg RN experience Valid RN li…",Travel Med Surg RN,31.28496,eyJhbGciOiJIUzI1NiJ9.eyJpIjoiNTc2NDUyNDc0NyIsInMiOiJHRVZ5LXVObzhSR2pLSklXSE9maUtnIn0.WS2rN6XPnOP97W2MJDOaQL3dXZGpRDoxxR10kvPX0J0,5764524747,"['US', 'Louisiana', 'Rapides Parish', 'Alex']",Adzuna::API::Response::Location,"Alex, Rapides Parish",Fusion Medical Staffing,Adzuna::API::Response::Company,healthcare-nursing-jobs,Adzuna::API::Response::Category,Healthcare & Nursing Jobs,,
55991.37,-83.845464,2026-06-15T13:56:32Z,55991.37,1,Adzuna::API::Response::Job,https://www.adzuna.com/land/ad/5764524740?se=GEVy-uNo8RGjKJIWHOfiKg&utm_medium=api&utm_source=abfa41a4&v=9DE3F17ABA256595C57363F7E647C6BDFF37055F,"Trusted is seeking an experienced nurse for this exciting travel nursing assignment. Trusted has streamlined the travel nursing experience by enabling nurses to apply directly to jobs without the need for recruiters. This unique approach provides more transparency, eliminates pesky calls from recruiters, and puts more money in your pocket. Join the thousands of nurses across the country who have already made the switch to a more modern way to work. Experience: • 24 months of experience with 3 m…",Medical Surgical / Telemetry Unit - Licensed Vocational Nurse / Licensed Practical Nurse,39.940207,eyJhbGciOiJIUzI1NiJ9.eyJpIjoiNTc2NDUyNDc0MCIsInMiOiJHRVZ5LXVObzhSR2pLSklXSE9maUtnIn0.4-rD0ut7wH99vGjoEoY14uqvhNfNZg6tLCUFLKMgfRE,5764524740,"['US', 'Ohio', 'Clark County', 'Springfield']",Adzuna::API::Response::Location,"Springfield, Clark County",Trusted Health,Adzuna::API::Response::Company,healthcare-nursing-jobs,Adzuna::API::Response::Category,Healthcare & Nursing Jobs,,
84126.3,-95.31726,2026-06-15T13:56:18Z,84126.3,1,Adzuna::API::Response::Job,https://www.adzuna.com/land/ad/5764524734?se=GEVy-uNo8RGjKJIWHOfiKg&utm_medium=api&utm_source=abfa41a4&v=E87FA642880EF622B3DDAEB202C8CAC69FD59B38,"Occupational Therapist Career Opportunity $10K Sign-On Bonus for Full-Time Positions Your Calling, Close to Home and Heart Are you in pursuit of a career that's more than a job, one that aligns with your heart and community? We believe in the power of creating positive change within local communities through exceptional Occupational Therapy services, empowering individuals toward independence and an improved quality of life. Envision the opportunity to profoundly impact patients' lives, providi…",Post Acute Rehabilitation OT,32.36466,eyJhbGciOiJIUzI1NiJ9.eyJzIjoiR0VWeS11Tm84UkdqS0pJV0hPZmlLZyIsImkiOiI1NzY0NTI0NzM0In0.6ATwKEh33UC8pdaZisziE2rzR1w8RbvakUSGEhVeYR8,5764524734,"['US', 'Texas', 'Smith County', 'Tyler']",Adzuna::API::Response::Location,"Tyler, Smith County","Christus Trinity Mother Frances Rehabilitation Hospital, a partner of Encompass Health",Adzuna::API::Response::Company,healthcare-nursing-jobs,Adzuna::API::Response::Category,Healthcare & Nursing Jobs,full_time,
69181.34,,2026-06-15T13:56:14Z,69181.34,1,Adzuna::API::Response::Job,https://www.adzuna.com/details/5764524732?utm_medium=api&utm_source=abfa41a4,"Customer Care - Fully Remote position in Property & Casualty. Start Date: July 27, 2026 Schedule: Must be able to work any shift that falls between the hours of 7:00 am - 8:00 pm CST Monday-Friday - some Saturday's required (10 am - 2 pm CST). In this role, you will primarily support educators by addressing inquiries about their auto and property insurance policies. Through phone calls, emails, and live chats, you will provide exceptional customer service , helping our clients protect their val…",Service Representative - Property & Casualty,,eyJhbGciOiJIUzI1NiJ9.eyJpIjoiNTc2NDUyNDczMiIsInMiOiJHRVZ5LXVObzhSR2pLSklXSE9maUtnIn0.rwzC1CKJqM7jVADRqeM3nc9UsdUQzeTxc8hNdt2_MEY,5764524732,['US'],Adzuna::API::Response::Location,US,Horace Mann,Adzuna::API::Response::Company,sales-jobs,Adzuna::API::Response::Category,Sales Jobs,full_time,
107885.03,-82.555682,2026-06-15T13:56:10Z,107885.03,1,Adzuna::API::Response::Job,https://www.adzuna.com/land/ad/5764524731?se=GEVy-uNo8RGjKJIWHOfiKg&utm_medium=api&utm_source=abfa41a4&v=4AB23FEF5F60F60EADBC9F5BCF153E6012C2CAE7,"Our Fletcher NC, CDL A Delivery Truck Drivers start at $27.11 an hour as well as Incentive Pay. We are looking for Delivery Truck Drivers who relish the chance to push their potential, grow and reap the rewards of joining the US FOODS® family. US FOOODS is now offering a $5000.00 relocation bonus for those interested in relocating to the US FOODS FLETCHER, NC Market Current schedule is Monday through Friday starting EARLY AM to finish. We help YOU make it! US FOODS ® i s one of the largest food…",Class A Delivery Driver,35.596321,eyJhbGciOiJIUzI1NiJ9.eyJpIjoiNTc2NDUyNDczMSIsInMiOiJHRVZ5LXVObzhSR2pLSklXSE9maUtnIn0.j3I4uTNARScU0t5_D9mTbJvA1X7Zf6CDyDGaG8Ty4mw,5764524731,"['US', 'North Carolina', 'Buncombe County', 'Asheville']",Adzuna::API::Response::Location,"Asheville, Buncombe County","US Foods, Inc.",Adzuna::API::Response::Company,logistics-warehouse-jobs,Adzuna::API::Response::Category,Logistics & Warehouse Jobs,,
96063.34,-98.378963,2026-06-15T13:55:52Z,96063.34,1,Adzuna::API::Response::Job,https://www.adzuna.com/details/5764524725?utm_medium=api&utm_source=abfa41a4,"Careers With Purpose Join our not-for-profit organization that has provided over 100 years of housing and services to seniors with a commitment to quality care and service in a Christian environment. Facility: GSS NE Grand Island Vlg Location: Grand Island, NE Address: 4075 Timberline St, Grand Island, NE 68803, USA Shift: 8 Hours - Day Shifts Job Schedule: Full time Weekly Hours: 40.00 Salary Range: $16.00 - $25.50 Department Details Enjoy stable, year-round employment with a starting wage of …","Lead Groundskeeper, Long Term Care (LTC) - FT Days",40.925358,eyJhbGciOiJIUzI1NiJ9.eyJzIjoiR0VWeS11Tm84UkdqS0pJV0hPZmlLZyIsImkiOiI1NzY0NTI0NzI1In0.4ZaEtrV9GB2yvjw0dwsyoQKUIwyg3h8jwxWsE7rAWdk,5764524725,"['US', 'Nebraska', 'Hall County', 'Grand Island']",Adzuna::API::Response::Location,"Grand Island, Hall County",Good Samaritan,Adzuna::API::Response::Company,maintenance-jobs,Adzuna::API::Response::Category,Maintenance Jobs,full_time,
52494.39,-91.346246,2026-06-15T13:55:52Z,52494.39,1,Adzuna::API::Response::Job,https://www.adzuna.com/details/5764524726?utm_medium=api&utm_source=abfa41a4,"Remedy Intelligent Staffing has several amazing career opportunities through our client located in West Branch, IA We have IMMEDIATE openings for associates as Forklift Operators. Join a team-oriented environment with room for advancement while working to package products for store displays in this Temp to Hire opportunity. Shift/Hours: Forklift Hours: 6AM – 6PM $18 6PM - 6AM $18  $1 shift differential Must have forklift experience. Position Description Summary: Responsible for loading and unlo…",Forklift Driver 12 hours,41.673241,eyJhbGciOiJIUzI1NiJ9.eyJpIjoiNTc2NDUyNDcyNiIsInMiOiJHRVZ5LXVObzhSR2pLSklXSE9maUtnIn0.WX9Fw2jtM9n2MULhhTGP4TtNExMT8xIW85ZfUubYLlk,5764524726,"['US', 'Iowa', 'Cedar County', 'West Branch']",Adzuna::API::Response::Location,"West Branch, Cedar County",Remedy Intelligent Staffing,Adzuna::API::Response::Company,logistics-warehouse-jobs,Adzuna::API::Response::Category,Logistics & Warehouse Jobs,full_time,contract
33390.48,-82.014436,2026-06-15T13:55:25Z,33390.48,1,Adzuna::API::Response::Job,https://www.adzuna.com/land/ad/5764524714?se=GEVy-uNo8RGjKJIWHOfiKg&utm_medium=api&utm_source=abfa41a4&v=4B2CE1C939C0B066101B9A9036C73E97F20BC121,"Benefits: * Fuel Your Growth with Love's - company funded tuition assistance program * Paid Time Off * Flexible Scheduling * 401(k) – 100% match up to 5% * Medical/Dental/Vision Insurance after 30 days * Competitive Pay * Career Development * Hiring Immediately Welcome to Love’s! Diesel Technicians work in a fast-paced environment and maintain clean places with friendly faces. You will interact with customers & drivers from all over, making their travels and their day better. Job Functions: Tro…",Diesel Technician,26.679145,eyJhbGciOiJIUzI1NiJ9.eyJzIjoiR0VWeS11Tm84UkdqS0pJV0hPZmlLZyIsImkiOiI1NzY0NTI0NzE0In0.U8Ylj8Es-K4txnJqtTtg3JPmhxAsYr7OSHRPFu6Zg9g,5764524714,"['US', 'Florida', 'Lee County', 'Matlacha Isles']",Adzuna::API::Response::Location,"Matlacha Isles, Lee County",Love's Travel Stops,Adzuna::API::Response::Company,travel-jobs,Adzuna::API::Response::Category,Travel Jobs,full_time,
27318.06,-81.767493,2026-06-15T13:55:25Z,27318.06,1,Adzuna::API::Response::Job,https://www.adzuna.com/land/ad/5764524711?se=GEVy-uNo8RGjKJIWHOfiKg&utm_medium=api&utm_source=abfa41a4&v=62CFA45C6B448E693E61E8C93B87DB869917CDBF,"Benefits: * Fuel Your Growth with Love's - company funded tuition assistance program * Paid Time Off * Flexible Scheduling * 401(k) – 100% match up to 5% * Medical/Dental/Vision Insurance after 30 days * Competitive Pay * Career Development * Hiring Immediately Welcome to Love’s! Diesel Technicians work in a fast-paced environment and maintain clean places with friendly faces. You will interact with customers & drivers from all over, making their travels and their day better. Job Functions: Tro…",Diesel Technician,26.464179,eyJhbGciOiJIUzI1NiJ9.eyJpIjoiNTc2NDUyNDcxMSIsInMiOiJHRVZ5LXVObzhSR2pLSklXSE9maUtnIn0._-QmtBS6iATerAEd3UYhDikYVs5-H8Xcpb87TQn5Y0E,5764524711,"['US', 'Florida', 'Lee County', 'Miromar Lakes']",Adzuna::API::Response::Location,"Miromar Lakes, Lee County",Love's Travel Stops,Adzuna::API::Response::Company,travel-jobs,Adzuna::API::Response::Category,Travel Jobs,full_time,
28341.21,-82.004167,2026-06-15T13:55:25Z,28341.21,1,Adzuna::API::Response::Job,https://www.adzuna.com/land/ad/5764524716?se=GEVy-uNo8RGjKJIWHOfiKg&utm_medium=api&utm_source=abfa41a4&v=C3079F40A90A7303A798540C5AE7D52EAA97DD39,"Benefits: * Fuel Your Growth with Love's - company funded tuition assistance program * Paid Time Off * Flexible Scheduling * 401(k) – 100% match up to 5% * Medical/Dental/Vision Insurance after 30 days * Competitive Pay * Career Development * Hiring Immediately Welcome to Love’s! Diesel Technicians work in a fast-paced environment and maintain clean places with friendly faces. You will interact with customers & drivers from all over, making their travels and their day better. Job Functions: Tro…",Diesel Technician,27.056618,eyJhbGciOiJIUzI1NiJ9.eyJpIjoiNTc2NDUyNDcxNiIsInMiOiJHRVZ5LXVObzhSR2pLSklXSE9maUtnIn0.8-XV7LpL82DYradhyBxRCjAEv0XTKh7m96FeMEZIYp4,5764524716,"['US', 'Florida', 'DeSoto County', 'Fort Ogden']",Adzuna::API::Response::Location,"Fort Ogden, DeSoto County",Love's Travel Stops,Adzuna::API::Response::Company,travel-jobs,Adzuna::API::Response::Category,Travel Jobs,full_time,
37262.28,-81.784762,2026-06-15T13:55:25Z,37262.28,1,Adzuna::API::Response::Job,https://www.adzuna.com/land/ad/5764524713?se=GEVy-uNo8RGjKJIWHOfiKg&utm_medium=api&utm_source=abfa41a4&v=88B6AD4B8D2590F9508825383D7806437A608CEF,"Benefits: * Fuel Your Growth with Love's - company funded tuition assistance program * Paid Time Off * Flexible Scheduling * 401(k) – 100% match up to 5% * Medical/Dental/Vision Insurance after 30 days * Competitive Pay * Career Development * Hiring Immediately Welcome to Love’s! Diesel Technicians work in a fast-paced environment and maintain clean places with friendly faces. You will interact with customers & drivers from all over, making their travels and their day better. Job Functions: Tro…",Diesel Technician,26.29154,eyJhbGciOiJIUzI1NiJ9.eyJzIjoiR0VWeS11Tm84UkdqS0pJV0hPZmlLZyIsImkiOiI1NzY0NTI0NzEzIn0.HAPS0lT_tuGiTT-6D-vOTDETptYv4bpeR_-sHoGbmcA,5764524713,"['US', 'Florida', 'Collier County', 'Vanderbilt']",Adzuna::API::Response::Location,"Vanderbilt, Collier County",Love's Travel Stops,Adzuna::API::Response::Company,travel-jobs,Adzuna::API::Response::Category,Travel Jobs,full_time,
28732.12,-82.144427,2026-06-15T13:55:25Z,28732.12,1,Adzuna::API::Response::Job,https://www.adzuna.com/land/ad/5764524717?se=GEVy-uNo8RGjKJIWHOfiKg&utm_medium=api&utm_source=abfa41a4&v=6AFB63F22EC7DD468B60A94F0075A17EEC8AAA4E,"Benefits: * Fuel Your Growth with Love's - company funded tuition assistance program * Paid Time Off * Flexible Scheduling * 401(k) – 100% match up to 5% * Medical/Dental/Vision Insurance after 30 days * Competitive Pay * Career Development * Hiring Immediately Welcome to Love’s! Diesel Technicians work in a fast-paced environment and maintain clean places with friendly faces. You will interact with customers & drivers from all over, making their travels and their day better. Job Functions: Tro…",Diesel Technician,27.082259,eyJhbGciOiJIUzI1NiJ9.eyJpIjoiNTc2NDUyNDcxNyIsInMiOiJHRVZ5LXVObzhSR2pLSklXSE9maUtnIn0.WOde0Jo6x0LN-YqvB_GbrdzS5DWjqmDGqaMHVvrw4EM,5764524717,"['US', 'Florida', 'Sarasota County', 'North Port']",Adzuna::API::Response::Location,"North Port, Sarasota County",Love's Travel Stops,Adzuna::API::Response::Company,travel-jobs,Adzuna::API::Response::Category,Travel Jobs,full_time,
28083.92,-82.134377,2026-06-15T13:55:24Z,28083.92,1,Adzuna::API::Response::Job,https://www.adzuna.com/land/ad/5764524694?se=GEVy-uNo8RGjKJIWHOfiKg&utm_medium=api&utm_source=abfa41a4&v=20A97B572E0BB3D43F5C02BB20D9C806EAF4BFE0,"Benefits: * Fuel Your Growth with Love's - company funded tuition assistance program * Paid Time Off * Flexible Scheduling * 401(k) – 100% match up to 5% * Medical/Dental/Vision Insurance after 30 days * Competitive Pay * Career Development * Hiring Immediately Welcome to Love’s! Diesel Technicians work in a fast-paced environment and maintain clean places with friendly faces. You will interact with customers & drivers from all over, making their travels and their day better. Job Functions: Tro…",Diesel Technician,26.65768,eyJhbGciOiJIUzI1NiJ9.eyJzIjoiR0VWeS11Tm84UkdqS0pJV0hPZmlLZyIsImkiOiI1NzY0NTI0Njk0In0.8lzeqKzfZULbw7VTsQ_RKWcYshHK_3KUMtUM9J4MuQM,5764524694,"['US', 'Florida', 'Lee County', 'Bokeelia']",Adzuna::API::Response::Location,"Bokeelia, Lee County",Love's Travel Stops,Adzuna::API::Response::Company,travel-jobs,Adzuna::API::Response::Category,Travel Jobs,full_time,
30807.02,-82.160403,2026-06-15T13:55:24Z,30807.02,1,Adzuna::API::Response::Job,https://www.adzuna.com/land/ad/5764524706?se=GEVy-uNo8RGjKJIWHOfiKg&utm_medium=api&utm_source=abfa41a4&v=9BFB44D646291122DCF60FD731DF643DB0D392FF,"Benefits: * Fuel Your Growth with Love's - company funded tuition assistance program * Paid Time Off * Flexible Scheduling * 401(k) – 100% match up to 5% * Medical/Dental/Vision Insurance after 30 days * Competitive Pay * Career Development * Hiring Immediately Welcome to Love’s! Diesel Technicians work in a fast-paced environment and maintain clean places with friendly faces. You will interact with customers & drivers from all over, making their travels and their day better. Job Functions: Tro…",Diesel Technician,27.010943,eyJhbGciOiJIUzI1NiJ9.eyJpIjoiNTc2NDUyNDcwNiIsInMiOiJHRVZ5LXVObzhSR2pLSklXSE9maUtnIn0.J1pP1cBZa9WYbhKOdkib0KxRu1zhRqzjo6K_LeUePWY,5764524706,"['US', 'Florida', 'Charlotte County', 'Murdock']",Adzuna::API::Response::Location,"Murdock, Charlotte County",Love's Travel Stops,Adzuna::API::Response::Company,travel-jobs,Adzuna::API::Response::Category,Travel Jobs,full_time,
31873.58,-82.003229,2026-06-15T13:55:24Z,31873.58,1,Adzuna::API::Response::Job,https://www.adzuna.com/land/ad/5764524698?se=GEVy-uNo8RGjKJIWHOfiKg&utm_medium=api&utm_source=abfa41a4&v=B79B2E66F43DDDB540F0832587442B4AE1FDC28E,"Benefits: * Fuel Your Growth with Love's - company funded tuition assistance program * Paid Time Off * Flexible Scheduling * 401(k) – 100% match up to 5% * Medical/Dental/Vision Insurance after 30 days * Competitive Pay * Career Development * Hiring Immediately Welcome to Love’s! Diesel Technicians work in a fast-paced environment and maintain clean places with friendly faces. You will interact with customers & drivers from all over, making their travels and their day better. Job Functions: Tro…",Diesel Technician,26.819004,eyJhbGciOiJIUzI1NiJ9.eyJpIjoiNTc2NDUyNDY5OCIsInMiOiJHRVZ5LXVObzhSR2pLSklXSE9maUtnIn0.9ZjCrUpyH5jd6doWMycTCY28pUTNvzqMuu71FVwq8_w,5764524698,"['US', 'Florida', 'Charlotte County', 'Punta Gorda']",Adzuna::API::Response::Location,"Punta Gorda, Charlotte County",Love's Travel Stops,Adzuna::API::Response::Company,travel-jobs,Adzuna::API::Response::Category,Travel Jobs,full_time,
35531.27,-81.789342,2026-06-15T13:55:24Z,35531.27,1,Adzuna::API::Response::Job,https://www.adzuna.com/land/ad/5764524691?se=GEVy-uNo8RGjKJIWHOfiKg&utm_medium=api&utm_source=abfa41a4&v=117F39C853487ADB89C4A1E2B23C5AB5088A3734,"Benefits: * Fuel Your Growth with Love's - company funded tuition assistance program * Paid Time Off * Flexible Scheduling * 401(k) – 100% match up to 5% * Medical/Dental/Vision Insurance after 30 days * Competitive Pay * Career Development * Hiring Immediately Welcome to Love’s! Diesel Technicians work in a fast-paced environment and maintain clean places with friendly faces. You will interact with customers & drivers from all over, making their travels and their day better. Job Functions: Tro…",Diesel Technician,26.440762,eyJhbGciOiJIUzI1NiJ9.eyJzIjoiR0VWeS11Tm84UkdqS0pJV0hPZmlLZyIsImkiOiI1NzY0NTI0NjkxIn0.iZt1RvRpS_ojxLg3vtFxDFBX7e_pcoyixm4BZfnz6wk,5764524691,"['US', 'Florida', 'Lee County', 'Estero']",Adzuna::API::Response::Location,"Estero, Lee County",Love's Travel Stops,Adzuna::API::Response::Company,travel-jobs,Adzuna::API::Response::Category,Travel Jobs,full_time,
29510.36,-81.435517,2026-06-15T13:55:24Z,29510.36,1,Adzuna::API::Response::Job,https://www.adzuna.com/land/ad/5764524703?se=GEVy-uNo8RGjKJIWHOfiKg&utm_medium=api&utm_source=abfa41a4&v=9EEB69F6E37C304DB7B3F6CBECC2EE30FD8D1CAA,"Benefits: * Fuel Your Growth with Love's - company funded tuition assistance program * Paid Time Off * Flexible Scheduling * 401(k) – 100% match up to 5% * Medical/Dental/Vision Insurance after 30 days * Competitive Pay * Career Development * Hiring Immediately Welcome to Love’s! Diesel Technicians work in a fast-paced environment and maintain clean places with friendly faces. You will interact with customers & drivers from all over, making their travels and their day better. Job Functions: Tro…",Diesel Technician,26.755485,eyJhbGciOiJIUzI1NiJ9.eyJzIjoiR0VWeS11Tm84UkdqS0pJV0hPZmlLZyIsImkiOiI1NzY0NTI0NzAzIn0.PmLacP3ICmPc6dnl98bdtcShH0ZDQujhkcGVd8R-lc0,5764524703,"['US', 'Florida', 'Hendry County', 'Labelle']",Adzuna::API::Response::Location,"Labelle, Hendry County",Love's Travel Stops,Adzuna::API::Response::Company,travel-jobs,Adzuna::API::Response::Category,Travel Jobs,full_time,
30882.88,-81.76415,2026-06-15T13:55:24Z,30882.88,1,Adzuna::API::Response::Job,https://www.adzuna.com/land/ad/5764524690?se=GEVy-uNo8RGjKJIWHOfiKg&utm_medium=api&utm_source=abfa41a4&v=30BD0155BDB80318A06DE5C9B9F9283EC005E18A,"Benefits: * Fuel Your Growth with Love's - company funded tuition assistance program * Paid Time Off * Flexible Scheduling * 401(k) – 100% match up to 5% * Medical/Dental/Vision Insurance after 30 days * Competitive Pay * Career Development * Hiring Immediately Welcome to Love’s! Diesel Technicians work in a fast-paced environment and maintain clean places with friendly faces. You will interact with customers & drivers from all over, making their travels and their day better. Job Functions: Tro…",Diesel Technician,26.23826,eyJhbGciOiJIUzI1NiJ9.eyJzIjoiR0VWeS11Tm84UkdqS0pJV0hPZmlLZyIsImkiOiI1NzY0NTI0NjkwIn0.LLCOafvknk6nYqQUlUAjUCR4kxc5VZ8qj0q_5CEbVfM,5764524690,"['US', 'Florida', 'Collier County', 'Coco River']",Adzuna::API::Response::Location,"Coco River, Collier County",Love's Travel Stops,Adzuna::API::Response::Company,travel-jobs,Adzuna::API::Response::Category,Travel Jobs,full_time,
28712.78,-81.770597,2026-06-15T13:55:24Z,28712.78,1,Adzuna::API::Response::Job,https://www.adzuna.com/land/ad/5764524701?se=GEVy-uNo8RGjKJIWHOfiKg&utm_medium=api&utm_source=abfa41a4&v=2F1A52789013CECB4A9B40DBCEAEEAB964475173,"Benefits: * Fuel Your Growth with Love's - company funded tuition assistance program * Paid Time Off * Flexible Scheduling * 401(k) – 100% match up to 5% * Medical/Dental/Vision Insurance after 30 days * Competitive Pay * Career Development * Hiring Immediately Welcome to Love’s! Diesel Technicians work in a fast-paced environment and maintain clean places with friendly faces. You will interact with customers & drivers from all over, making their travels and their day better. Job Functions: Tro…",Diesel Technician,26.350344,eyJhbGciOiJIUzI1NiJ9.eyJzIjoiR0VWeS11Tm84UkdqS0pJV0hPZmlLZyIsImkiOiI1NzY0NTI0NzAxIn0.2dELW4StfaxPJesoAQslprNHkP2mGTqQl94KxmJ-KNQ,5764524701,"['US', 'Florida', 'Lee County', 'Bonita Springs']",Adzuna::API::Response::Location,"Bonita Springs, Lee County",Love's Travel Stops,Adzuna::API::Response::Company,travel-jobs,Adzuna::API::Response::Category,Travel Jobs,full_time,
28319.35,-81.632418,2026-06-15T13:55:24Z,28319.35,1,Adzuna::API::Response::Job,https://www.adzuna.com/land/ad/5764524709?se=GEVy-uNo8RGjKJIWHOfiKg&utm_medium=api&utm_source=abfa41a4&v=E25042F2493939461B86EC51129CB5AA9B1F6BE2,"Benefits: * Fuel Your Growth with Love's - company funded tuition assistance program * Paid Time Off * Flexible Scheduling * 401(k) – 100% match up to 5% * Medical/Dental/Vision Insurance after 30 days * Competitive Pay * Career Development * Hiring Immediately Welcome to Love’s! Diesel Technicians work in a fast-paced environment and maintain clean places with friendly faces. You will interact with customers & drivers from all over, making their travels and their day better. Job Functions: Tro…",Diesel Technician,26.707838,eyJhbGciOiJIUzI1NiJ9.eyJzIjoiR0VWeS11Tm84UkdqS0pJV0hPZmlLZyIsImkiOiI1NzY0NTI0NzA5In0.ACGpKZztoT5kK0lRii1NrQ3WHwnSdI6EAT3wqOAKzzo,5764524709,"['US', 'Florida', 'Lee County', 'Alva']",Adzuna::API::Response::Location,"Alva, Lee County",Love's Travel Stops,Adzuna::API::Response::Company,travel-jobs,Adzuna::API::Response::Category,Travel Jobs,full_time,
32743.81,-82.001851,2026-06-15T13:55:24Z,32743.81,1,Adzuna::API::Response::Job,https://www.adzuna.com/land/ad/5764524693?se=GEVy-uNo8RGjKJIWHOfiKg&utm_medium=api&utm_source=abfa41a4&v=DFC94AFC965A87669A4613FB78976208F466DA27,"Benefits: * Fuel Your Growth with Love's - company funded tuition assistance program * Paid Time Off * Flexible Scheduling * 401(k) – 100% match up to 5% * Medical/Dental/Vision Insurance after 30 days * Competitive Pay * Career Development * Hiring Immediately Welcome to Love’s! Diesel Technicians work in a fast-paced environment and maintain clean places with friendly faces. You will interact with customers & drivers from all over, making their travels and their day better. Job Functions: Tro…",Diesel Technician,26.577064,eyJhbGciOiJIUzI1NiJ9.eyJpIjoiNTc2NDUyNDY5MyIsInMiOiJHRVZ5LXVObzhSR2pLSklXSE9maUtnIn0.5qBM9RvplqxorRvhCqzP1dp4ynzm3-cpguQJXmstOjw,5764524693,"['US', 'Florida', 'Lee County', 'Cape Coral']",Adzuna::API::Response::Location,"Cape Coral, Lee County",Love's Travel Stops,Adzuna::API::Response::Company,travel-jobs,Adzuna::API::Response::Category,Travel Jobs,full_time,
27318.06,-81.811332,2026-06-15T13:55:24Z,27318.06,1,Adzuna::API::Response::Job,https://www.adzuna.com/land/ad/5764524708?se=GEVy-uNo8RGjKJIWHOfiKg&utm_medium=api&utm_source=abfa41a4&v=F52CFC119D3EE49389400DF89BB92D8F67EBE601,"Benefits: * Fuel Your Growth with Love's - company funded tuition assistance program * Paid Time Off * Flexible Scheduling * 401(k) – 100% match up to 5% * Medical/Dental/Vision Insurance after 30 days * Competitive Pay * Career Development * Hiring Immediately Welcome to Love’s! Diesel Technicians work in a fast-paced environment and maintain clean places with friendly faces. You will interact with customers & drivers from all over, making their travels and their day better. Job Functions: Tro…",Diesel Technician,26.472126,eyJhbGciOiJIUzI1NiJ9.eyJpIjoiNTc2NDUyNDcwOCIsInMiOiJHRVZ5LXVObzhSR2pLSklXSE9maUtnIn0.pdfNdqJFFe2Kt-KPjXoPvqvi-ZIw-du9-MFBMzKRk00,5764524708,"['US', 'Florida', 'Lee County', 'San Carlos Park']",Adzuna::API::Response::Location,"San Carlos Park, Lee County",Love's Travel Stops,Adzuna::API::Response::Company,travel-jobs,Adzuna::API::Response::Category,Travel Jobs,full_time,
31229.34,-81.83619,2026-06-15T13:55:24Z,31229.34,1,Adzuna::API::Response::Job,https://www.adzuna.com/land/ad/5764524696?se=GEVy-uNo8RGjKJIWHOfiKg&utm_medium=api&utm_source=abfa41a4&v=26F4FE5C9F80E862071A3C1E59C96FC03BEE91D2,"Benefits: * Fuel Your Growth with Love's - company funded tuition assistance program * Paid Time Off * Flexible Scheduling * 401(k) – 100% match up to 5% * Medical/Dental/Vision Insurance after 30 days * Competitive Pay * Career Development * Hiring Immediately Welcome to Love’s! Diesel Technicians work in a fast-paced environment and maintain clean places with friendly faces. You will interact with customers & drivers from all over, making their travels and their day better. Job Functions: Tro…",Diesel Technician,26.63163,eyJhbGciOiJIUzI1NiJ9.eyJzIjoiR0VWeS11Tm84UkdqS0pJV0hPZmlLZyIsImkiOiI1NzY0NTI0Njk2In0.9xsk_buudRDV8_yKpRYQ9PUo5IGuZXcbrdqoU-LkB7M,5764524696,"['US', 'Florida', 'Lee County', 'Fort Myers']",Adzuna::API::Response::Location,"Fort Myers, Lee County",Love's Travel Stops,Adzuna::API::Response::Company,travel-jobs,Adzuna::API::Response::Category,Travel Jobs,full_time,
29074.05,-81.621538,2026-06-15T13:55:24Z,29074.05,1,Adzuna::API::Response::Job,https://www.adzuna.com/land/ad/5764524697?se=GEVy-uNo8RGjKJIWHOfiKg&utm_medium=api&utm_source=abfa41a4&v=0344C3163C073FF0DF8DF23FCCF7998883D1302A,"Benefits: * Fuel Your Growth with Love's - company funded tuition assistance program * Paid Time Off * Flexible Scheduling * 401(k) – 100% match up to 5% * Medical/Dental/Vision Insurance after 30 days * Competitive Pay * Career Development * Hiring Immediately Welcome to Love’s! Diesel Technicians work in a fast-paced environment and maintain clean places with friendly faces. You will interact with customers & drivers from all over, making their travels and their day better. Job Functions: Tro…",Diesel Technician,26.639599,eyJhbGciOiJIUzI1NiJ9.eyJpIjoiNTc2NDUyNDY5NyIsInMiOiJHRVZ5LXVObzhSR2pLSklXSE9maUtnIn0.IeaZ_c-cjgFCE5zQyKATm8DA3P37wwI1v4vnasBII-A,5764524697,"['US', 'Florida', 'Lee County', 'Lehigh Acres']",Adzuna::API::Response::Location,"Lehigh Acres, Lee County",Love's Travel Stops,Adzuna::API::Response::Company,travel-jobs,Adzuna::API::Response::Category,Travel Jobs,full_time,
30439.89,-81.987405,2026-06-15T13:55:24Z,30439.89,1,Adzuna::API::Response::Job,https://www.adzuna.com/land/ad/5764524699?se=GEVy-uNo8RGjKJIWHOfiKg&utm_medium=api&utm_source=abfa41a4&v=E1EBFD6D73309E657FF3D756610A0DE697138C47,"Benefits: * Fuel Your Growth with Love's - company funded tuition assistance program * Paid Time Off * Flexible Scheduling * 401(k) – 100% match up to 5% * Medical/Dental/Vision Insurance after 30 days * Competitive Pay * Career Development * Hiring Immediately Welcome to Love’s! Diesel Technicians work in a fast-paced environment and maintain clean places with friendly faces. You will interact with customers & drivers from all over, making their travels and their day better. Job Functions: Tro…",Diesel Technician,26.627502,eyJhbGciOiJIUzI1NiJ9.eyJzIjoiR0VWeS11Tm84UkdqS0pJV0hPZmlLZyIsImkiOiI1NzY0NTI0Njk5In0.fywn-uI86fCMWHpnV6F6SUT0r01FYd00bFidg7UjQA4,5764524699,"['US', 'Florida', 'Lee County', 'Cape Coral South']",Adzuna::API::Response::Location,"Cape Coral South, Lee County",Love's Travel Stops,Adzuna::API::Response::Company,travel-jobs,Adzuna::API::Response::Category,Travel Jobs,full_time,
31700.81,-81.71432,2026-06-15T13:55:24Z,31700.81,1,Adzuna::API::Response::Job,https://www.adzuna.com/land/ad/5764524710?se=GEVy-uNo8RGjKJIWHOfiKg&utm_medium=api&utm_source=abfa41a4&v=43C4A6CC4022BF8BC38DE469CDC692B982770F05,"Benefits: * Fuel Your Growth with Love's - company funded tuition assistance program * Paid Time Off * Flexible Scheduling * 401(k) – 100% match up to 5% * Medical/Dental/Vision Insurance after 30 days * Competitive Pay * Career Development * Hiring Immediately Welcome to Love’s! Diesel Technicians work in a fast-paced environment and maintain clean places with friendly faces. You will interact with customers & drivers from all over, making their travels and their day better. Job Functions: Tro…",Diesel Technician,26.25733,eyJhbGciOiJIUzI1NiJ9.eyJzIjoiR0VWeS11Tm84UkdqS0pJV0hPZmlLZyIsImkiOiI1NzY0NTI0NzEwIn0.oevQSTb9-IccA0gCL4S39EBdjCxu0E2nF6WX2p-uH9g,5764524710,"['US', 'Florida', 'Collier County', 'Golden Gate']",Adzuna::API::Response::Location,"Golden Gate, Collier County",Love's Travel Stops,Adzuna::API::Response::Company,travel-jobs,Adzuna::API::Response::Category,Travel Jobs,full_time,
32898.37,-81.946226,2026-06-15T13:55:24Z,32898.37,1,Adzuna::API::Response::Job,https://www.adzuna.com/land/ad/5764524705?se=Hu8---No8RGjKJIWHOfiKg&utm_medium=api&utm_source=abfa41a4&v=0EB21C8F0707BC8BDC84A4CAA2E801A6B8FFABF9,"Benefits: * Fuel Your Growth with Love's - company funded tuition assistance program * Paid Time Off * Flexible Scheduling * 401(k) – 100% match up to 5% * Medical/Dental/Vision Insurance after 30 days * Competitive Pay * Career Development * Hiring Immediately Welcome to Love’s! Diesel Technicians work in a fast-paced environment and maintain clean places with friendly faces. You will interact with customers & drivers from all over, making their travels and their day better. Job Functions: Tro…",Diesel Technician,26.685631,eyJhbGciOiJIUzI1NiJ9.eyJzIjoiSHU4LS0tTm84UkdqS0pJV0hPZmlLZyIsImkiOiI1NzY0NTI0NzA1In0.2Wo3xKtiFsWzR8DbYOcL_w068gVNIK6dUzKK4JWD_gw,5764524705,"['US', 'Florida', 'Lee County', 'North Fort Myers']",Adzuna::API::Response::Location,"North Fort Myers, Lee County",Love's Travel Stops,Adzuna::API::Response::Company,travel-jobs,Adzuna::API::Response::Category,Travel Jobs,full_time,
30188.52,-82.220275,2026-06-15T13:55:24Z,30188.52,1,Adzuna::API::Response::Job,https://www.adzuna.com/land/ad/5764524704?se=Hu8---No8RGjKJIWHOfiKg&utm_medium=api&utm_source=abfa41a4&v=12F8309BD44A6B756952EAB17E97D9E3BA071D64,"Benefits: * Fuel Your Growth with Love's - company funded tuition assistance program * Paid Time Off * Flexible Scheduling * 401(k) – 100% match up to 5% * Medical/Dental/Vision Insurance after 30 days * Competitive Pay * Career Development * Hiring Immediately Welcome to Love’s! Diesel Technicians work in a fast-paced environment and maintain clean places with friendly faces. You will interact with customers & drivers from all over, making their travels and their day better. Job Functions: Tro…",Diesel Technician,26.60183,eyJhbGciOiJIUzI1NiJ9.eyJpIjoiNTc2NDUyNDcwNCIsInMiOiJIdTgtLS1ObzhSR2pLSklXSE9maUtnIn0.r0DJTGxe5RC1WX_u3kGxuWYQb9GNV3Pznm9cF1XG614,5764524704,"['US', 'Florida', 'Lee County', 'Captiva']",Adzuna::API::Response::Location,"Captiva, Lee County",Love's Travel Stops,Adzuna::API::Response::Company,travel-jobs,Adzuna::API::Response::Category,Travel Jobs,full_time,
27532.53,-81.93681,2026-06-15T13:55:24Z,27532.53,1,Adzuna::API::Response::Job,https://www.adzuna.com/land/ad/5764524687?se=Hu8---No8RGjKJIWHOfiKg&utm_medium=api&utm_source=abfa41a4&v=773FFAB256E36EC2A45E19D57017D801CCF99C38,"Benefits: * Fuel Your Growth with Love's - company funded tuition assistance program * Paid Time Off * Flexible Scheduling * 401(k) – 100% match up to 5% * Medical/Dental/Vision Insurance after 30 days * Competitive Pay * Career Development * Hiring Immediately Welcome to Love’s! Diesel Technicians work in a fast-paced environment and maintain clean places with friendly faces. You will interact with customers & drivers from all over, making their travels and their day better. Job Functions: Tro…",Diesel Technician,26.44571,eyJhbGciOiJIUzI1NiJ9.eyJpIjoiNTc2NDUyNDY4NyIsInMiOiJIdTgtLS1ObzhSR2pLSklXSE9maUtnIn0.rSfjG1GHJiDhZsL-JvhnZvM-obsmXC6aXwkBZEBEEWc,5764524687,"['US', 'Florida', 'Lee County', 'Fort Myers Beach']",Adzuna::API::Response::Location,"Fort Myers Beach, Lee County",Love's Travel Stops,Adzuna::API::Response::Company,travel-jobs,Adzuna::API::Response::Category,Travel Jobs,full_time,
29074.05,-81.706669,2026-06-15T13:55:24Z,29074.05,1,Adzuna::API::Response::Job,https://www.adzuna.com/land/ad/5764524702?se=Hu8---No8RGjKJIWHOfiKg&utm_medium=api&utm_source=abfa41a4&v=395A103E32DCA7EA9630267196BB6A34C863F273,"Benefits: * Fuel Your Growth with Love's - company funded tuition assistance program * Paid Time Off * Flexible Scheduling * 401(k) – 100% match up to 5% * Medical/Dental/Vision Insurance after 30 days * Competitive Pay * Career Development * Hiring Immediately Welcome to Love’s! Diesel Technicians work in a fast-paced environment and maintain clean places with friendly faces. You will interact with customers & drivers from all over, making their travels and their day better. Job Functions: Tro…",Diesel Technician,26.631421,eyJhbGciOiJIUzI1NiJ9.eyJpIjoiNTc2NDUyNDcwMiIsInMiOiJIdTgtLS1ObzhSR2pLSklXSE9maUtnIn0.eMG16qe3Z1gHBvEvJl19QGD4EVc-iXkaq0CziEmTAp4,5764524702,"['US', 'Florida', 'Lee County', 'Gateway']",Adzuna::API::Response::Location,"Gateway, Lee County",Love's Travel Stops,Adzuna::API::Response::Company,travel-jobs,Adzuna::API::Response::Category,Travel Jobs,full_time,
28267.12,-82.0908,2026-06-15T13:55:24Z,28267.12,1,Adzuna::API::Response::Job,https://www.adzuna.com/land/ad/5764524695?se=Hu8---No8RGjKJIWHOfiKg&utm_medium=api&utm_source=abfa41a4&v=8A19A79E26CA1EE073A0F02C2A7A5AC111766C00,"Benefits: * Fuel Your Growth with Love's - company funded tuition assistance program * Paid Time Off * Flexible Scheduling * 401(k) – 100% match up to 5% * Medical/Dental/Vision Insurance after 30 days * Competitive Pay * Career Development * Hiring Immediately Welcome to Love’s! Diesel Technicians work in a fast-paced environment and maintain clean places with friendly faces. You will interact with customers & drivers from all over, making their travels and their day better. Job Functions: Tro…",Diesel Technician,26.97582,eyJhbGciOiJIUzI1NiJ9.eyJpIjoiNTc2NDUyNDY5NSIsInMiOiJIdTgtLS1ObzhSR2pLSklXSE9maUtnIn0.5qA0PJMCpFB27gJReo9pJLGtQE4C6qQQKJETw5OCBF0,5764524695,"['US', 'Florida', 'Charlotte County', 'Port Charlotte']",Adzuna::API::Response::Location,"Port Charlotte, Charlotte County",Love's Travel Stops,Adzuna::API::Response::Company,travel-jobs,Adzuna::API::Response::Category,Travel Jobs,full_time,
27951.95,-82.022885,2026-06-15T13:55:24Z,27951.95,1,Adzuna::API::Response::Job,https://www.adzuna.com/land/ad/5764524700?se=Hu8---No8RGjKJIWHOfiKg&utm_medium=api&utm_source=abfa41a4&v=5F2F763AC6F9001E539FF25863FC8529855E9F08,"Benefits: * Fuel Your Growth with Love's - company funded tuition assistance program * Paid Time Off * Flexible Scheduling * 401(k) – 100% match up to 5% * Medical/Dental/Vision Insurance after 30 days * Competitive Pay * Career Development * Hiring Immediately Welcome to Love’s! Diesel Technicians work in a fast-paced environment and maintain clean places with friendly faces. You will interact with customers & drivers from all over, making their travels and their day better. Job Functions: Tro…",Diesel Technician,26.550351,eyJhbGciOiJIUzI1NiJ9.eyJpIjoiNTc2NDUyNDcwMCIsInMiOiJIdTgtLS1ObzhSR2pLSklXSE9maUtnIn0.S7bBZme2yMen5rshJeuD7kHZphhi-0JRMrYQyP2UcF4,5764524700,"['US', 'Florida', 'Lee County', 'Saint James City']",Adzuna::API::Response::Location,"Saint James City, Lee County",Love's Travel Stops,Adzuna::API::Response::Company,travel-jobs,Adzuna::API::Response::Category,Travel Jobs,full_time,
58909.52,-81.31398,2026-06-15T13:55:03Z,58909.52,1,Adzuna::API::Response::Job,https://www.adzuna.com/land/ad/5764524682?se=Hu8---No8RGjKJIWHOfiKg&utm_medium=api&utm_source=abfa41a4&v=CE92D5EB6918A27ECD9B095DB7BD9CC27B1C9130,"Ready for a role that supports your unique calling in patient care and fits your life? At HCA Florida Memorial Hospital's Free Standing ER, you’ll find clear pathways to advance backed by our unmatched nationwide transfer policy that lets you grow your career when the time is right for you. With mentorship opportunities, clinical education courses, professional certification support, and educational assistance, you will have all the resources you need to build the career of a lifetime. This is …",RN Freestanding Emergency Room,29.88516,eyJhbGciOiJIUzI1NiJ9.eyJpIjoiNTc2NDUyNDY4MiIsInMiOiJIdTgtLS1ObzhSR2pLSklXSE9maUtnIn0.De0sX8jpbwJtJlPqPE6nqlqa9lAZP78R-tY2yFB9PgA,5764524682,"['US', 'Florida', 'St. Johns County', 'Villano Beach']",Adzuna::API::Response::Location,"Villano Beach, St. Johns County",HCA FL St. Augustine Emergency,Adzuna::API::Response::Company,healthcare-nursing-jobs,Adzuna::API::Response::Category,Healthcare & Nursing Jobs,part_time,
31996.16,-104.969836,2026-06-15T13:55:01Z,31996.16,1,Adzuna::API::Response::Job,https://www.adzuna.com/land/ad/5764524680?se=Hu8---No8RGjKJIWHOfiKg&utm_medium=api&utm_source=abfa41a4&v=0E5BE999CF2C0B176E3EF53BED3AE6294A0ADF4B,"We. Are. OneStaff. Medical. An independently-owned, nationally-recognized and amazingly awesome staffing firm ready to work for you! A work ethic forged in the Midwest, we are here to stand by your side and help you find your dream assignment anywhere in this great country. We want the same like-minded, awesome candidates to travel with us. Be bold. Enjoy work again. Let us help. THE POSITION: Cardiac catheterization is the insertion of a catheter into a chamber or vessel of the heart. It can b…",Travel Registered Nurse RN Cath Lab,39.731696,eyJhbGciOiJIUzI1NiJ9.eyJzIjoiSHU4LS0tTm84UkdqS0pJV0hPZmlLZyIsImkiOiI1NzY0NTI0NjgwIn0.-6iABIL5ZKu2sqVBVOVv9tip0pZLQqN7dpYKNn3I9Ks,5764524680,"['US', 'Colorado', 'Denver', 'Glendale']",Adzuna::API::Response::Location,"Glendale, Denver",OneStaffMedical,Adzuna::API::Response::Company,healthcare-nursing-jobs,Adzuna::API::Response::Category,Healthcare & Nursing Jobs,,
22711.32,-104.900251,2026-06-15T13:55:01Z,22711.32,1,Adzuna::API::Response::Job,https://www.adzuna.com/land/ad/5764524677?se=Hu8---No8RGjKJIWHOfiKg&utm_medium=api&utm_source=abfa41a4&v=E6B05F8F725C683EE79F7F3FD068E4292765EEFF,"We. Are. OneStaff. Medical. An independently-owned, nationally-recognized and amazingly awesome staffing firm ready to work for you! A work ethic forged in the Midwest, we are here to stand by your side and help you find your dream assignment anywhere in this great country. We want the same like-minded, awesome candidates to travel with us. Be bold. Enjoy work again. Let us help. THE POSITION: Cardiac catheterization is the insertion of a catheter into a chamber or vessel of the heart. It can b…",Travel Registered Nurse RN Cath Lab,39.39217,eyJhbGciOiJIUzI1NiJ9.eyJzIjoiSHU4LS0tTm84UkdqS0pJV0hPZmlLZyIsImkiOiI1NzY0NTI0Njc3In0.uIJyroWjIjcTMgyWAhyN8hcQfPViufZb6oz5mns6zV4,5764524677,"['US', 'Colorado', 'Douglas County', 'Sedalia']",Adzuna::API::Response::Location,"Sedalia, Douglas County",OneStaffMedical,Adzuna::API::Response::Company,healthcare-nursing-jobs,Adzuna::API::Response::Category,Healthcare & Nursing Jobs,,
25887.22,-72.08221,2026-06-15T13:55:01Z,25887.22,1,Adzuna::API::Response::Job,https://www.adzuna.com/land/ad/5764524673?se=Hu8---No8RGjKJIWHOfiKg&utm_medium=api&utm_source=abfa41a4&v=15592296FF9562AD34C851AF1FD2C9EB4AB6AB5C,"We. Are. OneStaff. Medical. An independently-owned, nationally-recognized and amazingly awesome staffing firm ready to work for you! A work ethic forged in the Midwest, we are here to stand by your side and help you find your dream assignment anywhere in this great country. We want the same like-minded, awesome candidates to travel with us. Be bold. Enjoy work again. Let us help. THE POSITION: Cardiac catheterization is the insertion of a catheter into a chamber or vessel of the heart. It can b…",Travel Registered Nurse RN Cath Lab,41.534408,eyJhbGciOiJIUzI1NiJ9.eyJzIjoiSHU4LS0tTm84UkdqS0pJV0hPZmlLZyIsImkiOiI1NzY0NTI0NjczIn0.tyuw4jAufSnM18Q-vUlvRQZYES9InlUEV9J0h6qlHR8,5764524673,"['US', 'Connecticut', 'New London County', 'Norwich']",Adzuna::API::Response::Location,"Norwich, New London County",OneStaffMedical,Adzuna::API::Response::Company,healthcare-nursing-jobs,Adzuna::API::Response::Category,Healthcare & Nursing Jobs,,
25947.41,-116.234794,2026-06-15T13:55:01Z,25947.41,1,Adzuna::API::Response::Job,https://www.adzuna.com/land/ad/5764524672?se=Hu8---No8RGjKJIWHOfiKg&utm_medium=api&utm_source=abfa41a4&v=59F13B01A3C05FEB1E3CAB046A8509D8EA0A8C2F,"We. Are. OneStaff. Medical. An independently-owned, nationally-recognized and amazingly awesome staffing firm ready to work for you! A work ethic forged in the Midwest, we are here to stand by your side and help you find your dream assignment anywhere in this great country. We want the same like-minded, awesome candidates to travel with us. Be bold. Enjoy work again. Let us help. THE POSITION: Cardiac catheterization is the insertion of a catheter into a chamber or vessel of the heart. It can b…",Travel Registered Nurse RN Cath Lab,33.713659,eyJhbGciOiJIUzI1NiJ9.eyJzIjoiSHU4LS0tTm84UkdqS0pJV0hPZmlLZyIsImkiOiI1NzY0NTI0NjcyIn0.p41vXkDp4s4zTkIZ4XrbRyoZCqU798o80yvUC5wOn0w,5764524672,"['US', 'California', 'Riverside County', 'Indio']",Adzuna::API::Response::Location,"Indio, Riverside County",OneStaffMedical,Adzuna::API::Response::Company,healthcare-nursing-jobs,Adzuna::API::Response::Category,Healthcare & Nursing Jobs,,
31177.62,-95.409253,2026-06-15T13:55:01Z,31177.62,1,Adzuna::API::Response::Job,https://www.adzuna.com/land/ad/5764524676?se=Hu8---No8RGjKJIWHOfiKg&utm_medium=api&utm_source=abfa41a4&v=C86C9B0F33CF68ADC90317AF3C91632EAF6E8817,"We. Are. OneStaff. Medical. An independently-owned, nationally-recognized and amazingly awesome staffing firm ready to work for you! A work ethic forged in the Midwest, we are here to stand by your side and help you find your dream assignment anywhere in this great country. We want the same like-minded, awesome candidates to travel with us. Be bold. Enjoy work again. Let us help. THE POSITION: Cardiac catheterization is the insertion of a catheter into a chamber or vessel of the heart. It can b…",Travel Registered Nurse RN Cath Lab,29.704908,eyJhbGciOiJIUzI1NiJ9.eyJzIjoiSHU4LS0tTm84UkdqS0pJV0hPZmlLZyIsImkiOiI1NzY0NTI0Njc2In0.9bFHJtHcfiAvrFRWPMbSNuw0Jh0GnpdXPnBNeuZsmi0,5764524676,"['US', 'Texas', 'Harris County', 'Houston', 'Southgate']",Adzuna::API::Response::Location,"Southgate, Houston",OneStaffMedical,Adzuna::API::Response::Company,healthcare-nursing-jobs,Adzuna::API::Response::Category,Healthcare & Nursing Jobs,,
97025.77,-82.35574,2026-06-15T13:55:01Z,97025.77,1,Adzuna::API::Response::Job,https://www.adzuna.com/land/ad/5764524678?se=Hu8---No8RGjKJIWHOfiKg&utm_medium=api&utm_source=abfa41a4&v=EBE2E4650904E5CEC8101729F31B4AD11B988B1F,"Sign-On Available for Qualified Applicants Memorial Satilla Health is committed to investing in the latest technology enabling nurses to work more efficiently. Are you passionate about delivering patient-centered care? Submit your application for Cath Lab Registered Nurse position and spend more time at the bedside with the patient. Benefits Memorial Satilla Health, offers a total rewards package that supports the health, life, career and retirement of our colleagues. The available plans and pr…",RN Cath Lab,31.221047,eyJhbGciOiJIUzI1NiJ9.eyJpIjoiNTc2NDUyNDY3OCIsInMiOiJIdTgtLS1ObzhSR2pLSklXSE9maUtnIn0.iu9l17sm6_Sx9ATKEAAoORypW6s0DM-j4A0MmGhaolk,5764524678,"['US', 'Georgia', 'Ware County', 'Okefenokee']",Adzuna::API::Response::Location,"Okefenokee, Ware County",Memorial Satilla Health,Adzuna::API::Response::Company,healthcare-nursing-jobs,Adzuna::API::Response::Category,Healthcare & Nursing Jobs,part_time,
41449.96,-81.74405,2026-06-15T13:55:01Z,41449.96,1,Adzuna::API::Response::Job,https://www.adzuna.com/land/ad/5764524679?se=Hu8---No8RGjKJIWHOfiKg&utm_medium=api&utm_source=abfa41a4&v=48587E6A618AFA55D9C8E830950C7E1FCE25C860,"Do you have the career opportunities as a(an) RN Mental Health you want with your current employer? We have an exciting opportunity for you to join HCA Florida Orange Park Hospital which is part of the nation's leading provider of healthcare services, HCA Healthcare. Job Summary and Qualifications The Registered Nurse coordinates and delivers high quality, patient-centered care per the nature and specific requirements of the department, and consistent with the scope and standards of practice fo…",RN Mental Health,30.172209,eyJhbGciOiJIUzI1NiJ9.eyJpIjoiNTc2NDUyNDY3OSIsInMiOiJIdTgtLS1ObzhSR2pLSklXSE9maUtnIn0.akQNfUKk9kGu337nJtNUbGKcXEFBVKRzI-TusolcbGM,5764524679,"['US', 'Florida', 'Clay County', 'Orange Park']",Adzuna::API::Response::Location,"Orange Park, Clay County",HCA Florida Orange Park Hospital,Adzuna::API::Response::Company,healthcare-nursing-jobs,Adzuna::API::Response::Category,Healthcare & Nursing Jobs,,
33143.59,-77.62513,2026-06-15T13:55:00Z,33143.59,1,Adzuna::API::Response::Job,https://www.adzuna.com/land/ad/5764524671?se=Hu8---No8RGjKJIWHOfiKg&utm_medium=api&utm_source=abfa41a4&v=0CB00EC459C8D93C61D2409131EBD656D8BC458C,"We. Are. OneStaff. Medical. An independently-owned, nationally-recognized and amazingly awesome staffing firm ready to work for you! A work ethic forged in the Midwest, we are here to stand by your side and help you find your dream assignment anywhere in this great country. We want the same like-minded, awesome candidates to travel with us. Be bold. Enjoy work again. Let us help. THE POSITION: Cardiac catheterization is the insertion of a catheter into a chamber or vessel of the heart. It can b…",Travel Registered Nurse RN Cath Lab,43.12182,eyJhbGciOiJIUzI1NiJ9.eyJpIjoiNTc2NDUyNDY3MSIsInMiOiJIdTgtLS1ObzhSR2pLSklXSE9maUtnIn0._KIiWpdbYn1NkMzmlbYVAGUpYF9LxWkUr43xcQXuldo,5764524671,"['US', 'New York', 'Monroe County', 'Loehmanns Plaza']",Adzuna::API::Response::Location,"Loehmanns Plaza, Monroe County",OneStaffMedical,Adzuna::API::Response::Company,healthcare-nursing-jobs,Adzuna::API::Response::Category,Healthcare & Nursing Jobs,,
22763.82,-86.525981,2026-06-15T13:55:00Z,22763.82,1,Adzuna::API::Response::Job,https://www.adzuna.com/land/ad/5764524670?se=Hu8---No8RGjKJIWHOfiKg&utm_medium=api&utm_source=abfa41a4&v=71006D327D2CF43E7BD1797BCEC57BAB580EA11E,"We. Are. OneStaff. Medical. An independently-owned, nationally-recognized and amazingly awesome staffing firm ready to work for you! A work ethic forged in the Midwest, we are here to stand by your side and help you find your dream assignment anywhere in this great country. We want the same like-minded, awesome candidates to travel with us. Be bold. Enjoy work again. Let us help. THE POSITION: Cardiac catheterization is the insertion of a catheter into a chamber or vessel of the heart. It can b…",Travel Registered Nurse RN Cath Lab,30.759728,eyJhbGciOiJIUzI1NiJ9.eyJpIjoiNTc2NDUyNDY3MCIsInMiOiJIdTgtLS1ObzhSR2pLSklXSE9maUtnIn0.hgTkYxgupRlZ_H99YOi5U19nfh_INXMGEvo2YxVgql8,5764524670,"['US', 'Florida', 'Okaloosa County', 'Crestview']",Adzuna::API::Response::Location,"Crestview, Okaloosa County",OneStaffMedical,Adzuna::API::Response::Company,healthcare-nursing-jobs,Adzuna::API::Response::Category,Healthcare & Nursing Jobs,,
0.0,-72.55647,2026-06-15T13:54:27Z,136760.0,0,Adzuna::API::Response::Job,https://www.adzuna.com/land/ad/5764524658?se=Hu8---No8RGjKJIWHOfiKg&utm_medium=api&utm_source=abfa41a4&v=CBA667D4D36A3009A589C1D433FDB91C0E1254F7,"Bestica is seeking a travel nurse RN LDRP - Labor Delivery Recovery & Postpartum for a travel nursing job in Brattleboro, Vermont. Job Description & Requirements Specialty: LDRP - Labor Delivery Recovery & Postpartum Discipline: RN Start Date: 07/06/2026 Duration: 13 weeks 36 hours per week Shift: 12 hours, nights Employment Type: Travel Temp - Registered Nurse (RN) - Labor & Delivery (L&D) (Nights) Brattleboro, VT Requirements 1 years minimum of current LDRP experience (experience 400 deliveri…","Travel Nurse RN - LDRP - Labor Delivery Recovery & Postpartum - $2,630 per week",42.88401,eyJhbGciOiJIUzI1NiJ9.eyJzIjoiSHU4LS0tTm84UkdqS0pJV0hPZmlLZyIsImkiOiI1NzY0NTI0NjU4In0._hqsQpaPFft03OULdN7wZ2K7gTY4Uwsiiqzg3RZCSyU,5764524658,"['US', 'Vermont', 'Windham County', 'Brattleboro']",Adzuna::API::Response::Location,"Brattleboro, Windham County",Bestica,Adzuna::API::Response::Company,healthcare-nursing-jobs,Adzuna::API::Response::Category,Healthcare & Nursing Jobs,,
0.0,-77.6085,2026-06-15T13:54:26Z,136968.0,0,Adzuna::API::Response::Job,https://www.adzuna.com/land/ad/5764524655?se=Hu8---No8RGjKJIWHOfiKg&utm_medium=api&utm_source=abfa41a4&v=97B21D89E4AB716BE6542DEE7178BA82C4B0CC43,"AMN Healthcare Allied is seeking a travel Nuclear Medicine Technologist for a travel job in Rochester, New York. Job Description & Requirements Specialty: Nuclear Medicine Technologist Discipline: Allied Health Professional Start Date: 07/06/2026 Duration: 13 weeks 40 hours per week Shift: 8 hours, days, evenings, nights Employment Type: Travel Job Description & Requirements Nuclear Medicine Technologist - (Nuclear Med Tech) StartDate: 7/6/2026 Available Shifts: 8 D/E/N Pay Rate: $2594.00 - $26…","Travel Nuclear Medicine Technologist - $2,634 per week",43.1315,eyJhbGciOiJIUzI1NiJ9.eyJpIjoiNTc2NDUyNDY1NSIsInMiOiJIdTgtLS1ObzhSR2pLSklXSE9maUtnIn0.Ui_mrFzoN163OFNUbB9uNHVjjZfcDOZFuByc-eSyuIQ,5764524655,"['US', 'New York', 'Monroe County', 'Loehmanns Plaza']",Adzuna::API::Response::Location,"Loehmanns Plaza, Monroe County",AMN Healthcare Allied,Adzuna::API::Response::Company,healthcare-nursing-jobs,Adzuna::API::Response::Category,Healthcare & Nursing Jobs,,
0.0,-73.835706,2026-06-15T13:54:26Z,179452.0,0,Adzuna::API::Response::Job,https://www.adzuna.com/land/ad/5764524650?se=Hu8---No8RGjKJIWHOfiKg&utm_medium=api&utm_source=abfa41a4&v=B45FEDDF1D7B68469A1DEE2BA30D812A603B7E81,"Noor Inc. is seeking a travel CT Technologist for a travel job in Bronxville, New York. Job Description & Requirements Specialty: CT Technologist Discipline: Allied Health Professional Duration: 13 weeks 40 hours per week Shift: 8 hours Employment Type: Travel HIRING NOW: Travel CT Tech in Bronxville, NY Weekly Gross Pay: $3,451 for 40 hours Hourly Taxable: $1,680 weekly ($42 x 40) Hourly Stipend: $1,771 weekly ($44.28 x 40) Local Rate: $75/hr - $78/hr (50-mile radius) Shift: 10 hours Night (21…","Travel CT Technologist - $3,451 per week",40.937078,eyJhbGciOiJIUzI1NiJ9.eyJzIjoiSHU4LS0tTm84UkdqS0pJV0hPZmlLZyIsImkiOiI1NzY0NTI0NjUwIn0.Ar3PEOABdhOM1zPlSHtxptz6nOMSVsBZAtISMG5FL_I,5764524650,"['US', 'New York', 'Westchester County', 'Bronxville']",Adzuna::API::Response::Location,"Bronxville, Westchester County",Noor Inc.,Adzuna::API::Response::Company,healthcare-nursing-jobs,Adzuna::API::Response::Category,Healthcare & Nursing Jobs,,
0.0,-76.232318,2026-06-15T13:54:26Z,184704.0,0,Adzuna::API::Response::Job,https://www.adzuna.com/land/ad/5764524643?se=Hu8---No8RGjKJIWHOfiKg&utm_medium=api&utm_source=abfa41a4&v=A259B67B9B774316CC71DEEF149C667F40DBB356,"Nightingale Nurses - Allied is seeking a travel Pharmacist for a travel job in Chesapeake, Virginia. Job Description & Requirements Specialty: Pharmacist Discipline: Allied Health Professional Start Date: 06/29/2026 Duration: 13 weeks 40 hours per week Shift: 8 hours, rotating Employment Type: Travel","Travel Pharmacist - $3,552 per week",36.686212,eyJhbGciOiJIUzI1NiJ9.eyJzIjoiSHU4LS0tTm84UkdqS0pJV0hPZmlLZyIsImkiOiI1NzY0NTI0NjQzIn0.TJWkIo4bZFmyaUFSB5ED2KQ9fmwb6Y0wIRwv8Bu7CD0,5764524643,"['US', 'Virginia', 'Chesapeake City', 'Chesapeake']",Adzuna::API::Response::Location,"Chesapeake, Chesapeake City",Nightingale Nurses - Allied,Adzuna::API::Response::Company,healthcare-nursing-jobs,Adzuna::API::Response::Category,Healthcare & Nursing Jobs,,
0.0,-111.228484,2026-06-15T13:54:26Z,128076.0,0,Adzuna::API::Response::Job,https://www.adzuna.com/land/ad/5764524636?se=Hu8---No8RGjKJIWHOfiKg&utm_medium=api&utm_source=abfa41a4&v=826F513F16C0D405B20299177244DD2D8C3390A2,"Noor Inc. is seeking a travel nurse RN ED - Emergency Department for a travel nursing job in Tuba City, Arizona. Job Description & Requirements Specialty: ED - Emergency Department Discipline: RN Start Date: 07/13/2026 Duration: 11 weeks 36 hours per week Shift: 12 hours, flexible Employment Type: Travel Estimated Gross Weekly Pay: $ 2463.32 Opportunity: RN - Clinical Nurse Job Details: • Perform variety of nursing care procedures requiring professional knowledge and consideration for specific …","Travel Nurse RN - ED - Emergency Department - $2,463 per week",36.121957,eyJhbGciOiJIUzI1NiJ9.eyJzIjoiSHU4LS0tTm84UkdqS0pJV0hPZmlLZyIsImkiOiI1NzY0NTI0NjM2In0.Renk847VpDRqn7aDpJKVeGLmtqXeXxGiC1omPDIfApc,5764524636,"['US', 'Arizona', 'Coconino County', 'Coal Mine Mesa']",Adzuna::API::Response::Location,"Coal Mine Mesa, Coconino County",Noor Inc.,Adzuna::API::Response::Company,healthcare-nursing-jobs,Adzuna::API::Response::Category,Healthcare & Nursing Jobs,,
0.0,,2026-06-15T13:54:26Z,198380.0,0,Adzuna::API::Response::Job,https://www.adzuna.com/land/ad/5764524640?se=Hu8---No8RGjKJIWHOfiKg&utm_medium=api&utm_source=abfa41a4&v=FF8EF4DFBC70727FCBBBD458CCE6F17E3E44E82C,"ProLink Allied is seeking a travel Ultrasound Technologist for a travel job in Nogalas, Arizona. Job Description & Requirements Specialty: Ultrasound Technologist Discipline: Allied Health Professional Start Date: 06/24/2026 Duration: 4 weeks 48 hours per week Shift: 12 hours, days Employment Type: Travel ProLink Allied Job ID 37413. Pay package is based on 12 hour shifts and 48 hours per week (subject to confirmation) with tax-free stipend amount to be determined. About ProLink Allied See wher…","Travel Ultrasound Technologist - $3,815 per week",,eyJhbGciOiJIUzI1NiJ9.eyJpIjoiNTc2NDUyNDY0MCIsInMiOiJIdTgtLS1ObzhSR2pLSklXSE9maUtnIn0.Wt-vLYLZvUFED1xpSATzHmhkMMh0TSEtG12go-IE5jw,5764524640,['US'],Adzuna::API::Response::Location,US,ProLink Allied,Adzuna::API::Response::Company,trade-construction-jobs,Adzuna::API::Response::Category,Trade & Construction Jobs,,
0.0,-91.176298,2026-06-15T13:54:26Z,113620.0,0,Adzuna::API::Response::Job,https://www.adzuna.com/land/ad/5764524651?se=Hu8---No8RGjKJIWHOfiKg&utm_medium=api&utm_source=abfa41a4&v=F7A38FF4855742E76E0168C3E857914DF362BCA8,"TNAA TotalMed RN is seeking a travel nurse RN Telemetry for a travel nursing job in West Burlington, Iowa. Job Description & Requirements Specialty: Telemetry Discipline: RN Start Date: 06/29/2026 Duration: 13 weeks 36 hours per week Shift: 12 hours, nights Employment Type: Travel About TNAA TotalMed RN TotalMed is a Top Ten, travel nursing and healthcare staffing agency with the mission of igniting purpose in healthcare. The organization staffs nurses, therapists, pharmacists, and other clinic…","Travel Nurse RN - Telemetry - $2,185 per week",40.830346,eyJhbGciOiJIUzI1NiJ9.eyJpIjoiNTc2NDUyNDY1MSIsInMiOiJIdTgtLS1ObzhSR2pLSklXSE9maUtnIn0.dvz38FVCY4IGo4FEydOtuI91nxyCp5barJ4b5tnu9dc,5764524651,"['US', 'Iowa', 'Des Moines County', 'West Burlington']",Adzuna::API::Response::Location,"West Burlington, Des Moines County",TNAA TotalMed RN,Adzuna::API::Response::Company,healthcare-nursing-jobs,Adzuna::API::Response::Category,Healthcare & Nursing Jobs,,
0.0,-86.85432,2026-06-15T13:54:26Z,92456.0,0,Adzuna::API::Response::Job,https://www.adzuna.com/land/ad/5764524648?se=Hu8---No8RGjKJIWHOfiKg&utm_medium=api&utm_source=abfa41a4&v=842521A386DB9503130174EB56C778E07C7D2CC4,"Nightingale Nurses - Allied is seeking a travel Surgical First Assistant for a travel job in Lafayette, Indiana. Job Description & Requirements Specialty: Surgical First Assistant Discipline: Allied Health Professional Start Date: 06/29/2026 Duration: 13 weeks 40 hours per week Shift: 10 hours, days Employment Type: Travel CSTFA","Travel Surgical First Assistant - $1,778 per week",40.4175,eyJhbGciOiJIUzI1NiJ9.eyJzIjoiSHU4LS0tTm84UkdqS0pJV0hPZmlLZyIsImkiOiI1NzY0NTI0NjQ4In0.G1O4OmpY3m1ZIpKTMSPeHrdC5xMWFDZT3q9_f2sc2wU,5764524648,"['US', 'Indiana', 'Tippecanoe County', 'Lafayette']",Adzuna::API::Response::Location,"Lafayette, Tippecanoe County",Nightingale Nurses - Allied,Adzuna::API::Response::Company,healthcare-nursing-jobs,Adzuna::API::Response::Category,Healthcare & Nursing Jobs,,
0.0,-105.10188,2026-06-15T13:54:26Z,136864.0,0,Adzuna::API::Response::Job,https://www.adzuna.com/land/ad/5764524657?se=Hu8---No8RGjKJIWHOfiKg&utm_medium=api&utm_source=abfa41a4&v=BA60A35D2B54394C42E5F7D4E9D848137FC568C7,"Spire is seeking a travel Radiology Technologist for a travel job in Wheat Ridge, Colorado. Job Description & Requirements Specialty: Radiology Technologist Discipline: Allied Health Professional Start Date: 06/21/2026 Duration: 11 weeks 36 hours per week Shift: 12 hours, days Employment Type: Travel Spire Job ID 44796. Pay package is based on 12 hour shifts and 36 hours per week (subject to confirmation) with tax-free stipend amount to be determined. Posted job title: Radiology Tech About Spir…","Travel Radiology Technologist - $2,632 per week",39.77808,eyJhbGciOiJIUzI1NiJ9.eyJzIjoiSHU4LS0tTm84UkdqS0pJV0hPZmlLZyIsImkiOiI1NzY0NTI0NjU3In0.mWSPVzTZtJW0DKsF99X2WPlWjgNk9K-z8sa5q8WGN5I,5764524657,"['US', 'Colorado', 'Jefferson County', 'Wheat Ridge']",Adzuna::API::Response::Location,"Wheat Ridge, Jefferson County",Spire,Adzuna::API::Response::Company,healthcare-nursing-jobs,Adzuna::API::Response::Category,Healthcare & Nursing Jobs,,
0.0,-96.765058,2026-06-15T13:54:26Z,126464.0,0,Adzuna::API::Response::Job,https://www.adzuna.com/land/ad/5764524638?se=Hu8---No8RGjKJIWHOfiKg&utm_medium=api&utm_source=abfa41a4&v=E24FCE3B80CA5190DC9F0E6E1094B5F6EE83D0C5,"Trustaff Allied is seeking a travel Ultrasound Technologist for a travel job in Dallas, Texas. Job Description & Requirements Specialty: Ultrasound Technologist Discipline: Allied Health Professional Start Date: 07/21/2026 Duration: 13 weeks 40 hours per week Shift: 10 hours, nights Employment Type: Travel As an Ultrasound Technician, you'll be the primary resource for all technical aspects of ultrasound procedures. Ultrasound Techs, also sometimes called Sonographers, must be able to provide c…","Travel Ultrasound Technologist - $2,432 per week",32.760168,eyJhbGciOiJIUzI1NiJ9.eyJzIjoiSHU4LS0tTm84UkdqS0pJV0hPZmlLZyIsImkiOiI1NzY0NTI0NjM4In0.NLGeEgZT24XRQV6m-8B3bJG8HxF4fxfMi9cubkroZkU,5764524638,"['US', 'Texas', 'Dallas', 'Highland Park']",Adzuna::API::Response::Location,"Highland Park, Dallas",Trustaff Allied,Adzuna::API::Response::Company,healthcare-nursing-jobs,Adzuna::API::Response::Category,Healthcare & Nursing Jobs,,
0.0,-81.50982,2026-06-15T13:54:26Z,113412.0,0,Adzuna::API::Response::Job,https://www.adzuna.com/land/ad/5764524645?se=Hu8---No8RGjKJIWHOfiKg&utm_medium=api&utm_source=abfa41a4&v=8FAC3DBE8CE96C3217448EB4E4BAC35C86F47C7F,"Care Career is seeking a travel nurse RN Med Surg / Telemetry for a travel nursing job in Beachwood, Ohio. Job Description & Requirements Specialty: Med Surg / Telemetry Discipline: RN Start Date: 07/24/2026 Duration: 13 weeks 36 hours per week Shift: 12 hours, nights Employment Type: Travel Care Career Job ID 37197342. Pay package is based on 12 hour shifts and 36.0 hours per week (subject to confirmation) with tax-free stipend amount to be determined. Posted job title: RN Med Surg / TELE Abou…","Travel Med/Surg Telemetry Registered Nurse - $2,181 per week",41.47086,eyJhbGciOiJIUzI1NiJ9.eyJzIjoiSHU4LS0tTm84UkdqS0pJV0hPZmlLZyIsImkiOiI1NzY0NTI0NjQ1In0.DDiHPb-JJ3-EI4xeOE2Cg_WQ-dimNU3er6zIHHT4E4o,5764524645,"['US', 'Ohio', 'Cuyahoga County', 'Beachwood']",Adzuna::API::Response::Location,"Beachwood, Cuyahoga County",Care Career,Adzuna::API::Response::Company,healthcare-nursing-jobs,Adzuna::API::Response::Category,Healthcare & Nursing Jobs,,
0.0,-82.965488,2026-06-15T13:54:26Z,128700.0,0,Adzuna::API::Response::Job,https://www.adzuna.com/land/ad/5764524635?se=Hu8---No8RGjKJIWHOfiKg&utm_medium=api&utm_source=abfa41a4&v=D5FF6147DD99AD8D50417C8D07C3F7BA779D1295,"GLC On-The-Go is seeking a travel nurse RN Cardiac Cath Lab for a travel nursing job in Columbus, Ohio. Job Description & Requirements Specialty: Cardiac Cath Lab Discipline: RN Start Date: 07/27/2026 Duration: 13 weeks 36 hours per week Shift: 12 hours Employment Type: Travel GLC is hiring: RN Cardiac Cath Lab - Columbus, OH - 13-week contract GLC – Named Best Nurse Agency 2024–2025 We connect nurses, nursing professionals, and allied health professionals like you to contracts that align with …","Travel Cath Lab RN - $2,475 per week",40.041105,eyJhbGciOiJIUzI1NiJ9.eyJpIjoiNTc2NDUyNDYzNSIsInMiOiJIdTgtLS1ObzhSR2pLSklXSE9maUtnIn0.3tmCqYGbHtgHsnKAooEGaCZKwztWSxPe1OdyK3235BA,5764524635,"['US', 'Ohio', 'Franklin County', 'Minerva Park']",Adzuna::API::Response::Location,"Minerva Park, Franklin County",GLC On-The-Go,Adzuna::API::Response::Company,healthcare-nursing-jobs,Adzuna::API::Response::Category,Healthcare & Nursing Jobs,,
0.0,-105.93968,2026-06-15T13:54:26Z,129220.0,0,Adzuna::API::Response::Job,https://www.adzuna.com/land/ad/5764524632?se=Hu8---No8RGjKJIWHOfiKg&utm_medium=api&utm_source=abfa41a4&v=288D4B629D9C869C3426937233C82DC55F001663,"Cross Country Nurses is seeking a travel nurse RN OR - Operating Room for a travel nursing job in Santa Fe, New Mexico. Job Description & Requirements Specialty: OR - Operating Room Discipline: RN Start Date: 06/29/2026 Duration: 13 weeks 40 hours per week Shift: 10 hours, days Employment Type: Travel Job Summary: Operating Room Nurse in Santa Fe, New Mexico. This full-time position involves providing specialized nursing care within the operating room environment. Candidates are required to bri…","Travel Operating Room Registered Nurse - $2,485 per week",35.68259,eyJhbGciOiJIUzI1NiJ9.eyJzIjoiSHU4LS0tTm84UkdqS0pJV0hPZmlLZyIsImkiOiI1NzY0NTI0NjMyIn0.ygBrtS29pY3MTxUACV3e8MjTYhlHK1UVovhE8L4tUXM,5764524632,"['US', 'New Mexico', 'Santa Fe County', 'La Cienga']",Adzuna::API::Response::Location,"La Cienga, Santa Fe County",Cross Country Nurses,Adzuna::API::Response::Company,healthcare-nursing-jobs,Adzuna::API::Response::Category,Healthcare & Nursing Jobs,,
0.0,-74.783978,2026-06-15T13:54:26Z,187252.0,0,Adzuna::API::Response::Job,https://www.adzuna.com/land/ad/5764524642?se=Hu8---No8RGjKJIWHOfiKg&utm_medium=api&utm_source=abfa41a4&v=F71F99CBE47949429649B8468FE78465E9DAF5B0,"Binding Minds is seeking a travel nurse RN Cardiac Cath Lab for a travel nursing job in Newton, New Jersey. Job Description & Requirements Specialty: Cardiac Cath Lab Discipline: RN Start Date: 07/13/2026 Duration: 13 weeks 37.5 hours per week Shift: 8 hours, days Employment Type: Travel Hiring for Travel RN Cath Lab in Newton, NJ Position Details Job Title: RN - Cath Lab Location: Newton, NJ Contract Length: 13 Weeks (Travel Assignment) Start Date: Jul 13, 2026 Shift: Days (07:00 AM - 05:00 PM…","Travel Nurse RN - Cardiac Cath Lab - $3,601 per week",41.057564,eyJhbGciOiJIUzI1NiJ9.eyJpIjoiNTc2NDUyNDY0MiIsInMiOiJIdTgtLS1ObzhSR2pLSklXSE9maUtnIn0.PLJQePkQe1BExBWkneGzhVEHSDAmD3qGXICwLUoWTAs,5764524642,"['US', 'New Jersey', 'Sussex County', 'Fredon']",Adzuna::API::Response::Location,"Fredon, Sussex County",Binding Minds,Adzuna::API::Response::Company,healthcare-nursing-jobs,Adzuna::API::Response::Category,Healthcare & Nursing Jobs,,
0.0,-87.689157,2026-06-15T13:54:26Z,137748.0,0,Adzuna::API::Response::Job,https://www.adzuna.com/land/ad/5764524653?se=Hu8---No8RGjKJIWHOfiKg&utm_medium=api&utm_source=abfa41a4&v=4C51ADFB8C714626EF27AE21BE6521242AC77C1B,"Genie Healthcare is seeking a travel nurse RN Cardiac Cath Lab for a travel nursing job in Olympia Fields, Illinois. Job Description & Requirements Specialty: Cardiac Cath Lab Discipline: RN Start Date: ASAP Duration: 13 weeks 40 hours per week Shift: 8 hours, days Employment Type: Travel Genie Healthcare is looking for a RN to work in Cath Lab for a 13 weeks travel assignment located in Olympia Fields, IL for the Shift (5x8 Days - Please verify shift details with recruiter, 07:00:00-15:00:00, …","Travel Cath Lab RN - $2,649 per week",41.516482,eyJhbGciOiJIUzI1NiJ9.eyJpIjoiNTc2NDUyNDY1MyIsInMiOiJIdTgtLS1ObzhSR2pLSklXSE9maUtnIn0.Pumw-fGEAM99hWPRykfDTrhde9LCVuNF1wlqqLDBnyY,5764524653,"['US', 'Illinois', 'Cook County', 'Olympia Fields']",Adzuna::API::Response::Location,"Olympia Fields, Cook County",Genie Healthcare,Adzuna::API::Response::Company,healthcare-nursing-jobs,Adzuna::API::Response::Category,Healthcare & Nursing Jobs,,
0.0,-81.66832,2026-06-15T13:54:26Z,125164.0,0,Adzuna::API::Response::Job,https://www.adzuna.com/land/ad/5764524631?se=Hu8---No8RGjKJIWHOfiKg&utm_medium=api&utm_source=abfa41a4&v=A6D226375F0558038120C03EA49D50DAB031EE1B,"E-SolHealth is seeking a travel nurse RN Dialysis for a travel nursing job in Cleveland, Ohio. Job Description & Requirements Specialty: Dialysis Discipline: RN Duration: 13 weeks 36 hours per week Shift: 12 hours, days Employment Type: Travel Requirements: AHA or American Red Cross BLS & ACLS required Minimum of 18 months recent Dialysis experience Shift Details: Day shift, 3 -12 hour shifts (7am-730pm; 830a-9pm); On call rotation and every other weekend About the Facility: They provide “IHD” …","Travel Nurse RN - Dialysis - $2,407 per week",41.49307,eyJhbGciOiJIUzI1NiJ9.eyJzIjoiSHU4LS0tTm84UkdqS0pJV0hPZmlLZyIsImkiOiI1NzY0NTI0NjMxIn0.M4LxICulaZZq3H9AOTJtOIpm6Sg0qphuwio_4Uzp0b0,5764524631,"['US', 'Ohio', 'Cuyahoga County', 'Newburgh Heights']",Adzuna::API::Response::Location,"Newburgh Heights, Cuyahoga County",E-SolHealth,Adzuna::API::Response::Company,healthcare-nursing-jobs,Adzuna::API::Response::Category,Healthcare & Nursing Jobs,,
0.0,-81.455364,2026-06-15T13:54:26Z,128908.0,0,Adzuna::API::Response::Job,https://www.adzuna.com/land/ad/5764524637?se=Hu8---No8RGjKJIWHOfiKg&utm_medium=api&utm_source=abfa41a4&v=BD8275A4268F95BB324B4D531F2D05BD5B7D9C2F,"Noor Inc. is seeking a travel nurse RN Med Surg / Telemetry for a travel nursing job in Mayfield Heights, Ohio. Job Description & Requirements Specialty: Med Surg / Telemetry Discipline: RN Start Date: 07/12/2026 Duration: 4 weeks 36 hours per week Shift: 12 hours, nights Employment Type: Travel Estimated Gross Weekly Pay: $ 2479.40 Opportunity: EXT - S. Lucas Job Details: • 18 months combined permanent experience in specialty required • Must have permanent Ohio license in hand at time of submi…","Travel Nurse RN - Med Surg / Telemetry - $2,479 per week",41.51763,eyJhbGciOiJIUzI1NiJ9.eyJzIjoiSHU4LS0tTm84UkdqS0pJV0hPZmlLZyIsImkiOiI1NzY0NTI0NjM3In0.9ZuSlFTwdpn8jPw0ujP7F9FxZZ9bebGQE-gR6sZi45A,5764524637,"['US', 'Ohio', 'Cuyahoga County', 'Mayfield Heights']",Adzuna::API::Response::Location,"Mayfield Heights, Cuyahoga County",Noor Inc.,Adzuna::API::Response::Company,healthcare-nursing-jobs,Adzuna::API::Response::Category,Healthcare & Nursing Jobs,,
0.0,-77.6085,2026-06-15T13:54:26Z,175968.0,0,Adzuna::API::Response::Job,https://www.adzuna.com/land/ad/5764524647?se=Hu8---No8RGjKJIWHOfiKg&utm_medium=api&utm_source=abfa41a4&v=E08D1987537C3993250E4254F3841B246494B569,"Tact Staff is seeking a travel nurse RN Cardiac Cath Lab for a travel nursing job in Rochester, New York. Job Description & Requirements Specialty: Cardiac Cath Lab Discipline: RN Duration: 13 weeks 40 hours per week Shift: 10 hours, days Employment Type: Travel About Tact Staff Our nurses choose Tact assignments because it provides the opportunity to take on new challenges in their careers while they travel across the United States and gain enriching experiences on a professional and personal …","Travel Nurse RN - Cardiac Cath Lab - $3,384 per week",43.1315,eyJhbGciOiJIUzI1NiJ9.eyJpIjoiNTc2NDUyNDY0NyIsInMiOiJIdTgtLS1ObzhSR2pLSklXSE9maUtnIn0.A_9kKiqCSQpB3xsB44057ujBh91c38_8hpBE4Y1mJvo,5764524647,"['US', 'New York', 'Monroe County', 'Loehmanns Plaza']",Adzuna::API::Response::Location,"Loehmanns Plaza, Monroe County",Tact Staff,Adzuna::API::Response::Company,healthcare-nursing-jobs,Adzuna::API::Response::Category,Healthcare & Nursing Jobs,,
0.0,-121.286702,2026-06-15T13:54:26Z,182520.0,0,Adzuna::API::Response::Job,https://www.adzuna.com/land/ad/5764524644?se=Hu8---No8RGjKJIWHOfiKg&utm_medium=api&utm_source=abfa41a4&v=566F837AD30D20489BDFFD8A65BB31C71A5A12B3,"TheraEX Staffing Services is seeking a travel nurse RN Labor and Delivery for a travel nursing job in Stockton, California. Job Description & Requirements Specialty: Labor and Delivery Discipline: RN Start Date: 07/06/2026 Duration: 13 weeks 36 hours per week Shift: 12 hours, days Employment Type: Travel RN - L&D | 12hr Days | EMR: Cerner Required | ACLS, BLS, NRP & Advanced Fetal Monitoring Required | No First-Time Travelers | Must Be Comfortable with High-Risk Deliveries, Multiples, Surrogate…","Travel Nurse RN - Labor and Delivery - $3,510 per week",37.957982,eyJhbGciOiJIUzI1NiJ9.eyJzIjoiSHU4LS0tTm84UkdqS0pJV0hPZmlLZyIsImkiOiI1NzY0NTI0NjQ0In0.iQyc7w2r8qlWPTetldwMJLZjvMyloMoCzD4RdO9oQfU,5764524644,"['US', 'California', 'San Joaquin County', 'Stockton']",Adzuna::API::Response::Location,"Stockton, San Joaquin County",TheraEX Staffing Services,Adzuna::API::Response::Company,healthcare-nursing-jobs,Adzuna::API::Response::Category,Healthcare & Nursing Jobs,,
0.0,-88.057674,2026-06-15T13:54:26Z,129376.0,0,Adzuna::API::Response::Job,https://www.adzuna.com/land/ad/5764524633?se=Hu8---No8RGjKJIWHOfiKg&utm_medium=api&utm_source=abfa41a4&v=651DE1FE25E5CA8A4276F2163BBB7E9693E5554A,"Noor Inc. is seeking a travel nurse RN ED - Emergency Department for a travel nursing job in Iron Mountain, Michigan. Job Description & Requirements Specialty: ED - Emergency Department Discipline: RN Start Date: 07/13/2026 Duration: 13 weeks 36 hours per week Shift: 12 hours, nights Employment Type: Travel Estimated Gross Weekly Pay: $ 2488.36 Opportunity: ER RN Job Details: • Work 12-hour shifts with start times at 3:00 PM or 7:00 PM • Every other weekend requirement (Saturday and Sunday) • H…","Travel Nurse RN - ED - Emergency Department - $2,488 per week",45.83785,eyJhbGciOiJIUzI1NiJ9.eyJzIjoiSHU4LS0tTm84UkdqS0pJV0hPZmlLZyIsImkiOiI1NzY0NTI0NjMzIn0.bd7PXdH6qt2DqZ2dCwgg6M-bvyaqy5qqyCruGcOsT90,5764524633,"['US', 'Michigan', 'Dickinson County', 'East Kingsford']",Adzuna::API::Response::Location,"East Kingsford, Dickinson County",Noor Inc.,Adzuna::API::Response::Company,healthcare-nursing-jobs,Adzuna::API::Response::Category,Healthcare & Nursing Jobs,,
0.0,-73.250133,2026-06-15T13:54:26Z,177840.0,0,Adzuna::API::Response::Job,https://www.adzuna.com/land/ad/5764524649?se=Hu8---No8RGjKJIWHOfiKg&utm_medium=api&utm_source=abfa41a4&v=24EB31A052950064D10BCD3B53234EAA9DACA815,"E-SolHealth is seeking a travel nurse RN Med Surg / Telemetry for a travel nursing job in Pittsfield, Massachusetts. Job Description & Requirements Specialty: Med Surg / Telemetry Discipline: RN Duration: 13 weeks 48 hours per week Shift: 12 hours, days, nights Employment Type: Travel 2 years current Medical Surgical experience [Required] Telemetry experience required [Required] Willingness to float- Required [Required] Basic Dysrhythmia course completion STRONGLY REQUIRED [Required] ACLS (AHA)…","Travel Nurse RN - Med Surg / Telemetry - $3,420 per week",42.454566,eyJhbGciOiJIUzI1NiJ9.eyJzIjoiSHU4LS0tTm84UkdqS0pJV0hPZmlLZyIsImkiOiI1NzY0NTI0NjQ5In0.ZiFWSAuG2AQXgZGENd4TurfPyYC9TY7ePhwb_IpdHfM,5764524649,"['US', 'Massachusetts', 'Berkshire County', 'Allendale']",Adzuna::API::Response::Location,"Allendale, Berkshire County",E-SolHealth,Adzuna::API::Response::Company,healthcare-nursing-jobs,Adzuna::API::Response::Category,Healthcare & Nursing Jobs,,
0.0,-116.54529,2026-06-15T13:54:26Z,137228.0,0,Adzuna::API::Response::Job,https://www.adzuna.com/land/ad/5764524654?se=Hu8---No8RGjKJIWHOfiKg&utm_medium=api&utm_source=abfa41a4&v=106BE02211B119460011E0B65D1C249EDBBB96D7,"Prodware Solutions LLC is seeking a travel nurse RN Labor and Delivery for a travel nursing job in Palm Springs, California. Job Description & Requirements Specialty: Labor and Delivery Discipline: RN Start Date: 06/29/2026 Duration: 13 weeks 36 hours per week Shift: 12 hours, nights Employment Type: Travel Position Details: Specialty: Labor & Delivery (L&D) Location: Palm Springs, CA Facility: Desert Regional Medical Center Shift: Nights | 7:00 PM – 7:30 AM Hours: 36 hours per week Contract Le…","Travel Nurse RN - Labor and Delivery - $2,639 per week",33.8303,eyJhbGciOiJIUzI1NiJ9.eyJzIjoiSHU4LS0tTm84UkdqS0pJV0hPZmlLZyIsImkiOiI1NzY0NTI0NjU0In0.hsfbmDk56YK6ZoTieGmhSvaIr5OpnAdbsU9C7OIE2Ds,5764524654,"['US', 'California', 'Riverside County', 'Barona Rancheria']",Adzuna::API::Response::Location,"Barona Rancheria, Riverside County",Prodware Solutions LLC,Adzuna::API::Response::Company,healthcare-nursing-jobs,Adzuna::API::Response::Category,Healthcare & Nursing Jobs,,
0.0,-72.55647,2026-06-15T13:54:26Z,136812.0,0,Adzuna::API::Response::Job,https://www.adzuna.com/land/ad/5764524656?se=Hu8---No8RGjKJIWHOfiKg&utm_medium=api&utm_source=abfa41a4&v=CC5B02A543F18CE3038913A764B55BEB2A87079C,"LeaderStat is seeking a travel nurse RN Labor and Delivery for a travel nursing job in Brattleboro, Vermont. Job Description & Requirements Specialty: Labor and Delivery Discipline: RN Start Date: 06/29/2026 Duration: 13 weeks 36 hours per week Shift: 12 hours Employment Type: Travel Estimated Pay Package : Up to $ 2630.56 per week *The above pay package is an estimate, please contact our team to put together your personalized pay package, as a variety of factors can influence your total pay.* …","Travel Labor & Delivery RN - $2,631 per week",42.88401,eyJhbGciOiJIUzI1NiJ9.eyJpIjoiNTc2NDUyNDY1NiIsInMiOiJIdTgtLS1ObzhSR2pLSklXSE9maUtnIn0.wj5OGXWyrIOSxJSBYCYMt9Getdu4ea60uphmbxOd_EY,5764524656,"['US', 'Vermont', 'Windham County', 'Brattleboro']",Adzuna::API::Response::Location,"Brattleboro, Windham County",LeaderStat,Adzuna::API::Response::Company,healthcare-nursing-jobs,Adzuna::API::Response::Category,Healthcare & Nursing Jobs,,
0.0,-81.83619,2026-06-15T13:54:26Z,137956.0,0,Adzuna::API::Response::Job,https://www.adzuna.com/land/ad/5764524652?se=Hu8---No8RGjKJIWHOfiKg&utm_medium=api&utm_source=abfa41a4&v=3DB45F714923C45A808E360F77306121CF39EA50,"Enterprise Solutions, Inc. is seeking a travel nurse RN Infusion for a travel nursing job in Fort Myers, Florida. Job Description & Requirements Specialty: Infusion Discipline: RN Start Date: 07/06/2026 Duration: 13 weeks 40 hours per week Shift: 8 hours, days Employment Type: Travel Shift: Monday-Friday 8Hr Days. Oncology Infusion RN: 5 years of experience required. BLS required, OCN preferred, ONS Chemotherapy/Immunotherapy/Biotherapy Provider Card preferred. Prior travel preferred. We are an…","Travel Nurse RN - Infusion - $2,653 per week",26.63163,eyJhbGciOiJIUzI1NiJ9.eyJzIjoiSHU4LS0tTm84UkdqS0pJV0hPZmlLZyIsImkiOiI1NzY0NTI0NjUyIn0.Sg7smrbi5O8OCDbZvjnyX4IuRPcxZiI6W3vH14kpAxM,5764524652,"['US', 'Florida', 'Lee County', 'Fort Myers']",Adzuna::API::Response::Location,"Fort Myers, Lee County","Enterprise Solutions, Inc.",Adzuna::API::Response::Company,healthcare-nursing-jobs,Adzuna::API::Response::Category,Healthcare & Nursing Jobs,,
0.0,-71.13294,2026-06-15T13:54:26Z,228800.0,0,Adzuna::API::Response::Job,https://www.adzuna.com/land/ad/5764524641?se=Hu8---No8RGjKJIWHOfiKg&utm_medium=api&utm_source=abfa41a4&v=0172506072D89742A9023FD323B54B8B413CE531,"3B Healthcare Inc. is seeking a travel Respiratory Therapist Director for a travel job in Cambridge, Massachusetts. Job Description & Requirements Specialty: Respiratory Therapist Discipline: Allied Health Professional Start Date: 07/05/2026 Duration: 26 weeks 40 hours per week Shift: 8 hours, days Employment Type: Travel Position: - Director of Respiratory Therapist Contract: - 6 months with possible extension Shift: - M-F 5x8 8a-5:30p Guaranteed hours: - 40 hours/week. Location: - Cambridge, …","Travel Director - Respiratory Therapist - $4,400 per week",42.39258,eyJhbGciOiJIUzI1NiJ9.eyJzIjoiSHU4LS0tTm84UkdqS0pJV0hPZmlLZyIsImkiOiI1NzY0NTI0NjQxIn0.ARwimWQeJJqIOx8aVe97BBSx7E6hA38X3g0x10VqxSY,5764524641,"['US', 'Massachusetts', 'Middlesex County', 'North Cambridge']",Adzuna::API::Response::Location,"North Cambridge, Middlesex County",3B Healthcare Inc.,Adzuna::API::Response::Company,healthcare-nursing-jobs,Adzuna::API::Response::Category,Healthcare & Nursing Jobs,,
0.0,-72.30588,2026-06-15T13:54:25Z,131248.0,0,Adzuna::API::Response::Job,https://www.adzuna.com/land/ad/5764524620?se=Hu8---No8RGjKJIWHOfiKg&utm_medium=api&utm_source=abfa41a4&v=2310FFA2078F7E2DB80A5CCC396B7F5602604529,"E-SolHealth is seeking a travel nurse RN Med Surg for a travel nursing job in Keene, New Hampshire. Job Description & Requirements Specialty: Med Surg Discipline: RN Start Date: 07/06/2026 Duration: 13 weeks 36 hours per week Shift: 12 hours, nights Employment Type: Travel 2 years Med Surg experience [required] Must be willing to float to Thompson Unit if needed [required] Traveler will ""float"" to Kingsbury CUSTODIAL patients as needed (higher patient ratio, lower acuity) EPIC experience [requi…","Travel Nurse RN - Med Surg - $2,524 per week",42.97188,eyJhbGciOiJIUzI1NiJ9.eyJpIjoiNTc2NDUyNDYyMCIsInMiOiJIdTgtLS1ObzhSR2pLSklXSE9maUtnIn0.ioX_gArercMrcklJs-9wF8R-6MY90UFnSF_5dK0D9TI,5764524620,"['US', 'New Hampshire', 'Cheshire County', 'Keene']",Adzuna::API::Response::Location,"Keene, Cheshire County",E-SolHealth,Adzuna::API::Response::Company,healthcare-nursing-jobs,Adzuna::API::Response::Category,Healthcare & Nursing Jobs,,
0.0,-79.763107,2026-06-15T13:54:25Z,146328.0,0,Adzuna::API::Response::Job,https://www.adzuna.com/land/ad/5764524602?se=Hu8---No8RGjKJIWHOfiKg&utm_medium=api&utm_source=abfa41a4&v=517B5358B921C68E18198F25C36AFD991947135D,"TNAA TotalMed Allied is seeking a travel MRI Technologist for a travel job in Monroeville, Pennsylvania. Job Description & Requirements Specialty: MRI Technologist Discipline: Allied Health Professional Duration: 13 weeks 40 hours per week Shift: 8 hours, days Employment Type: Travel We are looking for a Magnetic Resonance Imaging Technologist (MRI Tech) for an immediate travel opening in Monroeville, PA. The right MRI Tech must have 1 year of experience. Read below for additional requirements.…","Travel MRI Technologist - $2,814 per week",40.42607,eyJhbGciOiJIUzI1NiJ9.eyJpIjoiNTc2NDUyNDYwMiIsInMiOiJIdTgtLS1ObzhSR2pLSklXSE9maUtnIn0.gEgOjHxJ7qYvroQwbhxC3HPl_ZLlDdj8nCqbHeB8Vos,5764524602,"['US', 'Pennsylvania', 'Allegheny County', 'Monroeville']",Adzuna::API::Response::Location,"Monroeville, Allegheny County",TNAA TotalMed Allied,Adzuna::API::Response::Company,healthcare-nursing-jobs,Adzuna::API::Response::Category,Healthcare & Nursing Jobs,,
0.0,-72.55647,2026-06-15T13:54:25Z,136708.0,0,Adzuna::API::Response::Job,https://www.adzuna.com/land/ad/5764524605?se=Hu8---No8RGjKJIWHOfiKg&utm_medium=api&utm_source=abfa41a4&v=3D2BF42EAD86764F496E6FC9501599C2FBE970CA,"Synergy Medical Staffing is seeking a travel nurse RN Labor and Delivery for a travel nursing job in Brattleboro, Vermont. Job Description & Requirements Specialty: Labor and Delivery Discipline: RN Start Date: 06/29/2026 Duration: 13 weeks 36 hours per week Shift: 12 hours, nights Employment Type: Travel Travel, RN - LD Location: Brattleboro, Vermont Shift: 3X12 Nights, 19:00:00-07:00:00, 12.00-3 Duration 13 Weeks When you join Synergy Medical Staffing, you’ll have a dedicated recruiter helpin…","Travel Labor & Delivery RN - $2,629 per week",42.88401,eyJhbGciOiJIUzI1NiJ9.eyJpIjoiNTc2NDUyNDYwNSIsInMiOiJIdTgtLS1ObzhSR2pLSklXSE9maUtnIn0.bZxDL5ulFV9cgOIwY5gk5JjD_4N2096oZ6TBS0I6Db0,5764524605,"['US', 'Vermont', 'Windham County', 'Brattleboro']",Adzuna::API::Response::Location,"Brattleboro, Windham County",Synergy Medical Staffing,Adzuna::API::Response::Company,healthcare-nursing-jobs,Adzuna::API::Response::Category,Healthcare & Nursing Jobs,,
0.0,-72.55647,2026-06-15T13:54:25Z,131040.0,0,Adzuna::API::Response::Job,https://www.adzuna.com/land/ad/5764524617?se=Hu8---No8RGjKJIWHOfiKg&utm_medium=api&utm_source=abfa41a4&v=DE27D12B89C229BEC37EE9D0BE8143EE1F8E00E6,"GHR Healthcare is seeking a travel nurse RN Labor and Delivery for a travel nursing job in Brattleboro, Vermont. Job Description & Requirements Specialty: Labor and Delivery Discipline: RN Start Date: 06/29/2026 Duration: 13 weeks 36 hours per week Shift: 12 hours Employment Type: Travel GHR Healthcare Job ID 78297732. Pay package is based on 12 hour shifts and 36 hours per week (subject to confirmation) with tax-free stipend amount to be determined. About GHR Healthcare For over 30 years, GHR …","Travel Labor & Delivery RN - $2,520 per week",42.88401,eyJhbGciOiJIUzI1NiJ9.eyJzIjoiSHU4LS0tTm84UkdqS0pJV0hPZmlLZyIsImkiOiI1NzY0NTI0NjE3In0.VAfOqc0SCOj-Pa5G8wTZAtP2sJZAkHfDTPJMdLkPCsw,5764524617,"['US', 'Vermont', 'Windham County', 'Brattleboro']",Adzuna::API::Response::Location,"Brattleboro, Windham County",GHR Healthcare,Adzuna::API::Response::Company,healthcare-nursing-jobs,Adzuna::API::Response::Category,Healthcare & Nursing Jobs,,
0.0,-81.5203,2026-06-15T13:54:25Z,133276.0,0,Adzuna::API::Response::Job,https://www.adzuna.com/land/ad/5764524611?se=Hu8---No8RGjKJIWHOfiKg&utm_medium=api&utm_source=abfa41a4&v=B9159C72D4FA12FBE4216CEA15A8B9628B3121BE,"Noor Inc. is seeking a travel CT Technologist for a travel job in Akron, Ohio. Job Description & Requirements Specialty: CT Technologist Discipline: Allied Health Professional Start Date: 07/06/2026 Duration: 13 weeks 36 hours per week Shift: 12 hours, days Employment Type: Travel Estimated Gross Weekly Pay: $ 2562.52 Opportunity: CT Technologist Position Job Details: • Work three 12-hour shifts with rotating weekends • One day of call per month required • Holiday coverage as needed • Minimum 2…","Travel CT Technologist - $2,563 per week",41.0655,eyJhbGciOiJIUzI1NiJ9.eyJpIjoiNTc2NDUyNDYxMSIsInMiOiJIdTgtLS1ObzhSR2pLSklXSE9maUtnIn0.kOhYxee2GkjhWr-hYfgtjwJCaHo4QJ8Rw6AbuDCvDnI,5764524611,"['US', 'Ohio', 'Summit County', 'Akron']",Adzuna::API::Response::Location,"Akron, Summit County",Noor Inc.,Adzuna::API::Response::Company,healthcare-nursing-jobs,Adzuna::API::Response::Category,Healthcare & Nursing Jobs,,
0.0,-104.9813,2026-06-15T13:54:25Z,128700.0,0,Adzuna::API::Response::Job,https://www.adzuna.com/land/ad/5764524624?se=Hu8---No8RGjKJIWHOfiKg&utm_medium=api&utm_source=abfa41a4&v=7B4247FE2290A590D29945AFD0A640D99D1E180A,"TheraEX Staffing Services is seeking a travel nurse RN Telemetry for a travel nursing job in Denver, Colorado. Job Description & Requirements Specialty: Telemetry Discipline: RN Duration: 13 weeks 36 hours per week Shift: 12 hours, days Employment Type: Travel Requirements: Experience: Minimum 2 years of MS/Telemetry RN experience Licenses: Active RN license required to submit Certifications: BLS (AHA) ACLS (AHA) NIHSS Preferred Experience: Neuro experience BSN Required: No Float Pool Details: …","Travel Nurse RN - Telemetry - $2,475 per week",39.7427,eyJhbGciOiJIUzI1NiJ9.eyJpIjoiNTc2NDUyNDYyNCIsInMiOiJIdTgtLS1ObzhSR2pLSklXSE9maUtnIn0.nT92lP19lR229yU_jt1jLYht7u_ENaWaB6PzXqDIUV8,5764524624,"['US', 'Colorado', 'Denver', 'Glendale']",Adzuna::API::Response::Location,"Glendale, Denver",TheraEX Staffing Services,Adzuna::API::Response::Company,healthcare-nursing-jobs,Adzuna::API::Response::Category,Healthcare & Nursing Jobs,,
0.0,-76.6054,2026-06-15T13:54:25Z,135616.0,0,Adzuna::API::Response::Job,https://www.adzuna.com/land/ad/5764524609?se=Hu8---No8RGjKJIWHOfiKg&utm_medium=api&utm_source=abfa41a4&v=1EDDA144C1F61D4615CF6DAC738B0CE301AAB0BD,"Care Team Solutions is seeking a travel nurse RN CVICU for a travel nursing job in Baltimore, Maryland. Job Description & Requirements Specialty: CVICU Discipline: RN Start Date: 07/13/2026 Duration: 13 weeks 36 hours per week Shift: 12 hours Employment Type: Travel Registered Nurse must have 2 years of recent experience in particular specialty Details: Must Have 2 Years of recent Cardiovascular Intensive Care Unit experience. Specialty: Cardiovascular Intensive Care Unit Discipline: Registered…","Travel CVICU Registered Nurse - $2,608 per week",39.291,eyJhbGciOiJIUzI1NiJ9.eyJpIjoiNTc2NDUyNDYwOSIsInMiOiJIdTgtLS1ObzhSR2pLSklXSE9maUtnIn0._PJ0MDBVep8k05te-7K0XSwKj8cHKZzjsedXmd8rxRA,5764524609,"['US', 'Maryland', 'Baltimore County', 'Baltimore', 'East Case']",Adzuna::API::Response::Location,"East Case, Baltimore",Care Team Solutions,Adzuna::API::Response::Company,healthcare-nursing-jobs,Adzuna::API::Response::Category,Healthcare & Nursing Jobs,,
0.0,-88.05804,2026-06-15T13:54:25Z,127452.0,0,Adzuna::API::Response::Job,https://www.adzuna.com/land/ad/5764524626?se=Hu8---No8RGjKJIWHOfiKg&utm_medium=api&utm_source=abfa41a4&v=69662BE952E730F3E692B57EC34B73F488A6FD08,"Critical Connection, inc is seeking a travel Physical Therapist for a travel job in Lake Zurich, Illinois. Job Description & Requirements Specialty: Physical Therapist Discipline: Therapy Start Date: 06/22/2026 Duration: 13 weeks 40 hours per week Shift: 8 hours, days Employment Type: Travel Schedule: Full-Time | Flexible Scheduling Options Guaranteed Hours: Yes (varies by assignment) About the Opportunity We are seeking a licensed, patient-focused Physical Therapist (PT) to join a quality-driv…","Travel Physical Therapist - $2,451 per week",42.19944,eyJhbGciOiJIUzI1NiJ9.eyJpIjoiNTc2NDUyNDYyNiIsInMiOiJIdTgtLS1ObzhSR2pLSklXSE9maUtnIn0.3_bpVp6CoRQWFjBBFY3JbTiovng78Lls3ZdaYdoO18I,5764524626,"['US', 'Illinois', 'Lake County', 'Forest Lake']",Adzuna::API::Response::Location,"Forest Lake, Lake County","Critical Connection, inc",Adzuna::API::Response::Company,healthcare-nursing-jobs,Adzuna::API::Response::Category,Healthcare & Nursing Jobs,,
0.0,-76.504053,2026-06-15T13:54:25Z,136240.0,0,Adzuna::API::Response::Job,https://www.adzuna.com/land/ad/5764524610?se=Hu8---No8RGjKJIWHOfiKg&utm_medium=api&utm_source=abfa41a4&v=DF08771B9ABEFFB47E8661FF5D6484FF124A6215,"Cross Country Nurses is seeking a travel nurse RN Interventional Radiology for a travel nursing job in Ithaca, New York. Job Description & Requirements Specialty: Interventional Radiology Discipline: RN Start Date: 07/19/2026 Duration: 13 weeks 40 hours per week Shift: 10 hours, days Employment Type: Travel Job Summary: Interventional Radiology (IR) Registered Nurse (RN) Ithaca, New York. In this role, the organizations imaging services RN will coordinate outpatient and inpatient services by as…","Travel Interventional Radiology RN - $2,620 per week",42.44829,eyJhbGciOiJIUzI1NiJ9.eyJpIjoiNTc2NDUyNDYxMCIsInMiOiJIdTgtLS1ObzhSR2pLSklXSE9maUtnIn0.8Ah1Rr8DrkfaEZwTic0hY4JWWDiGxEdz1iwqUvRMz8I,5764524610,"['US', 'New York', 'Tompkins County', 'Ithaca']",Adzuna::API::Response::Location,"Ithaca, Tompkins County",Cross Country Nurses,Adzuna::API::Response::Company,healthcare-nursing-jobs,Adzuna::API::Response::Category,Healthcare & Nursing Jobs,,
0.0,-76.504053,2026-06-15T13:54:25Z,131040.0,0,Adzuna::API::Response::Job,https://www.adzuna.com/land/ad/5764524618?se=yJQC_ONo8RGdcKmg89akZw&utm_medium=api&utm_source=abfa41a4&v=417D424F08624FD7B60DBC001C8ADB1C5B3D4638,"GHR Healthcare is seeking a travel nurse RN ICU - Intensive Care Unit for a travel nursing job in Ithaca, New York. Job Description & Requirements Specialty: ICU - Intensive Care Unit Discipline: RN Start Date: 07/12/2026 Duration: 12 weeks 36 hours per week Shift: 12 hours Employment Type: Travel GHR Healthcare Job ID 78297431. Pay package is based on 12 hour shifts and 36 hours per week (subject to confirmation) with tax-free stipend amount to be determined. About GHR Healthcare For over 30 y…","Travel ICU Nurse - $2,520 per week",42.44829,eyJhbGciOiJIUzI1NiJ9.eyJpIjoiNTc2NDUyNDYxOCIsInMiOiJ5SlFDX09ObzhSR2RjS21nODlha1p3In0.PtI2BYc4SlCAuNjejOC1QJzeIy9gWJYRUysdGfpjTi8,5764524618,"['US', 'New York', 'Tompkins County', 'Ithaca']",Adzuna::API::Response::Location,"Ithaca, Tompkins County",GHR Healthcare,Adzuna::API::Response::Company,healthcare-nursing-jobs,Adzuna::API::Response::Category,Healthcare & Nursing Jobs,,
0.0,-114.386136,2026-06-15T13:54:25Z,127920.0,0,Adzuna::API::Response::Job,https://www.adzuna.com/land/ad/5764524627?se=yJQC_ONo8RGdcKmg89akZw&utm_medium=api&utm_source=abfa41a4&v=63F294ED5BD33DD906F7D3B957A06E959F8499C7,"GetMed Staffing, Inc. is seeking a travel nurse RN OR - Operating Room for a travel nursing job in Ketchum, Idaho. Job Description & Requirements Specialty: OR - Operating Room Discipline: RN Start Date: 07/06/2026 Duration: 13 weeks 40 hours per week Shift: 8 hours, days Employment Type: Travel GetMed Staffing is searching for a strong OR RN to assist our traveler-friendly client. A minimum of 1-2 years of experience is required. Traveling with GetMed Staffing offers the unique opportunity to …","Travel Nurse RN - OR - Operating Room - $2,460 per week",43.681702,eyJhbGciOiJIUzI1NiJ9.eyJpIjoiNTc2NDUyNDYyNyIsInMiOiJ5SlFDX09ObzhSR2RjS21nODlha1p3In0.BxUzz8JRhPnD_L9ln5z2mwPajerxTFeuVrEwt64o1_w,5764524627,"['US', 'Idaho', 'Blaine County', 'Ketchum']",Adzuna::API::Response::Location,"Ketchum, Blaine County","GetMed Staffing, Inc.",Adzuna::API::Response::Company,healthcare-nursing-jobs,Adzuna::API::Response::Category,Healthcare & Nursing Jobs,,
0.0,-76.504053,2026-06-15T13:54:25Z,131092.0,0,Adzuna::API::Response::Job,https://www.adzuna.com/land/ad/5764524619?se=yJQC_ONo8RGdcKmg89akZw&utm_medium=api&utm_source=abfa41a4&v=5F41E19C879CD9FD63DE50B045927811E1398279,"Olaro is seeking a travel nurse RN Interventional Radiology for a travel nursing job in Ithaca, New York. Job Description & Requirements Specialty: Interventional Radiology Discipline: RN Duration: 13 weeks 40 hours per week Shift: 10 hours, days Employment Type: Travel PHP Job ID 487497. Pay package is based on 10 hour shifts and 40 hours per week (subject to confirmation) with tax-free stipend amount to be determined. Posted job title: Imaging RN - CMC - Days About Olaro Olaro Company Descrip…","Travel Interventional Radiology RN - $2,521 per week",42.44829,eyJhbGciOiJIUzI1NiJ9.eyJpIjoiNTc2NDUyNDYxOSIsInMiOiJ5SlFDX09ObzhSR2RjS21nODlha1p3In0.wFfAjn64xJmFIhZufirz1Bt8jYS-7zNDdR-7e3_abcI,5764524619,"['US', 'New York', 'Tompkins County', 'Ithaca']",Adzuna::API::Response::Location,"Ithaca, Tompkins County",Olaro,Adzuna::API::Response::Company,healthcare-nursing-jobs,Adzuna::API::Response::Category,Healthcare & Nursing Jobs,,
0.0,-81.83619,2026-06-15T13:54:25Z,130260.0,0,Adzuna::API::Response::Job,https://www.adzuna.com/land/ad/5764524621?se=yJQC_ONo8RGdcKmg89akZw&utm_medium=api&utm_source=abfa41a4&v=887AB231EE9775FB6C5F4BE97B7282403E026938,"Talent4Health is seeking a travel nurse RN Endoscopy for a travel nursing job in Fort Myers, Florida. Job Description & Requirements Specialty: Endoscopy Discipline: RN Start Date: 07/06/2026 Duration: 13 weeks 40 hours per week Shift: 10 hours, days Employment Type: Travel 2 years of Endo experience required. BLS, ACLS, & PALS required. About Talent4Health A leader and innovator, offering comprehensive talent solutions for the healthcare industry across the nation. Talent4Health, based in Wilm…","Travel Nurse RN - Endoscopy - $2,505 per week",26.63163,eyJhbGciOiJIUzI1NiJ9.eyJzIjoieUpRQ19PTm84UkdkY0ttZzg5YWtadyIsImkiOiI1NzY0NTI0NjIxIn0.aIGEADXAw6p8uve8Q5RCwBF7BqjtGYg1D1fPv6jvF6k,5764524621,"['US', 'Florida', 'Lee County', 'Fort Myers']",Adzuna::API::Response::Location,"Fort Myers, Lee County",Talent4Health,Adzuna::API::Response::Company,healthcare-nursing-jobs,Adzuna::API::Response::Category,Healthcare & Nursing Jobs,,
0.0,-97.865683,2026-06-15T13:54:25Z,135408.0,0,Adzuna::API::Response::Job,https://www.adzuna.com/land/ad/5764524614?se=yJQC_ONo8RGdcKmg89akZw&utm_medium=api&utm_source=abfa41a4&v=F83E8AAEB88882C037CB076BDF54B96991E8F59C,"Noor Inc. is seeking a travel nurse RN Cardiac Cath Lab for a travel nursing job in Austin, Texas. Job Description & Requirements Specialty: Cardiac Cath Lab Discipline: RN Start Date: 06/29/2026 Duration: 13 weeks 40 hours per week Shift: 8 hours, days Employment Type: Travel Estimated Gross Weekly Pay: $ 2604.20 Opportunity: CONTRACT - RN - CATH LAB (746) - 13 WEEKS - MON-FRI 6:30A-3:00P Job Details: • Work Monday through Friday day shift from 6:30 AM to 3:00 PM • 13-week contract assignment …","Travel Nurse RN - Cardiac Cath Lab - $2,604 per week",30.320233,eyJhbGciOiJIUzI1NiJ9.eyJpIjoiNTc2NDUyNDYxNCIsInMiOiJ5SlFDX09ObzhSR2RjS21nODlha1p3In0.HBtW2DeaSWesP-amkpz85X9RCzsKxmZS_3hCu1VZVj0,5764524614,"['US', 'Texas', 'Travis County', 'Bee Cave']",Adzuna::API::Response::Location,"Bee Cave, Travis County",Noor Inc.,Adzuna::API::Response::Company,healthcare-nursing-jobs,Adzuna::API::Response::Category,Healthcare & Nursing Jobs,,
0.0,-70.653511,2026-06-15T13:54:25Z,130000.0,0,Adzuna::API::Response::Job,https://www.adzuna.com/land/ad/5764524622?se=yJQC_ONo8RGdcKmg89akZw&utm_medium=api&utm_source=abfa41a4&v=52E894BF2659E7CB0E8EDF761282E99874B74A5B,"LanceSoft is seeking a travel CT Technologist for a travel job in York, Maine. Job Description & Requirements Specialty: CT Technologist Discipline: Allied Health Professional Start Date: 07/13/2026 Duration: 13 weeks 36 hours per week Shift: 12 hours, days Employment Type: Travel Required Qualifications Minimum 2 years of Diagnostic Imaging experience CT experience is mandatory (Hard Stop) Active ARRT (R) Certification ARRT (CT) Certification Active Maine Radiologic Technologist License Curren…","Travel CT Technologist - $2,500 per week",43.153967,eyJhbGciOiJIUzI1NiJ9.eyJpIjoiNTc2NDUyNDYyMiIsInMiOiJ5SlFDX09ObzhSR2RjS21nODlha1p3In0.MV4mRwOUcRmRf2k_pVm1B8-060oXL3Ufw57N1Tkstuw,5764524622,"['US', 'Maine', 'York County', 'York']",Adzuna::API::Response::Location,"York, York County",LanceSoft,Adzuna::API::Response::Company,healthcare-nursing-jobs,Adzuna::API::Response::Category,Healthcare & Nursing Jobs,,
0.0,-89.084135,2026-06-15T13:54:25Z,126828.0,0,Adzuna::API::Response::Job,https://www.adzuna.com/land/ad/5764524630?se=yJQC_ONo8RGdcKmg89akZw&utm_medium=api&utm_source=abfa41a4&v=DD64B8BBF0BCCA79063ED7CAC23C8B439EC30CDA,"Noor Inc. is seeking a travel nurse RN Float Cardiac Stepdown for a travel nursing job in Rockford, Illinois. Job Description & Requirements Specialty: Cardiac Stepdown Discipline: RN Start Date: ASAP Duration: 13 weeks 36 hours per week Shift: 12 hours, nights Employment Type: Travel Estimated Gross Weekly Pay: $ 2438.68 Opportunity: RN - Medical Surgical, Cardiac Telemetry, Stroke Neuro, Step-Down ICU and ICU Job Details: • ICU experience required with ability to float down to Medical Surgica…","Travel Nurse RN - Float Cardiac Stepdown - $2,439 per week",42.303143,eyJhbGciOiJIUzI1NiJ9.eyJzIjoieUpRQ19PTm84UkdkY0ttZzg5YWtadyIsImkiOiI1NzY0NTI0NjMwIn0.jeo2u9sCW60ss_azhqUU-Y4PwFhlfpu6gpjYrXxQxbI,5764524630,"['US', 'Illinois', 'Winnebago County', 'Loves Park']",Adzuna::API::Response::Location,"Loves Park, Winnebago County",Noor Inc.,Adzuna::API::Response::Company,healthcare-nursing-jobs,Adzuna::API::Response::Category,Healthcare & Nursing Jobs,,
0.0,-82.965488,2026-06-15T13:54:25Z,130156.0,0,Adzuna::API::Response::Job,https://www.adzuna.com/land/ad/5764524625?se=yJQC_ONo8RGdcKmg89akZw&utm_medium=api&utm_source=abfa41a4&v=B4B60B27B370B3469C7DBA68B05659F05C340AC9,"Voca Healthcare is seeking a travel nurse RN Cardiac Cath Lab for a travel nursing job in Columbus, Ohio. Job Description & Requirements Specialty: Cardiac Cath Lab Discipline: RN Start Date: 07/27/2026 Duration: 13 weeks 36 hours per week Shift: 12 hours, days Employment Type: Travel Benefits available on 1st of the month after start: Holiday pay Weekly pay Retention bonus 401k retirement plan Medical benefits Dental benefits Vision benefits Referral bonus Are you an experienced Cardiac Cath L…","Travel Cath Lab RN - $2,503 per week",40.041105,eyJhbGciOiJIUzI1NiJ9.eyJzIjoieUpRQ19PTm84UkdkY0ttZzg5YWtadyIsImkiOiI1NzY0NTI0NjI1In0.9NylzURpPDVVfZL3WyNxv54xIIRiTyDSdkneIrIEJUY,5764524625,"['US', 'Ohio', 'Franklin County', 'Minerva Park']",Adzuna::API::Response::Location,"Minerva Park, Franklin County",Voca Healthcare,Adzuna::API::Response::Company,healthcare-nursing-jobs,Adzuna::API::Response::Category,Healthcare & Nursing Jobs,,
0.0,-121.746357,2026-06-15T13:54:25Z,130832.0,0,Adzuna::API::Response::Job,https://www.adzuna.com/land/ad/5764524623?se=yJQC_ONo8RGdcKmg89akZw&utm_medium=api&utm_source=abfa41a4&v=D858AE274CFA3A01FCF0EC26CE0ED08AE3F189F9,"Noor Inc. is seeking a travel Physical Therapist for a travel job in Woodland, California. Job Description & Requirements Specialty: Physical Therapist Discipline: Therapy Start Date: 07/07/2026 Duration: 13 weeks 40 hours per week Shift: 8 hours, days Employment Type: Travel Estimated Gross Weekly Pay: $ 2516.00 Opportunity: Physical Therapist - Home Health Job Details: • Work 8:30 AM to 5:00 PM shifts, typically Monday through Friday • Saturday rotation approximately once per month • Provide …","Travel Physical Therapist - $2,516 per week",38.666802,eyJhbGciOiJIUzI1NiJ9.eyJzIjoieUpRQ19PTm84UkdkY0ttZzg5YWtadyIsImkiOiI1NzY0NTI0NjIzIn0.029T89RsbwOqnP9CvzqM0hDd83_s3kwpg2vhwyKh0Mw,5764524623,"['US', 'California', 'Yolo County', 'Woodland']",Adzuna::API::Response::Location,"Woodland, Yolo County",Noor Inc.,Adzuna::API::Response::Company,healthcare-nursing-jobs,Adzuna::API::Response::Category,Healthcare & Nursing Jobs,,
0.0,-70.653511,2026-06-15T13:54:25Z,134160.0,0,Adzuna::API::Response::Job,https://www.adzuna.com/land/ad/5764524616?se=yJQC_ONo8RGdcKmg89akZw&utm_medium=api&utm_source=abfa41a4&v=8592EC6634A792BAE7FE847041B0FBE3AED8D8AE,"PRIDE Health is seeking a travel CT Technologist for a travel job in York, Maine. Job Description & Requirements Specialty: CT Technologist Discipline: Allied Health Professional Start Date: 07/13/2026 Duration: 13 weeks 40 hours per week Shift: 8 hours, days Employment Type: Travel A CT Technician operates computed tomography (CT) scanners to capture detailed images of internal structures. Responsibilities include preparing patients, operating equipment, and ensuring quality imaging for accura…","Travel CT Technologist - $2,580 per week",43.153967,eyJhbGciOiJIUzI1NiJ9.eyJzIjoieUpRQ19PTm84UkdkY0ttZzg5YWtadyIsImkiOiI1NzY0NTI0NjE2In0.QKc2R8zk8nk56LB5lb15UFnDlYUM7afJvA_4M5ljnpk,5764524616,"['US', 'Maine', 'York County', 'York']",Adzuna::API::Response::Location,"York, York County",PRIDE Health,Adzuna::API::Response::Company,healthcare-nursing-jobs,Adzuna::API::Response::Category,Healthcare & Nursing Jobs,,
0.0,-122.37162,2026-06-15T13:54:25Z,134420.0,0,Adzuna::API::Response::Job,https://www.adzuna.com/land/ad/5764524608?se=yJQC_ONo8RGdcKmg89akZw&utm_medium=api&utm_source=abfa41a4&v=964BCECEBFDD1E6347C4C6002590D499A5839C4C,"Noor Inc. is seeking a travel nurse RN OR - Operating Room for a travel nursing job in Edmonds, Washington. Job Description & Requirements Specialty: OR - Operating Room Discipline: RN Start Date: 06/29/2026 Duration: 13 weeks 40 hours per week Shift: 10 hours, days Employment Type: Travel Estimated Gross Weekly Pay: $ 2585.00 Opportunity: OR - Operating Room Job Details: • Work 4x10 day shifts with flexible start times (7am, 9am, 11am, 3pm) • Call required: approximately 48-56 hours per 6-week…","Travel Nurse RN - OR - Operating Room - $2,585 per week",47.8056,eyJhbGciOiJIUzI1NiJ9.eyJpIjoiNTc2NDUyNDYwOCIsInMiOiJ5SlFDX09ObzhSR2RjS21nODlha1p3In0.yL5IsrHF36bMu6mMUTz1sK7VE806a9ODfx-onK8jchk,5764524608,"['US', 'Washington', 'Snohomish County', 'Edmonds']",Adzuna::API::Response::Location,"Edmonds, Snohomish County",Noor Inc.,Adzuna::API::Response::Company,healthcare-nursing-jobs,Adzuna::API::Response::Category,Healthcare & Nursing Jobs,,
0.0,-79.9415,2026-06-15T13:54:24Z,143416.0,0,Adzuna::API::Response::Job,https://www.adzuna.com/land/ad/5764524583?se=yJQC_ONo8RGdcKmg89akZw&utm_medium=api&utm_source=abfa41a4&v=F75C8B550F8FC91F19281940A462980E46C7230F,"Nightingale Nurses - Allied is seeking a travel Cath Lab Technologist for a travel job in Roanoke, Virginia. Job Description & Requirements Specialty: Cath Lab Technologist Discipline: Allied Health Professional Start Date: 06/22/2026 Duration: 13 weeks 40 hours per week Shift: 10 hours, days Employment Type: Travel","Travel Cath Lab Technologist - $2,758 per week",37.2707,eyJhbGciOiJIUzI1NiJ9.eyJpIjoiNTc2NDUyNDU4MyIsInMiOiJ5SlFDX09ObzhSR2RjS21nODlha1p3In0.oduOKyAm5ayza5lGIo6aL6GcHAVAkLDY37_16TkqMT0,5764524583,"['US', 'Virginia', 'Roanoke County', 'Roanoke']",Adzuna::API::Response::Location,"Roanoke, Roanoke County",Nightingale Nurses - Allied,Adzuna::API::Response::Company,healthcare-nursing-jobs,Adzuna::API::Response::Category,Healthcare & Nursing Jobs,,
0.0,-121.3272,2026-06-15T13:54:24Z,80964.0,0,Adzuna::API::Response::Job,https://www.adzuna.com/land/ad/5764524598?se=yJQC_ONo8RGdcKmg89akZw&utm_medium=api&utm_source=abfa41a4&v=3BCD2FD1A0BFA736112B2BBAD426363B6469AEC8,"AMN Healthcare Allied is seeking a travel Physical Therapy Assistant for a travel job in Carmichael, California. Job Description & Requirements Specialty: Physical Therapy Assistant Discipline: Therapy Duration: 13 weeks 40 hours per week Shift: 8 hours, days Employment Type: Travel Job Description & Requirements Physical Therapist Assistant - Skilled - (PTA) StartDate: ASAP Available Shifts: 8 D Pay Rate: $1534.00 - $1580.00 Reputable SNF is looking for a highly motivated and energetic therapi…","Travel Physical Therapy Assistant - $1,557 per week",38.62572,eyJhbGciOiJIUzI1NiJ9.eyJpIjoiNTc2NDUyNDU5OCIsInMiOiJ5SlFDX09ObzhSR2RjS21nODlha1p3In0.HhynYbu6X3YKEEgSAVHqjoVV0NrL3-UtU7GY6tM63y0,5764524598,"['US', 'California', 'Sacramento County', 'Carmichael']",Adzuna::API::Response::Location,"Carmichael, Sacramento County",AMN Healthcare Allied,Adzuna::API::Response::Company,healthcare-nursing-jobs,Adzuna::API::Response::Category,Healthcare & Nursing Jobs,,
0.0,-83.207709,2026-06-15T13:54:24Z,88764.0,0,Adzuna::API::Response::Job,https://www.adzuna.com/land/ad/5764524585?se=yJQC_ONo8RGdcKmg89akZw&utm_medium=api&utm_source=abfa41a4&v=084ADB3AA7CDB25D47D03FA0471BD28880BC081E,"Skyline Med Staff Therapy is seeking a travel Physical Therapist for a travel job in Highlands, North Carolina. Job Description & Requirements Specialty: Physical Therapist Discipline: Therapy Start Date: ASAP Duration: 13 weeks 40 hours per week Shift: 8 hours, days Employment Type: Travel Join the Top- Rated Travel Healthcare Team! Skyline Med Staff was named as the 1 Best Travel Healthcare Company in 2025 by BluePipes, a recognition driven by glowing reviews from travel healthcare profession…","Travel Physical Therapist, Rehab Services - $1,707 per week",35.053561,eyJhbGciOiJIUzI1NiJ9.eyJpIjoiNTc2NDUyNDU4NSIsInMiOiJ5SlFDX09ObzhSR2RjS21nODlha1p3In0.G8dWnVBcoehxrxvTWh3n1Y1XoRhhLQwW6ROJo0qW0GM,5764524585,"['US', 'North Carolina', 'Macon County', 'Highlands']",Adzuna::API::Response::Location,"Highlands, Macon County",Skyline Med Staff Therapy,Adzuna::API::Response::Company,healthcare-nursing-jobs,Adzuna::API::Response::Category,Healthcare & Nursing Jobs,,
0.0,-71.05,2026-06-15T13:54:24Z,159848.0,0,Adzuna::API::Response::Job,https://www.adzuna.com/land/ad/5764524586?se=yJQC_ONo8RGdcKmg89akZw&utm_medium=api&utm_source=abfa41a4&v=3572154D7ECA6973B039875FA8546A5739047EC7,"Talent4Health is seeking a travel nurse RN OR - Operating Room for a travel nursing job in Boston, Massachusetts. Job Description & Requirements Specialty: OR - Operating Room Discipline: RN Start Date: 06/16/2026 Duration: 11 weeks 36 hours per week Shift: 12 hours, nights Employment Type: Travel MUST HAVE KIDNEY TRANSPLANT, NEURO, SPINE, ORTHO TRAUMA AND ROBOTICS EXPERIENCE Must have transplant, trauma and neuro experience Night shift 5 days first week 7a-3:30p, weeks with holiday 4 10’s 7a-5…","Travel Nurse RN - OR - Operating Room - $3,074 per week",42.34,eyJhbGciOiJIUzI1NiJ9.eyJpIjoiNTc2NDUyNDU4NiIsInMiOiJ5SlFDX09ObzhSR2RjS21nODlha1p3In0.TdVDNn8Cxw6JqTg_y5E_5k0AC4xiUZIXg533Czkbl1Q,5764524586,"['US', 'Massachusetts', 'Suffolk County', 'South Boston']",Adzuna::API::Response::Location,"South Boston, Suffolk County",Talent4Health,Adzuna::API::Response::Company,healthcare-nursing-jobs,Adzuna::API::Response::Category,Healthcare & Nursing Jobs,,
0.0,-80.658262,2026-06-15T13:54:24Z,86008.0,0,Adzuna::API::Response::Job,https://www.adzuna.com/land/ad/5764524591?se=yJQC_ONo8RGdcKmg89akZw&utm_medium=api&utm_source=abfa41a4&v=D5B50ED8DB1372B82ECBF2BFB02C54D601C3B45C,"AMN Healthcare Allied is seeking a School Services School Speech Language Pathologist for a travel job in Melbourne, Florida. Job Description & Requirements Specialty: Speech Language Pathologist Discipline: School Services Start Date: 08/03/2026 Duration: 43 weeks 40 hours per week Shift: 6 hours, days Employment Type: Travel Job Description & Requirements Speech Language Pathologist (SLP) - School - (SLP - School) StartDate: 8/3/2026 Available Shifts: 6 D Pay Rate: $1629.00 - $1679.00 Work as…","School Services - School Speech Language Pathologist - $1,654 per week",28.139641,eyJhbGciOiJIUzI1NiJ9.eyJpIjoiNTc2NDUyNDU5MSIsInMiOiJ5SlFDX09ObzhSR2RjS21nODlha1p3In0.y3Te81R5DvSCcNOzXxYWVrGgkTJEx_dHLin1wvjqKKM,5764524591,"['US', 'Florida', 'Brevard County', 'Eau Gallie']",Adzuna::API::Response::Location,"Eau Gallie, Brevard County",AMN Healthcare Allied,Adzuna::API::Response::Company,healthcare-nursing-jobs,Adzuna::API::Response::Category,Healthcare & Nursing Jobs,,
0.0,-75.09792,2026-06-15T13:54:24Z,108212.0,0,Adzuna::API::Response::Job,https://www.adzuna.com/land/ad/5764524601?se=yJQC_ONo8RGdcKmg89akZw&utm_medium=api&utm_source=abfa41a4&v=F7BCD2946F5731506EB0B94E676E4CA140D21DB9,"Prime HealthCare Staffing is seeking a travel Outpatient Physical Therapist for a travel job in Ocean View, Delaware. Job Description & Requirements Specialty: Physical Therapist Discipline: Therapy Start Date: 08/17/2026 Duration: 13 weeks 40 hours per week Shift: 8 hours, days Employment Type: Travel Prime HealthCare Staffing, a national health care staffing company with over 20 years in the business, is looking for an experienced PT for a travel contract opportunity in Ocean View Delaware. I…","Travel Outpatient Physical Therapist - $2,081 per week",38.56104,eyJhbGciOiJIUzI1NiJ9.eyJzIjoieUpRQ19PTm84UkdkY0ttZzg5YWtadyIsImkiOiI1NzY0NTI0NjAxIn0.fWg9rrgVLl04CFLXkp3PSILPmLkjKyzpGy8IVwC-iH8,5764524601,"['US', 'Delaware', 'Sussex County', 'Clarksville']",Adzuna::API::Response::Location,"Clarksville, Sussex County",Prime HealthCare Staffing,Adzuna::API::Response::Company,healthcare-nursing-jobs,Adzuna::API::Response::Category,Healthcare & Nursing Jobs,,
0.0,-88.003486,2026-06-15T13:54:24Z,143520.0,0,Adzuna::API::Response::Job,https://www.adzuna.com/land/ad/5764524580?se=yJQC_ONo8RGdcKmg89akZw&utm_medium=api&utm_source=abfa41a4&v=7F603A9D87789415858303E5AA5D6C83F3A258A8,"Voca Healthcare is seeking a travel MRI Technologist for a travel job in Franklin, Wisconsin. Job Description & Requirements Specialty: MRI Technologist Discipline: Allied Health Professional Start Date: 07/12/2026 Duration: 13 weeks 40 hours per week Shift: 8 hours, days Employment Type: Travel Voca Job ID18500675; Shift: Mon-Fri shift with typical start times of 0830 or 0900 - would consider 10 hour shifts; 1 year of experience in specialty required; AHA BLS cert required; ARRT cert required;…","Travel MRI Technologist - $2,760 per week",42.900289,eyJhbGciOiJIUzI1NiJ9.eyJpIjoiNTc2NDUyNDU4MCIsInMiOiJ5SlFDX09ObzhSR2RjS21nODlha1p3In0.6jUpiXYL8zw-fGxDFiHS1Wu8rj0FonXc_HhmRSPrTWI,5764524580,"['US', 'Wisconsin', 'Milwaukee County', 'Franklin']",Adzuna::API::Response::Location,"Franklin, Milwaukee County",Voca Healthcare,Adzuna::API::Response::Company,healthcare-nursing-jobs,Adzuna::API::Response::Category,Healthcare & Nursing Jobs,,
0.0,-77.6085,2026-06-15T13:54:24Z,152048.0,0,Adzuna::API::Response::Job,https://www.adzuna.com/land/ad/5764524595?se=yJQC_ONo8RGdcKmg89akZw&utm_medium=api&utm_source=abfa41a4&v=1E19EBF3EBE4E581C0B1826E2D5FB433FC01466B,"HumanEdge - CT is seeking a travel Nuclear Medicine Technologist for a travel job in Rochester, New York. Job Description & Requirements Specialty: Nuclear Medicine Technologist Discipline: Allied Health Professional Start Date: 07/06/2026 Duration: 13 weeks 40 hours per week Shift: 8 hours Employment Type: Travel HumanEdge is currently filling a Contract position available with our client in Rochester, NY for a Cardiology, Nuclear Medicine Technologist. Settle into Rochester, NY, where the Geo…","Travel Nuclear Medicine Technologist - $2,924 per week",43.1315,eyJhbGciOiJIUzI1NiJ9.eyJpIjoiNTc2NDUyNDU5NSIsInMiOiJ5SlFDX09ObzhSR2RjS21nODlha1p3In0.Qd-_TUWoFPsV_IDnY17MWK7FofHW-oSUKfS0premEyw,5764524595,"['US', 'New York', 'Monroe County', 'Loehmanns Plaza']",Adzuna::API::Response::Location,"Loehmanns Plaza, Monroe County",HumanEdge - CT,Adzuna::API::Response::Company,healthcare-nursing-jobs,Adzuna::API::Response::Category,Healthcare & Nursing Jobs,,
0.0,-88.9534,2026-06-15T13:54:24Z,151632.0,0,Adzuna::API::Response::Job,https://www.adzuna.com/land/ad/5764524596?se=yJQC_ONo8RGdcKmg89akZw&utm_medium=api&utm_source=abfa41a4&v=D82C6286106E89B12F003C53821E98D1DF7C1289,"Nightingale Nurses - Allied is seeking a travel Cath Lab Technologist for a travel job in Bloomington, Illinois. Job Description & Requirements Specialty: Cath Lab Technologist Discipline: Allied Health Professional Start Date: 06/29/2026 Duration: 36 weeks 36 hours per week Shift: 9 hours, days Employment Type: Travel","Travel Cath Lab Technologist - $2,916 per week",40.47712,eyJhbGciOiJIUzI1NiJ9.eyJzIjoieUpRQ19PTm84UkdkY0ttZzg5YWtadyIsImkiOiI1NzY0NTI0NTk2In0.L0u7K7nCCmLStyeUsgfRhrYt_ZS9fNc0HcLypYU1V6w,5764524596,"['US', 'Illinois', 'McLean County', 'Bloomington']",Adzuna::API::Response::Location,"Bloomington, McLean County",Nightingale Nurses - Allied,Adzuna::API::Response::Company,healthcare-nursing-jobs,Adzuna::API::Response::Category,Healthcare & Nursing Jobs,,
0.0,-122.576918,2026-06-15T13:54:24Z,108784.0,0,Adzuna::API::Response::Job,https://www.adzuna.com/land/ad/5764524597?se=yJQC_ONo8RGdcKmg89akZw&utm_medium=api&utm_source=abfa41a4&v=7A223353C20EB3C468953DC8FF37DA67118C8E72,"Care Career is seeking a travel Mental Health for a travel job in Vancouver, Washington. Job Description & Requirements Specialty: Mental Health Discipline: Therapy Start Date: 06/29/2026 Duration: 13 weeks 40 hours per week Shift: 8 hours, days Employment Type: Travel Care Career Job ID 37199129. Pay package is based on 8 hour shifts and 40.0 hours per week (subject to confirmation) with tax-free stipend amount to be determined. Posted job title: Social Work Psych Technician About Care Career …","Travel Behavioral Health Therapist - $2,092 per week",45.674245,eyJhbGciOiJIUzI1NiJ9.eyJpIjoiNTc2NDUyNDU5NyIsInMiOiJ5SlFDX09ObzhSR2RjS21nODlha1p3In0.CUOQcr6m3RQvYWbhk8WaNFaNfnPliU19eo4uPHJdYOE,5764524597,"['US', 'Washington', 'Clark County', 'Orchards']",Adzuna::API::Response::Location,"Orchards, Clark County",Care Career,Adzuna::API::Response::Company,healthcare-nursing-jobs,Adzuna::API::Response::Category,Healthcare & Nursing Jobs,,
0.0,-87.96468,2026-06-15T13:54:24Z,111384.0,0,Adzuna::API::Response::Job,https://www.adzuna.com/land/ad/5764524587?se=yJQC_ONo8RGdcKmg89akZw&utm_medium=api&utm_source=abfa41a4&v=B6064DF135FFFD6FBFB59CED3501B4228BA63578,"GHR Healthcare - Travel is seeking a travel nurse RN Med Surg / Telemetry for a travel nursing job in New Lenox, Illinois. Job Description & Requirements Specialty: Med Surg / Telemetry Discipline: RN Start Date: ASAP Duration: 13 weeks 36 hours per week Shift: 12 hours, nights Employment Type: Travel GHR Healthcare - Travel Job ID 78297733. Pay package is based on 12 hour shifts and 36 hours per week (subject to confirmation) with tax-free stipend amount to be determined. About GHR Healthcare …","Travel Registered Nurse Med Surg/Telemetry - $2,142 per week",41.51112,eyJhbGciOiJIUzI1NiJ9.eyJzIjoieUpRQ19PTm84UkdkY0ttZzg5YWtadyIsImkiOiI1NzY0NTI0NTg3In0.giL3gOE7TzSteF_S8d2sNdU4tNKWFmmN6-eC65qRS_E,5764524587,"['US', 'Illinois', 'Will County', 'New Lenox']",Adzuna::API::Response::Location,"New Lenox, Will County",GHR Healthcare - Travel,Adzuna::API::Response::Company,healthcare-nursing-jobs,Adzuna::API::Response::Category,Healthcare & Nursing Jobs,,
0.0,-114.542025,2026-06-15T13:54:24Z,148408.0,0,Adzuna::API::Response::Job,https://www.adzuna.com/land/ad/5764524600?se=yJQC_ONo8RGdcKmg89akZw&utm_medium=api&utm_source=abfa41a4&v=924BB78385C404436DB2E4592B32161FD5053364,"Noor Inc. is seeking a travel Physical Therapist for a travel job in Yuma, Arizona. Job Description & Requirements Specialty: Physical Therapist Discipline: Therapy Start Date: ASAP Duration: 13 weeks 40 hours per week Shift: 10 hours, days Employment Type: Travel Estimated Gross Weekly Pay: $ 2853.60 Opportunity: PT Job Details: • Work 8 or 10 hour day shifts • Schedule options: 5x8's with flex weekend coverage 2-3 days/month or 4x10 (Sunday-Wednesday or Wednesday-Saturday) • No self-schedulin…","Travel Physical Therapist - $2,854 per week",32.675696,eyJhbGciOiJIUzI1NiJ9.eyJzIjoieUpRQ19PTm84UkdkY0ttZzg5YWtadyIsImkiOiI1NzY0NTI0NjAwIn0.ttr2GKIHuM6kfDkdfEUvIAT1CHzcgzgE_iOtMFEAPvk,5764524600,"['US', 'California', 'Imperial County', 'Winterhaven']",Adzuna::API::Response::Location,"Winterhaven, Imperial County",Noor Inc.,Adzuna::API::Response::Company,healthcare-nursing-jobs,Adzuna::API::Response::Category,Healthcare & Nursing Jobs,,
0.0,-97.5561,2026-06-15T13:54:24Z,111020.0,0,Adzuna::API::Response::Job,https://www.adzuna.com/land/ad/5764524589?se=yJQC_ONo8RGdcKmg89akZw&utm_medium=api&utm_source=abfa41a4&v=B8502D93B45923762425D819FA42A21873D237B8,"Medical Solutions is seeking a travel nurse RN ED - Emergency Department for a travel nursing job in Oklahoma City, Oklahoma. Job Description & Requirements Specialty: ED - Emergency Department Discipline: RN Duration: 13 weeks 36 hours per week Shift: 12 hours, nights Employment Type: Travel We’re seeking talented healthcare professionals whose adventure game is as strong as their clinical game. Those that want flexibility and high pay, we have the positions for you! Some of the industry-leadi…","Travel Emergency Department Nurse - $2,135 per week",35.54388,eyJhbGciOiJIUzI1NiJ9.eyJzIjoieUpRQ19PTm84UkdkY0ttZzg5YWtadyIsImkiOiI1NzY0NTI0NTg5In0.9xeYh4FlMF76xx_dgBSWBInsY4ZY7jbQZxHFYmgJW7o,5764524589,"['US', 'Oklahoma', 'Oklahoma County', 'Nichols Hills']",Adzuna::API::Response::Location,"Nichols Hills, Oklahoma County",Medical Solutions,Adzuna::API::Response::Company,healthcare-nursing-jobs,Adzuna::API::Response::Category,Healthcare & Nursing Jobs,,
0.0,-89.694861,2026-06-15T13:54:24Z,151840.0,0,Adzuna::API::Response::Job,https://www.adzuna.com/land/ad/5764524599?se=yJQC_ONo8RGdcKmg89akZw&utm_medium=api&utm_source=abfa41a4&v=3C2C7CD0828827C67E424E03F266A24DD5B7BCD6,"Alliance Services, Inc. is seeking a travel Physical Therapist for a travel job in Woodruff, Wisconsin. Job Description & Requirements Specialty: Physical Therapist Discipline: Therapy Start Date: 08/03/2026 Duration: 13 weeks 40 hours per week Shift: 8 hours, days Employment Type: Travel Estimated Gross Weekly Pay: $ 2920 $500 CONTRACT COMPLETION BONUS Opportunity: Physical Therapist - Physical Therapy Job Details: • Work Monday through Friday from 8:00 AM to 5:00 PM • No weekend or holiday re…","Travel Physical Therapist - $2,920 per week",45.914445,eyJhbGciOiJIUzI1NiJ9.eyJpIjoiNTc2NDUyNDU5OSIsInMiOiJ5SlFDX09ObzhSR2RjS21nODlha1p3In0.t0Kmph2FNUdHqF-Mom4gMWor1zn5aMPDsnOES9dtlHY,5764524599,"['US', 'Wisconsin', 'Oconto County', 'Woodruff']",Adzuna::API::Response::Location,"Woodruff, Oconto County","Alliance Services, Inc.",Adzuna::API::Response::Company,healthcare-nursing-jobs,Adzuna::API::Response::Category,Healthcare & Nursing Jobs,,
0.0,-96.373,2026-06-15T13:54:24Z,111124.0,0,Adzuna::API::Response::Job,https://www.adzuna.com/land/ad/5764524588?se=yJQC_ONo8RGdcKmg89akZw&utm_medium=api&utm_source=abfa41a4&v=80A5340B93A2B476603A5C22E7192F64E0DC3C3B,"Nightingale Nurses - Allied is seeking a travel Registered Respiratory Therapist for a travel job in Sioux City, Iowa. Job Description & Requirements Specialty: Registered Respiratory Therapist Discipline: Allied Health Professional Start Date: 07/06/2026 Duration: 13 weeks 36 hours per week Shift: 12 hours, nights Employment Type: Travel","Travel Registered Respiratory Therapist - $2,137 per week",42.401,eyJhbGciOiJIUzI1NiJ9.eyJpIjoiNTc2NDUyNDU4OCIsInMiOiJ5SlFDX09ObzhSR2RjS21nODlha1p3In0.cvYkk3aSEdfxRmayKapWPGFgSFVeflAsOKw4Fmpg6Tg,5764524588,"['US', 'Iowa', 'Woodbury County', 'Sergeant Bluff']",Adzuna::API::Response::Location,"Sergeant Bluff, Woodbury County",Nightingale Nurses - Allied,Adzuna::API::Response::Company,healthcare-nursing-jobs,Adzuna::API::Response::Category,Healthcare & Nursing Jobs,,
0.0,-122.715014,2026-06-15T13:54:24Z,110916.0,0,Adzuna::API::Response::Job,https://www.adzuna.com/land/ad/5764524590?se=yJQC_ONo8RGdcKmg89akZw&utm_medium=api&utm_source=abfa41a4&v=4EF473FEC3621BF7270B021A2411CE4A2FCD33F1,"PRN Healthcare is seeking a travel nurse RN Telemetry for a travel nursing job in Silverdale, Washington. Job Description & Requirements Specialty: Telemetry Discipline: RN Start Date: 07/06/2026 Duration: 13 weeks 36 hours per week Shift: 12 hours, days Employment Type: Travel PRN Healthcare Job ID 1548753. Pay package is based on 12 hour shifts and 36 hours per week (subject to confirmation) with tax-free stipend amount to be determined. Posted job title: TELE RN About PRN Healthcare Our stor…","Travel Telemetry RN - $2,133 per week",47.702333,eyJhbGciOiJIUzI1NiJ9.eyJpIjoiNTc2NDUyNDU5MCIsInMiOiJ5SlFDX09ObzhSR2RjS21nODlha1p3In0.-u8qotrxEMCRvdt1XdsDx6hvL0VKth-HmfOFcjYSnq8,5764524590,"['US', 'Washington', 'Kitsap County', 'Bangor']",Adzuna::API::Response::Location,"Bangor, Kitsap County",PRN Healthcare,Adzuna::API::Response::Company,healthcare-nursing-jobs,Adzuna::API::Response::Category,Healthcare & Nursing Jobs,,
0.0,-97.166562,2026-06-15T13:54:23Z,90220.0,0,Adzuna::API::Response::Job,https://www.adzuna.com/land/ad/5764524564?se=yJQC_ONo8RGdcKmg89akZw&utm_medium=api&utm_source=abfa41a4&v=880A61E51358C3AF81A64F06964AEF20FB587DAB,"Cross Country Nurses is seeking a travel Surgical Technologist for a travel job in Wichita, Kansas. Job Description & Requirements Specialty: Surgical Technologist Discipline: Allied Health Professional Start Date: 07/13/2026 Duration: 13 weeks 40 hours per week Shift: 10 hours, days Employment Type: Travel Job Summary: Operating Room Open Heart (CVOR) Technician in Wichita, Kansas. The healthcare provider will support open heart cardiovascular procedures within the surgical setting. Candidates…","Travel Surgical Technologist - $1,735 per week",37.640644,eyJhbGciOiJIUzI1NiJ9.eyJzIjoieUpRQ19PTm84UkdkY0ttZzg5YWtadyIsImkiOiI1NzY0NTI0NTY0In0.lmhK2htjelA14Uq56t53IA18eiUNJRPf7grFEPxiwFE,5764524564,"['US', 'Kansas', 'Butler County', 'Andover']",Adzuna::API::Response::Location,"Andover, Butler County",Cross Country Nurses,Adzuna::API::Response::Company,healthcare-nursing-jobs,Adzuna::API::Response::Category,Healthcare & Nursing Jobs,,
0.0,-79.87471,2026-06-15T13:54:23Z,110500.0,0,Adzuna::API::Response::Job,https://www.adzuna.com/land/ad/5764524569?se=yJQC_ONo8RGdcKmg89akZw&utm_medium=api&utm_source=abfa41a4&v=7BE6141259B3FB2B807BC89C3DD9689199DE6614,"Trailblazer Staffing Solutions is seeking a travel nurse RN ED - Emergency Department for a travel nursing job in Greensboro, North Carolina. Job Description & Requirements Specialty: ED - Emergency Department Discipline: RN Start Date: 06/29/2026 Duration: 13 weeks 36 hours per week Shift: 12 hours, nights Employment Type: Travel Minimum Requirements: 2 years of experience in the job specialty, BLS certification, and any applicable state licensure or specialty certifications required for the r…","Travel Emergency Department Registered Nurse - $2,125 per week",36.075981,eyJhbGciOiJIUzI1NiJ9.eyJpIjoiNTc2NDUyNDU2OSIsInMiOiJ5SlFDX09ObzhSR2RjS21nODlha1p3In0.N9zPZCLy7Ul3R_UYoNqNC3jSPjal0y-0FggaU5NNCwY,5764524569,"['US', 'North Carolina', 'Guilford County', 'Country Park Acres']",Adzuna::API::Response::Location,"Country Park Acres, Guilford County",Trailblazer Staffing Solutions,Adzuna::API::Response::Company,healthcare-nursing-jobs,Adzuna::API::Response::Category,Healthcare & Nursing Jobs,,
0.0,-82.013333,2026-06-15T13:54:23Z,109356.0,0,Adzuna::API::Response::Job,https://www.adzuna.com/land/ad/5764524576?se=yJQC_ONo8RGdcKmg89akZw&utm_medium=api&utm_source=abfa41a4&v=6DD3244985A971978DF5616AB2ECC643FA630562,"Malone Healthcare - Nursing is seeking a travel nurse RN Med Surg / Telemetry for a travel nursing job in Zanesville, Ohio. Job Description & Requirements Specialty: Med Surg / Telemetry Discipline: RN Start Date: 07/23/2026 Duration: 13 weeks 36 hours per week Shift: 12 hours, nights Employment Type: Travel About Malone Healthcare - Nursing With a commitment to providing a higher standard of service and experience in patient care, Malone Healthcare places expert nurses and allied health profes…","Travel Respiratory/Med-Surg RN - $2,103 per week",39.940278,eyJhbGciOiJIUzI1NiJ9.eyJzIjoieUpRQ19PTm84UkdkY0ttZzg5YWtadyIsImkiOiI1NzY0NTI0NTc2In0.tMLlot9v1EO9xTMjxa-i121aScfsvjRWY0GZYn4gltg,5764524576,"['US', 'Ohio', 'Muskingum County', 'Zanesville']",Adzuna::API::Response::Location,"Zanesville, Muskingum County",Malone Healthcare - Nursing,Adzuna::API::Response::Company,healthcare-nursing-jobs,Adzuna::API::Response::Category,Healthcare & Nursing Jobs,,
0.0,-79.931,2026-06-15T13:54:23Z,150904.0,0,Adzuna::API::Response::Job,https://www.adzuna.com/land/ad/5764524577?se=yJQC_ONo8RGdcKmg89akZw&utm_medium=api&utm_source=abfa41a4&v=B5001026C19171D62B923751A76023F6671A402F,"Voca Healthcare is seeking a travel Nuclear Medicine Technologist for a travel job in Charleston, South Carolina. Job Description & Requirements Specialty: Nuclear Medicine Technologist Discipline: Allied Health Professional Start Date: 07/06/2026 Duration: 13 weeks 40 hours per week Shift: 8 hours, days Employment Type: Travel Benefits available on 1st of the month after start: Holiday pay Weekly pay Retention bonus 401k retirement plan Medical benefits Dental benefits Vision benefits Referral…","Travel Nuclear Medicine Technologist - $2,902 per week",32.7762,eyJhbGciOiJIUzI1NiJ9.eyJpIjoiNTc2NDUyNDU3NyIsInMiOiJ5SlFDX09ObzhSR2RjS21nODlha1p3In0.6ZwzipjKtdzGEtm8RbG7wO-kyLtg3yE6mgCfL4FOaDo,5764524577,"['US', 'South Carolina', 'Charleston County', 'James Island']",Adzuna::API::Response::Location,"James Island, Charleston County",Voca Healthcare,Adzuna::API::Response::Company,healthcare-nursing-jobs,Adzuna::API::Response::Category,Healthcare & Nursing Jobs,,
0.0,-86.158056,2026-06-15T13:54:23Z,90168.0,0,Adzuna::API::Response::Job,https://www.adzuna.com/land/ad/5764524563?se=yJQC_ONo8RGdcKmg89akZw&utm_medium=api&utm_source=abfa41a4&v=51C67B31A07AFCFCC21A0936300E1D59F55723ED,"Trustaff Allied is seeking a travel Polysomnographer for a travel job in Indianapolis, Indiana. Job Description & Requirements Specialty: Polysomnographer Discipline: Allied Health Professional Start Date: 06/16/2026 Duration: 13 weeks 36 hours per week Shift: 12 hours, nights Employment Type: Travel As a Polysomnographic Technologist, or Registered Sleep Tech, you'll help perform sleep studies for patients with suspected sleep disorders. Polysomnographic Techs must be well-versed in polysomnog…","Travel Polysomnographer - $1,734 per week",39.768333,eyJhbGciOiJIUzI1NiJ9.eyJzIjoieUpRQ19PTm84UkdkY0ttZzg5YWtadyIsImkiOiI1NzY0NTI0NTYzIn0.6iUZXYbL-Lf6Q-kQrM37GExYlXfGBLAqOo7ZesQTKDs,5764524563,"['US', 'Indiana', 'Marion County', 'West Indianapolis']",Adzuna::API::Response::Location,"West Indianapolis, Marion County",Trustaff Allied,Adzuna::API::Response::Company,healthcare-nursing-jobs,Adzuna::API::Response::Category,Healthcare & Nursing Jobs,,
0.0,-84.1403,2026-06-15T13:54:23Z,149916.0,0,Adzuna::API::Response::Job,https://www.adzuna.com/land/ad/5764524578?se=yJQC_ONo8RGdcKmg89akZw&utm_medium=api&utm_source=abfa41a4&v=6AC33D06B57A2E5FD7D9CCDF48B027DE8900430E,"Skyline Med Staff Home Health is seeking a travel nurse RN Cardiac Cath Lab for a travel nursing job in Dayton, Ohio. Job Description & Requirements Specialty: Cardiac Cath Lab Discipline: RN Start Date: 07/06/2026 Duration: 13 weeks 40 hours per week Shift: 10 hours, days Employment Type: Travel Weekly amount stated in the job postings is estimated based on estimated hourly wages and potential stipends available for the location of the assignment. Pay package is calculated on bill rate at the …","Travel Cath Lab Registered Nurse - $2,883 per week",39.7159,eyJhbGciOiJIUzI1NiJ9.eyJpIjoiNTc2NDUyNDU3OCIsInMiOiJ5SlFDX09ObzhSR2RjS21nODlha1p3In0.7rde4IMVakoP6b90qWxOPXnqP4u98qYgQgBwsp1klnk,5764524578,"['US', 'Ohio', 'Montgomery County', 'Oakwood']",Adzuna::API::Response::Location,"Oakwood, Montgomery County",Skyline Med Staff Home Health,Adzuna::API::Response::Company,healthcare-nursing-jobs,Adzuna::API::Response::Category,Healthcare & Nursing Jobs,,
0.0,-76.232318,2026-06-15T13:54:23Z,108004.0,0,Adzuna::API::Response::Job,https://www.adzuna.com/land/ad/5764524579?se=yJQC_ONo8RGdcKmg89akZw&utm_medium=api&utm_source=abfa41a4&v=EE18AEBB97463B985CC5E1B1F0EB36570AA01DD8,"TRS Healthcare is seeking a travel nurse RN ED - Emergency Department for a travel nursing job in Chesapeake, Virginia. Job Description & Requirements Specialty: ED - Emergency Department Discipline: RN Start Date: 07/06/2026 Duration: 13 weeks 36 hours per week Shift: 12 hours, nights Employment Type: Travel TRS Healthcare Job ID 1479445. Pay package is based on 12 hour shifts and 36 hours per week (subject to confirmation) with tax-free stipend amount to be determined. Posted job title: Emerg…","Travel Nurse RN - ED - Emergency Department - $2,077 per week",36.686212,eyJhbGciOiJIUzI1NiJ9.eyJzIjoieUpRQ19PTm84UkdkY0ttZzg5YWtadyIsImkiOiI1NzY0NTI0NTc5In0.LUEPshTQk7-wtucaHbtwkzB03o2RNEuB9rCSdmMx4_g,5764524579,"['US', 'Virginia', 'Chesapeake City', 'Chesapeake']",Adzuna::API::Response::Location,"Chesapeake, Chesapeake City",TRS Healthcare,Adzuna::API::Response::Company,healthcare-nursing-jobs,Adzuna::API::Response::Category,Healthcare & Nursing Jobs,,
0.0,-71.051661,2026-06-15T13:54:23Z,152672.0,0,Adzuna::API::Response::Job,https://www.adzuna.com/land/ad/5764524575?se=yJQC_ONo8RGdcKmg89akZw&utm_medium=api&utm_source=abfa41a4&v=7D8B6B982122AFA25A19E9890ABD2BDB74644D37,"Premier Medical Staffing Services is seeking a travel nurse RN ED - Emergency Department for a travel nursing job in Everett, Massachusetts. Job Description & Requirements Specialty: ED - Emergency Department Discipline: RN Start Date: 07/28/2026 Duration: 12 weeks 40 hours per week Shift: 8 hours Employment Type: Travel Premier Medical Staffing Job ID 645518. Pay package is based on 8 hour shifts and 40 hours per week (subject to confirmation) with tax-free stipend amount to be determined. Pos…","Travel Emergency Department RN - $2,936 per week",42.410776,eyJhbGciOiJIUzI1NiJ9.eyJzIjoieUpRQ19PTm84UkdkY0ttZzg5YWtadyIsImkiOiI1NzY0NTI0NTc1In0.EE1QCC5a7IDMC6WmWt7s_JiFp0ZzaRj9wkrtych6umk,5764524575,"['US', 'Massachusetts', 'Middlesex County', 'Everett']",Adzuna::API::Response::Location,"Everett, Middlesex County",Premier Medical Staffing Services,Adzuna::API::Response::Company,healthcare-nursing-jobs,Adzuna::API::Response::Category,Healthcare & Nursing Jobs,,
0.0,-97.5561,2026-06-15T13:54:23Z,90376.0,0,Adzuna::API::Response::Job,https://www.adzuna.com/land/ad/5764524565?se=yJQC_ONo8RGdcKmg89akZw&utm_medium=api&utm_source=abfa41a4&v=D61F952972700AF9D5C5AAC1154DA352585D2A40,"Stability Healthcare is seeking a travel nurse RN Post Partum for a travel nursing job in Oklahoma City, Oklahoma. Job Description & Requirements Specialty: Post Partum Discipline: RN Start Date: 07/13/2026 Duration: 13 weeks 36 hours per week Shift: 12 hours, days Employment Type: Travel Stability Healthcare is looking for a Postpartum / Mother-Baby RN contract position in Oklahoma City, OK. RNs who care for newborns and moms who have just given birth must be highly skilled and be able to hand…","Travel Postpartum/Mother Baby RN - $1,738 per week",35.54388,eyJhbGciOiJIUzI1NiJ9.eyJzIjoieUpRQ19PTm84UkdkY0ttZzg5YWtadyIsImkiOiI1NzY0NTI0NTY1In0.DzTZy_3xK_vvAw1oMH6c3IBdsaiYgqFyRCFueRCavwU,5764524565,"['US', 'Oklahoma', 'Oklahoma County', 'Nichols Hills']",Adzuna::API::Response::Location,"Nichols Hills, Oklahoma County",Stability Healthcare,Adzuna::API::Response::Company,healthcare-nursing-jobs,Adzuna::API::Response::Category,Healthcare & Nursing Jobs,,
0.0,-82.55,2026-06-15T13:54:23Z,87932.0,0,Adzuna::API::Response::Job,https://www.adzuna.com/land/ad/5764524571?se=yJQC_ONo8RGdcKmg89akZw&utm_medium=api&utm_source=abfa41a4&v=644BDF337E971FFFD3838F2856078D942EEE225D,"Triage Staffing is seeking a travel nurse RN ED - Emergency Department for a travel nursing job in Asheville, North Carolina. Job Description & Requirements Specialty: ED - Emergency Department Discipline: RN Start Date: 06/29/2026 Duration: 13 weeks 36 hours per week Shift: 12 hours, days Employment Type: Travel Travel Nursing: Emergency Department Asheville Location: Asheville Start Date: 6/29/2026 Shift Details: 12H Days 36 hours per week Length: 13 WEEKS Apply for specific facility details.…","Travel Nurse RN - ED - Emergency Department - $1,691 per week",35.6,eyJhbGciOiJIUzI1NiJ9.eyJpIjoiNTc2NDUyNDU3MSIsInMiOiJ5SlFDX09ObzhSR2RjS21nODlha1p3In0.sCfYuqiz6qbIfxAFxhbUuparuFJ-IK2Xk9_ImYfBDZI,5764524571,"['US', 'North Carolina', 'Buncombe County', 'Asheville']",Adzuna::API::Response::Location,"Asheville, Buncombe County",Triage Staffing,Adzuna::API::Response::Company,healthcare-nursing-jobs,Adzuna::API::Response::Category,Healthcare & Nursing Jobs,,
0.0,-76.092103,2026-06-15T13:54:23Z,88660.0,0,Adzuna::API::Response::Job,https://www.adzuna.com/land/ad/5764524567?se=yJQC_ONo8RGdcKmg89akZw&utm_medium=api&utm_source=abfa41a4&v=BD96ECED8EA29D6D7B16C3C23D80FB51F1DDF51E,"Uniti Med is seeking a travel nurse RN ED - Emergency Department for a travel nursing job in Virginia Beach, Virginia. Job Description & Requirements Specialty: ED - Emergency Department Discipline: RN Start Date: ASAP Duration: 2 weeks 36 hours per week Shift: 12 hours, days Employment Type: Travel Benefits: Day 1 Insurance Cigna medical, MetLife dental and vision insurance License reimbursement for new licenses needed for each assignment Discounts with hotels and rental cars A dedicated recru…","Travel Nurse RN - ED - Emergency Department - $1,705 per week",36.846097,eyJhbGciOiJIUzI1NiJ9.eyJpIjoiNTc2NDUyNDU2NyIsInMiOiJ5SlFDX09ObzhSR2RjS21nODlha1p3In0.SBlxdx-Yu1ZuUCRa_XUfKoCeiBWn9fMeU5Ij6kmgZzw,5764524567,"['US', 'Virginia', 'Virginia Beach City', 'Virginia Beach']",Adzuna::API::Response::Location,"Virginia Beach, Virginia Beach City",Uniti Med,Adzuna::API::Response::Company,healthcare-nursing-jobs,Adzuna::API::Response::Category,Healthcare & Nursing Jobs,,
0.0,-81.5203,2026-06-15T13:54:22Z,99840.0,0,Adzuna::API::Response::Job,https://www.adzuna.com/land/ad/5764524538?se=yJQC_ONo8RGdcKmg89akZw&utm_medium=api&utm_source=abfa41a4&v=2686D31B9E6DAA59732C329E81972B9CD206B927,"Trustaff Allied is seeking a travel Surgical Technologist for a travel job in Akron, Ohio. Job Description & Requirements Specialty: Surgical Technologist Discipline: Allied Health Professional Start Date: 07/06/2026 Duration: 13 weeks 40 hours per week Shift: 10 hours, days Employment Type: Travel As an Operating Room Technician, also sometimes called Surgical Technologists, you are an important part of the operating room team. OR Techs prepare the operating room, instruments, supplies, and yo…","Travel Surgical Technologist - $1,920 per week",41.0655,eyJhbGciOiJIUzI1NiJ9.eyJzIjoieUpRQ19PTm84UkdkY0ttZzg5YWtadyIsImkiOiI1NzY0NTI0NTM4In0.di2TjdwmCLS_UmhNEcKZ1x13z3HnFRx5iLarwwZQatA,5764524538,"['US', 'Ohio', 'Summit County', 'Akron']",Adzuna::API::Response::Location,"Akron, Summit County",Trustaff Allied,Adzuna::API::Response::Company,healthcare-nursing-jobs,Adzuna::API::Response::Category,Healthcare & Nursing Jobs,,
0.0,-77.45,2026-06-15T13:54:22Z,91572.0,0,Adzuna::API::Response::Job,https://www.adzuna.com/land/ad/5764524559?se=yJQC_ONo8RGdcKmg89akZw&utm_medium=api&utm_source=abfa41a4&v=DB8FF3B0502E5641E5428A085DC77F3708895AC7,"Nightingale Nurses - Allied is seeking a travel Radiology Technician for a travel job in Richmond, Virginia. Job Description & Requirements Specialty: Radiology Technician Discipline: Allied Health Professional Start Date: 06/29/2026 Duration: 13 weeks 36 hours per week Shift: 12 hours, nights Employment Type: Travel","Travel Radiology Technician - $1,761 per week",37.56,eyJhbGciOiJIUzI1NiJ9.eyJpIjoiNTc2NDUyNDU1OSIsInMiOiJ5SlFDX09ObzhSR2RjS21nODlha1p3In0.fDNZ5jb5o61cYFO_1qpXSl5weyhB2heera13ZYfmagI,5764524559,"['US', 'Virginia', 'Richmond County', 'Richmond']",Adzuna::API::Response::Location,"Richmond, Richmond County",Nightingale Nurses - Allied,Adzuna::API::Response::Company,healthcare-nursing-jobs,Adzuna::API::Response::Category,Healthcare & Nursing Jobs,,
83200.0,-74.531372,2026-06-15T13:54:22Z,104000.0,0,Adzuna::API::Response::Job,https://www.adzuna.com/land/ad/5764524547?se=yJQC_ONo8RGdcKmg89akZw&utm_medium=api&utm_source=abfa41a4&v=5AB7FB030E9D30C217E5CBAAC75C447F4E97599B,"Equiliem is seeking a Radiology Technologist for a job in South Bound Brook, New Jersey. Job Description & Requirements Specialty: Radiology Technologist Discipline: Allied Health Professional Duration: Ongoing 40 hours per week Shift: 8 hours, days Employment Type: Staff Job Description Specialty: X-Ray Technologist Discipline: Allied (Imaging) Start Date: ASAP Shift: Monday- Friday 9:30am- 6pm with occasional Saturdays (8:00 AM–1:00 PM) Employment Type: Permanent Role Position Overview We are…",Radiology Technologist - $40-50 per hour,40.55341,eyJhbGciOiJIUzI1NiJ9.eyJzIjoieUpRQ19PTm84UkdkY0ttZzg5YWtadyIsImkiOiI1NzY0NTI0NTQ3In0.j0iWNJgZ0IWTyfZGaiNtK65mMnKHESMSNDrT_nNYGWU,5764524547,"['US', 'New Jersey', 'Somerset County', 'South Bound Brook']",Adzuna::API::Response::Location,"South Bound Brook, Somerset County",Equiliem,Adzuna::API::Response::Company,healthcare-nursing-jobs,Adzuna::API::Response::Category,Healthcare & Nursing Jobs,,
0.0,-95.672143,2026-06-15T13:54:22Z,98488.0,0,Adzuna::API::Response::Job,https://www.adzuna.com/land/ad/5764524537?se=yJQC_ONo8RGdcKmg89akZw&utm_medium=api&utm_source=abfa41a4&v=1AD22875CF0A2D789309BB5555BF615844537EDA,"Noor Inc. is seeking a travel nurse RN Med Surg for a travel nursing job in Topeka, Kansas. Job Description & Requirements Specialty: Med Surg Discipline: RN Duration: 13 weeks 36 hours per week Shift: 12 hours Employment Type: Travel HIRING NOW: Travel Med Surg RN in Topeka, KS Weekly Gross Pay: $1,894 for 36 hours Hourly Taxable: $648 weekly ($18 x 36) Hourly Stipend: $1,246 weekly ($34.61 x 36) No Locals Accepted (50-mile radius) Location: Topeka, KS Shift: 12-hour Nights Start: 07/06 Durati…","Travel Medical-Surgical Registered Nurse - $1,894 per week",39.054172,eyJhbGciOiJIUzI1NiJ9.eyJpIjoiNTc2NDUyNDUzNyIsInMiOiJ5SlFDX09ObzhSR2RjS21nODlha1p3In0._Xvps735oqkgGv5Q2MCmY9Bfuf6xZKAxL3XRqnkrrtU,5764524537,"['US', 'Kansas', 'Shawnee County', 'Topeka']",Adzuna::API::Response::Location,"Topeka, Shawnee County",Noor Inc.,Adzuna::API::Response::Company,healthcare-nursing-jobs,Adzuna::API::Response::Category,Healthcare & Nursing Jobs,,
0.0,-149.827973,2026-06-15T13:54:22Z,114400.0,0,Adzuna::API::Response::Job,https://www.adzuna.com/land/ad/5764524558?se=yJQC_ONo8RGdcKmg89akZw&utm_medium=api&utm_source=abfa41a4&v=4118FE02F7DF83FDA0A0EA15365952E88E6A8F17,"LanceSoft is seeking a Social Work LMSW - Licensed Master Social Worker for a travel job in Anchorage, Alaska. Job Description & Requirements Specialty: LMSW - Licensed Master Social Worker Discipline: Social Work Start Date: 06/16/2026 Duration: 13 weeks 40 hours per week Shift: 8 hours, days Employment Type: Travel Travel Social Worker (LMSW) – Alaska Assignment Details Position: Travel Social Worker (Master's Level) Cost Center: 917 Contract Length: 13 Weeks Schedule: 8-hour day shifts (8:00…","Travel Social Work - LMSW - Licensed Master Social Worker - $2,200 per week",61.154889,eyJhbGciOiJIUzI1NiJ9.eyJpIjoiNTc2NDUyNDU1OCIsInMiOiJ5SlFDX09ObzhSR2RjS21nODlha1p3In0.KLmeChoZsTkf35dYGoXLFbEXC5gka5QPbFkYWUr85ms,5764524558,"['US', 'Alaska', 'Anchorage', 'Eagle River']",Adzuna::API::Response::Location,"Eagle River, Anchorage",LanceSoft,Adzuna::API::Response::Company,social-work-jobs,Adzuna::API::Response::Category,Social work Jobs,,
0.0,-82.017633,2026-06-15T13:54:22Z,95628.0,0,Adzuna::API::Response::Job,https://www.adzuna.com/land/ad/5764524552?se=yJQC_ONo8RGdcKmg89akZw&utm_medium=api&utm_source=abfa41a4&v=218FB7CA6F57C947D60EA71706C2F4F5BC53C345,"HCS 247 Travel is seeking a travel nurse RN PCU - Progressive Care Unit for a travel nursing job in Marion, North Carolina. Job Description & Requirements Specialty: PCU - Progressive Care Unit Discipline: RN Start Date: 06/29/2026 Duration: 13 weeks 36 hours per week Shift: 12 hours, days Employment Type: Travel Aggressive Compensation Packages Lodging Per-Diem for those who qualify Meals and Incidentals Allowance for those who qualify Travel Expense Allowance for those who qualify Medical Den…","Travel PCU Registered Nurse - $1,839 per week",35.675858,eyJhbGciOiJIUzI1NiJ9.eyJpIjoiNTc2NDUyNDU1MiIsInMiOiJ5SlFDX09ObzhSR2RjS21nODlha1p3In0.I0RQG6KQhItXZ4KPReGa8RhMC8Y-Ofi9QZDNofoVrdA,5764524552,"['US', 'North Carolina', 'McDowell County', 'Marion']",Adzuna::API::Response::Location,"Marion, McDowell County",HCS 247 Travel,Adzuna::API::Response::Company,healthcare-nursing-jobs,Adzuna::API::Response::Category,Healthcare & Nursing Jobs,,
80000.0,-79.800806,2026-06-15T13:54:22Z,120000.0,0,Adzuna::API::Response::Job,https://www.adzuna.com/land/ad/5764524542?se=yJQC_ONo8RGdcKmg89akZw&utm_medium=api&utm_source=abfa41a4&v=CE784DBDA0101F78289178C382474C15AB1EC3A0,"Graham Healthcare Group is seeking a Home Health Physical Therapist for a job in Coulters, Pennsylvania. Job Description & Requirements Specialty: Physical Therapist Discipline: Therapy Duration: Ongoing 40 hours per week Shift: 8 hours Employment Type: Staff At AHN Healthcare@Home, we’re looking to add to our extraordinary care team. Grounded by our belief that outstanding care is best delivered in a team-based environment, our home health physical therapists collaborate to provide management …",Home Health Physical Therapist - $80K-120K per year,40.298562,eyJhbGciOiJIUzI1NiJ9.eyJzIjoieUpRQ19PTm84UkdkY0ttZzg5YWtadyIsImkiOiI1NzY0NTI0NTQyIn0.HbqLjFrxD3VVu8yTFYMwz5A97gkJprTK_RJDbJ0z39I,5764524542,"['US', 'Pennsylvania', 'Allegheny County', 'Boston']",Adzuna::API::Response::Location,"Boston, Allegheny County",Graham Healthcare Group,Adzuna::API::Response::Company,healthcare-nursing-jobs,Adzuna::API::Response::Category,Healthcare & Nursing Jobs,,
0.0,-71.196288,2026-06-15T13:54:22Z,173784.0,0,Adzuna::API::Response::Job,https://www.adzuna.com/land/ad/5764524555?se=yJQC_ONo8RGdcKmg89akZw&utm_medium=api&utm_source=abfa41a4&v=3BEB5FCC6F400EAA9C08D43A82AAB45F6F0EA106,"JEDY Network is seeking a travel nurse RN ED - Emergency Department for a travel nursing job in Burlington, Massachusetts. Job Description & Requirements Specialty: ED - Emergency Department Discipline: RN Start Date: 07/06/2026 Duration: 26 weeks 36 hours per week Shift: 12 hours Employment Type: Travel 26 week contract - TRIAGE ER RN NEEDED. BILH coversheet required at time of submission. Epic experience required. 12H, every other weekend and 2 holiday shifts REQUIRED. Excessive time off will…","Travel Nurse RN - ED - Emergency Department - $3,342 per week",42.50598,eyJhbGciOiJIUzI1NiJ9.eyJpIjoiNTc2NDUyNDU1NSIsInMiOiJ5SlFDX09ObzhSR2RjS21nODlha1p3In0.40HW40ytbN1h_V8-jXRrcdT8-gVXpNliAHtur-TFgrQ,5764524555,"['US', 'Massachusetts', 'Middlesex County', 'Burlington']",Adzuna::API::Response::Location,"Burlington, Middlesex County",JEDY Network,Adzuna::API::Response::Company,healthcare-nursing-jobs,Adzuna::API::Response::Category,Healthcare & Nursing Jobs,,
0.0,-82.013333,2026-06-15T13:54:22Z,117260.0,0,Adzuna::API::Response::Job,https://www.adzuna.com/land/ad/5764524540?se=yJQC_ONo8RGdcKmg89akZw&utm_medium=api&utm_source=abfa41a4&v=5720A0EB852507E35FF575C62A7BD2A276223139,"LeaderStat is seeking a travel nurse RN Med Surg / Telemetry for a travel nursing job in Zanesville, Ohio. Job Description & Requirements Specialty: Med Surg / Telemetry Discipline: RN Start Date: 07/20/2026 Duration: 13 weeks 36 hours per week Shift: 12 hours Employment Type: Travel Estimated Pay Package : Up to $ 2254.72 per week *The above pay package is an estimate, please contact our team to put together your personalized pay package, as a variety of factors can influence your total pay.* …","Travel Respiratory/Med-Surg RN - $2,255 per week",39.940278,eyJhbGciOiJIUzI1NiJ9.eyJzIjoieUpRQ19PTm84UkdkY0ttZzg5YWtadyIsImkiOiI1NzY0NTI0NTQwIn0.MIZIdn5eIyRPYboXuZU17wEhZbRgjRAWuoDqKBVjXho,5764524540,"['US', 'Ohio', 'Muskingum County', 'Zanesville']",Adzuna::API::Response::Location,"Zanesville, Muskingum County",LeaderStat,Adzuna::API::Response::Company,healthcare-nursing-jobs,Adzuna::API::Response::Category,Healthcare & Nursing Jobs,,
0.0,-97.5561,2026-06-15T13:54:22Z,97084.0,0,Adzuna::API::Response::Job,https://www.adzuna.com/land/ad/5764524549?se=yJQC_ONo8RGdcKmg89akZw&utm_medium=api&utm_source=abfa41a4&v=7A99E7F9989BA8B4A13F1CAD0270A304EA0C5021,"AHS Staffing is seeking a travel MRI Technologist for a travel job in Oklahoma City, Oklahoma. Job Description & Requirements Specialty: MRI Technologist Discipline: Allied Health Professional Start Date: 07/06/2026 Duration: 13 weeks 36 hours per week Shift: 12 hours, nights Employment Type: Travel AHS Job ID 2414142. Posted job title: Radiologic Technologist MRI Tech About AHS Staffing At AHS Staffing, we are committed to providing a personalized, transparent, and rewarding experience. We go …","Travel MRI Technologist - $1,867 per week",35.54388,eyJhbGciOiJIUzI1NiJ9.eyJpIjoiNTc2NDUyNDU0OSIsInMiOiJ5SlFDX09ObzhSR2RjS21nODlha1p3In0.GGyQlKLESSO43vTvTvi7xiiUnWP4tJ-B2qOsZjxpR5w,5764524549,"['US', 'Oklahoma', 'Oklahoma County', 'Nichols Hills']",Adzuna::API::Response::Location,"Nichols Hills, Oklahoma County",AHS Staffing,Adzuna::API::Response::Company,healthcare-nursing-jobs,Adzuna::API::Response::Category,Healthcare & Nursing Jobs,,
0.0,-84.91512,2026-06-15T13:54:22Z,114712.0,0,Adzuna::API::Response::Job,https://www.adzuna.com/land/ad/5764524553?se=yJQC_ONo8RGdcKmg89akZw&utm_medium=api&utm_source=abfa41a4&v=331913390EF4709162D011FE4157FD218B933F76,"Prime Time Healthcare Therapy is seeking a travel Skilled Nursing Facility (SNF) Occupational Therapist for a travel job in Petoskey, Michigan. Job Description & Requirements Specialty: Occupational Therapist Discipline: Therapy Start Date: 07/13/2026 Duration: 13 weeks 40 hours per week Shift: 8 hours, days Employment Type: Travel Includes estimated wage of $19 hr - $ 23 hr and non taxable travel benefits if eligible.","Travel Skilled Nursing Facility (SNF) Occupational Therapist - $2,206 per week",45.34746,eyJhbGciOiJIUzI1NiJ9.eyJpIjoiNTc2NDUyNDU1MyIsInMiOiJ5SlFDX09ObzhSR2RjS21nODlha1p3In0.CdNMbFDMsTQPBN95cayigYvfvPF3FxEsz2AaV08_SLM,5764524553,"['US', 'Michigan', 'Emmet County', 'Bay View']",Adzuna::API::Response::Location,"Bay View, Emmet County",Prime Time Healthcare Therapy,Adzuna::API::Response::Company,healthcare-nursing-jobs,Adzuna::API::Response::Category,Healthcare & Nursing Jobs,,
0.0,-97.5561,2026-06-15T13:54:22Z,96408.0,0,Adzuna::API::Response::Job,https://www.adzuna.com/land/ad/5764524550?se=yJQC_ONo8RGdcKmg89akZw&utm_medium=api&utm_source=abfa41a4&v=679691BC87515F3E1541A60154ABD30BCD2490F1,"Travel Nurses, Inc. is seeking a travel MRI Technologist for a travel job in Oklahoma City, Oklahoma. Job Description & Requirements Specialty: MRI Technologist Discipline: Allied Health Professional Start Date: 07/06/2026 Duration: 13 weeks 36 hours per week Shift: 12 hours Employment Type: Travel Travel Nurses, Inc. Job ID 329702. Pay package is based on 12 hour shifts and 36 hours per week (subject to confirmation) with tax-free stipend amount to be determined. Posted job title: Travel: Tech…","Travel MRI Technologist - $1,854 per week",35.54388,eyJhbGciOiJIUzI1NiJ9.eyJpIjoiNTc2NDUyNDU1MCIsInMiOiJ5SlFDX09ObzhSR2RjS21nODlha1p3In0.a2Gv7MScQPoVDOyfhnL4Wj3U-hSrTSDNWWbCsDKaPN4,5764524550,"['US', 'Oklahoma', 'Oklahoma County', 'Nichols Hills']",Adzuna::API::Response::Location,"Nichols Hills, Oklahoma County","Travel Nurses, Inc.",Adzuna::API::Response::Company,healthcare-nursing-jobs,Adzuna::API::Response::Category,Healthcare & Nursing Jobs,,
0.0,-82.55,2026-06-15T13:54:22Z,171548.0,0,Adzuna::API::Response::Job,https://www.adzuna.com/land/ad/5764524557?se=FqDL_ONo8RGjKJIWHOfiKg&utm_medium=api&utm_source=abfa41a4&v=4008C95717E5BDF006D981CC93691E32B47591D7,"HealthTrust Workforce Solutions HCA is seeking a travel nurse RN PCU - Progressive Care Unit for a travel nursing job in Asheville, North Carolina. Job Description & Requirements Specialty: PCU - Progressive Care Unit Discipline: RN Duration: 13 weeks 48 hours per week Shift: 12 hours, days, nights Employment Type: Travel Telemetry competency Progressive Care experience Preferred or nice to have : candidates with these skills will be considered first. Recent progressive care experience If you'r…","Travel Nurse RN - PCU - Progressive Care Unit - $3,299 per week",35.6,eyJhbGciOiJIUzI1NiJ9.eyJpIjoiNTc2NDUyNDU1NyIsInMiOiJGcURMX09ObzhSR2pLSklXSE9maUtnIn0.jPd-0C1gMbZSCtQ1ZGbGyoUwYR-y96jJ9yFBlyreLcw,5764524557,"['US', 'North Carolina', 'Buncombe County', 'Asheville']",Adzuna::API::Response::Location,"Asheville, Buncombe County",HealthTrust Workforce Solutions HCA,Adzuna::API::Response::Company,healthcare-nursing-jobs,Adzuna::API::Response::Category,Healthcare & Nursing Jobs,,
0.0,-87.863932,2026-06-15T13:54:22Z,168324.0,0,Adzuna::API::Response::Job,https://www.adzuna.com/land/ad/5764524561?se=FqDL_ONo8RGjKJIWHOfiKg&utm_medium=api&utm_source=abfa41a4&v=979C66AC6DB6900C8ADCEAAFF85B18A140E0B644,"Talent4Health is seeking a travel nurse RN Interventional Radiology for a travel nursing job in Cudahy, Wisconsin. Job Description & Requirements Specialty: Interventional Radiology Discipline: RN Start Date: 07/06/2026 Duration: 13 weeks 40 hours per week Shift: 8 hours, days Employment Type: Travel ● Patient Types/Common Diagnoses: o Older population, known as a community hospital. o General IR: Nephrostomy tubes, sonograms, port placements, biopsies, angiograms for legs with interventions, P…","Travel Nurse RN - Interventional Radiology - $3,237 per week",42.947597,eyJhbGciOiJIUzI1NiJ9.eyJzIjoiRnFETF9PTm84UkdqS0pJV0hPZmlLZyIsImkiOiI1NzY0NTI0NTYxIn0.LIjyRQckhF9k3ICoWmFO2melJVDanqe3pGpQFjew-1Y,5764524561,"['US', 'Wisconsin', 'Milwaukee County', 'Cudahy']",Adzuna::API::Response::Location,"Cudahy, Milwaukee County",Talent4Health,Adzuna::API::Response::Company,healthcare-nursing-jobs,Adzuna::API::Response::Category,Healthcare & Nursing Jobs,,
0.0,-94.66939,2026-06-15T13:54:21Z,120900.0,0,Adzuna::API::Response::Job,https://www.adzuna.com/land/ad/5764524524?se=FqDL_ONo8RGjKJIWHOfiKg&utm_medium=api&utm_source=abfa41a4&v=A7C515FA63EB1E14BA82D2CE2149FE343E6911A7,"Care Career is seeking a travel nurse RN OR - Operating Room for a travel nursing job in Shawnee Mission, Kansas. Job Description & Requirements Specialty: OR - Operating Room Discipline: RN Start Date: ASAP Duration: 13 weeks 40 hours per week Shift: 10 hours, days Employment Type: Travel Operating Room Nurses Responsible for planning, executing, directing and evaluating, direct and indirect nursing care given to the surgical patient. The nursing activities may include preoperative, intra-oper…","Travel Operating Room RN - $2,325 per week",39.00437,eyJhbGciOiJIUzI1NiJ9.eyJzIjoiRnFETF9PTm84UkdqS0pJV0hPZmlLZyIsImkiOiI1NzY0NTI0NTI0In0.-eht66F2PL1JheuB06RXMcPIYy0nvExbU-DGBSvigS0,5764524524,"['US', 'Kansas', 'Johnson County', 'Countryside']",Adzuna::API::Response::Location,"Countryside, Johnson County",Care Career,Adzuna::API::Response::Company,healthcare-nursing-jobs,Adzuna::API::Response::Category,Healthcare & Nursing Jobs,,
0.0,-89.783339,2026-06-15T13:54:21Z,120952.0,0,Adzuna::API::Response::Job,https://www.adzuna.com/land/ad/5764524525?se=FqDL_ONo8RGjKJIWHOfiKg&utm_medium=api&utm_source=abfa41a4&v=A02B73F59732E476FB437FA2744D7952135BD738,"GHR Healthcare - Travel is seeking a travel nurse RN Home Health for a travel nursing job in Cordova, Tennessee. Job Description & Requirements Specialty: Home Health Discipline: RN Start Date: 06/29/2026 Duration: 13 weeks 40 hours per week Shift: 8 hours, days Employment Type: Travel About GHR Healthcare - Travel For over 30 years, GHR Healthcare has been the bridge between healthcare professionals and the facilities that need them nationwide. We're committed to uncovering your ideal fit, sup…","Travel Nurse RN - Home Health - $2,326 per week",35.142012,eyJhbGciOiJIUzI1NiJ9.eyJzIjoiRnFETF9PTm84UkdqS0pJV0hPZmlLZyIsImkiOiI1NzY0NTI0NTI1In0.HKhSq-g1QO9DTJVKy2VUWP8-Cmw21ROK4zpi0Z82wSA,5764524525,"['US', 'Tennessee', 'Shelby County', 'Cordova']",Adzuna::API::Response::Location,"Cordova, Shelby County",GHR Healthcare - Travel,Adzuna::API::Response::Company,healthcare-nursing-jobs,Adzuna::API::Response::Category,Healthcare & Nursing Jobs,,
0.0,-84.164133,2026-06-15T13:54:21Z,99996.0,0,Adzuna::API::Response::Job,https://www.adzuna.com/land/ad/5764524536?se=FqDL_ONo8RGjKJIWHOfiKg&utm_medium=api&utm_source=abfa41a4&v=879D1115F707EC634C7EF437601E088EA8693E8B,"Olaro is seeking a travel Registered Respiratory Therapist for a travel job in Albany, Georgia. Job Description & Requirements Specialty: Registered Respiratory Therapist Discipline: Allied Health Professional Start Date: 07/06/2026 Duration: 13 weeks 36 hours per week Shift: 12 hours, nights Employment Type: Travel PHP Job ID 487538. Pay package is based on 12 hour shifts and 36 hours per week (subject to confirmation) with tax-free stipend amount to be determined. Posted job title: Respirator…","Travel Registered Respiratory Therapist - $1,923 per week",31.57381,eyJhbGciOiJIUzI1NiJ9.eyJpIjoiNTc2NDUyNDUzNiIsInMiOiJGcURMX09ObzhSR2pLSklXSE9maUtnIn0.veRx-nCLl7ZTAZIe8wwoiIq3XXwHPTnCtAtsEdz-SIk,5764524536,"['US', 'Georgia', 'Dougherty County', 'Albany']",Adzuna::API::Response::Location,"Albany, Dougherty County",Olaro,Adzuna::API::Response::Company,healthcare-nursing-jobs,Adzuna::API::Response::Category,Healthcare & Nursing Jobs,,
0.0,-79.985397,2026-06-15T13:54:21Z,120380.0,0,Adzuna::API::Response::Job,https://www.adzuna.com/land/ad/5764524531?se=FqDL_ONo8RGjKJIWHOfiKg&utm_medium=api&utm_source=abfa41a4&v=B7E895E8014554BC4837F07472E5AA1D5F461969,"Noor Inc. is seeking a travel nurse RN Neurology for a travel nursing job in Morgantown, West Virginia. Job Description & Requirements Specialty: Neurology Discipline: RN Start Date: ASAP Duration: 13 weeks 36 hours per week Shift: 12 hours, days Employment Type: Travel Estimated Gross Weekly Pay: $ 2315.20 Opportunity: 6 WEST - Neuro Job Details: • Work 12.5-hour day shifts from 7:00 AM to 7:30 PM on weekends • Weekend day positions: Friday, Saturday and Sunday OR Saturday, Sunday and Monday •…","Travel Nurse RN - Neurology - $2,315 per week",39.627183,eyJhbGciOiJIUzI1NiJ9.eyJzIjoiRnFETF9PTm84UkdqS0pJV0hPZmlLZyIsImkiOiI1NzY0NTI0NTMxIn0.NlhI8q52uqhm1bRdoIeRlaYcTfdJpKU7CvMb-I5pM-A,5764524531,"['US', 'West Virginia', 'Monongalia County', 'Westover']",Adzuna::API::Response::Location,"Westover, Monongalia County",Noor Inc.,Adzuna::API::Response::Company,healthcare-nursing-jobs,Adzuna::API::Response::Category,Healthcare & Nursing Jobs,,
0.0,-108.202093,2026-06-15T13:54:21Z,102232.0,0,Adzuna::API::Response::Job,https://www.adzuna.com/land/ad/5764524532?se=FqDL_ONo8RGjKJIWHOfiKg&utm_medium=api&utm_source=abfa41a4&v=816FF69BD0B8CE61F6D6626B3B5D0838FBE88F2A,"AHS Staffing is seeking a travel nurse RN PACU - Post Anesthesia Care for a travel nursing job in Farmington, New Mexico. Job Description & Requirements Specialty: PACU - Post Anesthesia Care Discipline: RN Start Date: 06/29/2026 Duration: 13 weeks 40 hours per week Shift: 10 hours, days Employment Type: Travel AHS Job ID 2414163. Posted job title: Registered Nurse PACU About AHS Staffing At AHS Staffing, we are committed to providing a personalized, transparent, and rewarding experience. We go…","Travel Nurse RN - PACU - Post Anesthesia Care - $1,966 per week",36.41425,eyJhbGciOiJIUzI1NiJ9.eyJpIjoiNTc2NDUyNDUzMiIsInMiOiJGcURMX09ObzhSR2pLSklXSE9maUtnIn0.xNrOawm6tnkT_c1lFye-OtVUjzBJlknGNixYELKfkmA,5764524532,"['US', 'New Mexico', 'San Juan County', 'Farmington']",Adzuna::API::Response::Location,"Farmington, San Juan County",AHS Staffing,Adzuna::API::Response::Company,healthcare-nursing-jobs,Adzuna::API::Response::Category,Healthcare & Nursing Jobs,,
0.0,-73.97528,2026-06-15T13:54:21Z,120640.0,0,Adzuna::API::Response::Job,https://www.adzuna.com/land/ad/5764524528?se=FqDL_ONo8RGjKJIWHOfiKg&utm_medium=api&utm_source=abfa41a4&v=5DA6833ED9DA27E8ED0BD9DAF15F379039ECEDCA,"United Staffing Solutions is seeking a travel nurse RN Med Surg / Telemetry for a travel nursing job in New York, New York. Job Description & Requirements Specialty: Med Surg / Telemetry Discipline: RN Start Date: 07/06/2026 Duration: 13 weeks 34 hours per week Shift: 8 hours, days Employment Type: Travel Days/Nights Med Surg/Telemetry RN Requirements: NYS RN license, BLS, ACLS, 2 years RN and Med Surg/Telemetry experience Travel: 1 year travel experience required for travel positions Skills: T…","Travel Telemetry Registered Nurse - $2,320 per week",40.75284,eyJhbGciOiJIUzI1NiJ9.eyJzIjoiRnFETF9PTm84UkdqS0pJV0hPZmlLZyIsImkiOiI1NzY0NTI0NTI4In0.7-0prLT4XMixHYezbJsj2p9f6LndU1BiWTyLt6sgEKE,5764524528,"['US', 'New York', 'New York City', 'Manhattan', 'Grand Central']",Adzuna::API::Response::Location,"Grand Central, Manhattan",United Staffing Solutions,Adzuna::API::Response::Company,healthcare-nursing-jobs,Adzuna::API::Response::Category,Healthcare & Nursing Jobs,,
0.0,-80.0578,2026-06-15T13:54:21Z,103220.0,0,Adzuna::API::Response::Job,https://www.adzuna.com/land/ad/5764524523?se=FqDL_ONo8RGjKJIWHOfiKg&utm_medium=api&utm_source=abfa41a4&v=46D75913CA301088517BEA0F36F305131BD20355,"Centra Healthcare Allied is seeking a travel Speech Language Pathologist for a travel job in Greenacres, Florida. Job Description & Requirements Specialty: Speech Language Pathologist Discipline: Therapy Start Date: ASAP Duration: 14 weeks 40 hours per week Shift: 8 hours, days Employment Type: Travel Centra Healthcare Solutions is seeking an experienced Speech Language Pathologist (SLP) that is licensed or in the immediate process, and qualifies, of obtaining Speech Language Pathologist (SLP) …","Travel Speech Language Pathologist - $1,985 per week",26.6214,eyJhbGciOiJIUzI1NiJ9.eyJzIjoiRnFETF9PTm84UkdqS0pJV0hPZmlLZyIsImkiOiI1NzY0NTI0NTIzIn0.T2YWWYkU4lHx9xuwrQWiu1N9N9642bCKwrFC9H7rnis,5764524523,"['US', 'Florida', 'Palm Beach County', 'Greenacres']",Adzuna::API::Response::Location,"Greenacres, Palm Beach County",Centra Healthcare Allied,Adzuna::API::Response::Company,healthcare-nursing-jobs,Adzuna::API::Response::Category,Healthcare & Nursing Jobs,,
0.0,-94.70778,2026-06-15T13:54:21Z,102856.0,0,Adzuna::API::Response::Job,https://www.adzuna.com/land/ad/5764524529?se=FqDL_ONo8RGjKJIWHOfiKg&utm_medium=api&utm_source=abfa41a4&v=EF6E0B52D24435EFF9248EB19AABB8B8E0FFF3FE,"Solomon Page is seeking a travel nurse RN OR - Operating Room for a travel nursing job in Overland Park, Kansas. Job Description & Requirements Specialty: OR - Operating Room Discipline: RN Start Date: ASAP Duration: 13 weeks 36 hours per week Shift: 12 hours, days Employment Type: Travel Our client is looking to add a Registered Nurse to their team. Job Details: Location: Overland Park, Kansas Duration: 13 Weeks Start Date: 06/08/2026 Shift: 3x12 Days Estimated Gross Weekly Pay: 1978 Qualifica…","Travel Operating Room RN - $1,978 per week",38.90112,eyJhbGciOiJIUzI1NiJ9.eyJzIjoiRnFETF9PTm84UkdqS0pJV0hPZmlLZyIsImkiOiI1NzY0NTI0NTI5In0.wpwcOlTGQwQCMAeQCnRE7XnlDGRN917LRt7ES0dWE1E,5764524529,"['US', 'Kansas', 'Johnson County', 'Quivira']",Adzuna::API::Response::Location,"Quivira, Johnson County",Solomon Page,Adzuna::API::Response::Company,healthcare-nursing-jobs,Adzuna::API::Response::Category,Healthcare & Nursing Jobs,,
0.0,-82.965488,2026-06-15T13:54:21Z,102908.0,0,Adzuna::API::Response::Job,https://www.adzuna.com/land/ad/5764524526?se=FqDL_ONo8RGjKJIWHOfiKg&utm_medium=api&utm_source=abfa41a4&v=1BE4D8D9A5DD964DF29634D90743E27A587999A7,"Trustaff is seeking a travel nurse RN Interventional Radiology for a travel nursing job in Columbus, Ohio. Job Description & Requirements Specialty: Interventional Radiology Discipline: RN Start Date: 07/13/2026 Duration: 13 weeks 40 hours per week Shift: 10 hours, days Employment Type: Travel As an Interventional Radiology RN, you'll use your skills to provide advanced radiology treatment, including blood vessel procedures, biopsies, fibroid removals, and more. Interventional Radiology nurses …","Travel Nurse RN - Interventional Radiology - $1,979 per week",40.041105,eyJhbGciOiJIUzI1NiJ9.eyJzIjoiRnFETF9PTm84UkdqS0pJV0hPZmlLZyIsImkiOiI1NzY0NTI0NTI2In0.dngNbAFjF134kEPY3HFuvI_-B5IIgIV4D1EcxUjDPS4,5764524526,"['US', 'Ohio', 'Franklin County', 'Minerva Park']",Adzuna::API::Response::Location,"Minerva Park, Franklin County",Trustaff,Adzuna::API::Response::Company,healthcare-nursing-jobs,Adzuna::API::Response::Category,Healthcare & Nursing Jobs,,
0.0,-94.318257,2026-06-15T13:54:21Z,101816.0,0,Adzuna::API::Response::Job,https://www.adzuna.com/land/ad/5764524533?se=FqDL_ONo8RGjKJIWHOfiKg&utm_medium=api&utm_source=abfa41a4&v=39F8D91D98F573AE9D0D70E8DFDEC51DE08AD01D,"TRS Healthcare is seeking a travel nurse RN ED - Emergency Department for a travel nursing job in Marshall, Texas. Job Description & Requirements Specialty: ED - Emergency Department Discipline: RN Start Date: 07/06/2026 Duration: 13 weeks 36 hours per week Shift: 12 hours, nights Employment Type: Travel TRS Healthcare Job ID 1479426. Pay package is based on 12 hour shifts and 36 hours per week (subject to confirmation) with tax-free stipend amount to be determined. Posted job title: Emergency …","Travel Nurse RN - ED - Emergency Department - $1,958 per week",32.515534,eyJhbGciOiJIUzI1NiJ9.eyJpIjoiNTc2NDUyNDUzMyIsInMiOiJGcURMX09ObzhSR2pLSklXSE9maUtnIn0.pIJhklNkpa1_-YyJURaRen4fm1UFSM6TkiM3ZLFODkQ,5764524533,"['US', 'Texas', 'Harrison County', 'Scottsville']",Adzuna::API::Response::Location,"Scottsville, Harrison County",TRS Healthcare,Adzuna::API::Response::Company,healthcare-nursing-jobs,Adzuna::API::Response::Category,Healthcare & Nursing Jobs,,
0.0,-76.504053,2026-06-15T13:54:20Z,116428.0,0,Adzuna::API::Response::Job,https://www.adzuna.com/land/ad/5764524514?se=FqDL_ONo8RGjKJIWHOfiKg&utm_medium=api&utm_source=abfa41a4&v=66491AF73B78901FC45CE3217EE6498584D9E9A5,"Olaro is seeking a travel Registered Respiratory Therapist for a travel job in Ithaca, New York. Job Description & Requirements Specialty: Registered Respiratory Therapist Discipline: Allied Health Professional Duration: 13 weeks 36 hours per week Shift: 12 hours, nights Employment Type: Travel PHP Job ID 487470. Pay package is based on 12 hour shifts and 36 hours per week (subject to confirmation) with tax-free stipend amount to be determined. Posted job title: Resp Therapist - CMC - Nights Ab…","Travel Registered Respiratory Therapist - $2,239 per week",42.44829,eyJhbGciOiJIUzI1NiJ9.eyJpIjoiNTc2NDUyNDUxNCIsInMiOiJGcURMX09ObzhSR2pLSklXSE9maUtnIn0.YcPiLKsagI7NZ7w4f2p_aVIlVUb1E8imfXGn9jODUuw,5764524514,"['US', 'New York', 'Tompkins County', 'Ithaca']",Adzuna::API::Response::Location,"Ithaca, Tompkins County",Olaro,Adzuna::API::Response::Company,healthcare-nursing-jobs,Adzuna::API::Response::Category,Healthcare & Nursing Jobs,,
0.0,-69.108016,2026-06-15T13:54:20Z,123760.0,0,Adzuna::API::Response::Job,https://www.adzuna.com/land/ad/5764524519?se=FqDL_ONo8RGjKJIWHOfiKg&utm_medium=api&utm_source=abfa41a4&v=DBA262F93F8F971DA927B31C8EC9CBC7FE8F5A02,"American Traveler is seeking a travel nurse RN ED - Emergency Department for a travel nursing job in Rockport, Maine. Job Description & Requirements Specialty: ED - Emergency Department Discipline: RN Start Date: 06/22/2026 Duration: 13 weeks 36 hours per week Shift: 12 hours, nights Employment Type: Travel Assignment Overview Shift: Nights, 3x12hrs Hours: 36 hrs/wk Start Date: Jun 22, 2026 Length: 13 weeks Openings: 1 American Traveler has an opening for a Emergency Room RN (Urgent Care & Trau…","Travel Emergency Department RN - $2,380 per week",44.175212,eyJhbGciOiJIUzI1NiJ9.eyJzIjoiRnFETF9PTm84UkdqS0pJV0hPZmlLZyIsImkiOiI1NzY0NTI0NTE5In0.AV9Gcj-rsYIVOroXMJP9uBVXTd14qMbE-RDXgSSTbfM,5764524519,"['US', 'Maine', 'Knox County', 'Rockport']",Adzuna::API::Response::Location,"Rockport, Knox County",American Traveler,Adzuna::API::Response::Company,healthcare-nursing-jobs,Adzuna::API::Response::Category,Healthcare & Nursing Jobs,,
0.0,-82.965488,2026-06-15T13:54:20Z,105508.0,0,Adzuna::API::Response::Job,https://www.adzuna.com/land/ad/5764524518?se=FqDL_ONo8RGjKJIWHOfiKg&utm_medium=api&utm_source=abfa41a4&v=639D9A8CC5260C794E669069480FCE3573EE739A,"Trustaff is seeking a travel nurse RN Clinic for a travel nursing job in Columbus, Ohio. Job Description & Requirements Specialty: Clinic Discipline: RN Start Date: 07/27/2026 Duration: 13 weeks 40 hours per week Shift: 10 hours, days Employment Type: Travel Using your knowledge and experience, you'll be working directly in your area of care. Prepare to hit the ground running with a great attitude and let your professional skills shine! Trustaff Job ID 1662115. Pay package is based on 10 hour s…","Travel Nurse RN - Clinic - $2,029 per week",40.041105,eyJhbGciOiJIUzI1NiJ9.eyJzIjoiRnFETF9PTm84UkdqS0pJV0hPZmlLZyIsImkiOiI1NzY0NTI0NTE4In0.ulTKIjXChZywiixfy_ggMUf71kbWIeWzOjTIUPcc-44,5764524518,"['US', 'Ohio', 'Franklin County', 'Minerva Park']",Adzuna::API::Response::Location,"Minerva Park, Franklin County",Trustaff,Adzuna::API::Response::Company,healthcare-nursing-jobs,Adzuna::API::Response::Category,Healthcare & Nursing Jobs,,
0.0,-87.026934,2026-06-15T13:54:20Z,100100.0,0,Adzuna::API::Response::Job,https://www.adzuna.com/land/ad/5764524512?se=FqDL_ONo8RGjKJIWHOfiKg&utm_medium=api&utm_source=abfa41a4&v=8740ADA74E81442DAE51DC3D44637B7867ECA761,"Cross Country Nurses is seeking a travel nurse RN ICU - Intensive Care Unit for a travel nursing job in Pulaski, Tennessee. Job Description & Requirements Specialty: ICU - Intensive Care Unit Discipline: RN Start Date: 08/10/2026 Duration: 13 weeks 36 hours per week Shift: 12 hours, days Employment Type: Travel Job Summary: Pulaski, Tennessee Intensive Care Unit (ICU) Registered Nurse. The organization is seeking a Registered Nurse to provide care in the Intensive Care Unit. The role requires p…","Travel Nurse RN - ICU - Intensive Care Unit - $1,925 per week",35.206194,eyJhbGciOiJIUzI1NiJ9.eyJzIjoiRnFETF9PTm84UkdqS0pJV0hPZmlLZyIsImkiOiI1NzY0NTI0NTEyIn0.2rnZdaU_bYbPSQOmzZ-bjrk0go_zjfViIJWdBs9KyhM,5764524512,"['US', 'Tennessee', 'Giles County', 'Pulaski']",Adzuna::API::Response::Location,"Pulaski, Giles County",Cross Country Nurses,Adzuna::API::Response::Company,healthcare-nursing-jobs,Adzuna::API::Response::Category,Healthcare & Nursing Jobs,,
0.0,-77.6085,2026-06-15T13:54:20Z,116584.0,0,Adzuna::API::Response::Job,https://www.adzuna.com/land/ad/5764524513?se=FqDL_ONo8RGjKJIWHOfiKg&utm_medium=api&utm_source=abfa41a4&v=B5ED003BAAA29F1E36A2A6591A6AAC588DD136DC,"HumanEdge - CT is seeking a travel nurse RN Cardiac Cath Lab for a travel nursing job in Rochester, New York. Job Description & Requirements Specialty: Cardiac Cath Lab Discipline: RN Start Date: 07/06/2026 Duration: 13 weeks 36 hours per week Shift: 12 hours Employment Type: Travel HumanEdge is currently filling a Contract position available with our client in Rochester, NY for a PACU - Post Anesthetic Care, Cath Lab Technologist Registered Nurse (RN). Join us in Rochester, NY, where you can d…","Travel Nurse RN - Cardiac Cath Lab - $2,242 per week",43.1315,eyJhbGciOiJIUzI1NiJ9.eyJzIjoiRnFETF9PTm84UkdqS0pJV0hPZmlLZyIsImkiOiI1NzY0NTI0NTEzIn0.qJ-oGIV_FLcNKn-odruHtBgCqhBt5CYKenue-TKvNuc,5764524513,"['US', 'New York', 'Monroe County', 'Loehmanns Plaza']",Adzuna::API::Response::Location,"Loehmanns Plaza, Monroe County",HumanEdge - CT,Adzuna::API::Response::Company,healthcare-nursing-jobs,Adzuna::API::Response::Category,Healthcare & Nursing Jobs,,
0.0,-82.965488,2026-06-15T13:54:20Z,124280.0,0,Adzuna::API::Response::Job,https://www.adzuna.com/land/ad/5764524517?se=FqDL_ONo8RGjKJIWHOfiKg&utm_medium=api&utm_source=abfa41a4&v=074980F67C7756426717F317425F0435B254603F,"Trailblazer Staffing Solutions is seeking a travel nurse RN ICU - Intensive Care Unit for a travel nursing job in Columbus, Ohio. Job Description & Requirements Specialty: ICU - Intensive Care Unit Discipline: RN Start Date: 07/27/2026 Duration: 13 weeks 36 hours per week Shift: 12 hours, nights Employment Type: Travel Minimum Requirements: 2 years of experience in the job specialty, BLS certification, and any applicable state licensure or specialty certifications required for the role. Trailbl…","Travel MICU Registered Nurse - $2,390 per week",40.041105,eyJhbGciOiJIUzI1NiJ9.eyJpIjoiNTc2NDUyNDUxNyIsInMiOiJGcURMX09ObzhSR2pLSklXSE9maUtnIn0.TuQYU7lD2KD6bRYLHw_hrOR69mNPSNMAG9LAiTdoAOo,5764524517,"['US', 'Ohio', 'Franklin County', 'Minerva Park']",Adzuna::API::Response::Location,"Minerva Park, Franklin County",Trailblazer Staffing Solutions,Adzuna::API::Response::Company,healthcare-nursing-jobs,Adzuna::API::Response::Category,Healthcare & Nursing Jobs,,
0.0,-81.322754,2026-06-15T13:54:20Z,104104.0,0,Adzuna::API::Response::Job,https://www.adzuna.com/land/ad/5764524521?se=FqDL_ONo8RGjKJIWHOfiKg&utm_medium=api&utm_source=abfa41a4&v=27E702680FFEC90AE42DF2C0B08134C77F8A9A42,"LifePoint is seeking a travel nurse RN Telemetry for a travel nursing job in Hickory, North Carolina. Job Description & Requirements Specialty: Telemetry Discipline: RN Duration: 13 weeks 36 hours per week Shift: 12 hours, days Employment Type: Travel","Travel Telemetry RN - $2,002 per week",35.762441,eyJhbGciOiJIUzI1NiJ9.eyJzIjoiRnFETF9PTm84UkdqS0pJV0hPZmlLZyIsImkiOiI1NzY0NTI0NTIxIn0.Mf0JsK5GIlJQPd86WXHobiKQ3H5KcpjollHPa1UynJE,5764524521,"['US', 'North Carolina', 'Catawba County', 'Lenoir Rhyne']",Adzuna::API::Response::Location,"Lenoir Rhyne, Catawba County",LifePoint,Adzuna::API::Response::Company,travel-jobs,Adzuna::API::Response::Category,Travel Jobs,,
0.0,-77.45,2026-06-15T13:54:19Z,119808.0,0,Adzuna::API::Response::Job,https://www.adzuna.com/land/ad/5764524506?se=FqDL_ONo8RGjKJIWHOfiKg&utm_medium=api&utm_source=abfa41a4&v=ACE226908A3BA3DF7EAC125EFF42972763E2B41B,"Nightingale Nurses - Allied is seeking a travel MRI Technologist for a travel job in Richmond, Virginia. Job Description & Requirements Specialty: MRI Technologist Discipline: Allied Health Professional Start Date: 06/29/2026 Duration: 12 weeks 40 hours per week Shift: 10 hours, nights Employment Type: Travel","Travel MRI Technologist - $2,304 per week",37.56,eyJhbGciOiJIUzI1NiJ9.eyJpIjoiNTc2NDUyNDUwNiIsInMiOiJGcURMX09ObzhSR2pLSklXSE9maUtnIn0.NzpowEANEMDPII8eYFeFsZB6LF3A7cHoNbNtAgOpp8g,5764524506,"['US', 'Virginia', 'Richmond County', 'Richmond']",Adzuna::API::Response::Location,"Richmond, Richmond County",Nightingale Nurses - Allied,Adzuna::API::Response::Company,healthcare-nursing-jobs,Adzuna::API::Response::Category,Healthcare & Nursing Jobs,,
0.0,,2026-06-15T13:54:19Z,118872.0,0,Adzuna::API::Response::Job,https://www.adzuna.com/land/ad/5764524504?se=FqDL_ONo8RGjKJIWHOfiKg&utm_medium=api&utm_source=abfa41a4&v=00BC4A12AE37BBA2331DAEDB1DD4F4B2A518A680,"Prime Staffing is seeking a travel nurse RN ICU - Intensive Care Unit for a travel nursing job in Columbis, Ohio. Job Description & Requirements Specialty: ICU - Intensive Care Unit Discipline: RN Duration: 13 weeks 36 hours per week Shift: 12 hours, nights Employment Type: Travel Job Title: Medical Intensive Care Unit (MICU) Registered Nurse - Nights Schedule: 3x12's / 36 Hours / Every Other Weekend On-call: None Estimated Patient Ratios: 1:1-2 Experience Required: Minimum 2 years of Medical I…","Travel Nurse RN - ICU - Intensive Care Unit - $2,286 per week",,eyJhbGciOiJIUzI1NiJ9.eyJzIjoiRnFETF9PTm84UkdqS0pJV0hPZmlLZyIsImkiOiI1NzY0NTI0NTA0In0.IZAcHtQwgUGp30_XRCr7g3qyWmiryYeGSOVmAvx7dtE,5764524504,['US'],Adzuna::API::Response::Location,US,Prime Staffing,Adzuna::API::Response::Company,healthcare-nursing-jobs,Adzuna::API::Response::Category,Healthcare & Nursing Jobs,,
0.0,-75.6061,2026-06-15T13:54:19Z,117364.0,0,Adzuna::API::Response::Job,https://www.adzuna.com/land/ad/5764524511?se=FqDL_ONo8RGjKJIWHOfiKg&utm_medium=api&utm_source=abfa41a4&v=F18DD916E6C7A9339F7B76864D2D115FE73393D9,"GHR Healthcare is seeking a travel nurse RN Pediatrics for a travel nursing job in West Chester, Pennsylvania. Job Description & Requirements Specialty: Pediatrics Discipline: RN Start Date: 07/09/2026 Duration: 12 weeks 36 hours per week Shift: 12 hours, nights Employment Type: Travel 1 year of full time general Peds experience 7p shift, 36 hours per week Every 3rd weekend Must hold: BLS, NRP, PA or compact license Education: BSN required Ideal Candidate Characteristics: Flexible, takes initia…","Travel Nurse RN - Pediatrics - $2,257 per week",39.9598,eyJhbGciOiJIUzI1NiJ9.eyJpIjoiNTc2NDUyNDUxMSIsInMiOiJGcURMX09ObzhSR2pLSklXSE9maUtnIn0.ViexYCtfCzShgiuKtIobmgXnv6jFUXMZmK7KwwFA_2k,5764524511,"['US', 'Pennsylvania', 'Chester County', 'West Chester']",Adzuna::API::Response::Location,"West Chester, Chester County",GHR Healthcare,Adzuna::API::Response::Company,healthcare-nursing-jobs,Adzuna::API::Response::Category,Healthcare & Nursing Jobs,,
0.0,-94.70778,2026-06-15T13:54:19Z,100360.0,0,Adzuna::API::Response::Job,https://www.adzuna.com/land/ad/5764524507?se=FqDL_ONo8RGjKJIWHOfiKg&utm_medium=api&utm_source=abfa41a4&v=98FD2164185C5A2F7EA6BBE7FCC070F31637E541,"Medical Talent is seeking a travel Occupational Therapist for a travel job in Overland Park, Kansas. Job Description & Requirements Specialty: Occupational Therapist Discipline: Therapy Start Date: 07/06/2026 Duration: 8 weeks 40 hours per week Shift: 8 hours, days Employment Type: Travel Join the Medical Talent Team! Join our dynamic team and embark on a rewarding journey with us! We are Joint Commission certified and known for our commitment to excellence and ethical practices in the industry…","Travel Float Occupational Therapist - $1,930 per week",38.90112,eyJhbGciOiJIUzI1NiJ9.eyJzIjoiRnFETF9PTm84UkdqS0pJV0hPZmlLZyIsImkiOiI1NzY0NTI0NTA3In0.q7W5kRrE6_8DpvODGKgBeCl8ZZzyrIr0-P5Y-ovnQWk,5764524507,"['US', 'Kansas', 'Johnson County', 'Quivira']",Adzuna::API::Response::Location,"Quivira, Johnson County",Medical Talent,Adzuna::API::Response::Company,healthcare-nursing-jobs,Adzuna::API::Response::Category,Healthcare & Nursing Jobs,,
0.0,-76.55179,2026-06-15T13:54:19Z,112320.0,0,Adzuna::API::Response::Job,https://www.adzuna.com/land/ad/5764524503?se=FqDL_ONo8RGjKJIWHOfiKg&utm_medium=api&utm_source=abfa41a4&v=F250FDDD3A8A1C9C7DA3A00C11DACC723324F4E5,"Assured Nursing is seeking a local contract nurse RN OR - Operating Room for a local contract nursing job in Auburn, New York. Job Description & Requirements Specialty: OR - Operating Room Discipline: RN Start Date: ASAP Duration: 13 weeks 40 hours per week Shift: 10 hours, days Employment Type: Local Contract Assured Nursing Job ID 37045896. Posted job title: RN:OR,07:00:00-17:00:00 Benefits Weekly pay Holiday Pay 401k retirement plan Referral bonus Medical benefits Dental benefits Vision bene…",Local Contract Operating Room Registered Nurse - $54 per hour,42.92193,eyJhbGciOiJIUzI1NiJ9.eyJpIjoiNTc2NDUyNDUwMyIsInMiOiJGcURMX09ObzhSR2pLSklXSE9maUtnIn0.91GhTZOs7flW0lDVdO5S6MpzuCMWUhJm5QqMif2rzQQ,5764524503,"['US', 'New York', 'Cayuga County', 'Auburn']",Adzuna::API::Response::Location,"Auburn, Cayuga County",Assured Nursing,Adzuna::API::Response::Company,healthcare-nursing-jobs,Adzuna::API::Response::Category,Healthcare & Nursing Jobs,,
0.0,-112.18457,2026-06-15T13:54:19Z,118872.0,0,Adzuna::API::Response::Job,https://www.adzuna.com/land/ad/5764524508?se=FqDL_ONo8RGjKJIWHOfiKg&utm_medium=api&utm_source=abfa41a4&v=04F12F0BAA588D677AB56367259C6955B6480682,"TheraEX Staffing Services is seeking a travel nurse RN ED - Emergency Department for a travel nursing job in Glendale, Arizona. Job Description & Requirements Specialty: ED - Emergency Department Discipline: RN Start Date: 07/06/2026 Duration: 13 weeks 36 hours per week Shift: 12 hours, nights Employment Type: Travel RN - ER | 12hr Nights | 36 hrs/week | Cerner | BLS, ACLS, PALS required | Small community ED – no Trauma experience required | Medical Solutions pre-screen; manager approval for of…","Travel Emergency Department RN - $2,286 per week",33.66055,eyJhbGciOiJIUzI1NiJ9.eyJzIjoiRnFETF9PTm84UkdqS0pJV0hPZmlLZyIsImkiOiI1NzY0NTI0NTA4In0.-JttPtHYcX0qUnTul-6wK6S7AV6SzoGysySYWU4yg-Y,5764524508,"['US', 'Arizona', 'Maricopa County', 'Peoria']",Adzuna::API::Response::Location,"Peoria, Maricopa County",TheraEX Staffing Services,Adzuna::API::Response::Company,healthcare-nursing-jobs,Adzuna::API::Response::Category,Healthcare & Nursing Jobs,,
0.0,-96.373,2026-06-15T13:54:19Z,119808.0,0,Adzuna::API::Response::Job,https://www.adzuna.com/land/ad/5764524505?se=FqDL_ONo8RGjKJIWHOfiKg&utm_medium=api&utm_source=abfa41a4&v=8E3AF3134C303CA167BC5CA52FD48907EBCA2449,"Talent4Health is seeking a travel nurse RN ED - Emergency Department for a travel nursing job in Sioux City, Iowa. Job Description & Requirements Specialty: ED - Emergency Department Discipline: RN Start Date: 06/22/2026 Duration: 13 weeks 36 hours per week Shift: 12 hours, days, nights Employment Type: Travel Requirements ACLS [required] BLS [required] PALS [required] TNCC [required] 1 year ER experience [required] First time traveler okay Must have taxable address outside of 50 miles from fac…","Travel Nurse RN - ED - Emergency Department - $2,304 per week",42.401,eyJhbGciOiJIUzI1NiJ9.eyJzIjoiRnFETF9PTm84UkdqS0pJV0hPZmlLZyIsImkiOiI1NzY0NTI0NTA1In0.sCzHZ0n4DFQ3gPP9iLbUjq81Ph3oZjKZUQHcEP7eYRg,5764524505,"['US', 'Iowa', 'Woodbury County', 'Sergeant Bluff']",Adzuna::API::Response::Location,"Sergeant Bluff, Woodbury County",Talent4Health,Adzuna::API::Response::Company,healthcare-nursing-jobs,Adzuna::API::Response::Category,Healthcare & Nursing Jobs,,
0.0,-101.46006,2026-06-15T13:54:19Z,118248.0,0,Adzuna::API::Response::Job,https://www.adzuna.com/land/ad/5764524509?se=FqDL_ONo8RGjKJIWHOfiKg&utm_medium=api&utm_source=abfa41a4&v=581431F43891C949EC1D5CD7611DFE84BDC468BF,"Host Healthcare is seeking a travel MRI Technologist for a travel job in Big Spring, Texas. Job Description & Requirements Specialty: MRI Technologist Discipline: Allied Health Professional Start Date: 07/13/2026 Duration: 26 weeks 36 hours per week Shift: 12 hours, days Employment Type: Travel Host Healthcare Job ID a1fVX000003WEVxYAO. Pay package is based on 12 hour shifts and 36 hours per week (subject to confirmation) with tax-free stipend amount to be determined. Posted job title: MRI Tech…","Travel MRI Technologist - $2,274 per week",32.2035,eyJhbGciOiJIUzI1NiJ9.eyJpIjoiNTc2NDUyNDUwOSIsInMiOiJGcURMX09ObzhSR2pLSklXSE9maUtnIn0.6HEW_RAibKR2HRiRu2js3GRhz5OvcoZDzK0QWkZO6EI,5764524509,"['US', 'Texas', 'Howard County', 'Big Spring']",Adzuna::API::Response::Location,"Big Spring, Howard County",Host Healthcare,Adzuna::API::Response::Company,healthcare-nursing-jobs,Adzuna::API::Response::Category,Healthcare & Nursing Jobs,,
0.0,-100.42414,2026-06-15T13:54:18Z,116272.0,0,Adzuna::API::Response::Job,https://www.adzuna.com/land/ad/5764524501?se=FqDL_ONo8RGjKJIWHOfiKg&utm_medium=api&utm_source=abfa41a4&v=3B468EBD57538984BDC7F7261DBDA69DB1CC8F44,"PRIDE Health is seeking a travel nurse RN PACU - Post Anesthesia Care for a travel nursing job in San Angelo, Texas. Job Description & Requirements Specialty: PACU - Post Anesthesia Care Discipline: RN Start Date: 07/13/2026 Duration: 13 weeks 40 hours per week Shift: 8 hours, days Employment Type: Travel Pride Health Job ID 18501265. Pay package is based on 8 hour shifts and 40.0 hours per week (subject to confirmation) with tax-free stipend amount to be determined. Posted job title: RN:PACU,0…","Travel PACU Registered Nurse - $2,236 per week",31.454111,eyJhbGciOiJIUzI1NiJ9.eyJzIjoiRnFETF9PTm84UkdqS0pJV0hPZmlLZyIsImkiOiI1NzY0NTI0NTAxIn0.3CTy8XXJHRgHZlGsaTOSohKMoHdH-RJWB26-463X4Q4,5764524501,"['US', 'Texas', 'Tom Green County', 'Veribest']",Adzuna::API::Response::Location,"Veribest, Tom Green County",PRIDE Health,Adzuna::API::Response::Company,healthcare-nursing-jobs,Adzuna::API::Response::Category,Healthcare & Nursing Jobs,,
97760.0,-78.918789,2026-06-15T13:54:18Z,99840.0,0,Adzuna::API::Response::Job,https://www.adzuna.com/land/ad/5764524497?se=FqDL_ONo8RGjKJIWHOfiKg&utm_medium=api&utm_source=abfa41a4&v=3CFEA55D38E88F0E982C9808EBF3E9899BD5DF3C,"AMN Healthcare Local is seeking a per diem / prn nurse RN Telemetry for a per diem / prn nursing job in South Boston, Virginia. Job Description & Requirements Specialty: Telemetry Discipline: RN Duration: Ongoing Shift: 12 hours, days, nights Employment Type: Per Diem Registered Nurse (RN) – Telemetry | Per Diem Location: South Boston, VA Shifts: Days & Nights Available Pay Rate: $48.54/hour We are actively seeking experienced Telemetry RNs for per diem opportunities in South Boston, VA. Flexib…",Per Diem / PRN Nurse RN - Telemetry - $47-48 per hour,36.696067,eyJhbGciOiJIUzI1NiJ9.eyJpIjoiNTc2NDUyNDQ5NyIsInMiOiJGcURMX09ObzhSR2pLSklXSE9maUtnIn0.Inx8U39_F0x_3NBiCzlFbmIBNCE7Q2csWR6sTJKMNh4,5764524497,"['US', 'Virginia', 'Halifax County', 'South Boston']",Adzuna::API::Response::Location,"South Boston, Halifax County",AMN Healthcare Local,Adzuna::API::Response::Company,healthcare-nursing-jobs,Adzuna::API::Response::Category,Healthcare & Nursing Jobs,,
0.0,-84.3879,2026-06-15T13:54:18Z,82576.0,0,Adzuna::API::Response::Job,https://www.adzuna.com/land/ad/5764524494?se=FqDL_ONo8RGjKJIWHOfiKg&utm_medium=api&utm_source=abfa41a4&v=7BE65C8C67A0A99F9DA4A2CE05954FB9EB2423CA,"PRIDE Health is seeking a travel Surgical Technologist for a travel job in Atlanta, Georgia. Job Description & Requirements Specialty: Surgical Technologist Discipline: Allied Health Professional Start Date: 06/29/2026 Duration: 13 weeks 36 hours per week Shift: 12 hours, days Employment Type: Travel A Surgical Technician assists in surgeries by preparing operating rooms, sterilizing instruments, and supporting the surgical team. Responsibilities include ensuring patient safety, maintaining ste…","Travel Surgical Technologist - $1,588 per week",33.7487,eyJhbGciOiJIUzI1NiJ9.eyJpIjoiNTc2NDUyNDQ5NCIsInMiOiJGcURMX09ObzhSR2pLSklXSE9maUtnIn0.j5b9RjZqw6EfJKkBEy18TdBVw3Lw71b_ZTaqjLpYY3g,5764524494,"['US', 'Georgia', 'DeKalb County', 'Northlake']",Adzuna::API::Response::Location,"Northlake, DeKalb County",PRIDE Health,Adzuna::API::Response::Company,healthcare-nursing-jobs,Adzuna::API::Response::Category,Healthcare & Nursing Jobs,,
0.0,-119.7358,2026-06-15T13:54:18Z,127192.0,0,Adzuna::API::Response::Job,https://www.adzuna.com/land/ad/5764524495?se=FqDL_ONo8RGjKJIWHOfiKg&utm_medium=api&utm_source=abfa41a4&v=6A2F716EA76227E58B4B672B71A0E76CC40EEEE8,"Talent4Health is seeking a travel nurse RN Med Surg / Telemetry for a travel nursing job in Sparks, Nevada. Job Description & Requirements Specialty: Med Surg / Telemetry Discipline: RN Start Date: 07/13/2026 Duration: 13 weeks 36 hours per week Shift: 12 hours, nights Employment Type: Travel Schedule & Unit 3 x 12-hour night shifts Working on a Telemetry (Tele) unit Location Requirement Must live at least 100 miles away from the facility Education Graduate of an accredited or NLN-approved RN p…","Travel Nurse RN - Med Surg / Telemetry - $2,446 per week",39.5565,eyJhbGciOiJIUzI1NiJ9.eyJzIjoiRnFETF9PTm84UkdqS0pJV0hPZmlLZyIsImkiOiI1NzY0NTI0NDk1In0.aq_y3C6BiYSnOFhP-OclWrYPmWhJLHlTlTxDBvnL3P4,5764524495,"['US', 'Nevada', 'Washoe County', 'Sparks']",Adzuna::API::Response::Location,"Sparks, Washoe County",Talent4Health,Adzuna::API::Response::Company,healthcare-nursing-jobs,Adzuna::API::Response::Category,Healthcare & Nursing Jobs,,
0.0,-100.42414,2026-06-15T13:54:18Z,120484.0,0,Adzuna::API::Response::Job,https://www.adzuna.com/land/ad/5764524499?se=FqDL_ONo8RGjKJIWHOfiKg&utm_medium=api&utm_source=abfa41a4&v=F7B7812260F5D2AABD1C8D46CF22445B9A46DA83,"PRIDE Health is seeking a travel MRI Technologist for a travel job in San Angelo, Texas. Job Description & Requirements Specialty: MRI Technologist Discipline: Allied Health Professional Start Date: 07/13/2026 Duration: 26 weeks 36 hours per week Shift: 12 hours, days Employment Type: Travel An MRI Technician operates magnetic resonance imaging (MRI) machines to create detailed images of the body’s internal structures. Responsibilities include preparing patients for scans, operating equipment, …","Travel MRI Technologist - $2,317 per week",31.454111,eyJhbGciOiJIUzI1NiJ9.eyJpIjoiNTc2NDUyNDQ5OSIsInMiOiJGcURMX09ObzhSR2pLSklXSE9maUtnIn0.JGAflMpamhhb53YQVPpsdVA3Hmku0wmIqyO7JoKC2rk,5764524499,"['US', 'Texas', 'Tom Green County', 'Veribest']",Adzuna::API::Response::Location,"Veribest, Tom Green County",PRIDE Health,Adzuna::API::Response::Company,healthcare-nursing-jobs,Adzuna::API::Response::Category,Healthcare & Nursing Jobs,,
0.0,-77.047222,2026-06-15T13:54:18Z,162916.0,0,Adzuna::API::Response::Job,https://www.adzuna.com/land/ad/5764524498?se=FqDL_ONo8RGjKJIWHOfiKg&utm_medium=api&utm_source=abfa41a4&v=81D169C8B60DF13EB364B7A3DD7928D5C9F93119,"Nightingale Nurses - Allied is seeking a travel CT Technologist for a travel job in Alexandria, Virginia. Job Description & Requirements Specialty: CT Technologist Discipline: Allied Health Professional Start Date: 06/22/2026 Duration: 13 weeks 40 hours per week Shift: 8 hours, days Employment Type: Travel","Travel CT Technologist - $3,133 per week",38.804722,eyJhbGciOiJIUzI1NiJ9.eyJzIjoiRnFETF9PTm84UkdqS0pJV0hPZmlLZyIsImkiOiI1NzY0NTI0NDk4In0.lF2A9NWqKfWSrhBPOm9OFFNEFKvPmyBbY7mnI5jF-wg,5764524498,"['US', 'Virginia', 'Alexandria City', 'Trade']",Adzuna::API::Response::Location,"Trade, Alexandria City",Nightingale Nurses - Allied,Adzuna::API::Response::Company,healthcare-nursing-jobs,Adzuna::API::Response::Category,Healthcare & Nursing Jobs,,
0.0,-77.6085,2026-06-15T13:54:17Z,125476.0,0,Adzuna::API::Response::Job,https://www.adzuna.com/land/ad/5764524492?se=FqDL_ONo8RGjKJIWHOfiKg&utm_medium=api&utm_source=abfa41a4&v=3C60076C81BBA8A822DCDDC4A9FE0DEBB8698B1C,"ARMStaffing is seeking a travel Radiology Technologist for a travel job in Rochester, New York. Job Description & Requirements Specialty: Radiology Technologist Discipline: Allied Health Professional Start Date: 07/06/2026 Duration: 13 weeks 36 hours per week Shift: 12 hours, flexible Employment Type: Travel X-Ray Technologist - On Call Position Assignment Duration This is a 13-week contract position. Schedule Monday to Thursday: 8:30 AM - 6:00 PM, Friday: 8:00 AM - 12:00 PM, with on-call shift…","Travel X-Ray Technologist - $2,413 per week",43.1315,eyJhbGciOiJIUzI1NiJ9.eyJpIjoiNTc2NDUyNDQ5MiIsInMiOiJGcURMX09ObzhSR2pLSklXSE9maUtnIn0.X75-1KCOY1Vg_-80hVG0LcdRnvPYQacmVaZKmdGIqOg,5764524492,"['US', 'New York', 'Monroe County', 'Loehmanns Plaza']",Adzuna::API::Response::Location,"Loehmanns Plaza, Monroe County",ARMStaffing,Adzuna::API::Response::Company,healthcare-nursing-jobs,Adzuna::API::Response::Category,Healthcare & Nursing Jobs,,
0.0,-105.19608,2026-06-15T13:54:17Z,128440.0,0,Adzuna::API::Response::Job,https://www.adzuna.com/land/ad/5764524490?se=FqDL_ONo8RGjKJIWHOfiKg&utm_medium=api&utm_source=abfa41a4&v=67E3B0247CCA1B5C0B3C7D7F5D9750BC9D8429B8,"The Judge Group is seeking a travel nurse RN Stepdown for a travel nursing job in Golden, Colorado. Job Description & Requirements Specialty: Stepdown Discipline: RN Start Date: 06/29/2026 Duration: 13 weeks 36 hours per week Shift: 12 hours, nights Employment Type: Travel o Shift: 1900-0730 3 shifts per week o Weekends: Yes o OnCall: discuss during interview o Experience: 1 years of experience o License/Certifications:  RN License – Single State or Compact RN License o Certifications:  BLS (…","Travel Nurse RN - Stepdown - $2,470 per week",39.73071,eyJhbGciOiJIUzI1NiJ9.eyJzIjoiRnFETF9PTm84UkdqS0pJV0hPZmlLZyIsImkiOiI1NzY0NTI0NDkwIn0.pN9y6o2iw0rJCEWdIjnUDiXR9BcyNiJlFuK50HNTevQ,5764524490,"['US', 'Colorado', 'Jefferson County', 'Golden']",Adzuna::API::Response::Location,"Golden, Jefferson County",The Judge Group,Adzuna::API::Response::Company,healthcare-nursing-jobs,Adzuna::API::Response::Category,Healthcare & Nursing Jobs,,
0.0,-114.386136,2026-06-15T13:54:17Z,134732.0,0,Adzuna::API::Response::Job,https://www.adzuna.com/land/ad/5764524487?se=FqDL_ONo8RGjKJIWHOfiKg&utm_medium=api&utm_source=abfa41a4&v=B55A1D90154E1DFBFA721A03716C77AD81F6EBD2,"AHS Staffing is seeking a travel nurse RN OR - Operating Room for a travel nursing job in Ketchum, Idaho. Job Description & Requirements Specialty: OR - Operating Room Discipline: RN Start Date: 07/06/2026 Duration: 13 weeks 40 hours per week Shift: 8 hours, days Employment Type: Travel AHS Job ID 2414119. Posted job title: Registered Nurse Operating Room About AHS Staffing At AHS Staffing, we are committed to providing a personalized, transparent, and rewarding experience. We go beyond the tra…","Travel Nurse RN - OR - Operating Room - $2,591 per week",43.681702,eyJhbGciOiJIUzI1NiJ9.eyJpIjoiNTc2NDUyNDQ4NyIsInMiOiJGcURMX09ObzhSR2pLSklXSE9maUtnIn0.aXYWvo22bC93wKChypX6Ax3pr-3YkfYSnOdUtlgGE0E,5764524487,"['US', 'Idaho', 'Blaine County', 'Ketchum']",Adzuna::API::Response::Location,"Ketchum, Blaine County",AHS Staffing,Adzuna::API::Response::Company,healthcare-nursing-jobs,Adzuna::API::Response::Category,Healthcare & Nursing Jobs,,
0.0,-100.42414,2026-06-15T13:54:17Z,124696.0,0,Adzuna::API::Response::Job,https://www.adzuna.com/land/ad/5764524493?se=FqDL_ONo8RGjKJIWHOfiKg&utm_medium=api&utm_source=abfa41a4&v=FD60084B754B556FC9A1A1535C816656CAEF91E6,"American Traveler is seeking a travel MRI Technologist for a travel job in San Angelo, Texas. Job Description & Requirements Specialty: MRI Technologist Discipline: Allied Health Professional Start Date: 07/13/2026 Duration: 26 weeks 36 hours per week Shift: 12 hours, days Employment Type: Travel Assignment Overview Shift: Days, 3x12hrs Hours: 36 hrs/wk Start Date: Jul 13, 2026 Length: 26 weeks Openings: 1 Description American Traveler is hiring a MRI Technologist for a 26-week travel contract …","Travel MRI Technologist - $2,398 per week",31.454111,eyJhbGciOiJIUzI1NiJ9.eyJzIjoiRnFETF9PTm84UkdqS0pJV0hPZmlLZyIsImkiOiI1NzY0NTI0NDkzIn0.j72KkomVESwm4H6_gBAjlnUJ4HyOIjbICGwcr6AoseU,5764524493,"['US', 'Texas', 'Tom Green County', 'Veribest']",Adzuna::API::Response::Location,"Veribest, Tom Green County",American Traveler,Adzuna::API::Response::Company,healthcare-nursing-jobs,Adzuna::API::Response::Category,Healthcare & Nursing Jobs,,
0.0,-105.099274,2026-06-15T13:54:17Z,135408.0,0,Adzuna::API::Response::Job,https://www.adzuna.com/land/ad/5764524488?se=FqDL_ONo8RGjKJIWHOfiKg&utm_medium=api&utm_source=abfa41a4&v=D461B4388F6A80B50F9064E17A3273B9B6D3C4B7,"The Judge Group is seeking a travel nurse RN Labor and Delivery for a travel nursing job in Lafayette, Colorado. Job Description & Requirements Specialty: Labor and Delivery Discipline: RN Start Date: ASAP Duration: 13 weeks 36 hours per week Shift: 12 hours, nights Employment Type: Travel Shift: 12hr Nights - 7pm-7:30am Weekends: 10 weekend shifts in 8 weeks (Friday, Saturday and Sunday are included for nights) - REQUIRED OnCall: Current 1-3 call shift requirement in an 8-week period Experienc…","Travel Registered Nurse - Labor & Delivery - $2,604 per week",39.999882,eyJhbGciOiJIUzI1NiJ9.eyJpIjoiNTc2NDUyNDQ4OCIsInMiOiJGcURMX09ObzhSR2pLSklXSE9maUtnIn0.F2caOE69zHouPqltJvdMuyI6WmaOLMq9C3sxHimuGUA,5764524488,"['US', 'Colorado', 'Boulder County', 'Lafayette']",Adzuna::API::Response::Location,"Lafayette, Boulder County",The Judge Group,Adzuna::API::Response::Company,healthcare-nursing-jobs,Adzuna::API::Response::Category,Healthcare & Nursing Jobs,,
103243.7,-97.05984,2026-06-15T13:54:12Z,103243.7,1,Adzuna::API::Response::Job,https://www.adzuna.com/details/5764524485?utm_medium=api&utm_source=abfa41a4,"Careers With Purpose Sanford Health, the largest rural health system in the United States, is dedicated to transforming the health care experience and providing access to world-class health care in America’s heartland. Facility: Hillsboro Med Ctr Location: Hillsboro, ND Address: 12 3rd St SE, Hillsboro, ND 58045, USA Shift: Varies Job Schedule: Full time Weekly Hours: 36.00 Salary Range: $32.50 - $48.00 Department Details Are you looking for a rewarding career as a resident centered care nurse?…",RN - Long Term Care,47.39316,eyJhbGciOiJIUzI1NiJ9.eyJpIjoiNTc2NDUyNDQ4NSIsInMiOiJGcURMX09ObzhSR2pLSklXSE9maUtnIn0.XLEr8gg907E3wO16NEpo2hAkYq6h0YfUH77HSWkXkGk,5764524485,"['US', 'North Dakota', 'Traill County', 'Hillsboro']",Adzuna::API::Response::Location,"Hillsboro, Traill County",Sanford Health,Adzuna::API::Response::Company,healthcare-nursing-jobs,Adzuna::API::Response::Category,Healthcare & Nursing Jobs,full_time,
89119.35,-96.814851,2026-06-15T13:54:12Z,89119.35,1,Adzuna::API::Response::Job,https://www.adzuna.com/details/5764524484?utm_medium=api&utm_source=abfa41a4,"Careers With Purpose Sanford Health, the largest rural health system in the United States, is dedicated to transforming the health care experience and providing access to world-class health care in America’s heartland. Facility: Sanford S Univ Med Ctr Location: Fargo, ND Address: 1720 University Dr S, Fargo, ND 58103, USA Shift: 8 Hours - Day Shifts Job Schedule: Full time Weekly Hours: 40.00 Salary Range: $24.00 - $36.00 Job Summary Provides supportive services/counseling on healthcare and hom…",Social Worker | Inpatient Behavioral Health,46.853459,eyJhbGciOiJIUzI1NiJ9.eyJpIjoiNTc2NDUyNDQ4NCIsInMiOiJGcURMX09ObzhSR2pLSklXSE9maUtnIn0.-XlkId9Q8s4kgOHB6R0v4x7XQP0byiBdDWzYHFHZKDE,5764524484,"['US', 'North Dakota', 'Cass County', 'Fargo']",Adzuna::API::Response::Location,"Fargo, Cass County",Sanford Health,Adzuna::API::Response::Company,social-work-jobs,Adzuna::API::Response::Category,Social work Jobs,full_time,
106934.66,-92.32642,2026-06-15T13:54:09Z,106934.66,1,Adzuna::API::Response::Job,https://www.adzuna.com/land/ad/5764524482?se=FqDL_ONo8RGjKJIWHOfiKg&utm_medium=api&utm_source=abfa41a4&v=70E9CE3DF9429036F88A61CB3A17199E7E76CA56,"Occupational Therapist Career Opportunity Your Calling, Close to Home and Heart Are you in pursuit of a career that's more than a job, one that aligns with your heart and community? We believe in the power of creating positive change within local communities through exceptional Occupational Therapy services, empowering individuals toward independence and an improved quality of life. Envision the opportunity to profoundly impact patients' lives, providing vital care and support, and contributing…",Occupational Therapist,38.95771,eyJhbGciOiJIUzI1NiJ9.eyJpIjoiNTc2NDUyNDQ4MiIsInMiOiJGcURMX09ObzhSR2pLSklXSE9maUtnIn0.O8lZvC4je7FUm7DScjVjBzANC5y8rsNoOc6BWqKcyW8,5764524482,"['US', 'Missouri', 'Boone County', 'Prathersville']",Adzuna::API::Response::Location,"Prathersville, Boone County","Rusk Rehabilitation Hospital, an affiliation of Encompass Health and MU Health Care",Adzuna::API::Response::Company,healthcare-nursing-jobs,Adzuna::API::Response::Category,Healthcare & Nursing Jobs,full_time,
55241.77,-108.498415,2026-06-15T13:52:40Z,55241.77,1,Adzuna::API::Response::Job,https://www.adzuna.com/details/5764524388?utm_medium=api&utm_source=abfa41a4,"Would you like to see a different part of your city every day from a bird ’s-eye view? This job is action-packed, and we provide all the training and equipment to start your full-time career. Our Lamar office in Billings, Montana is now hiring a new Operations crew member to help us bring outdoor advertising campaigns to life for brands in Billings, MT and the surrounding areas. The purpose of this entry-level, full-time position is to install and maintain billboards, including the installation…",Billboard Installation Technician,45.772763,eyJhbGciOiJIUzI1NiJ9.eyJpIjoiNTc2NDUyNDM4OCIsInMiOiJGcURMX09ObzhSR2pLSklXSE9maUtnIn0.jXL6RErNaxYhH8JYkjU43QDXFrEJdARLehZByzohYSk,5764524388,"['US', 'Montana', 'Yellowstone County', 'Lockwood']",Adzuna::API::Response::Location,"Lockwood, Yellowstone County",Lamar Advertising Company,Adzuna::API::Response::Company,trade-construction-jobs,Adzuna::API::Response::Category,Trade & Construction Jobs,full_time,
63545.42,-108.498415,2026-06-15T13:52:39Z,63545.42,1,Adzuna::API::Response::Job,https://www.adzuna.com/details/5764524384?utm_medium=api&utm_source=abfa41a4,"Would you like to see a different part of your city every day from a bird ’s-eye view? This job is action-packed, and we provide all the training and equipment to start your full-time career. Our Lamar office in Billings, Montana is now hiring a new Operations crew member to help us bring outdoor advertising campaigns to life for brands in Billings, MT and the surrounding areas. The purpose of this entry-level, full-time position is to install and maintain billboards, including the installation…",General Labor - Billboard Installation,45.772763,eyJhbGciOiJIUzI1NiJ9.eyJpIjoiNTc2NDUyNDM4NCIsInMiOiJGcURMX09ObzhSR2pLSklXSE9maUtnIn0.WXI24H99AEfOcE4RZn8y59HRNbcpFjMd5pvAhb1wBzM,5764524384,"['US', 'Montana', 'Yellowstone County', 'Lockwood']",Adzuna::API::Response::Location,"Lockwood, Yellowstone County",Lamar Advertising Company,Adzuna::API::Response::Company,trade-construction-jobs,Adzuna::API::Response::Category,Trade & Construction Jobs,full_time,
57058.25,-108.498415,2026-06-15T13:52:39Z,57058.25,1,Adzuna::API::Response::Job,https://www.adzuna.com/details/5764524386?utm_medium=api&utm_source=abfa41a4,"Would you like to see a different part of your city every day from a bird ’s-eye view? This job is action-packed, and we provide all the training and equipment to start your full-time career. Our Lamar office in Billings, Montana is now hiring a new Operations crew member to help us bring outdoor advertising campaigns to life for brands in Billings, MT and the surrounding areas. The purpose of this entry-level, full-time position is to install and maintain billboards, including the installation…",Construction - Billboard Installer,45.772763,eyJhbGciOiJIUzI1NiJ9.eyJpIjoiNTc2NDUyNDM4NiIsInMiOiJGcURMX09ObzhSR2pLSklXSE9maUtnIn0.O0oGGPehWNij21zaPKZsjdQ635DBHw9l8CSly90qYlk,5764524386,"['US', 'Montana', 'Yellowstone County', 'Lockwood']",Adzuna::API::Response::Location,"Lockwood, Yellowstone County",Lamar Advertising Company,Adzuna::API::Response::Company,trade-construction-jobs,Adzuna::API::Response::Category,Trade & Construction Jobs,full_time,
63738.91,-108.498415,2026-06-15T13:52:39Z,63738.91,1,Adzuna::API::Response::Job,https://www.adzuna.com/details/5764524385?utm_medium=api&utm_source=abfa41a4,"Would you like to see a different part of your city every day from a bird ’s-eye view? This job is action-packed, and we provide all the training and equipment to start your full-time career. Our Lamar office in Billings, Montana is now hiring a new Operations crew member to help us bring outdoor advertising campaigns to life for brands in Billings, MT and the surrounding areas. The purpose of this entry-level, full-time position is to install and maintain billboards, including the installation…",General Labor - Billboard Installation Technician,45.772763,eyJhbGciOiJIUzI1NiJ9.eyJpIjoiNTc2NDUyNDM4NSIsInMiOiJGcURMX09ObzhSR2pLSklXSE9maUtnIn0.YYYMlGN2skGhaYY9r2c7ZEkBiJdtG8qfDJKDUz9m3eI,5764524385,"['US', 'Montana', 'Yellowstone County', 'Lockwood']",Adzuna::API::Response::Location,"Lockwood, Yellowstone County",Lamar Advertising Company,Adzuna::API::Response::Company,trade-construction-jobs,Adzuna::API::Response::Category,Trade & Construction Jobs,full_time,
55534.56,-108.498415,2026-06-15T13:52:39Z,55534.56,1,Adzuna::API::Response::Job,https://www.adzuna.com/details/5764524387?utm_medium=api&utm_source=abfa41a4,"Would you like to see a different part of your city every day from a bird ’s-eye view? This job is action-packed, and we provide all the training and equipment to start your full-time career. Our Lamar office in Billings, Montana is now hiring a new Operations crew member to help us bring outdoor advertising campaigns to life for brands in Billings, MT and the surrounding areas. The purpose of this entry-level, full-time position is to install and maintain billboards, including the installation…",General Laborer - Billboard Installer,45.772763,eyJhbGciOiJIUzI1NiJ9.eyJpIjoiNTc2NDUyNDM4NyIsInMiOiJGcURMX09ObzhSR2pLSklXSE9maUtnIn0.UhB6JoF_b3eLAgs0Ycu4LoRw_kmM8pJ3-lFQ0f19Muc,5764524387,"['US', 'Montana', 'Yellowstone County', 'Lockwood']",Adzuna::API::Response::Location,"Lockwood, Yellowstone County",Lamar Advertising Company,Adzuna::API::Response::Company,trade-construction-jobs,Adzuna::API::Response::Category,Trade & Construction Jobs,full_time,
36932.8,-83.606598,2026-06-15T13:52:35Z,36932.8,1,Adzuna::API::Response::Job,https://www.adzuna.com/details/5764524372?utm_medium=api&utm_source=abfa41a4,"Join Our Team at MasterCorp, Inc.! At MasterCorp, Inc., we provide exceptional service and innovative solutions in the hospitality industry. As a leader in our field, we believe in the power of teamwork, integrity, and a commitment to excellence. Our dynamic and inclusive workplace fosters growth, creativity, and the opportunity to make an impact. We are looking for passionate and driven individuals to join our team and help us continue to deliver outstanding results for our clients. Start your…",Supervisor - Mountain Loft Resort,35.970083,eyJhbGciOiJIUzI1NiJ9.eyJzIjoiRnFETF9PTm84UkdqS0pJV0hPZmlLZyIsImkiOiI1NzY0NTI0MzcyIn0.KqT8nvd2FOm0CEr-5eQ5B_tkh_icWq1QZlNs6tJOPbE,5764524372,"['US', 'Tennessee', 'Sevier County', 'Kodak']",Adzuna::API::Response::Location,"Kodak, Sevier County",MasterCorp,Adzuna::API::Response::Company,hospitality-catering-jobs,Adzuna::API::Response::Category,Hospitality & Catering Jobs,part_time,
36730.41,-83.753011,2026-06-15T13:52:35Z,36730.41,1,Adzuna::API::Response::Job,https://www.adzuna.com/details/5764524377?utm_medium=api&utm_source=abfa41a4,"Join Our Team at MasterCorp, Inc.! At MasterCorp, Inc., we provide exceptional service and innovative solutions in the hospitality industry. As a leader in our field, we believe in the power of teamwork, integrity, and a commitment to excellence. Our dynamic and inclusive workplace fosters growth, creativity, and the opportunity to make an impact. We are looking for passionate and driven individuals to join our team and help us continue to deliver outstanding results for our clients. Start your…",Supervisor - Mountain Loft Resort,35.867836,eyJhbGciOiJIUzI1NiJ9.eyJzIjoiRnFETF9PTm84UkdqS0pJV0hPZmlLZyIsImkiOiI1NzY0NTI0Mzc3In0.yALmwLHq1V3Vw1hIOPYjBFCN8BtjAu8BX90nElzogtU,5764524377,"['US', 'Tennessee', 'Sevier County', 'Seymour']",Adzuna::API::Response::Location,"Seymour, Sevier County",MasterCorp,Adzuna::API::Response::Company,hospitality-catering-jobs,Adzuna::API::Response::Category,Hospitality & Catering Jobs,part_time,
37875.04,-83.471145,2026-06-15T13:52:35Z,37875.04,1,Adzuna::API::Response::Job,https://www.adzuna.com/details/5764524376?utm_medium=api&utm_source=abfa41a4,"Join Our Team at MasterCorp, Inc.! At MasterCorp, Inc., we provide exceptional service and innovative solutions in the hospitality industry. As a leader in our field, we believe in the power of teamwork, integrity, and a commitment to excellence. Our dynamic and inclusive workplace fosters growth, creativity, and the opportunity to make an impact. We are looking for passionate and driven individuals to join our team and help us continue to deliver outstanding results for our clients. Start your…",Supervisor - Mountain Loft Resort,35.731221,eyJhbGciOiJIUzI1NiJ9.eyJpIjoiNTc2NDUyNDM3NiIsInMiOiJGcURMX09ObzhSR2pLSklXSE9maUtnIn0.6IMld4FgGZC2JfRGgd4I3okbu63TOYCy8cencP2YZxc,5764524376,"['US', 'Tennessee', 'Sevier County', 'Gatlinburg']",Adzuna::API::Response::Location,"Gatlinburg, Sevier County",MasterCorp,Adzuna::API::Response::Company,hospitality-catering-jobs,Adzuna::API::Response::Category,Hospitality & Catering Jobs,part_time,
38566.14,-83.5215,2026-06-15T13:52:35Z,38566.14,1,Adzuna::API::Response::Job,https://www.adzuna.com/details/5764524373?utm_medium=api&utm_source=abfa41a4,"Join Our Team at MasterCorp, Inc.! At MasterCorp, Inc., we provide exceptional service and innovative solutions in the hospitality industry. As a leader in our field, we believe in the power of teamwork, integrity, and a commitment to excellence. Our dynamic and inclusive workplace fosters growth, creativity, and the opportunity to make an impact. We are looking for passionate and driven individuals to join our team and help us continue to deliver outstanding results for our clients. Start your…",Supervisor - Mountain Loft Resort,35.876686,eyJhbGciOiJIUzI1NiJ9.eyJzIjoiRnFETF9PTm84UkdqS0pJV0hPZmlLZyIsImkiOiI1NzY0NTI0MzczIn0.A7O4onCOxkfEkugPgP4-48Eq_aPw3jcPki-42sJyuVs,5764524373,"['US', 'Tennessee', 'Sevier County', 'Pigeon Forge']",Adzuna::API::Response::Location,"Pigeon Forge, Sevier County",MasterCorp,Adzuna::API::Response::Company,hospitality-catering-jobs,Adzuna::API::Response::Category,Hospitality & Catering Jobs,part_time,
113361.72,-76.851429,2026-06-15T13:52:19Z,113361.72,1,Adzuna::API::Response::Job,https://www.adzuna.com/details/5764524345?utm_medium=api&utm_source=abfa41a4,"Company Description About Covista Covista is America's largest healthcare educator, serving more than 97,000 students and supported by a community of 385,000 alumni across five accredited institutions. Through personalized, tech-enabled education powered by 10,000 faculty and colleagues, Covista expands access to healthcare careers and addresses the U.S. healthcare workforce shortage at scale. Covista is the parent company of American University of the Caribbean School of Medicine, Chamberlain …","Senior Manager, Paid Media",39.172288,eyJhbGciOiJIUzI1NiJ9.eyJpIjoiNTc2NDUyNDM0NSIsInMiOiJyQTJ1X2VObzhSR3pocVpfQWtNZEVnIn0.3RRck5XL11Dh3ohvSB3_cRIOBJLDg-zzPSqDxmgHPKc,5764524345,"['US', 'Maryland', 'Howard County', 'Simpsonville']",Adzuna::API::Response::Location,"Simpsonville, Howard County",Covista,Adzuna::API::Response::Company,pr-advertising-marketing-jobs,Adzuna::API::Response::Category,"PR, Advertising & Marketing Jobs",full_time,
153345.34,-76.990882,2026-06-15T13:52:18Z,153345.34,1,Adzuna::API::Response::Job,https://www.adzuna.com/details/5764524341?utm_medium=api&utm_source=abfa41a4,"Company Description About Covista Covista is America's largest healthcare educator, serving more than 97,000 students and supported by a community of 385,000 alumni across five accredited institutions. Through personalized, tech-enabled education powered by 10,000 faculty and colleagues, Covista expands access to healthcare careers and addresses the U.S. healthcare workforce shortage at scale. Covista is the parent company of American University of the Caribbean School of Medicine, Chamberlain …","Director, State Government Relations & Public Affairs",38.903862,eyJhbGciOiJIUzI1NiJ9.eyJpIjoiNTc2NDUyNDM0MSIsInMiOiJyQTJ1X2VObzhSR3pocVpfQWtNZEVnIn0.LpLjP6Oo4TVC_tgSVL9xR3B1ySUlDtFvb77Jw9ph8IM,5764524341,"['US', 'Maryland', ""Prince George's County"", 'Mount Rainier']",Adzuna::API::Response::Location,"Mount Rainier, Prince George's County",Covista,Adzuna::API::Response::Company,pr-advertising-marketing-jobs,Adzuna::API::Response::Category,"PR, Advertising & Marketing Jobs",full_time,
88563.89,-81.374139,2026-06-15T13:52:14Z,88563.89,1,Adzuna::API::Response::Job,https://www.adzuna.com/details/5764524326?utm_medium=api&utm_source=abfa41a4,"Auto Body Technician Classic Collision was established in 1983 in Atlanta, Georgia with one single goal: To offer quality service to its customers with integrity and honesty. Be a part of a rapidly growing company whose mission is to put safety, quality, integrity, and heart into every vehicle we repair and customer we serve. Classic Collision offers competitive pay, benefits, and career advancement opportunities. Please come and join our team! Why Choose Classic Collision? Paid Weekly Continuo…",Auto Body Technician,28.541508,eyJhbGciOiJIUzI1NiJ9.eyJzIjoickEydV9lTm84Ukd6aHFaX0FrTWRFZyIsImkiOiI1NzY0NTI0MzI2In0.bvy1jjWlC8przArztl5jQUAUHqFT1SIUuluNl7E4esY,5764524326,"['US', 'Florida', 'Orange County', 'Orlando']",Adzuna::API::Response::Location,"Orlando, Orange County",Classic Collision,Adzuna::API::Response::Company,engineering-jobs,Adzuna::API::Response::Category,Engineering Jobs,full_time,
79040.58,-97.4029,2026-06-15T13:52:03Z,79040.58,1,Adzuna::API::Response::Job,https://www.adzuna.com/land/ad/5764524311?se=rA2u_eNo8RGzhqZ_AkMdEg&utm_medium=api&utm_source=abfa41a4&v=9672A6566D04210DF183301E88C127E3FBBE1BC3,"We’re looking for a Physical Therapist to take on a full-time role with an outpatient facility in Purcell, OK. You will help patients move better, feel better, and stay active—whether they are recovering from an injury or managing long-term conditions. Apply today and a recruiter will reach out with the details. Minimum Requirements: Degree from a CAPTE-accredited Physical Therapy program. Active Oklahoma Physical Therapy license or eligibility for state licensure. Experience working in an outp…",Physical Therapist - Full Time,35.014255,eyJhbGciOiJIUzI1NiJ9.eyJzIjoickEydV9lTm84Ukd6aHFaX0FrTWRFZyIsImkiOiI1NzY0NTI0MzExIn0.lVkyjHej2YNzqesT3o8nThYOmQRd02VWlFUg06Eu4Bc,5764524311,"['US', 'Oklahoma', 'McClain County', 'Purcell']",Adzuna::API::Response::Location,"Purcell, McClain County",Jackson Therapy Partners,Adzuna::API::Response::Company,healthcare-nursing-jobs,Adzuna::API::Response::Category,Healthcare & Nursing Jobs,full_time,permanent
75360.44,-81.23628,2026-06-15T13:51:58Z,75360.44,1,Adzuna::API::Response::Job,https://www.adzuna.com/land/ad/5764524306?se=rA2u_eNo8RGzhqZ_AkMdEg&utm_medium=api&utm_source=abfa41a4&v=7B579DCD2FC441231A2EA941F43A683DF24EC524,"Looking for a change of scenery and a chance to help others. Join a traveling Physical Therapist role in Lexington, SC at an outpatient clinic where you will help patients recover from injuries and manage chronic conditions while experiencing a new location. Apply now and we’ll connect you with a recruiter who'll reach out with more details. Minimum Requirements Bachelor's, Master's, or Doctoral degree in Physical Therapy from an accredited program approved by the APTA. Active South Carolina ph…",Physical Therapist - Travel Contract,33.9813,eyJhbGciOiJIUzI1NiJ9.eyJpIjoiNTc2NDUyNDMwNiIsInMiOiJyQTJ1X2VObzhSR3pocVpfQWtNZEVnIn0.dDLbl2qfSMQoGtABVWUu2Gr7v7ltcMpPdzZArXgmweI,5764524306,"['US', 'South Carolina', 'Lexington County', 'Lexington']",Adzuna::API::Response::Location,"Lexington, Lexington County",Jackson Therapy Partners,Adzuna::API::Response::Company,healthcare-nursing-jobs,Adzuna::API::Response::Category,Healthcare & Nursing Jobs,,contract
59747.4,-94.968883,2026-06-15T13:51:52Z,59747.4,1,Adzuna::API::Response::Job,https://www.adzuna.com/land/ad/5764524298?se=rA2u_eNo8RGzhqZ_AkMdEg&utm_medium=api&utm_source=abfa41a4&v=D5E2D14252C5B7B1ADA8FC31C54655ABAE646146,"Travel Speech Language Pathologist Company: Fusion Medical Staffing Location: Facility in Tahlequah, Oklahoma Job Details Fusion Medical Staffing is seeking a skilled Speech Language Pathologist for a 10-week travel assignment in Tahlequah, Oklahoma. As a member of our team, you'll have the opportunity to make a positive impact on the lives of patients while enjoying competitive pay, comprehensive benefits, and the support of a dedicated clinical team. Required Qualifications: Valid Speech Lang…",Travel Speech Language Pathologist (SLP),35.913365,eyJhbGciOiJIUzI1NiJ9.eyJzIjoickEydV9lTm84Ukd6aHFaX0FrTWRFZyIsImkiOiI1NzY0NTI0Mjk4In0.Ex9Uc-2wtkZMFpCQXcfFUqWTBrD9v7tQsZGpoNAYtrs,5764524298,"['US', 'Oklahoma', 'Cherokee County', 'Tahlequah']",Adzuna::API::Response::Location,"Tahlequah, Cherokee County",Fusion Medical Staffing,Adzuna::API::Response::Company,healthcare-nursing-jobs,Adzuna::API::Response::Category,Healthcare & Nursing Jobs,,
28358.84,-77.138943,2026-06-15T13:51:50Z,28358.84,1,Adzuna::API::Response::Job,https://www.adzuna.com/land/ad/5764524294?se=rA2u_eNo8RGzhqZ_AkMdEg&utm_medium=api&utm_source=abfa41a4&v=9A8A617B920F6F5915668BB5DD74D8F5B7C8C493,"Travel Cath Lab RN Company: Fusion Medical Staffing Location: Facility in Arlington, Virginia Job Details Fusion Medical Staffing is seeking a skilled Cardiac Cath Lab RN for a 13-week travel assignment in Arlington, Virginia. As a member of our team, you'll have the opportunity to make a positive impact on the lives of patients while enjoying competitive pay, comprehensive benefits, and the support of a dedicated clinical team. Required Qualifications: One year’s recent experience as a Cath La…",Travel Cath Lab RN,38.883188,eyJhbGciOiJIUzI1NiJ9.eyJzIjoickEydV9lTm84Ukd6aHFaX0FrTWRFZyIsImkiOiI1NzY0NTI0Mjk0In0.A25MTD7-cm3lFumlwflbUEyiiXSUAa7gSj3sTWt7J3Q,5764524294,"['US', 'Virginia', 'Fairfax County', 'Seven Corners']",Adzuna::API::Response::Location,"Seven Corners, Fairfax County",Fusion Medical Staffing,Adzuna::API::Response::Company,healthcare-nursing-jobs,Adzuna::API::Response::Category,Healthcare & Nursing Jobs,,
142578.38,-75.47453,2026-06-15T13:51:49Z,142578.38,1,Adzuna::API::Response::Job,https://www.adzuna.com/land/ad/5764524292?se=rA2u_eNo8RGzhqZ_AkMdEg&utm_medium=api&utm_source=abfa41a4&v=EF1E8A8D11A60CAD9C328399C1A60FEF9AD2F921,"Travel Respiratory Therapist Company: Fusion Medical Staffing Location: Facility in Allentown, Pennsylvania Job Details Fusion Medical Staffing is seeking a skilled Respiratory Therapist for a 13-week travel assignment in Allentown, Pennsylvania. As a member of our team, you'll have the opportunity to make a positive impact on the lives of patients while enjoying competitive pay, comprehensive benefits, and the support of a dedicated clinical team. Required Qualifications: One year of recent ex…",Travel Respiratory Therapist (RRT),40.577783,eyJhbGciOiJIUzI1NiJ9.eyJpIjoiNTc2NDUyNDI5MiIsInMiOiJyQTJ1X2VObzhSR3pocVpfQWtNZEVnIn0.LasCnvGom8qRev9BUiJ3qPxNQtlptAYM0Ayzrd3Lzc4,5764524292,"['US', 'Pennsylvania', 'Northampton County', 'Lehigh Valley']",Adzuna::API::Response::Location,"Lehigh Valley, Northampton County",Fusion Medical Staffing,Adzuna::API::Response::Company,healthcare-nursing-jobs,Adzuna::API::Response::Category,Healthcare & Nursing Jobs,,
30416.62,-84.161702,2026-06-15T13:51:45Z,30416.62,1,Adzuna::API::Response::Job,https://www.adzuna.com/details/5764524284?utm_medium=api&utm_source=abfa41a4,"Requirements: You must be 18 years old For safety reasons, basic English proficiency is required A pre-employment criminal background check is required Able to lift up-to 30lbs Job Duties: As you might expect, cleaning is at the heart of what your job will entail. For the most part, you’ll be: Cleaning restrooms Taking out the trash Sanitizing/dusting surfaces Sweeping/mopping floors Why Join the Marsden Family? Scioto Services a Marsden Holding Company, is a facility services provider with an …",2nd Shift - Full Time - Cleaner - Dayton,39.786452,eyJhbGciOiJIUzI1NiJ9.eyJzIjoickEydV9lTm84Ukd6aHFaX0FrTWRFZyIsImkiOiI1NzY0NTI0Mjg0In0.X2RVFxEGQ8keqU86aDurkp8FNAfIS0R0fpGksutiQe8,5764524284,"['US', 'Ohio', 'Greene County', 'Riverside']",Adzuna::API::Response::Location,"Riverside, Greene County",Scioto Services,Adzuna::API::Response::Company,domestic-help-cleaning-jobs,Adzuna::API::Response::Category,Domestic help & Cleaning Jobs,full_time,
29415.78,-97.60465,2026-06-15T13:51:42Z,29415.78,1,Adzuna::API::Response::Job,https://www.adzuna.com/details/5764524278?utm_medium=api&utm_source=abfa41a4,"BURNCO is a leading supplier of construction materials, proudly serving communities across North America. We are committed to quality, safety, and customer service, and we’re building a team that reflects those same values. Are you a hands-on worker who takes pride in keeping things running smoothly and safely? We’re hiring a Yard Laborer in Texas If you enjoy working outdoors, operating equipment, and tackling a variety of maintenance and landscaping tasks, we want to hear from you! You will h…",Yard Laborer,32.69826,eyJhbGciOiJIUzI1NiJ9.eyJzIjoickEydV9lTm84Ukd6aHFaX0FrTWRFZyIsImkiOiI1NzY0NTI0Mjc4In0.UfUKsM75Ch4xTn0S1C-C_Lu2bYL-BXqW0lZaH2B3mB4,5764524278,"['US', 'Texas', 'Parmer County', 'Aledo']",Adzuna::API::Response::Location,"Aledo, Parmer County",BURNCO Texas LLC,Adzuna::API::Response::Company,trade-construction-jobs,Adzuna::API::Response::Category,Trade & Construction Jobs,full_time,permanent
85225.91,-81.37013,2026-06-15T13:51:35Z,85225.91,1,Adzuna::API::Response::Job,https://www.adzuna.com/details/5764524250?utm_medium=api&utm_source=abfa41a4,"Meet Leaf Home. We turn complex home improvement projects and endless to-dos into achievements. With more than 50% of homeowners worried about the cost and effort of home maintenance, we deliver remarkable, end-to-end experiences. And get the job done right, at every step. Bringing innovative products, the best people, and the highest standards to every project. Trusted by more than 1 million homeowners across the US and Canada, we are America’s largest direct-to-consumer full-service provider …",Field Install Trainer,28.665705,eyJhbGciOiJIUzI1NiJ9.eyJzIjoickEydV9lTm84Ukd6aHFaX0FrTWRFZyIsImkiOiI1NzY0NTI0MjUwIn0.VZDRRvm0JAamDpAEiGtBU8RsfnS_xMiYk5xCDJOLjso,5764524250,"['US', 'Florida', 'Seminole County', 'Altamonte Springs']",Adzuna::API::Response::Location,"Altamonte Springs, Seminole County",LeafHome,Adzuna::API::Response::Company,engineering-jobs,Adzuna::API::Response::Category,Engineering Jobs,full_time,
55635.39,-80.133644,2026-06-15T13:51:15Z,55635.39,1,Adzuna::API::Response::Job,https://www.adzuna.com/details/5764524209?utm_medium=api&utm_source=abfa41a4,"Our client, a dynamic player in the logistics industry, is seeking a Daylight Warehouse Associate to join their team. As a Daylight Warehouse Associate, you will be part of a dedicated team supporting essential operations. The ideal candidate will have a strong work ethic, excellent teamwork skills, and the ability to stay active throughout the shift, which will align successfully with the organization's goals. Job Title: Daylight Warehouse Associate Location: Zelienople, PA Pay Range: $19/hr W…",Daylight Warehouse Associate,40.779995,eyJhbGciOiJIUzI1NiJ9.eyJpIjoiNTc2NDUyNDIwOSIsInMiOiJyQTJ1X2VObzhSR3pocVpfQWtNZEVnIn0.iUxv4XfqgQHGFJJZRxVYZvIAUXv5I6hCs6ZkEgY018s,5764524209,"['US', 'Pennsylvania', 'Butler County', 'Zelienople']",Adzuna::API::Response::Location,"Zelienople, Butler County",Manpower,Adzuna::API::Response::Company,logistics-warehouse-jobs,Adzuna::API::Response::Category,Logistics & Warehouse Jobs,full_time,
24935.03,-82.965488,2026-06-15T13:51:12Z,24935.03,1,Adzuna::API::Response::Job,https://www.adzuna.com/details/5764524202?utm_medium=api&utm_source=abfa41a4,Travel Nurse - Tele Epic Travel Staffing is hiring a Travel Nurse - Tele. We`ll be your ticket to the travel RN - Telemetry job you`ll love with unparalleled recruiter support and industry-best benefits. Shift: Nights Length: 16 Start Date: 07/27/2026 Profession: Nurse ( RN ) - Tele ( Telemetry ) Epic Travel Staffing: Day 1 health insurance coverage and comprehensive benefits options 401(k) matching program Weekly direct deposit Industry leading allowances and reimbursements Referral program wi…,Travel Nurse (RN) - Tele (Telemetry),40.041105,eyJhbGciOiJIUzI1NiJ9.eyJpIjoiNTc2NDUyNDIwMiIsInMiOiJyQTJ1X2VObzhSR3pocVpfQWtNZEVnIn0.FjlUz9eaFI2TP0NfvdPm8ucMmfjgpjBE89WVOf61OeU,5764524202,"['US', 'Ohio', 'Franklin County', 'Minerva Park']",Adzuna::API::Response::Location,"Minerva Park, Franklin County",Epic Travel Staffing,Adzuna::API::Response::Company,hospitality-catering-jobs,Adzuna::API::Response::Category,Hospitality & Catering Jobs,,permanent
92965.91,-90.64908,2026-06-15T13:50:56Z,92965.91,1,Adzuna::API::Response::Job,https://www.adzuna.com/land/ad/5764524188?se=rA2u_eNo8RGzhqZ_AkMdEg&utm_medium=api&utm_source=abfa41a4&v=7A65591115BC860704C691D55717B8E644B96E49,"BECOME A US FOODS® DRIVER! Ready to build a career with a company that’s leading the foodservice industry? We help YOU make it! Our Delivery Drivers start at $29 /hour with weekly pay ! Top performers are making over $100k! The current schedule is a 5-day work week during Monday - Saturday with a 3am-5am start time, averaging 45 hours a week. Home daily! Benefits medical, dental, vision, 401K, life insurance, strong safety culture, and much more! Excellent local leadership. US Foods is one of t…",CDL Local Driver,38.73156,eyJhbGciOiJIUzI1NiJ9.eyJzIjoickEydV9lTm84Ukd6aHFaX0FrTWRFZyIsImkiOiI1NzY0NTI0MTg4In0.xy1q8T8FxWgavA-ihgHwyer_wTX4DSKDKHvWtY9diPA,5764524188,"['US', 'Missouri', 'Saint Charles County', 'Cottleville']",Adzuna::API::Response::Location,"Cottleville, Saint Charles County","US Foods, Inc.",Adzuna::API::Response::Company,logistics-warehouse-jobs,Adzuna::API::Response::Category,Logistics & Warehouse Jobs,,
202163.33,-92.079296,2026-06-15T13:50:35Z,202163.33,1,Adzuna::API::Response::Job,https://www.adzuna.com/details/5764524165?utm_medium=api&utm_source=abfa41a4,"Job Description: Responsible for organizing and providing nursing care to patients through the process of assessment, planning, intervention, and evaluation. Delegates aspects of care to other nursing personnel based upon their licensure, preparation and job descriptions. Contributes to the meeting of the mission and goals of the facility and Essentia, and meets the requirements of the Joint Commission if applicable and/or other federal, state and local regulatory or accrediting agencies Educat…",RN - Operating Room,46.762471,eyJhbGciOiJIUzI1NiJ9.eyJzIjoickEydV9lTm84Ukd6aHFaX0FrTWRFZyIsImkiOiI1NzY0NTI0MTY1In0.JPAJHq8voQ5Eb74f4SMmDzeREUyDyiNGdL_8NiR09D4,5764524165,"['US', 'Minnesota', 'Saint Louis County', 'Duluth']",Adzuna::API::Response::Location,"Duluth, Saint Louis County",Essentia Health,Adzuna::API::Response::Company,healthcare-nursing-jobs,Adzuna::API::Response::Category,Healthcare & Nursing Jobs,part_time,
0.0,-112.0772,2026-06-15T13:50:30Z,126724.0,0,Adzuna::API::Response::Job,https://www.adzuna.com/land/ad/5764524153?se=rA2u_eNo8RGzhqZ_AkMdEg&utm_medium=api&utm_source=abfa41a4&v=6F68A0108B4688545EFA2574D65D87BE0A062E29,"Noor Inc. is seeking a travel nurse RN CVICU for a travel nursing job in Phoenix, Arizona. Job Description & Requirements Specialty: CVICU Discipline: RN Start Date: 07/06/2026 Duration: 13 weeks 36 hours per week Shift: 12 hours, nights Employment Type: Travel Estimated Gross Weekly Pay: $ 2436.64 Opportunity: CTICU/CVICU Job Details: • Work 12-hour night shifts from 7:00 PM to 7:00 AM • 4 total weekend shifts required per 4 weeks • Holiday coverage based on unit needs • Patient ratios of 1:1-…","Travel Nurse RN - CVICU - $2,437 per week",33.449188,eyJhbGciOiJIUzI1NiJ9.eyJpIjoiNTc2NDUyNDE1MyIsInMiOiJyQTJ1X2VObzhSR3pocVpfQWtNZEVnIn0.joNf-LUgtUxsPIdkbfRxSyQ-B_jPExIN6hoCNVKRPTA,5764524153,"['US', 'Arizona', 'Maricopa County', 'Phoenix']",Adzuna::API::Response::Location,"Phoenix, Maricopa County",Noor Inc.,Adzuna::API::Response::Company,healthcare-nursing-jobs,Adzuna::API::Response::Category,Healthcare & Nursing Jobs,,
0.0,-106.103483,2026-06-15T13:50:30Z,141336.0,0,Adzuna::API::Response::Job,https://www.adzuna.com/land/ad/5764524156?se=rA2u_eNo8RGzhqZ_AkMdEg&utm_medium=api&utm_source=abfa41a4&v=90BB757794879545CCAC0D5C140753D2C23F233E,"Noor Inc. is seeking a travel CT Technologist for a travel job in Frisco, Colorado. Job Description & Requirements Specialty: CT Technologist Discipline: Allied Health Professional Start Date: 07/06/2026 Duration: 13 weeks 36 hours per week Shift: 12 hours, days Employment Type: Travel Estimated Gross Weekly Pay: $ 2717.60 Opportunity: Radiology - CT/Xray/MRI Tech Job Details: • Work 12-hour day shifts from 7:00 AM to 7:00 PM with call responsibilities • MRI call required with 30-minute respons…","Travel CT Technologist - $2,718 per week",39.570063,eyJhbGciOiJIUzI1NiJ9.eyJzIjoickEydV9lTm84Ukd6aHFaX0FrTWRFZyIsImkiOiI1NzY0NTI0MTU2In0.bKcXScTqdWM0hwbcqdCMaE7LB59jTdm0AJxjRc6A8_s,5764524156,"['US', 'Colorado', 'Summit County', 'Frisco']",Adzuna::API::Response::Location,"Frisco, Summit County",Noor Inc.,Adzuna::API::Response::Company,healthcare-nursing-jobs,Adzuna::API::Response::Category,Healthcare & Nursing Jobs,,
0.0,-73.97528,2026-06-15T13:50:29Z,137748.0,0,Adzuna::API::Response::Job,https://www.adzuna.com/land/ad/5764524142?se=rA2u_eNo8RGzhqZ_AkMdEg&utm_medium=api&utm_source=abfa41a4&v=ACC77336E517F60F5FEA2C0994A226183FB12350,"Medical Solutions is seeking a travel nurse RN Cardiac Cath Lab for a travel nursing job in New York, New York. Job Description & Requirements Specialty: Cardiac Cath Lab Discipline: RN Duration: 13 weeks 34 hours per week Shift: 12 hours, days Employment Type: Travel We’re seeking talented healthcare professionals whose adventure game is as strong as their clinical game. Those that want flexibility and high pay, we have the positions for you! Some of the industry-leading benefits enjoyed by Me…","Travel Cardiac Cath Lab RN - $2,649 per week",40.75284,eyJhbGciOiJIUzI1NiJ9.eyJpIjoiNTc2NDUyNDE0MiIsInMiOiJyQTJ1X2VObzhSR3pocVpfQWtNZEVnIn0.6FMI71PxZLWu0BNGcHM80c56wg-voZk438-bbQq_2XA,5764524142,"['US', 'New York', 'New York City', 'Manhattan', 'Grand Central']",Adzuna::API::Response::Location,"Grand Central, Manhattan",Medical Solutions,Adzuna::API::Response::Company,healthcare-nursing-jobs,Adzuna::API::Response::Category,Healthcare & Nursing Jobs,,
0.0,-82.965488,2026-06-15T13:50:29Z,128180.0,0,Adzuna::API::Response::Job,https://www.adzuna.com/land/ad/5764524138?se=rA2u_eNo8RGzhqZ_AkMdEg&utm_medium=api&utm_source=abfa41a4&v=55C7561D16EA763EA6BBDBCDE0145BDE3F3D8577,"Trailblazer Staffing Solutions is seeking a travel nurse RN PACU - Post Anesthesia Care for a travel nursing job in Columbus, Ohio. Job Description & Requirements Specialty: PACU - Post Anesthesia Care Discipline: RN Start Date: 07/13/2026 Duration: 13 weeks 40 hours per week Shift: 8 hours, nights Employment Type: Travel Minimum Requirements: 2 years of experience in the job specialty, BLS certification, and any applicable state licensure or specialty certifications required for the role. Trai…","Travel PACU Registered Nurse - $2,465 per week",40.041105,eyJhbGciOiJIUzI1NiJ9.eyJzIjoickEydV9lTm84Ukd6aHFaX0FrTWRFZyIsImkiOiI1NzY0NTI0MTM4In0.FfMweWaxTXsAoi1VJYudL7cWkBs8ANSybVZuCy1qKZQ,5764524138,"['US', 'Ohio', 'Franklin County', 'Minerva Park']",Adzuna::API::Response::Location,"Minerva Park, Franklin County",Trailblazer Staffing Solutions,Adzuna::API::Response::Company,healthcare-nursing-jobs,Adzuna::API::Response::Category,Healthcare & Nursing Jobs,,
0.0,-84.3879,2026-06-15T13:50:29Z,138736.0,0,Adzuna::API::Response::Job,https://www.adzuna.com/land/ad/5764524140?se=rA2u_eNo8RGzhqZ_AkMdEg&utm_medium=api&utm_source=abfa41a4&v=1932B7BEB767155D9D44AC321CC6EC79BFAF41E6,"Enterprise Solutions, Inc. is seeking a travel nurse RN NICU - Neonatal Intensive Care for a travel nursing job in Atlanta, Georgia. Job Description & Requirements Specialty: NICU - Neonatal Intensive Care Discipline: RN Start Date: 07/06/2026 Duration: 13 weeks 36 hours per week Shift: 12 hours, nights Employment Type: Travel NICU RN Weekend BLOCK Nights - Friday, Sat, Sunday PALS required, NRP preferred Open to float to other units. Must work at least one holiday if it falls during contract R…","Travel Nurse RN - NICU - Neonatal Intensive Care - $2,668 per week",33.7487,eyJhbGciOiJIUzI1NiJ9.eyJzIjoickEydV9lTm84Ukd6aHFaX0FrTWRFZyIsImkiOiI1NzY0NTI0MTQwIn0.LKBBe_qGCTml6hL18w4-vkkUYsK2BoL-hT6VvJWbjDA,5764524140,"['US', 'Georgia', 'DeKalb County', 'Northlake']",Adzuna::API::Response::Location,"Northlake, DeKalb County","Enterprise Solutions, Inc.",Adzuna::API::Response::Company,healthcare-nursing-jobs,Adzuna::API::Response::Category,Healthcare & Nursing Jobs,,
0.0,-86.526389,2026-06-15T13:50:29Z,136760.0,0,Adzuna::API::Response::Job,https://www.adzuna.com/land/ad/5764524143?se=rA2u_eNo8RGzhqZ_AkMdEg&utm_medium=api&utm_source=abfa41a4&v=1C4AD654C960208AFD325EE82856B43B441A1541,"Trailblazer Staffing Solutions is seeking a travel CT Technologist for a travel job in Avon, Indiana. Job Description & Requirements Specialty: CT Technologist Discipline: Allied Health Professional Start Date: 07/06/2026 Duration: 13 weeks 36 hours per week Shift: 12 hours, nights Employment Type: Travel Minimum Requirements: 2 years of experience in the job specialty, BLS certification, and any applicable state licensure or specialty certifications required for the role. Trailblazer Staffing …","Travel CT Technologist - $2,630 per week",39.760556,eyJhbGciOiJIUzI1NiJ9.eyJpIjoiNTc2NDUyNDE0MyIsInMiOiJyQTJ1X2VObzhSR3pocVpfQWtNZEVnIn0.4nfZSn2PAmSIgISWfW8x174skgtzLX-R_TCCOHnuRaY,5764524143,"['US', 'Indiana', 'Hendricks County', 'Danville']",Adzuna::API::Response::Location,"Danville, Hendricks County",Trailblazer Staffing Solutions,Adzuna::API::Response::Company,healthcare-nursing-jobs,Adzuna::API::Response::Category,Healthcare & Nursing Jobs,,
0.0,-97.42608,2026-06-15T13:50:29Z,131976.0,0,Adzuna::API::Response::Job,https://www.adzuna.com/land/ad/5764524149?se=rA2u_eNo8RGzhqZ_AkMdEg&utm_medium=api&utm_source=abfa41a4&v=1F02E97BE25784DE4582062FF55298F8E6730657,"Noor Inc. is seeking a travel Outpatient Physical Therapist for a travel job in Norfolk, Nebraska. Job Description & Requirements Specialty: Physical Therapist Discipline: Therapy Start Date: ASAP Duration: 13 weeks 36 hours per week Shift: 12 hours, rotating Employment Type: Travel Estimated Gross Weekly Pay: $ 2537.68 Opportunity: Physical Therapist - Outpatient Job Details: • Work 8-hour shifts with varied start times from 7:30 AM to 8:00 AM • Treat 10-12 patients per day in scheduled 1:1 ca…","Travel Outpatient Physical Therapist - $2,538 per week",42.04752,eyJhbGciOiJIUzI1NiJ9.eyJpIjoiNTc2NDUyNDE0OSIsInMiOiJyQTJ1X2VObzhSR3pocVpfQWtNZEVnIn0.io2oO0fK0qwMuT-VwgTS8hNf3NqQ044K1l0Djh0b-Sc,5764524149,"['US', 'Nebraska', 'Madison County', 'Norfolk']",Adzuna::API::Response::Location,"Norfolk, Madison County",Noor Inc.,Adzuna::API::Response::Company,healthcare-nursing-jobs,Adzuna::API::Response::Category,Healthcare & Nursing Jobs,,
0.0,-81.72947,2026-06-15T13:50:29Z,130676.0,0,Adzuna::API::Response::Job,https://www.adzuna.com/land/ad/5764524141?se=rA2u_eNo8RGzhqZ_AkMdEg&utm_medium=api&utm_source=abfa41a4&v=9D8DC164705DE134AFA7C00FD625706C415E7EAD,"Malone Healthcare - Nursing is seeking a travel nurse RN Cardiac Cath Lab for a travel nursing job in Parma, Ohio. Job Description & Requirements Specialty: Cardiac Cath Lab Discipline: RN Start Date: 07/27/2026 Duration: 13 weeks 40 hours per week Shift: 10 hours, days Employment Type: Travel About Malone Healthcare - Nursing With a commitment to providing a higher standard of service and experience in patient care, Malone Healthcare places expert nurses and allied health professionals in rewa…","Travel Nurse RN - Cardiac Cath Lab - $2,513 per week",41.388641,eyJhbGciOiJIUzI1NiJ9.eyJpIjoiNTc2NDUyNDE0MSIsInMiOiJyQTJ1X2VObzhSR3pocVpfQWtNZEVnIn0.b87aOOGYK_0FN8nD9Y4ZpL88fSA7rkW8WpdmPJb-tAM,5764524141,"['US', 'Ohio', 'Cuyahoga County', 'Parma']",Adzuna::API::Response::Location,"Parma, Cuyahoga County",Malone Healthcare - Nursing,Adzuna::API::Response::Company,healthcare-nursing-jobs,Adzuna::API::Response::Category,Healthcare & Nursing Jobs,,
0.0,-121.398884,2026-06-15T13:50:29Z,131612.0,0,Adzuna::API::Response::Job,https://www.adzuna.com/land/ad/5764524150?se=rA2u_eNo8RGzhqZ_AkMdEg&utm_medium=api&utm_source=abfa41a4&v=F0EF2DF70BF5A19874B06C9E5AD321209B9B28DE,"Noor Inc. is seeking a travel Outpatient Physical Therapist for a travel job in Sacramento, California. Job Description & Requirements Specialty: Physical Therapist Discipline: Therapy Start Date: 08/04/2026 Duration: 14 weeks 40 hours per week Shift: 8 hours, days Employment Type: Travel Estimated Gross Weekly Pay: $ 2530.80 Opportunity: PT Outpatient Job Details: • Work Monday through Friday from 8:00 AM to 4:30 PM with required 30-minute lunch break • Treat approximately 9-11 patients per da…","Travel Outpatient Physical Therapist - $2,531 per week",38.484098,eyJhbGciOiJIUzI1NiJ9.eyJpIjoiNTc2NDUyNDE1MCIsInMiOiJyQTJ1X2VObzhSR3pocVpfQWtNZEVnIn0.rht6oktmkRaFUbyPORa26SPSASLVsuoQdpSX8uRxHYQ,5764524150,"['US', 'California', 'Sacramento County', 'Florin']",Adzuna::API::Response::Location,"Florin, Sacramento County",Noor Inc.,Adzuna::API::Response::Company,healthcare-nursing-jobs,Adzuna::API::Response::Category,Healthcare & Nursing Jobs,,
80000.0,-79.8624,2026-06-15T13:50:29Z,120000.0,0,Adzuna::API::Response::Job,https://www.adzuna.com/land/ad/5764524124?se=rA2u_eNo8RGzhqZ_AkMdEg&utm_medium=api&utm_source=abfa41a4&v=4C9081A3378380A58798ABDBDC5DADD012DD6020,"Graham Healthcare Group is seeking a Home Health Physical Therapist for a job in Braddock, Pennsylvania. Job Description & Requirements Specialty: Physical Therapist Discipline: Therapy Duration: Ongoing 40 hours per week Shift: 8 hours Employment Type: Staff At AHN Healthcare@Home, we’re looking to add to our extraordinary care team. Grounded by our belief that outstanding care is best delivered in a team-based environment, our home health physical therapists collaborate to provide management …",Home Health Physical Therapist - $80K-120K per year,40.4037,eyJhbGciOiJIUzI1NiJ9.eyJpIjoiNTc2NDUyNDEyNCIsInMiOiJyQTJ1X2VObzhSR3pocVpfQWtNZEVnIn0.-laIxsrpEkPKndKiHVHgFSxq4ucZ9aUkEenGSxd0Gv8,5764524124,"['US', 'Pennsylvania', 'Allegheny County', 'Braddock']",Adzuna::API::Response::Location,"Braddock, Allegheny County",Graham Healthcare Group,Adzuna::API::Response::Company,healthcare-nursing-jobs,Adzuna::API::Response::Category,Healthcare & Nursing Jobs,,
0.0,-77.45,2026-06-15T13:50:29Z,135876.0,0,Adzuna::API::Response::Job,https://www.adzuna.com/land/ad/5764524145?se=rA2u_eNo8RGzhqZ_AkMdEg&utm_medium=api&utm_source=abfa41a4&v=A37C70D56FC8E264C79E93C93BFF722472458F9B,"Noor Inc. is seeking a travel CT Technologist for a travel job in Richmond, Virginia. Job Description & Requirements Specialty: CT Technologist Discipline: Allied Health Professional Start Date: ASAP Duration: 13 weeks 36 hours per week Shift: 12 hours, days Employment Type: Travel Estimated Gross Weekly Pay: $ 2612.52 Opportunity: Radiologic Technologist - Emergency Room Job Details: • Work 36 hours per week with varying schedules including weekends and holiday rotation • No on-call responsibi…","Travel CT Technologist - $2,613 per week",37.56,eyJhbGciOiJIUzI1NiJ9.eyJzIjoickEydV9lTm84Ukd6aHFaX0FrTWRFZyIsImkiOiI1NzY0NTI0MTQ1In0.0BuFws_UixUw7f6aWLNJLYnfdxPIb-A0BSiI6YYQ1oQ,5764524145,"['US', 'Virginia', 'Richmond County', 'Richmond']",Adzuna::API::Response::Location,"Richmond, Richmond County",Noor Inc.,Adzuna::API::Response::Company,healthcare-nursing-jobs,Adzuna::API::Response::Category,Healthcare & Nursing Jobs,,
0.0,-118.2538,2026-06-15T13:50:29Z,226720.0,0,Adzuna::API::Response::Job,https://www.adzuna.com/land/ad/5764524137?se=rA2u_eNo8RGzhqZ_AkMdEg&utm_medium=api&utm_source=abfa41a4&v=06233E5E971D22F7F3D3C055438791C32470BBBA,"LanceSoft is seeking a travel Pediatric Echocardiography for a travel job in Los Angeles, California. Job Description & Requirements Specialty: Pediatric Echocardiography Discipline: Allied Health Professional Start Date: 07/13/2026 Duration: 13 weeks 40 hours per week Shift: 8 hours, days Employment Type: Travel Descriptipn: FLOAT REQ: as needed SHIFT: M-F 8-5 WEEKEND REQ: Possible night and weekend call YEARS of EXPERIENCE REQ: 3 years of Pediatric/Fetal echo tech experience CERTS REQ: ARDMS-…","Travel Pediatric Echocardiography - $4,360 per week",34.0414,eyJhbGciOiJIUzI1NiJ9.eyJpIjoiNTc2NDUyNDEzNyIsInMiOiJyQTJ1X2VObzhSR3pocVpfQWtNZEVnIn0.QMGHNGbcbIVqK4wCZfNnr62qNYqh87Cvhg_DF0F7UEU,5764524137,"['US', 'California', 'Los Angeles County', 'Textile Finance']",Adzuna::API::Response::Location,"Textile Finance, Los Angeles County",LanceSoft,Adzuna::API::Response::Company,healthcare-nursing-jobs,Adzuna::API::Response::Category,Healthcare & Nursing Jobs,,
0.0,-104.781265,2026-06-15T13:50:29Z,129480.0,0,Adzuna::API::Response::Job,https://www.adzuna.com/land/ad/5764524147?se=rA2u_eNo8RGzhqZ_AkMdEg&utm_medium=api&utm_source=abfa41a4&v=5CC94094AFE65ACB4ABC6DFAD3E3EAADC8A4B1DD,"Noor Inc. is seeking a travel nurse RN Float Telemetry for a travel nursing job in Centennial, Colorado. Job Description & Requirements Specialty: Telemetry Discipline: RN Start Date: 07/06/2026 Duration: 13 weeks 36 hours per week Shift: 12 hours, nights Employment Type: Travel Estimated Gross Weekly Pay: $ 2490.20 Opportunity: RN - Float Pool Job Details: • Work 12-hour night shifts (7:00 PM to 7:00 AM) • Float within Zone 1 covering a 60-mile radius from Colorado Springs city center • No hom…","Travel Nurse RN - Float Telemetry - $2,490 per week",39.628816,eyJhbGciOiJIUzI1NiJ9.eyJzIjoickEydV9lTm84Ukd6aHFaX0FrTWRFZyIsImkiOiI1NzY0NTI0MTQ3In0.dQnEyiEffeKliJMa0v-jq_vNa1KtOWS6WZINpuQ4tbg,5764524147,"['US', 'Colorado', 'Arapahoe County', 'Centennial']",Adzuna::API::Response::Location,"Centennial, Arapahoe County",Noor Inc.,Adzuna::API::Response::Company,healthcare-nursing-jobs,Adzuna::API::Response::Category,Healthcare & Nursing Jobs,,
0.0,-122.879913,2026-06-15T13:50:29Z,128232.0,0,Adzuna::API::Response::Job,https://www.adzuna.com/land/ad/5764524139?se=rA2u_eNo8RGzhqZ_AkMdEg&utm_medium=api&utm_source=abfa41a4&v=2B4A43046AC97D2F41A744FB25DD5F4241FD7DAD,"LanceSoft is seeking a travel nurse RN Care Manager for a travel nursing job in Hillsboro, Oregon. Job Description & Requirements Specialty: Care Manager Discipline: RN Start Date: 06/22/2026 Duration: 13 weeks 40 hours per week Shift: 10 hours, days Employment Type: Travel Years of Experience:2 year(s) Charting System: Preferred , Epic Community Hospital Experience: Preferred  Why LanceSoft? We’re proud to be recognized by Staffing Industry Analysts (SIA) as one of the fastest-growing staffing…","Travel Nurse RN - Care Manager - $2,466 per week",45.509669,eyJhbGciOiJIUzI1NiJ9.eyJzIjoickEydV9lTm84Ukd6aHFaX0FrTWRFZyIsImkiOiI1NzY0NTI0MTM5In0.WeFWG0uwo1c8E52tdiUZ1miqFpQh2K-XBU6nj3tO_S8,5764524139,"['US', 'Oregon', 'Washington County', 'Hillsboro']",Adzuna::API::Response::Location,"Hillsboro, Washington County",LanceSoft,Adzuna::API::Response::Company,healthcare-nursing-jobs,Adzuna::API::Response::Category,Healthcare & Nursing Jobs,,
0.0,-97.5561,2026-06-15T13:50:29Z,116376.0,0,Adzuna::API::Response::Job,https://www.adzuna.com/land/ad/5764524125?se=rA2u_eNo8RGzhqZ_AkMdEg&utm_medium=api&utm_source=abfa41a4&v=0CCA99D36888CB73015D2F43B6D6C5E5CBD920A6,"Olaro is seeking a travel Radiology Technologist for a travel job in Oklahoma City, Oklahoma. Job Description & Requirements Specialty: Radiology Technologist Discipline: Allied Health Professional Start Date: 06/29/2026 Duration: 13 weeks 36 hours per week Shift: 12 hours, nights Employment Type: Travel PHP Job ID 487533. Pay package is based on 12 hour shifts and 36 hours per week (subject to confirmation) with tax-free stipend amount to be determined. Posted job title: Radiographer I About O…","Travel Radiographer I - $2,238 per week",35.54388,eyJhbGciOiJIUzI1NiJ9.eyJpIjoiNTc2NDUyNDEyNSIsInMiOiJyQTJ1X2VObzhSR3pocVpfQWtNZEVnIn0.YlKRH7Bnses49m8TpUBtiLfiluaaeyBrBquX4KlT-WM,5764524125,"['US', 'Oklahoma', 'Oklahoma County', 'Nichols Hills']",Adzuna::API::Response::Location,"Nichols Hills, Oklahoma County",Olaro,Adzuna::API::Response::Company,healthcare-nursing-jobs,Adzuna::API::Response::Category,Healthcare & Nursing Jobs,,
0.0,-104.781265,2026-06-15T13:50:29Z,131040.0,0,Adzuna::API::Response::Job,https://www.adzuna.com/land/ad/5764524136?se=rA2u_eNo8RGzhqZ_AkMdEg&utm_medium=api&utm_source=abfa41a4&v=81BE8723CBF96D6227D3A566542D731171BB1687,"Cure Healthcare Staffing is seeking a travel nurse RN Float ED - Emergency Department for a travel nursing job in Centennial, Colorado. Job Description & Requirements Specialty: ED - Emergency Department Discipline: RN Start Date: 07/13/2026 Duration: 13 weeks 36 hours per week Shift: 12 hours, nights Employment Type: Travel Cure Healthcare is seeking a RN - ER ED for positions in Centennial, Colorado. Current Colorado license and AHA BLS and ACLS required and additional certifications related …","Travel ER Float Pool RN - $2,520 per week",39.628816,eyJhbGciOiJIUzI1NiJ9.eyJpIjoiNTc2NDUyNDEzNiIsInMiOiJyQTJ1X2VObzhSR3pocVpfQWtNZEVnIn0.qjTWf34rTT7B5soXfR14FRKctfXp0fEx8B1i_AcLays,5764524136,"['US', 'Colorado', 'Arapahoe County', 'Centennial']",Adzuna::API::Response::Location,"Centennial, Arapahoe County",Cure Healthcare Staffing,Adzuna::API::Response::Company,healthcare-nursing-jobs,Adzuna::API::Response::Category,Healthcare & Nursing Jobs,,
0.0,-83.381809,2026-06-15T13:50:29Z,116272.0,0,Adzuna::API::Response::Job,https://www.adzuna.com/land/ad/5764524129?se=rA2u_eNo8RGzhqZ_AkMdEg&utm_medium=api&utm_source=abfa41a4&v=2A108AE8303D7A9017968302FDCFAC6337759ADC,"PRIDE Health is seeking a travel Outpatient Physical Therapist for a travel job in Franklin, North Carolina. Job Description & Requirements Specialty: Physical Therapist Discipline: Therapy Start Date: ASAP Duration: 13 weeks 40 hours per week Shift: 10 hours, days Employment Type: Travel A Physical Therapist (PT) assesses and develops treatment plans for patients to help them regain movement, reduce pain, and improve physical function. Responsibilities include evaluating patient needs, adminis…","Travel Physical Therapist - $2,236 per week",35.18105,eyJhbGciOiJIUzI1NiJ9.eyJzIjoickEydV9lTm84Ukd6aHFaX0FrTWRFZyIsImkiOiI1NzY0NTI0MTI5In0.vhFiVd_TXlBVIncv6A4YQsly5nS_JMJq_ReriFmhYpI,5764524129,"['US', 'North Carolina', 'Macon County', 'Franklin']",Adzuna::API::Response::Location,"Franklin, Macon County",PRIDE Health,Adzuna::API::Response::Company,healthcare-nursing-jobs,Adzuna::API::Response::Category,Healthcare & Nursing Jobs,,
0.0,-89.88486,2026-06-15T13:50:28Z,119132.0,0,Adzuna::API::Response::Job,https://www.adzuna.com/land/ad/5764524120?se=rA2u_eNo8RGzhqZ_AkMdEg&utm_medium=api&utm_source=abfa41a4&v=2D29073C671E52A395605E16D5EC4B2331930109,"Noor Inc. is seeking a travel nurse RN Med Surg for a travel nursing job in Carlinville, Illinois. Job Description & Requirements Specialty: Med Surg Discipline: RN Start Date: ASAP Duration: 12 weeks 36 hours per week Shift: 12 hours, nights Employment Type: Travel Estimated Gross Weekly Pay: $ 2290.72 I notice that you mentioned ""See attached"" for the detailed description information, but I don't see any attachment or job description content provided in your message. To properly restructure t…","Travel Nurse RN - Med Surg - $2,291 per week",39.27402,eyJhbGciOiJIUzI1NiJ9.eyJpIjoiNTc2NDUyNDEyMCIsInMiOiJyQTJ1X2VObzhSR3pocVpfQWtNZEVnIn0.bjXqa_3l9daEDJ9D360r51JkQ2L7jaGrCFE40UQpL0A,5764524120,"['US', 'Illinois', 'Macoupin County', 'Carlinville']",Adzuna::API::Response::Location,"Carlinville, Macoupin County",Noor Inc.,Adzuna::API::Response::Company,healthcare-nursing-jobs,Adzuna::API::Response::Category,Healthcare & Nursing Jobs,,
0.0,-82.55,2026-06-15T13:50:28Z,103116.0,0,Adzuna::API::Response::Job,https://www.adzuna.com/land/ad/5764524109?se=rA2u_eNo8RGzhqZ_AkMdEg&utm_medium=api&utm_source=abfa41a4&v=E30D4D1312818D8CB76F8D3A388CF1597B3D241C,"Bestica is seeking a travel nurse RN ICU - Intensive Care Unit for a travel nursing job in Asheville, North Carolina. Job Description & Requirements Specialty: ICU - Intensive Care Unit Discipline: RN Duration: 13 weeks 36 hours per week Shift: 12 hours, nights Employment Type: Travel 991969 RN Dialysis Shift: 6:45 pm to 7:15 am Certification: BLS (AHA), ACLS (AHA),NIHSS Years Experience: 2 Years Candidate Should be above 50 Miles from the Location Full SSN Required at the time of Submission Ab…","Travel ICU Registered Nurse - $1,983 per week",35.6,eyJhbGciOiJIUzI1NiJ9.eyJzIjoickEydV9lTm84Ukd6aHFaX0FrTWRFZyIsImkiOiI1NzY0NTI0MTA5In0.3zGHXrBn6LBaa-rQx-wHBUaoiJvGZ3oFsetyz24bTkA,5764524109,"['US', 'North Carolina', 'Buncombe County', 'Asheville']",Adzuna::API::Response::Location,"Asheville, Buncombe County",Bestica,Adzuna::API::Response::Company,healthcare-nursing-jobs,Adzuna::API::Response::Category,Healthcare & Nursing Jobs,,
0.0,-78.192924,2026-06-15T13:50:28Z,104780.0,0,Adzuna::API::Response::Job,https://www.adzuna.com/land/ad/5764524103?se=rA2u_eNo8RGzhqZ_AkMdEg&utm_medium=api&utm_source=abfa41a4&v=E3AEC306D9AB0980D1227F7332515E5D0979502F,"Trailblazer Staffing Solutions is seeking a travel nurse RN Labor and Delivery for a travel nursing job in Bolivia, North Carolina. Job Description & Requirements Specialty: Labor and Delivery Discipline: RN Start Date: 07/13/2026 Duration: 26 weeks 36 hours per week Shift: 12 hours, nights Employment Type: Travel Minimum Requirements: 2 years of experience in the job specialty, BLS certification, and any applicable state licensure or specialty certifications required for the role. As a Labor a…","Travel Labor and Delivery Nurse - $2,015 per week",34.011223,eyJhbGciOiJIUzI1NiJ9.eyJpIjoiNTc2NDUyNDEwMyIsInMiOiJyQTJ1X2VObzhSR3pocVpfQWtNZEVnIn0.TZZWjfqkhvLtESHphLJDiSU3dCQrZumiupGwkw2npro,5764524103,"['US', 'North Carolina', 'Brunswick County', 'Sunset Harbor']",Adzuna::API::Response::Location,"Sunset Harbor, Brunswick County",Trailblazer Staffing Solutions,Adzuna::API::Response::Company,healthcare-nursing-jobs,Adzuna::API::Response::Category,Healthcare & Nursing Jobs,,
112320.0,-71.051661,2026-06-15T13:50:28Z,120640.0,0,Adzuna::API::Response::Job,https://www.adzuna.com/land/ad/5764524114?se=rA2u_eNo8RGzhqZ_AkMdEg&utm_medium=api&utm_source=abfa41a4&v=A073E11F889B718282A8D9E1D8DDE3D8E8D877B5,"Host Healthcare is seeking a local contract nurse RN Ambulatory Surgery for a local contract nursing job in Everett, Massachusetts. Job Description & Requirements Specialty: Ambulatory Surgery Discipline: RN Start Date: 07/28/2026 Duration: 26 weeks 40 hours per week Shift: 8 hours, days Employment Type: Local Contract Host Healthcare Job ID La1fVX000003WFBtYAO. Pay package is based on 8 hour shifts and 40 hours per week (subject to confirmation) with tax-free stipend amount to be determined. P…",Local Contract Ambulatory Surgical RN - $54-58 per hour,42.410776,eyJhbGciOiJIUzI1NiJ9.eyJzIjoickEydV9lTm84Ukd6aHFaX0FrTWRFZyIsImkiOiI1NzY0NTI0MTE0In0.8d1qFIzrv6NN0Gv6s34iTL2UjcqTCsvTkrrGEYf85wA,5764524114,"['US', 'Massachusetts', 'Middlesex County', 'Everett']",Adzuna::API::Response::Location,"Everett, Middlesex County",Host Healthcare,Adzuna::API::Response::Company,healthcare-nursing-jobs,Adzuna::API::Response::Category,Healthcare & Nursing Jobs,,
0.0,-77.656169,2026-06-15T13:50:28Z,116480.0,0,Adzuna::API::Response::Job,https://www.adzuna.com/land/ad/5764524123?se=rA2u_eNo8RGzhqZ_AkMdEg&utm_medium=api&utm_source=abfa41a4&v=E1B609C7BC43580B588514EDC8458D03EF5B4F78,"Trailblazer Staffing Solutions is seeking a travel nurse RN Stepdown for a travel nursing job in Chambersburg, Pennsylvania. Job Description & Requirements Specialty: Stepdown Discipline: RN Start Date: 07/06/2026 Duration: 13 weeks 36 hours per week Shift: 12 hours, nights Employment Type: Travel Minimum Requirements: 2 years of experience in the job specialty, BLS certification, and any applicable state licensure or specialty certifications required for the role. Trailblazer Staffing Solution…","Travel Step-Down Unit RN - $2,240 per week",39.940634,eyJhbGciOiJIUzI1NiJ9.eyJpIjoiNTc2NDUyNDEyMyIsInMiOiJyQTJ1X2VObzhSR3pocVpfQWtNZEVnIn0.7kHIp9a5OxyCBl5VHOOMydo6eLwERXPkPCejYN8uebY,5764524123,"['US', 'Pennsylvania', 'Franklin County', 'Chambersburg']",Adzuna::API::Response::Location,"Chambersburg, Franklin County",Trailblazer Staffing Solutions,Adzuna::API::Response::Company,healthcare-nursing-jobs,Adzuna::API::Response::Category,Healthcare & Nursing Jobs,,
0.0,-100.71779,2026-06-15T13:50:28Z,103324.0,0,Adzuna::API::Response::Job,https://www.adzuna.com/land/ad/5764524110?se=rA2u_eNo8RGzhqZ_AkMdEg&utm_medium=api&utm_source=abfa41a4&v=51987B78526CBBC1DC0E9F8450144870CBC19703,"TNAA TotalMed RN is seeking a travel nurse RN Cardiac PCU - Progressive Care Unit for a travel nursing job in Bismarck, North Dakota. Job Description & Requirements Specialty: Cardiac PCU - Progressive Care Unit Discipline: RN Start Date: 08/10/2026 Duration: 13 weeks 36 hours per week Shift: 12 hours, days Employment Type: Travel We're looking for Progressive Care Unit RNs for an immediate travel nurse opening in Bismarck, ND. The right RN should have 1-2 years recent acute care experience. Re…","Travel Medical Telemetry PCU RN - $1,987 per week",46.84947,eyJhbGciOiJIUzI1NiJ9.eyJzIjoickEydV9lTm84Ukd6aHFaX0FrTWRFZyIsImkiOiI1NzY0NTI0MTEwIn0.F4q4drx4xSIYHT9TiAiX7Sutgw94VKHzG0s07yn6hTA,5764524110,"['US', 'North Dakota', 'Burleigh County', 'Bismarck']",Adzuna::API::Response::Location,"Bismarck, Burleigh County",TNAA TotalMed RN,Adzuna::API::Response::Company,healthcare-nursing-jobs,Adzuna::API::Response::Category,Healthcare & Nursing Jobs,,
0.0,-94.70778,2026-06-15T13:50:28Z,103272.0,0,Adzuna::API::Response::Job,https://www.adzuna.com/land/ad/5764524112?se=rA2u_eNo8RGzhqZ_AkMdEg&utm_medium=api&utm_source=abfa41a4&v=F6A9C1CCBF286669520FF9CE524B99236A3ADBE1,"Healthcare Support is seeking a travel Occupational Therapist for a travel job in Overland Park, Kansas. Job Description & Requirements Specialty: Occupational Therapist Discipline: Therapy Start Date: 07/06/2026 Duration: 8 weeks 40 hours per week Shift: 8 hours Employment Type: Travel Healthcare Support Job ID 508276. Pay package is based on 8 hour shifts and 40 hours per week (subject to confirmation) with tax-free stipend amount to be determined. Posted job title: occupational therapist (ot…","Travel Occupational Therapist (OT) - $1,986 per week",38.90112,eyJhbGciOiJIUzI1NiJ9.eyJzIjoickEydV9lTm84Ukd6aHFaX0FrTWRFZyIsImkiOiI1NzY0NTI0MTEyIn0.WTq1WcN5cKcDaaufMUjw67lAhgHJCRaY0M6aSvO0sNk,5764524112,"['US', 'Kansas', 'Johnson County', 'Quivira']",Adzuna::API::Response::Location,"Quivira, Johnson County",Healthcare Support,Adzuna::API::Response::Company,healthcare-nursing-jobs,Adzuna::API::Response::Category,Healthcare & Nursing Jobs,,
0.0,-76.504053,2026-06-15T13:50:28Z,119964.0,0,Adzuna::API::Response::Job,https://www.adzuna.com/land/ad/5764524113?se=rA2u_eNo8RGzhqZ_AkMdEg&utm_medium=api&utm_source=abfa41a4&v=45AC9991A68DAD84C22AD3867E66D0303C987A82,"AMN Healthcare Nursing is seeking a travel nurse RN ICU - Intensive Care Unit for a travel nursing job in Ithaca, New York. Job Description & Requirements Specialty: ICU - Intensive Care Unit Discipline: RN Start Date: 07/12/2026 Duration: 13 weeks 36 hours per week Shift: 12 hours, nights Employment Type: Travel Job Description & Requirements Registered Nurse – Intensive Care - ICU - Travel - (ICU RN) StartDate: 7/12/2026 Available Shifts: 12 N Pay Rate: $2238.00 - $2376.00 Job Benefits At AMN…","Travel Nurse RN - ICU - Intensive Care Unit - $2,307 per week",42.44829,eyJhbGciOiJIUzI1NiJ9.eyJpIjoiNTc2NDUyNDExMyIsInMiOiJyQTJ1X2VObzhSR3pocVpfQWtNZEVnIn0.6Vjm8ojkFWGMDT4lHlH0dyO9oB1SyWJFEWKd3od5DqM,5764524113,"['US', 'New York', 'Tompkins County', 'Ithaca']",Adzuna::API::Response::Location,"Ithaca, Tompkins County",AMN Healthcare Nursing,Adzuna::API::Response::Company,healthcare-nursing-jobs,Adzuna::API::Response::Category,Healthcare & Nursing Jobs,,
0.0,-83.381809,2026-06-15T13:50:28Z,121992.0,0,Adzuna::API::Response::Job,https://www.adzuna.com/land/ad/5764524106?se=rA2u_eNo8RGzhqZ_AkMdEg&utm_medium=api&utm_source=abfa41a4&v=5B8DDD5014D8BD2CD093785301247371DF6565B5,"Care Career is seeking a travel Physical Therapist for a travel job in Franklin, North Carolina. Job Description & Requirements Specialty: Physical Therapist Discipline: Therapy Start Date: ASAP Duration: 13 weeks 40 hours per week Shift: 10 hours, days Employment Type: Travel Care Career Job ID 37198341. Pay package is based on 10 hour shifts and 40.0 hours per week (subject to confirmation) with tax-free stipend amount to be determined. Posted job title: Therapy Physical Therapist (PT) About …","Travel Physical Therapist - $2,346 per week",35.18105,eyJhbGciOiJIUzI1NiJ9.eyJpIjoiNTc2NDUyNDEwNiIsInMiOiJyQTJ1X2VObzhSR3pocVpfQWtNZEVnIn0.kVCDwsSFZngy8xy4AM21wc_5XtIeN5T-gXQqADt4QPs,5764524106,"['US', 'North Carolina', 'Macon County', 'Franklin']",Adzuna::API::Response::Location,"Franklin, Macon County",Care Career,Adzuna::API::Response::Company,healthcare-nursing-jobs,Adzuna::API::Response::Category,Healthcare & Nursing Jobs,,
0.0,-108.202093,2026-06-15T13:50:28Z,118820.0,0,Adzuna::API::Response::Job,https://www.adzuna.com/land/ad/5764524115?se=rA2u_eNo8RGzhqZ_AkMdEg&utm_medium=api&utm_source=abfa41a4&v=592C5648A7B5420F16B23FB516F02CFBD6E9A662,"Cross Country Nurses is seeking a travel nurse RN PCU - Progressive Care Unit for a travel nursing job in Farmington, New Mexico. Job Description & Requirements Specialty: PCU - Progressive Care Unit Discipline: RN Start Date: 06/29/2026 Duration: 13 weeks 36 hours per week Shift: 12 hours, nights Employment Type: Travel Cross Country Nurses has more of the travel jobs that you want. If this position isn't right for you don't worry about it. We have new and exciting assignments coming in every …","Travel Nurse RN - PCU - Progressive Care Unit - $2,285 per week",36.41425,eyJhbGciOiJIUzI1NiJ9.eyJpIjoiNTc2NDUyNDExNSIsInMiOiJyQTJ1X2VObzhSR3pocVpfQWtNZEVnIn0.cqXY2Z5no0lp72C419kwdtoLDVzpoliwcYKhQRMYTk0,5764524115,"['US', 'New Mexico', 'San Juan County', 'Farmington']",Adzuna::API::Response::Location,"Farmington, San Juan County",Cross Country Nurses,Adzuna::API::Response::Company,healthcare-nursing-jobs,Adzuna::API::Response::Category,Healthcare & Nursing Jobs,,
0.0,-122.834124,2026-06-15T13:50:28Z,117364.0,0,Adzuna::API::Response::Job,https://www.adzuna.com/land/ad/5764524122?se=rA2u_eNo8RGzhqZ_AkMdEg&utm_medium=api&utm_source=abfa41a4&v=FA08F13BFAED225648FD25D20C9337C20F26AAE3,"Epic Travel Staffing is seeking a travel nurse RN OR - Operating Room for a travel nursing job in Medford, Oregon. Job Description & Requirements Specialty: OR - Operating Room Discipline: RN Start Date: 06/29/2026 Duration: 13 weeks 36 hours per week Shift: 12 hours, nights Employment Type: Travel Job Opportunities Travel Nurse - OR Epic Travel Staffing is hiring a Travel Nurse - OR. We`ll be your ticket to the travel RN - Operating Room job you`ll love with unparalleled recruiter support and …","Travel Operating Room RN - $2,257 per week",42.336514,eyJhbGciOiJIUzI1NiJ9.eyJzIjoickEydV9lTm84Ukd6aHFaX0FrTWRFZyIsImkiOiI1NzY0NTI0MTIyIn0.oZEuNPXVNPB-tbB-WLFff7cOQTkFE7PXeEN5KV1t2EA,5764524122,"['US', 'Oregon', 'Jackson County', 'Phoenix']",Adzuna::API::Response::Location,"Phoenix, Jackson County",Epic Travel Staffing,Adzuna::API::Response::Company,healthcare-nursing-jobs,Adzuna::API::Response::Category,Healthcare & Nursing Jobs,,
0.0,-71.051661,2026-06-15T13:50:28Z,145600.0,0,Adzuna::API::Response::Job,https://www.adzuna.com/land/ad/5764524116?se=rA2u_eNo8RGzhqZ_AkMdEg&utm_medium=api&utm_source=abfa41a4&v=F60B601ECDB73BF613891921FFB8C94972A99306,"Patterns Hiring is seeking a local contract nurse RN Ambulatory Care for a local contract nursing job in Everett, Massachusetts. Job Description & Requirements Specialty: Ambulatory Care Discipline: RN Start Date: 07/28/2026 Duration: 13 weeks 40 hours per week Shift: 8 hours, days Employment Type: Local Contract  Everett, MA | ️ 13 Weeks |  Ambulatory Registered Nurse – Department of Surgery CHA Everett Hospital is seeking an experienced Ambulatory Registered Nurse for a 13-week assignment sup…",Local Contract Nurse RN - Ambulatory Care - $70 per hour,42.410776,eyJhbGciOiJIUzI1NiJ9.eyJpIjoiNTc2NDUyNDExNiIsInMiOiJyQTJ1X2VObzhSR3pocVpfQWtNZEVnIn0.rQgSg5uT3V2wSPm0a95KOJzGIu_3lLBsYEP1nKcGqu0,5764524116,"['US', 'Massachusetts', 'Middlesex County', 'Everett']",Adzuna::API::Response::Location,"Everett, Middlesex County",Patterns Hiring,Adzuna::API::Response::Company,healthcare-nursing-jobs,Adzuna::API::Response::Category,Healthcare & Nursing Jobs,,
0.0,-93.28257,2026-06-15T13:50:28Z,102596.0,0,Adzuna::API::Response::Job,https://www.adzuna.com/land/ad/5764524107?se=rA2u_eNo8RGzhqZ_AkMdEg&utm_medium=api&utm_source=abfa41a4&v=81BDAE65F9294FA848C2A0DA08A396F3D8FDE178,"Advantis Medical is seeking a travel nurse RN OR - Operating Room for a travel nursing job in Springfield, Missouri. Job Description & Requirements Specialty: OR - Operating Room Discipline: RN Duration: 13 weeks 36 hours per week Shift: 12 hours, days Employment Type: Travel Advantis Medical, the 1 rated travel nurse agency, is currently seeking an experienced Operating Room Registered Nurse (RN) for an exciting new travel job in Springfield, MO 65804. This rewarding travel job offers a contra…","Travel Operating Room RN - $1,973 per week",37.196044,eyJhbGciOiJIUzI1NiJ9.eyJpIjoiNTc2NDUyNDEwNyIsInMiOiJyQTJ1X2VObzhSR3pocVpfQWtNZEVnIn0.aDY1Kb4IkGXwd78LZEuNGRLe_J5KC3hUio2sR8EazqU,5764524107,"['US', 'Missouri', 'Greene County', 'Springfield']",Adzuna::API::Response::Location,"Springfield, Greene County",Advantis Medical,Adzuna::API::Response::Company,healthcare-nursing-jobs,Adzuna::API::Response::Category,Healthcare & Nursing Jobs,,
0.0,-99.067483,2026-06-15T13:50:28Z,122564.0,0,Adzuna::API::Response::Job,https://www.adzuna.com/land/ad/5764524111?se=rA2u_eNo8RGzhqZ_AkMdEg&utm_medium=api&utm_source=abfa41a4&v=8509EFFC15A48A463F1A79DDFBAE2A7F3B7EB5BC,"Malone Healthcare - Nursing is seeking a travel nurse RN ICU - Intensive Care Unit for a travel nursing job in Kearney, Nebraska. Job Description & Requirements Specialty: ICU - Intensive Care Unit Discipline: RN Start Date: 06/29/2026 Duration: 13 weeks 36 hours per week Shift: 12 hours, nights Employment Type: Travel Shifts: 0600-1830 / 1800-0630 Nights EOW. First to float. Up to 2 extra mandatory shifts per 6 weeks. Let's connect to know more. About Malone Healthcare - Nursing With a commitm…","Travel ICU Registered Nurse - $2,357 per week",40.710497,eyJhbGciOiJIUzI1NiJ9.eyJpIjoiNTc2NDUyNDExMSIsInMiOiJyQTJ1X2VObzhSR3pocVpfQWtNZEVnIn0.RESVN_re_2iG97baAGGbTG71ThXpwlEvNu56eQ-YOJM,5764524111,"['US', 'Nebraska', 'Buffalo County', 'Riverdale']",Adzuna::API::Response::Location,"Riverdale, Buffalo County",Malone Healthcare - Nursing,Adzuna::API::Response::Company,healthcare-nursing-jobs,Adzuna::API::Response::Category,Healthcare & Nursing Jobs,,
0.0,-82.965488,2026-06-15T13:50:27Z,106704.0,0,Adzuna::API::Response::Job,https://www.adzuna.com/land/ad/5764524099?se=rA2u_eNo8RGzhqZ_AkMdEg&utm_medium=api&utm_source=abfa41a4&v=58A7EB495D32DBFAE8A53A419E73E345F6B914CC,"Trustaff is seeking a travel nurse RN MICU - Medical Intensive Care Unit for a travel nursing job in Columbus, Ohio. Job Description & Requirements Specialty: MICU - Medical Intensive Care Unit Discipline: RN Start Date: 07/27/2026 Duration: 13 weeks 36 hours per week Shift: 12 hours, nights Employment Type: Travel Surgical ICU nurses work in departments of hospitals or surgical centers to care for post-op patients. These patients need constant observation as they come out of anesthesia. Trusta…","Travel Nurse RN - MICU - Medical Intensive Care Unit - $2,052 per week",40.041105,eyJhbGciOiJIUzI1NiJ9.eyJpIjoiNTc2NDUyNDA5OSIsInMiOiJyQTJ1X2VObzhSR3pocVpfQWtNZEVnIn0.WF3ic9WZHQDjbppOEXzTcSSepTymxWCGoSCRPOPjZLg,5764524099,"['US', 'Ohio', 'Franklin County', 'Minerva Park']",Adzuna::API::Response::Location,"Minerva Park, Franklin County",Trustaff,Adzuna::API::Response::Company,healthcare-nursing-jobs,Adzuna::API::Response::Category,Healthcare & Nursing Jobs,,
0.0,-97.166562,2026-06-15T13:50:27Z,79612.0,0,Adzuna::API::Response::Job,https://www.adzuna.com/land/ad/5764524097?se=rA2u_eNo8RGzhqZ_AkMdEg&utm_medium=api&utm_source=abfa41a4&v=3B24A870C46B35BECC20D0B7DA25195333EABFB1,"Triage Staffing is seeking a travel Radiology Technician for a travel job in Wichita, Kansas. Job Description & Requirements Specialty: Radiology Technician Discipline: Allied Health Professional Start Date: ASAP Duration: 13 weeks 36 hours per week Shift: 12 hours, nights Employment Type: Travel Travel Radiology: X-Ray Tech Wichita Location: Wichita Start Date: 5/5/2026 Shift Details: 12H Nights 36 hours per week Length: 13 WEEKS Apply for specific facility details.X-Ray Tech Triage Staffing J…","Travel Radiology Technician - $1,531 per week",37.640644,eyJhbGciOiJIUzI1NiJ9.eyJpIjoiNTc2NDUyNDA5NyIsInMiOiJyQTJ1X2VObzhSR3pocVpfQWtNZEVnIn0.8BYi6wTfvCKBOzFlQhqEmCzl_EH24E5bSMfnNlfVrLE,5764524097,"['US', 'Kansas', 'Butler County', 'Andover']",Adzuna::API::Response::Location,"Andover, Butler County",Triage Staffing,Adzuna::API::Response::Company,healthcare-nursing-jobs,Adzuna::API::Response::Category,Healthcare & Nursing Jobs,,
0.0,-80.84702,2026-06-15T13:50:27Z,87880.0,0,Adzuna::API::Response::Job,https://www.adzuna.com/land/ad/5764524086?se=rA2u_eNo8RGzhqZ_AkMdEg&utm_medium=api&utm_source=abfa41a4&v=8F1CE16462092B3ACAD17237BDF45999071BCE4F,"American Traveler is seeking a travel nurse RN Med Surg / Telemetry for a travel nursing job in Orangeburg, South Carolina. Job Description & Requirements Specialty: Med Surg / Telemetry Discipline: RN Start Date: 07/14/2026 Duration: 13 weeks 36 hours per week Shift: 12 hours, days Employment Type: Travel Assignment Overview Shift: Days, 3x12hrs Hours: 36 hrs/wk Start Date: Jul 14, 2026 Length: 13 weeks Openings: 1 Description American Traveler is seeking an experienced RN for a Med/Surg Telem…","Travel Med-Surg Telemetry Registered Nurse - $1,690 per week",33.49846,eyJhbGciOiJIUzI1NiJ9.eyJzIjoickEydV9lTm84Ukd6aHFaX0FrTWRFZyIsImkiOiI1NzY0NTI0MDg2In0.rUW-AMf9JKxAmmcCdbogXNTJroUk9LvhJ6WtZdWJkkU,5764524086,"['US', 'South Carolina', 'Orangeburg County', 'Pecan Way Terrace']",Adzuna::API::Response::Location,"Pecan Way Terrace, Orangeburg County",American Traveler,Adzuna::API::Response::Company,healthcare-nursing-jobs,Adzuna::API::Response::Category,Healthcare & Nursing Jobs,,
0.0,-79.850539,2026-06-15T13:50:27Z,145496.0,0,Adzuna::API::Response::Job,https://www.adzuna.com/land/ad/5764524101?se=rA2u_eNo8RGzhqZ_AkMdEg&utm_medium=api&utm_source=abfa41a4&v=F0DA86A2D50F04FD84C3D72AD8A791A9C3D3A5FD,"Noor Inc. is seeking a travel Outpatient Physical Therapist for a travel job in Cades, South Carolina. Job Description & Requirements Specialty: Physical Therapist Discipline: Therapy Start Date: 07/06/2026 Duration: 13 weeks 40 hours per week Shift: 8 hours, days Employment Type: Travel Estimated Gross Weekly Pay: $ 2798.40 Opportunity: Physical Therapist (Outpatient) Job Details: • Work 5x8 hour shifts from 8:00 AM to 4:30 PM • See an average of 10 patients per day Monday through Thursday and…","Travel Outpatient Physical Therapist - $2,798 per week",33.783677,eyJhbGciOiJIUzI1NiJ9.eyJzIjoickEydV9lTm84Ukd6aHFaX0FrTWRFZyIsImkiOiI1NzY0NTI0MTAxIn0.VJwXXQSbcP4ng_kXxDxp5m-3Q9xqdCmu-oLQHnTfZqw,5764524101,"['US', 'South Carolina', 'Williamsburg County', 'Cades']",Adzuna::API::Response::Location,"Cades, Williamsburg County",Noor Inc.,Adzuna::API::Response::Company,healthcare-nursing-jobs,Adzuna::API::Response::Category,Healthcare & Nursing Jobs,,
0.0,-71.196288,2026-06-15T13:50:27Z,156468.0,0,Adzuna::API::Response::Job,https://www.adzuna.com/land/ad/5764524094?se=_mGs_uNo8RGjKJIWHOfiKg&utm_medium=api&utm_source=abfa41a4&v=2D4A65FA94441F321E84FD5A8547DD742236BF8C,"JEDY Network is seeking a travel nurse RN Med Surg for a travel nursing job in Burlington, Massachusetts. Job Description & Requirements Specialty: Med Surg Discipline: RN Start Date: 07/06/2026 Duration: 13 weeks 36 hours per week Shift: 12 hours, nights Employment Type: Travel 13 week position. BILH coversheet required at time of submission. MS TELE BOARDING PATIENTS IN THE ED. Averaging 40 patients a day, waiting for inpatient beds. Ratios are typically 5:1 Day 1 tele testing required for th…","Travel Nurse RN - Med Surg - $3,009 per week",42.50598,eyJhbGciOiJIUzI1NiJ9.eyJpIjoiNTc2NDUyNDA5NCIsInMiOiJfbUdzX3VObzhSR2pLSklXSE9maUtnIn0.Q4L86Hqp9IYrzDZIiR1YiVh-mrTJkvDDlebqOb7gssU,5764524094,"['US', 'Massachusetts', 'Middlesex County', 'Burlington']",Adzuna::API::Response::Location,"Burlington, Middlesex County",JEDY Network,Adzuna::API::Response::Company,healthcare-nursing-jobs,Adzuna::API::Response::Category,Healthcare & Nursing Jobs,,
0.0,-94.377752,2026-06-15T13:50:27Z,108888.0,0,Adzuna::API::Response::Job,https://www.adzuna.com/land/ad/5764524096?se=_mGs_uNo8RGjKJIWHOfiKg&utm_medium=api&utm_source=abfa41a4&v=3E07FDF553A2B517EC17B7347D2EEC0D4F3C3D3B,"AMN Healthcare Allied is seeking a travel MRI Technologist for a travel job in Fort Smith, Arkansas. Job Description & Requirements Specialty: MRI Technologist Discipline: Allied Health Professional Start Date: 07/06/2026 Duration: 13 weeks 36 hours per week Shift: 12 hours, days Employment Type: Travel Job Description & Requirements MRI Technologist - (MRI Tech) StartDate: 7/6/2026 Available Shifts: 12 D Pay Rate: $2062.00 - $2125.00 MRI Tech needed asap Evenings – Mon-Friday 3pm-11:30 pm Week…","Travel MRI Technologist - $2,094 per week",35.330572,eyJhbGciOiJIUzI1NiJ9.eyJpIjoiNTc2NDUyNDA5NiIsInMiOiJfbUdzX3VObzhSR2pLSklXSE9maUtnIn0.8VyREliaBdHa8DOfkZHZzOj7u3Hbenhh1nau-If1DHY,5764524096,"['US', 'Arkansas', 'Sebastian County', 'Fort Smith']",Adzuna::API::Response::Location,"Fort Smith, Sebastian County",AMN Healthcare Allied,Adzuna::API::Response::Company,healthcare-nursing-jobs,Adzuna::API::Response::Category,Healthcare & Nursing Jobs,,
0.0,-70.623324,2026-06-15T13:50:27Z,162136.0,0,Adzuna::API::Response::Job,https://www.adzuna.com/land/ad/5764524085?se=_mGs_uNo8RGjKJIWHOfiKg&utm_medium=api&utm_source=abfa41a4&v=703D2521DF0E970F785E6F5344A08C03BE99627B,"AHS Staffing is seeking a travel CT Technologist for a travel job in Falmouth, Massachusetts. Job Description & Requirements Specialty: CT Technologist Discipline: Allied Health Professional Start Date: 07/13/2026 Duration: 12 weeks 40 hours per week Shift: 8 hours, days Employment Type: Travel AHS Job ID 2414124. Posted job title: Radiologic Technologist CT Tech About AHS Staffing At AHS Staffing, we are committed to providing a personalized, transparent, and rewarding experience. We go beyond…","Travel CT Technologist - $3,118 per week",41.563043,eyJhbGciOiJIUzI1NiJ9.eyJzIjoiX21Hc191Tm84UkdqS0pJV0hPZmlLZyIsImkiOiI1NzY0NTI0MDg1In0.HaC0Gsy6G2K7RdAD7ACGj0TRpt9KTgJiotNCKz9M1Kk,5764524085,"['US', 'Massachusetts', 'Barnstable County', 'Falmouth']",Adzuna::API::Response::Location,"Falmouth, Barnstable County",AHS Staffing,Adzuna::API::Response::Company,healthcare-nursing-jobs,Adzuna::API::Response::Category,Healthcare & Nursing Jobs,,
0.0,-69.023476,2026-06-15T13:50:27Z,146900.0,0,Adzuna::API::Response::Job,https://www.adzuna.com/land/ad/5764524098?se=_mGs_uNo8RGjKJIWHOfiKg&utm_medium=api&utm_source=abfa41a4&v=8DCC8FF3219220C93E47BC5A849BDDDF91DD6F75,"Access Healthcare is seeking a travel CT Technologist for a travel job in Belfast, Maine. Job Description & Requirements Specialty: CT Technologist Discipline: Allied Health Professional Start Date: 06/29/2026 Duration: 13 weeks 36 hours per week Shift: 8 hours, days Employment Type: Travel Access Healthcare Job ID 78297548. Pay package is based on 8 hour shifts and 36 hours per week (subject to confirmation) with tax-free stipend amount to be determined. About Access Healthcare Access Healthca…","Travel CT Technologist - $2,825 per week",44.44545,eyJhbGciOiJIUzI1NiJ9.eyJpIjoiNTc2NDUyNDA5OCIsInMiOiJfbUdzX3VObzhSR2pLSklXSE9maUtnIn0.MD9XVsIFnlBS9k2pnocyGeKl7PuPiubbCRhqJB3CNwE,5764524098,"['US', 'Maine', 'Waldo County', 'Belfast']",Adzuna::API::Response::Location,"Belfast, Waldo County",Access Healthcare,Adzuna::API::Response::Company,healthcare-nursing-jobs,Adzuna::API::Response::Category,Healthcare & Nursing Jobs,,
0.0,-97.166562,2026-06-15T13:50:27Z,109720.0,0,Adzuna::API::Response::Job,https://www.adzuna.com/land/ad/5764524091?se=_mGs_uNo8RGjKJIWHOfiKg&utm_medium=api&utm_source=abfa41a4&v=84E643D1690E270D6D6DDFD84177224795B27E49,"Medical Talent is seeking a travel nurse RN Med Surg for a travel nursing job in Wichita, Kansas. Job Description & Requirements Specialty: Med Surg Discipline: RN Start Date: 06/21/2026 Duration: 13 weeks 36 hours per week Shift: 12 hours, nights Employment Type: Travel Ascension Via Christi St. Francis, 929 N. St. Francis, Wichita, Ks 67214Contract & Start Date Requirements for Elevated RateStart Date: All travelers must start on or before June 8th.Contract Length: 10 -13 weeksHoliday Commitm…","Travel Medical-Surgical RN - $2,110 per week",37.640644,eyJhbGciOiJIUzI1NiJ9.eyJzIjoiX21Hc191Tm84UkdqS0pJV0hPZmlLZyIsImkiOiI1NzY0NTI0MDkxIn0.SiPRWKpJf8mfMJWzEX3wXFYtnEVrm6Pnum8iFapZcp0,5764524091,"['US', 'Kansas', 'Butler County', 'Andover']",Adzuna::API::Response::Location,"Andover, Butler County",Medical Talent,Adzuna::API::Response::Company,healthcare-nursing-jobs,Adzuna::API::Response::Category,Healthcare & Nursing Jobs,,
0.0,-108.202093,2026-06-15T13:50:27Z,112008.0,0,Adzuna::API::Response::Job,https://www.adzuna.com/land/ad/5764524087?se=_mGs_uNo8RGjKJIWHOfiKg&utm_medium=api&utm_source=abfa41a4&v=414C42D713B58F8F72B4137A8C64173B1A27799A,"Stability Healthcare is seeking a travel nurse RN Cardiac PCU - Progressive Care Unit for a travel nursing job in Farmington, New Mexico. Job Description & Requirements Specialty: Cardiac PCU - Progressive Care Unit Discipline: RN Duration: 13 weeks 36 hours per week Shift: 12 hours, nights Employment Type: Travel Stability Healthcare is looking for a Tele Step-Down RN contract position in Farmington, NM. The PCU nurse is sometimes also called a step-down nurse and the PCU is also known as card…","Travel Progressive Care Unit RN - $2,154 per week",36.41425,eyJhbGciOiJIUzI1NiJ9.eyJpIjoiNTc2NDUyNDA4NyIsInMiOiJfbUdzX3VObzhSR2pLSklXSE9maUtnIn0.-pOkPU-fKa4vHrwsYcpBQQJ4i6P8FPPZykSg_DO_wJI,5764524087,"['US', 'New Mexico', 'San Juan County', 'Farmington']",Adzuna::API::Response::Location,"Farmington, San Juan County",Stability Healthcare,Adzuna::API::Response::Company,healthcare-nursing-jobs,Adzuna::API::Response::Category,Healthcare & Nursing Jobs,,
0.0,-84.3,2026-06-15T13:50:26Z,99840.0,0,Adzuna::API::Response::Job,https://www.adzuna.com/land/ad/5764524073?se=_mGs_uNo8RGjKJIWHOfiKg&utm_medium=api&utm_source=abfa41a4&v=82D159440CD0618D29B17D32222E87770DA008C2,"AG Globe Services is seeking a travel Surgical Technologist for a travel job in Canton, Georgia. Job Description & Requirements Specialty: Surgical Technologist Discipline: Allied Health Professional Start Date: 06/22/2026 Duration: 13 weeks 40 hours per week Shift: 10 hours, days Employment Type: Travel Travel Surgical Technologist | $1,920 weekly (Stipend package option available to help maximize your take-home pay) | 40 hours/week Job Details: Location: Canton, Georgia, 30115 (no local candi…","Travel Surgical Technologist - $1,920 per week",34.14,eyJhbGciOiJIUzI1NiJ9.eyJzIjoiX21Hc191Tm84UkdqS0pJV0hPZmlLZyIsImkiOiI1NzY0NTI0MDczIn0.1kVArYBImmQpfmnXgIBcaP_o1mp1Nwh5XDEb2PB_KzI,5764524073,"['US', 'Georgia', 'Fulton County', 'Milton']",Adzuna::API::Response::Location,"Milton, Fulton County",AG Globe Services,Adzuna::API::Response::Company,healthcare-nursing-jobs,Adzuna::API::Response::Category,Healthcare & Nursing Jobs,,
0.0,-82.88058,2026-06-15T13:50:26Z,113880.0,0,Adzuna::API::Response::Job,https://www.adzuna.com/land/ad/5764524078?se=_mGs_uNo8RGjKJIWHOfiKg&utm_medium=api&utm_source=abfa41a4&v=DDFE4AC68D0CA776B453DF158FB2473CBAD0E10B,"Genie Healthcare is seeking a travel nurse RN Labor and Delivery for a travel nursing job in Mount Clemens, Michigan. Job Description & Requirements Specialty: Labor and Delivery Discipline: RN Start Date: 06/29/2026 Duration: 13 weeks 36 hours per week Shift: 12 hours, days Employment Type: Travel Genie Healthcare is looking for a RN to work in Labor & Delivery (L&D) for a 13 weeks travel assignment located in Mount Clemens, MI for the Shift (3x12hr days, 07:00:00-19:00:00, 12.00-3). Pay and b…","Travel Nurse RN - Labor and Delivery - $2,190 per week",42.59142,eyJhbGciOiJIUzI1NiJ9.eyJpIjoiNTc2NDUyNDA3OCIsInMiOiJfbUdzX3VObzhSR2pLSklXSE9maUtnIn0.dPY4FIsaosZNwCTTx2RYpCO-rjlsdfJS8tUs2ncZvxI,5764524078,"['US', 'Michigan', 'Macomb County', 'Mount Clemens']",Adzuna::API::Response::Location,"Mount Clemens, Macomb County",Genie Healthcare,Adzuna::API::Response::Company,healthcare-nursing-jobs,Adzuna::API::Response::Category,Healthcare & Nursing Jobs,,
0.0,-97.166562,2026-06-15T13:50:26Z,114660.0,0,Adzuna::API::Response::Job,https://www.adzuna.com/land/ad/5764524074?se=_mGs_uNo8RGjKJIWHOfiKg&utm_medium=api&utm_source=abfa41a4&v=2283F587AA414E9898DB70E3DAE2326365590098,"Epic Travel Staffing is seeking a travel nurse RN CVOR for a travel nursing job in Wichita, Kansas. Job Description & Requirements Specialty: CVOR Discipline: RN Start Date: 06/29/2026 Duration: 13 weeks 40 hours per week Shift: 10 hours, days Employment Type: Travel Job Opportunities Travel Nurse - CVOR Epic Travel Staffing is hiring a Travel Nurse - CVOR. We`ll be your ticket to the travel RN - Cardiovascular job you`ll love with unparalleled recruiter support and industry-best benefits. Shif…","Travel CVOR Registered Nurse, Cardiovascular Surgery - $2,205 per week",37.640644,eyJhbGciOiJIUzI1NiJ9.eyJpIjoiNTc2NDUyNDA3NCIsInMiOiJfbUdzX3VObzhSR2pLSklXSE9maUtnIn0.cKRqSC4bhcAffx-Ji9mBw3B6SAAYX7-VdO_zXuwVkGU,5764524074,"['US', 'Kansas', 'Butler County', 'Andover']",Adzuna::API::Response::Location,"Andover, Butler County",Epic Travel Staffing,Adzuna::API::Response::Company,healthcare-nursing-jobs,Adzuna::API::Response::Category,Healthcare & Nursing Jobs,,
0.0,-84.3879,2026-06-15T13:50:26Z,184600.0,0,Adzuna::API::Response::Job,https://www.adzuna.com/land/ad/5764524075?se=_mGs_uNo8RGjKJIWHOfiKg&utm_medium=api&utm_source=abfa41a4&v=DEB4F232E65EB1C7C24A90F6798FE345A5911C8E,"3B Healthcare Inc. is seeking a travel CT Technologist for a travel job in Atlanta, Georgia. Job Description & Requirements Specialty: CT Technologist Discipline: Allied Health Professional Start Date: 07/06/2026 Duration: 13 weeks 40 hours per week Shift: 10 hours, days Employment Type: Travel CT Tech- ARRT (CT) preferred. Shift: Wed/Thur/ Fri 7a-730p 3 scanners in the ECC and 2 for inpatient and then one on the neuro floor that is used overnight Level 1 trauma Stroke and Burn GE scanners-2 wi…","Travel CT Technologist - $3,550 per week",33.7487,eyJhbGciOiJIUzI1NiJ9.eyJzIjoiX21Hc191Tm84UkdqS0pJV0hPZmlLZyIsImkiOiI1NzY0NTI0MDc1In0.9QTdpKJq9U7TrToUXp7hOgCDSFJLm4BFbe2IWUjuhsQ,5764524075,"['US', 'Georgia', 'DeKalb County', 'Northlake']",Adzuna::API::Response::Location,"Northlake, DeKalb County",3B Healthcare Inc.,Adzuna::API::Response::Company,healthcare-nursing-jobs,Adzuna::API::Response::Category,Healthcare & Nursing Jobs,,
0.0,-88.052092,2026-06-15T13:50:26Z,116064.0,0,Adzuna::API::Response::Job,https://www.adzuna.com/land/ad/5764524071?se=_mGs_uNo8RGjKJIWHOfiKg&utm_medium=api&utm_source=abfa41a4&v=3C5A4958AD1C4144D8B9227709CEE6C2821FE14E,"Nightingale Nurses - Allied is seeking a travel CT Technologist for a travel job in Joliet, Illinois. Job Description & Requirements Specialty: CT Technologist Discipline: Allied Health Professional Start Date: 06/29/2026 Duration: 13 weeks 40 hours per week Shift: 7 hours, days Employment Type: Travel","Travel CT Technologist - $2,232 per week",41.535709,eyJhbGciOiJIUzI1NiJ9.eyJpIjoiNTc2NDUyNDA3MSIsInMiOiJfbUdzX3VObzhSR2pLSklXSE9maUtnIn0.8HJ61CFwY9tTwWKB2zwmAdmWJQ0N8XiO8PIWVU6C6Ms,5764524071,"['US', 'Illinois', 'Will County', 'Downtown Joliet']",Adzuna::API::Response::Location,"Downtown Joliet, Will County",Nightingale Nurses - Allied,Adzuna::API::Response::Company,healthcare-nursing-jobs,Adzuna::API::Response::Category,Healthcare & Nursing Jobs,,
101920.0,-76.504053,2026-06-15T13:50:26Z,120640.0,0,Adzuna::API::Response::Job,https://www.adzuna.com/land/ad/5764524069?se=_mGs_uNo8RGjKJIWHOfiKg&utm_medium=api&utm_source=abfa41a4&v=1E0B8656BFF57FA7AC5F77AC2974E88A83A26114,"Medical Solutions is seeking a local contract nurse RN PACU - Post Anesthesia Care for a local contract nursing job in Ithaca, New York. Job Description & Requirements Specialty: PACU - Post Anesthesia Care Discipline: RN Duration: 13 weeks 36 hours per week Shift: 12 hours, days Employment Type: Local Contract We’re seeking talented healthcare professionals whose adventure game is as strong as their clinical game. Those that want flexibility and high pay, we have the positions for you! Some of…",Local Contract PACU Registered Nurse - $49-58 per hour,42.44829,eyJhbGciOiJIUzI1NiJ9.eyJpIjoiNTc2NDUyNDA2OSIsInMiOiJfbUdzX3VObzhSR2pLSklXSE9maUtnIn0.ZlHochTWtzGElN42TeVjqeJ5f60c7jQT1P3AiAPkXXA,5764524069,"['US', 'New York', 'Tompkins County', 'Ithaca']",Adzuna::API::Response::Location,"Ithaca, Tompkins County",Medical Solutions,Adzuna::API::Response::Company,healthcare-nursing-jobs,Adzuna::API::Response::Category,Healthcare & Nursing Jobs,,
0.0,-82.965488,2026-06-15T13:50:26Z,113308.0,0,Adzuna::API::Response::Job,https://www.adzuna.com/land/ad/5764524079?se=_mGs_uNo8RGjKJIWHOfiKg&utm_medium=api&utm_source=abfa41a4&v=CB2E5380FB9D5DF2CDCCDB2DAEBB1EC1BBE22BDF,"Voca Healthcare is seeking a travel nurse RN ICU - Intensive Care Unit for a travel nursing job in Columbus, Ohio. Job Description & Requirements Specialty: ICU - Intensive Care Unit Discipline: RN Start Date: 07/27/2026 Duration: 13 weeks 36 hours per week Shift: 12 hours, nights Employment Type: Travel Benefits available on 1st of the month after start: Holiday pay Weekly pay Retention bonus 401k retirement plan Medical benefits Dental benefits Vision benefits Referral bonus Are you an experi…","Travel MICU Registered Nurse - $2,179 per week",40.041105,eyJhbGciOiJIUzI1NiJ9.eyJpIjoiNTc2NDUyNDA3OSIsInMiOiJfbUdzX3VObzhSR2pLSklXSE9maUtnIn0.TkpAf9J5z-NS5IjSiOl5gzD_sXFX6TmI74soL18pHAc,5764524079,"['US', 'Ohio', 'Franklin County', 'Minerva Park']",Adzuna::API::Response::Location,"Minerva Park, Franklin County",Voca Healthcare,Adzuna::API::Response::Company,healthcare-nursing-jobs,Adzuna::API::Response::Category,Healthcare & Nursing Jobs,,
0.0,-71.2559,2026-06-15T13:50:26Z,200928.0,0,Adzuna::API::Response::Job,https://www.adzuna.com/land/ad/5764524076?se=_mGs_uNo8RGjKJIWHOfiKg&utm_medium=api&utm_source=abfa41a4&v=AB14B0703E5E407B307E292D12C552CA315218C0,"OneStaff Medical is seeking a travel Interventional Radiology Technologist for a travel job in Newton Lower Falls, Massachusetts. Job Description & Requirements Specialty: Interventional Radiology Technologist Discipline: Allied Health Professional Start Date: 07/06/2026 Duration: 13 weeks 40 hours per week Shift: 8 hours, days Employment Type: Travel About OneStaff Medical You deserve a partner that is working for you. Be bold and let us do just that. We’ll take care of you while you are away …","Travel Interventional Radiology Technologist - $3,864 per week",42.33151,eyJhbGciOiJIUzI1NiJ9.eyJpIjoiNTc2NDUyNDA3NiIsInMiOiJfbUdzX3VObzhSR2pLSklXSE9maUtnIn0.rJ2g3Glj8UaxOGM3k3i3EpdwZHLuGkv7fZQAkiTgw4k,5764524076,"['US', 'Massachusetts', 'Middlesex County', 'Newton Lower Falls']",Adzuna::API::Response::Location,"Newton Lower Falls, Middlesex County",OneStaff Medical,Adzuna::API::Response::Company,healthcare-nursing-jobs,Adzuna::API::Response::Category,Healthcare & Nursing Jobs,,
0.0,-106.33021,2026-06-15T13:50:26Z,102024.0,0,Adzuna::API::Response::Job,https://www.adzuna.com/land/ad/5764524070?se=_mGs_uNo8RGjKJIWHOfiKg&utm_medium=api&utm_source=abfa41a4&v=736AAC4961968D21329E870F0510C83B48EB9A23,"Medical Solutions is seeking a travel nurse RN OR - Operating Room for a travel nursing job in El Paso, Texas. Job Description & Requirements Specialty: OR - Operating Room Discipline: RN Duration: 13 weeks 40 hours per week Shift: 8 hours, days Employment Type: Travel We’re seeking talented healthcare professionals whose adventure game is as strong as their clinical game. Those that want flexibility and high pay, we have the positions for you! Some of the industry-leading benefits enjoyed by M…","Travel Nurse RN - OR - Operating Room - $1,962 per week",31.76807,eyJhbGciOiJIUzI1NiJ9.eyJpIjoiNTc2NDUyNDA3MCIsInMiOiJfbUdzX3VObzhSR2pLSklXSE9maUtnIn0.BjwyzHwbP2VgltOl5wFYsEM6gi1_di7dVDMrbtsvgSk,5764524070,"['US', 'Texas', 'El Paso County', 'Ysleta Del Sur Pueblo']",Adzuna::API::Response::Location,"Ysleta Del Sur Pueblo, El Paso County",Medical Solutions,Adzuna::API::Response::Company,healthcare-nursing-jobs,Adzuna::API::Response::Category,Healthcare & Nursing Jobs,,
0.0,-100.42414,2026-06-15T13:50:25Z,121836.0,0,Adzuna::API::Response::Job,https://www.adzuna.com/land/ad/5764524061?se=_mGs_uNo8RGjKJIWHOfiKg&utm_medium=api&utm_source=abfa41a4&v=30823769E5AD3C4B143CD9A779BF604E9F13DC2B,"Trustaff Allied is seeking a travel MRI Technologist for a travel job in San Angelo, Texas. Job Description & Requirements Specialty: MRI Technologist Discipline: Allied Health Professional Start Date: 07/13/2026 Duration: 26 weeks 36 hours per week Shift: 12 hours, days Employment Type: Travel As an MRI Tech, you are an expert in operating magnetic resonance imaging (MRI) scanners. MRI Techs help prepare patients for the procedure, position them for imaging, and provide instructions, so you mu…","Travel MRI Technologist - $2,343 per week",31.454111,eyJhbGciOiJIUzI1NiJ9.eyJpIjoiNTc2NDUyNDA2MSIsInMiOiJfbUdzX3VObzhSR2pLSklXSE9maUtnIn0.MfWPcDCXh-JwkCs1TJ_vnnHfraZ--F9nZ-Dgfbekwjc,5764524061,"['US', 'Texas', 'Tom Green County', 'Veribest']",Adzuna::API::Response::Location,"Veribest, Tom Green County",Trustaff Allied,Adzuna::API::Response::Company,healthcare-nursing-jobs,Adzuna::API::Response::Category,Healthcare & Nursing Jobs,,
0.0,-95.884034,2026-06-15T13:50:25Z,83928.0,0,Adzuna::API::Response::Job,https://www.adzuna.com/land/ad/5764524051?se=_mGs_uNo8RGjKJIWHOfiKg&utm_medium=api&utm_source=abfa41a4&v=F38F8D0B793A29E2CAE82249E20D4E3B204BA151,"TNAA TotalMed RN is seeking a travel nurse RN Telemetry for a travel nursing job in Tulsa, Oklahoma. Job Description & Requirements Specialty: Telemetry Discipline: RN Duration: 13 weeks 36 hours per week Shift: 12 hours, days Employment Type: Travel We're looking for Telemetry RNs for an immediate travel nurse opening in Tulsa, OK. The right RN should have 1-2 years' recent acute care experience. Read below for more requirements. As a TELE Travel Nurse, you will provide care by connecting pati…","Travel Nurse RN - Telemetry - $1,614 per week",36.095485,eyJhbGciOiJIUzI1NiJ9.eyJzIjoiX21Hc191Tm84UkdqS0pJV0hPZmlLZyIsImkiOiI1NzY0NTI0MDUxIn0.EhV6L4mk6hVYMomGv1lS7Ibguerv64Rq-2DMPIF8cm4,5764524051,"['US', 'Oklahoma', 'Tulsa County', 'Williams']",Adzuna::API::Response::Location,"Williams, Tulsa County",TNAA TotalMed RN,Adzuna::API::Response::Company,healthcare-nursing-jobs,Adzuna::API::Response::Category,Healthcare & Nursing Jobs,,
0.0,-106.015346,2026-06-15T13:50:25Z,118508.0,0,Adzuna::API::Response::Job,https://www.adzuna.com/land/ad/5764524068?se=_mGs_uNo8RGjKJIWHOfiKg&utm_medium=api&utm_source=abfa41a4&v=39C965467AB59303CEE08938D1A029AA40145BC4,"TNAA TotalMed Allied is seeking a travel Rehabilitation Therapist for a travel job in Salida, Colorado. Job Description & Requirements Specialty: Rehabilitation Therapist Discipline: Therapy Duration: 13 weeks 40 hours per week Shift: 10 hours, days Employment Type: Travel We are looking for an Occupational Therapist (OT) for an immediate travel opening in Salida, CO. OT should have 1 year of experience; for an exceptional candidate with an appropriate background, 6 months of experience may be …","Travel Occupational Therapist, Hand Therapy - $2,279 per week",38.536972,eyJhbGciOiJIUzI1NiJ9.eyJpIjoiNTc2NDUyNDA2OCIsInMiOiJfbUdzX3VObzhSR2pLSklXSE9maUtnIn0.rw1ij12-WEWAOu-Ga3QFerscFz_NQvAcj1p_J5ATP6w,5764524068,"['US', 'Colorado', 'Chaffee County', 'Smeltertown']",Adzuna::API::Response::Location,"Smeltertown, Chaffee County",TNAA TotalMed Allied,Adzuna::API::Response::Company,healthcare-nursing-jobs,Adzuna::API::Response::Category,Healthcare & Nursing Jobs,,
0.0,-122.639261,2026-06-15T13:50:25Z,146328.0,0,Adzuna::API::Response::Job,https://www.adzuna.com/land/ad/5764524054?se=_mGs_uNo8RGjKJIWHOfiKg&utm_medium=api&utm_source=abfa41a4&v=D78CE6038707CBC92422D631DEF3924A5608697D,"Noor Inc. is seeking a travel CT Technologist for a travel job in Milwaukie, Oregon. Job Description & Requirements Specialty: CT Technologist Discipline: Allied Health Professional Start Date: 07/06/2026 Duration: 13 weeks 40 hours per week Shift: 10 hours, days Employment Type: Travel Estimated Gross Weekly Pay: $ 2814.00 Opportunity: 1ST TIMERS - CT Tech - Req 10200 Job Details: • Work 4x10 hour shifts Tuesday through Friday from 10:30 AM to 9:00 PM • Block schedule required with no weekends…","Travel CT Technologist - $2,814 per week",45.446231,eyJhbGciOiJIUzI1NiJ9.eyJpIjoiNTc2NDUyNDA1NCIsInMiOiJfbUdzX3VObzhSR2pLSklXSE9maUtnIn0.rgLaOfGXfWN5huzTiKawJgDMds-7yyTxD0iwA0K9mag,5764524054,"['US', 'Oregon', 'Clackamas County', 'Milwaukie']",Adzuna::API::Response::Location,"Milwaukie, Clackamas County",Noor Inc.,Adzuna::API::Response::Company,healthcare-nursing-jobs,Adzuna::API::Response::Category,Healthcare & Nursing Jobs,,
0.0,-94.180326,2026-06-15T13:50:25Z,145496.0,0,Adzuna::API::Response::Job,https://www.adzuna.com/land/ad/5764524064?se=_mGs_uNo8RGjKJIWHOfiKg&utm_medium=api&utm_source=abfa41a4&v=D4A0C4327FE02EC4E4CC8402C4EF2C394313F056,"Noor Inc. is seeking a travel Occupational Therapist for a travel job in Fort Dodge, Iowa. Job Description & Requirements Specialty: Occupational Therapist Discipline: Therapy Start Date: 06/29/2026 Duration: 13 weeks 40 hours per week Shift: 8 hours, days Employment Type: Travel Estimated Gross Weekly Pay: $ 2798.40 Opportunity: Not specified Job Details: • Work as a member of the interdisciplinary team providing professional/clinical knowledge and skills in patient care management • NBO (Need…","Travel Occupational Therapist - $2,798 per week",42.507397,eyJhbGciOiJIUzI1NiJ9.eyJpIjoiNTc2NDUyNDA2NCIsInMiOiJfbUdzX3VObzhSR2pLSklXSE9maUtnIn0.sJQ-OaumDvaW6m5kp4uFfbZvOT-XUmNmjFBRgscSKCo,5764524064,"['US', 'Iowa', 'Webster County', 'West Fort Dodge']",Adzuna::API::Response::Location,"West Fort Dodge, Webster County",Noor Inc.,Adzuna::API::Response::Company,healthcare-nursing-jobs,Adzuna::API::Response::Category,Healthcare & Nursing Jobs,,
0.0,-108.277751,2026-06-15T13:50:25Z,145496.0,0,Adzuna::API::Response::Job,https://www.adzuna.com/land/ad/5764524055?se=_mGs_uNo8RGjKJIWHOfiKg&utm_medium=api&utm_source=abfa41a4&v=92DD6417839303719776E43A8CDB48E775370860,"Noor Inc. is seeking a travel Physical Therapist for a travel job in Silver City, New Mexico. Job Description & Requirements Specialty: Physical Therapist Discipline: Therapy Start Date: 06/29/2026 Duration: 13 weeks 40 hours per week Shift: 8 hours, days Employment Type: Travel Estimated Gross Weekly Pay: $ 2798.40 Opportunity: PT Inpatient/Outpatient Job Details: • Monday through Friday schedule from 8:00 AM to 5:00 PM • Primarily outpatient with occasional inpatient duties, possibly one day …","Travel Physical Therapist - $2,798 per week",32.779072,eyJhbGciOiJIUzI1NiJ9.eyJzIjoiX21Hc191Tm84UkdqS0pJV0hPZmlLZyIsImkiOiI1NzY0NTI0MDU1In0.4pZZ1h0dOwHmqtugypCBosvsVJqjtcm08POdqTzyBF4,5764524055,"['US', 'New Mexico', 'Grant County', 'Silver']",Adzuna::API::Response::Location,"Silver, Grant County",Noor Inc.,Adzuna::API::Response::Company,healthcare-nursing-jobs,Adzuna::API::Response::Category,Healthcare & Nursing Jobs,,
0.0,-86.615,2026-06-15T13:50:25Z,105716.0,0,Adzuna::API::Response::Job,https://www.adzuna.com/land/ad/5764524065?se=_mGs_uNo8RGjKJIWHOfiKg&utm_medium=api&utm_source=abfa41a4&v=1E7C40C3D0F6E69850170F661DDCD9F24DF34E1E,"Trustaff is seeking a travel nurse RN OR - Operating Room for a travel nursing job in Fort Walton Beach, Florida. Job Description & Requirements Specialty: OR - Operating Room Discipline: RN Start Date: ASAP Duration: 13 weeks 36 hours per week Shift: 12 hours, days Employment Type: Travel As an Operating Room Nurse, or OR RN, you'll be responsible for patient care in the preoperative, intraoperative, and postoperative phases of a patient's surgical experience. OR RN job duties include patient …","Travel Nurse RN - OR - Operating Room - $2,033 per week",30.4125,eyJhbGciOiJIUzI1NiJ9.eyJpIjoiNTc2NDUyNDA2NSIsInMiOiJfbUdzX3VObzhSR2pLSklXSE9maUtnIn0._Fn1YAS8VStPFgPgIlycVaNlB1JV05hAo9mxjobFxZA,5764524065,"['US', 'Florida', 'Okaloosa County', 'West Destin']",Adzuna::API::Response::Location,"West Destin, Okaloosa County",Trustaff,Adzuna::API::Response::Company,healthcare-nursing-jobs,Adzuna::API::Response::Category,Healthcare & Nursing Jobs,,
0.0,-95.4359,2026-06-15T13:50:25Z,124020.0,0,Adzuna::API::Response::Job,https://www.adzuna.com/land/ad/5764524058?se=_mGs_uNo8RGjKJIWHOfiKg&utm_medium=api&utm_source=abfa41a4&v=D11D8E494F064683432419B7642F03B10F7C21F5,"Triage Staffing is seeking a travel Cath Lab Radiology Technologist for a travel job in Houston, Texas. Job Description & Requirements Specialty: Cath Lab Radiology Technologist Discipline: Allied Health Professional Start Date: 07/13/2026 Duration: 13 weeks 40 hours per week Shift: 10 hours, days Employment Type: Travel Travel Radiology: Cath Lab Tech Houston, TX Location: Houston, TX Start Date: 7/13/2026 Shift Details: 10H Days 40 hours per week Length: 13 WEEKS Apply for specific facility d…","Travel Cath Lab Radiology Technologist - $2,385 per week",29.6403,eyJhbGciOiJIUzI1NiJ9.eyJzIjoiX21Hc191Tm84UkdqS0pJV0hPZmlLZyIsImkiOiI1NzY0NTI0MDU4In0.Q11Fzd-NfnjY8snVk0Ny4nQiW1VNykodDd0KmcIVKY4,5764524058,"['US', 'Texas', 'Harris County', 'Trammells']",Adzuna::API::Response::Location,"Trammells, Harris County",Triage Staffing,Adzuna::API::Response::Company,healthcare-nursing-jobs,Adzuna::API::Response::Category,Healthcare & Nursing Jobs,,
0.0,-120.8502,2026-06-15T13:50:25Z,104000.0,0,Adzuna::API::Response::Job,https://www.adzuna.com/land/ad/5764524067?se=_mGs_uNo8RGjKJIWHOfiKg&utm_medium=api&utm_source=abfa41a4&v=0F553153B9A094FD4F48B707663B5DF277C8186F,"AMN Healthcare Allied is seeking a travel Occupational Therapist for a travel job in Turlock, California. Job Description & Requirements Specialty: Occupational Therapist Discipline: Therapy Duration: 13 weeks 40 hours per week Shift: 8 hours, days Employment Type: Travel Job Description & Requirements Occupational Therapist - Skilled - (OT) StartDate: ASAP Available Shifts: 8 D Pay Rate: $1970.00 - $2030.00 Travel Occupational Therapist jobs in Turlock, CA let you help patients regain independ…","Travel Occupational Therapist - $2,000 per week",37.519912,eyJhbGciOiJIUzI1NiJ9.eyJzIjoiX21Hc191Tm84UkdqS0pJV0hPZmlLZyIsImkiOiI1NzY0NTI0MDY3In0.ZWB4v5kaWCvENFQsAwQ7_3G8ZpO2eZbmzJVoPjIiA38,5764524067,"['US', 'California', 'Stanislaus County', 'Turlock']",Adzuna::API::Response::Location,"Turlock, Stanislaus County",AMN Healthcare Allied,Adzuna::API::Response::Company,healthcare-nursing-jobs,Adzuna::API::Response::Category,Healthcare & Nursing Jobs,,
0.0,-87.63838,2026-06-15T13:50:24Z,109200.0,0,Adzuna::API::Response::Job,https://www.adzuna.com/land/ad/5764524049?se=_mGs_uNo8RGjKJIWHOfiKg&utm_medium=api&utm_source=abfa41a4&v=BC451877E782412F3BFA81B4AED6F66F5CB010EA,"Binding Minds is seeking a travel nurse RN ED - Emergency Department for a travel nursing job in Tuscaloosa, Alabama. Job Description & Requirements Specialty: ED - Emergency Department Discipline: RN Start Date: 07/06/2026 Duration: 13 weeks 36 hours per week Shift: 12 hours, evenings, nights Employment Type: Travel Job Title: RN – Emergency Department (ED) Facility Name: DCH Regional Medical Center Location: Tuscaloosa, AL Projected Start Date: 07/06/2026 Duration: 13 Weeks EMR: Meditech Shif…","Travel Nurse RN - ED - Emergency Department - $2,100 per week",33.169073,eyJhbGciOiJIUzI1NiJ9.eyJzIjoiX21Hc191Tm84UkdqS0pJV0hPZmlLZyIsImkiOiI1NzY0NTI0MDQ5In0.i7NBhgslDjkdOOAME2daLxBu0Ukx8VVGPndaA2tzZuY,5764524049,"['US', 'Alabama', 'Tuscaloosa County', 'Tuscaloosa']",Adzuna::API::Response::Location,"Tuscaloosa, Tuscaloosa County",Binding Minds,Adzuna::API::Response::Company,healthcare-nursing-jobs,Adzuna::API::Response::Category,Healthcare & Nursing Jobs,,
0.0,-79.941817,2026-06-15T13:50:24Z,164892.0,0,Adzuna::API::Response::Job,https://www.adzuna.com/land/ad/5764524036?se=_mGs_uNo8RGjKJIWHOfiKg&utm_medium=api&utm_source=abfa41a4&v=A7DEA278A255ECD6FD5AE68075CB4CA87D16662E,"Medical Solutions is seeking a travel Cath Lab Technologist for a travel job in Pittsburgh, Pennsylvania. Job Description & Requirements Specialty: Cath Lab Technologist Discipline: Allied Health Professional Duration: 13 weeks 40 hours per week Shift: 10 hours, days Employment Type: Travel We’re seeking talented healthcare professionals whose adventure game is as strong as their clinical game. Those that want flexibility and high pay, we have the positions for you! Some of the industry-leading…","Travel Cardiac Cath Lab Technologist - $3,171 per week",40.444374,eyJhbGciOiJIUzI1NiJ9.eyJzIjoiX21Hc191Tm84UkdqS0pJV0hPZmlLZyIsImkiOiI1NzY0NTI0MDM2In0.4jExnhgbOgc7Ws33LqK2oUnI5rGWtsSSLO14vihbDLs,5764524036,"['US', 'Pennsylvania', 'Allegheny County', 'Bloomfield']",Adzuna::API::Response::Location,"Bloomfield, Allegheny County",Medical Solutions,Adzuna::API::Response::Company,healthcare-nursing-jobs,Adzuna::API::Response::Category,Healthcare & Nursing Jobs,,
0.0,-100.42414,2026-06-15T13:50:24Z,108784.0,0,Adzuna::API::Response::Job,https://www.adzuna.com/land/ad/5764524048?se=_mGs_uNo8RGjKJIWHOfiKg&utm_medium=api&utm_source=abfa41a4&v=DAFFA992A21141348F4D9DF9D2360B05F95E0202,"Wellspring Nurse Source is seeking a travel nurse RN PACU - Post Anesthesia Care for a travel nursing job in San Angelo, Texas. Job Description & Requirements Specialty: PACU - Post Anesthesia Care Discipline: RN Start Date: 07/13/2026 Duration: 13 weeks 36 hours per week Shift: 12 hours, days Employment Type: Travel Wellspring Nurse Source Job ID 37197330. Pay package is based on 12 hour shifts and 36.0 hours per week (subject to confirmation) with tax-free stipend amount to be determined. Pos…","Travel PACU Registered Nurse - $2,092 per week",31.454111,eyJhbGciOiJIUzI1NiJ9.eyJzIjoiX21Hc191Tm84UkdqS0pJV0hPZmlLZyIsImkiOiI1NzY0NTI0MDQ4In0.qld_ZuPCu96Y6Izb2wcKDS7z8x6F0YG34t56-sTmINA,5764524048,"['US', 'Texas', 'Tom Green County', 'Veribest']",Adzuna::API::Response::Location,"Veribest, Tom Green County",Wellspring Nurse Source,Adzuna::API::Response::Company,healthcare-nursing-jobs,Adzuna::API::Response::Category,Healthcare & Nursing Jobs,,
0.0,-88.373043,2026-06-15T13:50:24Z,112216.0,0,Adzuna::API::Response::Job,https://www.adzuna.com/land/ad/5764524046?se=_mGs_uNo8RGjKJIWHOfiKg&utm_medium=api&utm_source=abfa41a4&v=3D3ECAC675884F4D0B79EB47755FB92F56E2FA5C,"Triage Staffing is seeking a travel nurse RN Med Surg for a travel nursing job in Mattoon, Illinois. Job Description & Requirements Specialty: Med Surg Discipline: RN Start Date: 10/05/2026 Duration: 13 weeks 36 hours per week Shift: 12 hours, days Employment Type: Travel Travel Nursing: Med/Surg Mattoon Location: Mattoon Start Date: 10/5/2026 Shift Details: 12H Days 36 hours per week Length: 13 WEEKS Apply for specific facility details.Med Surg RN Triage Staffing Job ID REXPDLVF. Posted job ti…","Travel Nurse RN - Med Surg - $2,158 per week",39.481943,eyJhbGciOiJIUzI1NiJ9.eyJpIjoiNTc2NDUyNDA0NiIsInMiOiJfbUdzX3VObzhSR2pLSklXSE9maUtnIn0.7BShfi-Ijr1RYiTQA3ICwDHyoSxI1xaEkqEyxWAu9Yw,5764524046,"['US', 'Illinois', 'Coles County', 'Mattoon']",Adzuna::API::Response::Location,"Mattoon, Coles County",Triage Staffing,Adzuna::API::Response::Company,healthcare-nursing-jobs,Adzuna::API::Response::Category,Healthcare & Nursing Jobs,,
0.0,-121.286702,2026-06-15T13:50:24Z,160680.0,0,Adzuna::API::Response::Job,https://www.adzuna.com/land/ad/5764524043?se=_mGs_uNo8RGjKJIWHOfiKg&utm_medium=api&utm_source=abfa41a4&v=4D8E0F5E9C828889A0600E5D73B3E71AFE8DE748,"Trustaff is seeking a travel nurse RN Labor and Delivery for a travel nursing job in Stockton, California. Job Description & Requirements Specialty: Labor and Delivery Discipline: RN Start Date: 07/06/2026 Duration: 13 weeks 36 hours per week Shift: 12 hours, days Employment Type: Travel As a Labor and Delivery Nurse, you are responsible for providing care and support for women during labor and childbirth. You'll monitor mother and baby before, during, and after birth and assist throughout the …","Travel Nurse RN - Labor and Delivery - $3,090 per week",37.957982,eyJhbGciOiJIUzI1NiJ9.eyJzIjoiX21Hc191Tm84UkdqS0pJV0hPZmlLZyIsImkiOiI1NzY0NTI0MDQzIn0.3_SSaZ7XQIDfTYphbwR6iaiAgQTeExPmpA_c1BAeHMM,5764524043,"['US', 'California', 'San Joaquin County', 'Stockton']",Adzuna::API::Response::Location,"Stockton, San Joaquin County",Trustaff,Adzuna::API::Response::Company,healthcare-nursing-jobs,Adzuna::API::Response::Category,Healthcare & Nursing Jobs,,
0.0,-122.330833,2026-06-15T13:50:24Z,155948.0,0,Adzuna::API::Response::Job,https://www.adzuna.com/land/ad/5764524047?se=_mGs_uNo8RGjKJIWHOfiKg&utm_medium=api&utm_source=abfa41a4&v=B63D8FC75C55421B3F2AA988A85518208FEFCFE4,"Noor Inc. is seeking a travel Physical Therapist for a travel job in Seattle, Washington. Job Description & Requirements Specialty: Physical Therapist Discipline: Therapy Start Date: 07/13/2026 Duration: 13 weeks 40 hours per week Shift: 8 hours, days Employment Type: Travel Estimated Gross Weekly Pay: $ 2998.80 Opportunity: LTC / SNF PT - Seattle WA Job Details: • Work 8-hour day shifts (facility cannot accommodate 4x10s or 3x12s) • Patient ratio of 1:5 • 2 years of skilled Long Term Care/Tran…","Travel Physical Therapist - $2,999 per week",47.606389,eyJhbGciOiJIUzI1NiJ9.eyJzIjoiX21Hc191Tm84UkdqS0pJV0hPZmlLZyIsImkiOiI1NzY0NTI0MDQ3In0.nGI00tNDCYqNvBSFSwoWz6nsnmYWY1VJiw51hl22fDs,5764524047,"['US', 'Washington', 'King County', 'Times Square']",Adzuna::API::Response::Location,"Times Square, King County",Noor Inc.,Adzuna::API::Response::Company,healthcare-nursing-jobs,Adzuna::API::Response::Category,Healthcare & Nursing Jobs,,
0.0,-83.381809,2026-06-15T13:50:24Z,110604.0,0,Adzuna::API::Response::Job,https://www.adzuna.com/land/ad/5764524042?se=_mGs_uNo8RGjKJIWHOfiKg&utm_medium=api&utm_source=abfa41a4&v=969C2790E142880A2FB0D2BC23F99410E235F6BB,"Care Team Solutions is seeking a travel Outpatient Physical Therapist for a travel job in Franklin, North Carolina. Job Description & Requirements Specialty: Physical Therapist Discipline: Therapy Start Date: ASAP Duration: 13 weeks 40 hours per week Shift: 8 hours Employment Type: Travel Registered Nurse must have 2 years of recent experience in particular specialty Details: Must Have 2 Years of recent Rehabilitation experience. Specialty: Rehabilitation Discipline: Physical Therapist Start Da…","Travel Physical Therapist - $2,127 per week",35.18105,eyJhbGciOiJIUzI1NiJ9.eyJzIjoiX21Hc191Tm84UkdqS0pJV0hPZmlLZyIsImkiOiI1NzY0NTI0MDQyIn0.b5mLixL8F_fQXf1Hvbb7Bu1e61vllAOOKMhDYIMlhvw,5764524042,"['US', 'North Carolina', 'Macon County', 'Franklin']",Adzuna::API::Response::Location,"Franklin, Macon County",Care Team Solutions,Adzuna::API::Response::Company,healthcare-nursing-jobs,Adzuna::API::Response::Category,Healthcare & Nursing Jobs,,
0.0,-104.275373,2026-06-15T13:50:24Z,112112.0,0,Adzuna::API::Response::Job,https://www.adzuna.com/land/ad/5764524031?se=_mGs_uNo8RGjKJIWHOfiKg&utm_medium=api&utm_source=abfa41a4&v=E08F2E3A3D4903F8ADFA9EEC1AD914CC8406FE2B,"GHR Healthcare is seeking a travel nurse RN ED - Emergency Department for a travel nursing job in Carlsbad, New Mexico. Job Description & Requirements Specialty: ED - Emergency Department Discipline: RN Start Date: 07/06/2026 Duration: 13 weeks 36 hours per week Shift: 12 hours, nights Employment Type: Travel About GHR Healthcare For over 30 years, GHR Healthcare has been the bridge between healthcare professionals and the facilities that need them nationwide. We're committed to uncovering your…","Travel Emergency Department Registered Nurse - $2,156 per week",32.422554,eyJhbGciOiJIUzI1NiJ9.eyJzIjoiX21Hc191Tm84UkdqS0pJV0hPZmlLZyIsImkiOiI1NzY0NTI0MDMxIn0.9I3wdXW-y8d_-0JZf_rTSRavXe2zeph_7tQc1oThkZo,5764524031,"['US', 'New Mexico', 'Eddy County', 'Carlsbad']",Adzuna::API::Response::Location,"Carlsbad, Eddy County",GHR Healthcare,Adzuna::API::Response::Company,healthcare-nursing-jobs,Adzuna::API::Response::Category,Healthcare & Nursing Jobs,,
0.0,-94.70778,2026-06-15T13:50:24Z,90272.0,0,Adzuna::API::Response::Job,https://www.adzuna.com/land/ad/5764524035?se=_mGs_uNo8RGjKJIWHOfiKg&utm_medium=api&utm_source=abfa41a4&v=809E526D81968FD2E84F71CC931B393FE3B75D5F,"Skyline Med Staff Therapy is seeking a travel Occupational Therapist for a travel job in Overland Park, Kansas. Job Description & Requirements Specialty: Occupational Therapist Discipline: Therapy Start Date: 07/06/2026 Duration: 8 weeks 40 hours per week Shift: 8 hours, days Employment Type: Travel Join the Top- Rated Travel Healthcare Team! Skyline Med Staff was named as the 1 Best Travel Healthcare Company in 2025 by BluePipes, a recognition driven by glowing reviews from travel healthcare p…","Travel Float Occupational Therapist - $1,736 per week",38.90112,eyJhbGciOiJIUzI1NiJ9.eyJzIjoiX21Hc191Tm84UkdqS0pJV0hPZmlLZyIsImkiOiI1NzY0NTI0MDM1In0.S7oibNDLcopQ_MLkiU35tAJpcAeqChQvk4Dmojysnhg,5764524035,"['US', 'Kansas', 'Johnson County', 'Quivira']",Adzuna::API::Response::Location,"Quivira, Johnson County",Skyline Med Staff Therapy,Adzuna::API::Response::Company,healthcare-nursing-jobs,Adzuna::API::Response::Category,Healthcare & Nursing Jobs,,
0.0,-121.286702,2026-06-15T13:50:24Z,177632.0,0,Adzuna::API::Response::Job,https://www.adzuna.com/land/ad/5764524032?se=_mGs_uNo8RGjKJIWHOfiKg&utm_medium=api&utm_source=abfa41a4&v=5146D8D743594FFCF6745641CF64087EDC885957,"Medical Talent is seeking a travel nurse RN Labor and Delivery for a travel nursing job in Stockton, California. Job Description & Requirements Specialty: Labor and Delivery Discipline: RN Start Date: 07/06/2026 Duration: 13 weeks 36 hours per week Shift: 12 hours, days Employment Type: Travel Join the Medical Talent Team! Join our dynamic team and embark on a rewarding journey with us! We are Joint Commission certified and known for our commitment to excellence and ethical practices in the ind…","Travel Nurse RN - Labor and Delivery - $3,416 per week",37.957982,eyJhbGciOiJIUzI1NiJ9.eyJzIjoiX21Hc191Tm84UkdqS0pJV0hPZmlLZyIsImkiOiI1NzY0NTI0MDMyIn0.N3qRA6d_SqCWmnOd-KhpjsfOlwongPKOOPHOInwo2SU,5764524032,"['US', 'California', 'San Joaquin County', 'Stockton']",Adzuna::API::Response::Location,"Stockton, San Joaquin County",Medical Talent,Adzuna::API::Response::Company,healthcare-nursing-jobs,Adzuna::API::Response::Category,Healthcare & Nursing Jobs,,
0.0,-76.63068,2026-06-15T13:50:24Z,166868.0,0,Adzuna::API::Response::Job,https://www.adzuna.com/land/ad/5764524033?se=_mGs_uNo8RGjKJIWHOfiKg&utm_medium=api&utm_source=abfa41a4&v=495712EF1D8837F9E345597AA0389E193F7F1F39,"TNAA TotalMed Allied is seeking a travel Interventional Radiology Technologist for a travel job in Hershey, Pennsylvania. Job Description & Requirements Specialty: Interventional Radiology Technologist Discipline: Allied Health Professional Start Date: 07/28/2026 Duration: 13 weeks 40 hours per week Shift: 10 hours, days Employment Type: Travel We are looking for an Interventional Radiology Technologist (IR Tech) for an immediate travel opening in Hershey, PA. The right IR Tech should have 1 ye…","Travel Interventional Radiology Technologist - $3,209 per week",40.27884,eyJhbGciOiJIUzI1NiJ9.eyJzIjoiX21Hc191Tm84UkdqS0pJV0hPZmlLZyIsImkiOiI1NzY0NTI0MDMzIn0.1UeWv_ULOjeSVq9inY9MY4Rsj80SlVg0swjIuq60qTM,5764524033,"['US', 'Pennsylvania', 'Dauphin County', 'Swatara Sta']",Adzuna::API::Response::Location,"Swatara Sta, Dauphin County",TNAA TotalMed Allied,Adzuna::API::Response::Company,healthcare-nursing-jobs,Adzuna::API::Response::Category,Healthcare & Nursing Jobs,,
0.0,-121.286702,2026-06-15T13:50:24Z,154024.0,0,Adzuna::API::Response::Job,https://www.adzuna.com/land/ad/5764524044?se=_mGs_uNo8RGjKJIWHOfiKg&utm_medium=api&utm_source=abfa41a4&v=8F39D776EFB7FE47DF9793503BD37CA498C5E6CD,"Triage Staffing is seeking a travel nurse RN Labor and Delivery for a travel nursing job in Stockton, California. Job Description & Requirements Specialty: Labor and Delivery Discipline: RN Start Date: 07/06/2026 Duration: 13 weeks 36 hours per week Shift: 12 hours, days Employment Type: Travel Travel Nursing: Labor and Delivery Stockton, CA Location: Stockton, CA Start Date: 7/6/2026 Shift Details: 12H Days 36 hours per week Length: 13 WEEKS Apply for specific facility details.L&D RN Triage St…","Travel Nurse RN - Labor and Delivery - $2,962 per week",37.957982,eyJhbGciOiJIUzI1NiJ9.eyJpIjoiNTc2NDUyNDA0NCIsInMiOiJfbUdzX3VObzhSR2pLSklXSE9maUtnIn0.BX9KbIMCq7XAZTyrkMkm6zp0tWpWWSkus2_JZsaPcYM,5764524044,"['US', 'California', 'San Joaquin County', 'Stockton']",Adzuna::API::Response::Location,"Stockton, San Joaquin County",Triage Staffing,Adzuna::API::Response::Company,healthcare-nursing-jobs,Adzuna::API::Response::Category,Healthcare & Nursing Jobs,,
0.0,-105.04113,2026-06-15T13:50:24Z,110760.0,0,Adzuna::API::Response::Job,https://www.adzuna.com/land/ad/5764524039?se=_mGs_uNo8RGjKJIWHOfiKg&utm_medium=api&utm_source=abfa41a4&v=CCA674F50E794FB387031C896DD74ED4FD76107F,"Triage Staffing is seeking a travel Radiology Technician for a travel job in Lakewood, Colorado. Job Description & Requirements Specialty: Radiology Technician Discipline: Allied Health Professional Start Date: 06/21/2026 Duration: 11 weeks 36 hours per week Shift: 12 hours, days Employment Type: Travel Travel Radiology: X-Ray Tech Lakewood Location: Lakewood Start Date: 6/21/2026 Shift Details: 12H Days 36 hours per week Length: 11 WEEKS Apply for specific facility details.X-Ray Tech Triage St…","Travel Radiology Technician - $2,130 per week",39.647845,eyJhbGciOiJIUzI1NiJ9.eyJpIjoiNTc2NDUyNDAzOSIsInMiOiJfbUdzX3VObzhSR2pLSklXSE9maUtnIn0.wBxly88Oy-uU8EsfAGjQbstFo4vqtDYOgAWnRMyvquc,5764524039,"['US', 'Colorado', 'Denver', 'Lakewood']",Adzuna::API::Response::Location,"Lakewood, Denver",Triage Staffing,Adzuna::API::Response::Company,healthcare-nursing-jobs,Adzuna::API::Response::Category,Healthcare & Nursing Jobs,,
0.0,-118.82262,2026-06-15T13:50:24Z,155740.0,0,Adzuna::API::Response::Job,https://www.adzuna.com/land/ad/5764524041?se=_mGs_uNo8RGjKJIWHOfiKg&utm_medium=api&utm_source=abfa41a4&v=6903011F75E700E73219CA1CDED430D9717458B7,"Titan Nurse Staffing is seeking a travel nurse RN First Assist for a travel nursing job in Thousand Oaks, California. Job Description & Requirements Specialty: First Assist Discipline: RN Start Date: 07/13/2026 Duration: 13 weeks 40 hours per week Shift: 10 hours, days Employment Type: Travel Health care professional needed for a RNFA position in CA. Must have a minimum of 2 years experience as an RNFA. We offer our clients the best in traveling medical professionals. The only way we can attrac…","Travel Operating Room First Assist - $2,995 per week",34.19292,eyJhbGciOiJIUzI1NiJ9.eyJpIjoiNTc2NDUyNDA0MSIsInMiOiJfbUdzX3VObzhSR2pLSklXSE9maUtnIn0.8FvHri9UUxIMNEsF1kD4im_FKVmEDTQDSm_mMhl0c-Q,5764524041,"['US', 'California', 'Ventura County', 'Lake Sherwood']",Adzuna::API::Response::Location,"Lake Sherwood, Ventura County",Titan Nurse Staffing,Adzuna::API::Response::Company,healthcare-nursing-jobs,Adzuna::API::Response::Category,Healthcare & Nursing Jobs,,
0.0,-121.286702,2026-06-15T13:50:24Z,157664.0,0,Adzuna::API::Response::Job,https://www.adzuna.com/land/ad/5764524045?se=_mGs_uNo8RGjKJIWHOfiKg&utm_medium=api&utm_source=abfa41a4&v=CA64D5E9CFE1FC4C82467BFD917B19B0954D976A,"Travel Nurses, Inc. is seeking a travel nurse RN Labor and Delivery for a travel nursing job in Stockton, California. Job Description & Requirements Specialty: Labor and Delivery Discipline: RN Start Date: 07/06/2026 Duration: 13 weeks 36 hours per week Shift: 12 hours Employment Type: Travel Travel Nurses, Inc. Job ID 329699. Pay package is based on 12 hour shifts and 36 hours per week (subject to confirmation) with tax-free stipend amount to be determined. Posted job title: RN (Registered Nur…","Travel Nurse RN - Labor and Delivery - $3,032 per week",37.957982,eyJhbGciOiJIUzI1NiJ9.eyJzIjoiX21Hc191Tm84UkdqS0pJV0hPZmlLZyIsImkiOiI1NzY0NTI0MDQ1In0.nFaAw9pqbDqPNCmeAAdNSm63IhusPire9-gmgHgL0Vg,5764524045,"['US', 'California', 'San Joaquin County', 'Stockton']",Adzuna::API::Response::Location,"Stockton, San Joaquin County","Travel Nurses, Inc.",Adzuna::API::Response::Company,healthcare-nursing-jobs,Adzuna::API::Response::Category,Healthcare & Nursing Jobs,,
0.0,-94.70778,2026-06-15T13:50:23Z,93236.0,0,Adzuna::API::Response::Job,https://www.adzuna.com/land/ad/5764524025?se=_mGs_uNo8RGjKJIWHOfiKg&utm_medium=api&utm_source=abfa41a4&v=21F7BDF6B73A294D6168BF1A2E6914589556F847,"Aequor Allied is seeking a travel Occupational Therapist for a travel job in Overland Park, Kansas. Job Description & Requirements Specialty: Occupational Therapist Discipline: Therapy Start Date: 07/06/2026 Duration: 13 weeks 40 hours per week Shift: 8 hours Employment Type: Travel Therapy Staff Job ID 1778122. Pay package is based on 8 hour shifts and 40 hours per week (subject to confirmation) with tax-free stipend amount to be determined. Posted job title: Occupational Therapist (OT) - Hosp…","Travel Occupational Therapist - $1,793 per week",38.90112,eyJhbGciOiJIUzI1NiJ9.eyJpIjoiNTc2NDUyNDAyNSIsInMiOiJfbUdzX3VObzhSR2pLSklXSE9maUtnIn0.RZcFzh_73WfpCblaPpkKxXhLhr3f-aBES3Nwr3-1z1g,5764524025,"['US', 'Kansas', 'Johnson County', 'Quivira']",Adzuna::API::Response::Location,"Quivira, Johnson County",Aequor Allied,Adzuna::API::Response::Company,healthcare-nursing-jobs,Adzuna::API::Response::Category,Healthcare & Nursing Jobs,,
0.0,-106.64425,2026-06-15T13:50:23Z,114088.0,0,Adzuna::API::Response::Job,https://www.adzuna.com/land/ad/5764524030?se=_mGs_uNo8RGjKJIWHOfiKg&utm_medium=api&utm_source=abfa41a4&v=B20D5D62F3993EB9244DEDAE1130F1232F602F26,"RadHealth is seeking a travel Physical Therapist for a travel job in Albuquerque, New Mexico. Job Description & Requirements Specialty: Physical Therapist Discipline: Therapy Start Date: 07/06/2026 Duration: 13 weeks 40 hours per week Shift: 8 hours, days Employment Type: Travel PT Acute Care Days 1 year experience 1st time travel RadHealth Job ID 3238250. Pay package is based on 8 hour shifts and 40 hours per week (subject to confirmation) with tax-free stipend amount to be determined. About R…","Travel Physical Therapist - Acute Care - $2,194 per week",35.19955,eyJhbGciOiJIUzI1NiJ9.eyJpIjoiNTc2NDUyNDAzMCIsInMiOiJfbUdzX3VObzhSR2pLSklXSE9maUtnIn0.eSqiBBMymEeJ3cqU6ujt9tFn2VHkY_n1McEE_j_isfg,5764524030,"['US', 'New Mexico', 'Bernalillo County', 'Alameda']",Adzuna::API::Response::Location,"Alameda, Bernalillo County",RadHealth+,Adzuna::API::Response::Company,healthcare-nursing-jobs,Adzuna::API::Response::Category,Healthcare & Nursing Jobs,,
0.0,-81.83619,2026-06-15T13:50:23Z,113308.0,0,Adzuna::API::Response::Job,https://www.adzuna.com/land/ad/5764524024?se=_mGs_uNo8RGjKJIWHOfiKg&utm_medium=api&utm_source=abfa41a4&v=800A3433E52CF0B8A491BC7CDA2A15D1289DC70F,"TRS Healthcare is seeking a travel nurse RN Infusion for a travel nursing job in Fort Myers, Florida. Job Description & Requirements Specialty: Infusion Discipline: RN Start Date: 07/10/2026 Duration: 14 weeks 40 hours per week Shift: 8 hours, days Employment Type: Travel TRS Healthcare Job ID 1479398. Pay package is based on 8 hour shifts and 40 hours per week (subject to confirmation) with tax-free stipend amount to be determined. Posted job title: Infusion Therapy Registered Nurse About TRS …","Travel Nurse RN - Infusion - $2,179 per week",26.63163,eyJhbGciOiJIUzI1NiJ9.eyJzIjoiX21Hc191Tm84UkdqS0pJV0hPZmlLZyIsImkiOiI1NzY0NTI0MDI0In0.m6bUtImnYJcKb7WLOczz9p7aS15sQvN4fM90A52obEY,5764524024,"['US', 'Florida', 'Lee County', 'Fort Myers']",Adzuna::API::Response::Location,"Fort Myers, Lee County",TRS Healthcare,Adzuna::API::Response::Company,healthcare-nursing-jobs,Adzuna::API::Response::Category,Healthcare & Nursing Jobs,,
0.0,-83.709517,2026-06-15T13:50:23Z,91312.0,0,Adzuna::API::Response::Job,https://www.adzuna.com/land/ad/5764524029?se=_mGs_uNo8RGjKJIWHOfiKg&utm_medium=api&utm_source=abfa41a4&v=1191945D88A579DD013B8E3076C7467AE640EBAF,"Jackson HealthPros is seeking a travel Registered Respiratory Therapist for a travel job in Sylvania, Ohio. Job Description & Requirements Specialty: Registered Respiratory Therapist Discipline: Allied Health Professional Start Date: 06/22/2026 Duration: 13 weeks 36 hours per week Shift: 12 hours Employment Type: Travel We’re hiring an experienced Respiratory Therapist for a local hospital in Sylvania, OH where you will be responsible for assessing, planning, implementing, and evaluating the tr…","Travel Registered Respiratory Therapist - $1,756 per week",41.709157,eyJhbGciOiJIUzI1NiJ9.eyJzIjoiX21Hc191Tm84UkdqS0pJV0hPZmlLZyIsImkiOiI1NzY0NTI0MDI5In0.Lqrbyc-cPjmVtedui_E94W4tlubvHMrYQ-sPh31IOhk,5764524029,"['US', 'Ohio', 'Lucas County', 'Sylvania']",Adzuna::API::Response::Location,"Sylvania, Lucas County",Jackson HealthPros,Adzuna::API::Response::Company,healthcare-nursing-jobs,Adzuna::API::Response::Category,Healthcare & Nursing Jobs,,
0.0,-85.261105,2026-06-15T13:50:23Z,175916.0,0,Adzuna::API::Response::Job,https://www.adzuna.com/land/ad/5764524023?se=_mGs_uNo8RGjKJIWHOfiKg&utm_medium=api&utm_source=abfa41a4&v=4AF36FC56EF85D17624B1EDE503B6EC7DF55022D,"Nightingale Nurses - Allied is seeking a travel Radiology Technologist for a travel job in Kendallville, Indiana. Job Description & Requirements Specialty: Radiology Technologist Discipline: Allied Health Professional Start Date: 06/29/2026 Duration: 13 weeks 40 hours per week Shift: 8 hours, flexible Employment Type: Travel","Travel Radiology Technologist - $3,383 per week",41.445222,eyJhbGciOiJIUzI1NiJ9.eyJpIjoiNTc2NDUyNDAyMyIsInMiOiJfbUdzX3VObzhSR2pLSklXSE9maUtnIn0.wjWKwkHTU6zwIm2BSEREbTKY01fk_p_nAaVi70FM0nM,5764524023,"['US', 'Indiana', 'Noble County', 'Kendallville']",Adzuna::API::Response::Location,"Kendallville, Noble County",Nightingale Nurses - Allied,Adzuna::API::Response::Company,healthcare-nursing-jobs,Adzuna::API::Response::Category,Healthcare & Nursing Jobs,,
0.0,-80.01834,2026-06-15T13:50:22Z,107848.0,0,Adzuna::API::Response::Job,https://www.adzuna.com/land/ad/5764524016?se=_mGs_uNo8RGjKJIWHOfiKg&utm_medium=api&utm_source=abfa41a4&v=9DC6B8C70A47138B3561DB438F15BDE290DA2C24,"Amergis Healthcare Staffing, Inc. is seeking a travel nurse RN ED - Emergency Department for a travel nursing job in Grafton, West Virginia. Job Description & Requirements Specialty: ED - Emergency Department Discipline: RN Duration: 13 weeks 36 hours per week Shift: 12 hours Employment Type: Travel The Emergency Department Registered Nurse assumes responsibility and accountability for the application of the nursing process and the delivery of patient care in the emergency room setting or other…","Travel Nurse RN - ED - Emergency Department - $2,074 per week",39.33954,eyJhbGciOiJIUzI1NiJ9.eyJzIjoiX21Hc191Tm84UkdqS0pJV0hPZmlLZyIsImkiOiI1NzY0NTI0MDE2In0.V5wQWw-vS7XTdag4B8QgEKZtrYXu5-cmn7T-i87Z0E0,5764524016,"['US', 'West Virginia', 'Taylor County', 'Grafton']",Adzuna::API::Response::Location,"Grafton, Taylor County","Amergis Healthcare Staffing, Inc.",Adzuna::API::Response::Company,healthcare-nursing-jobs,Adzuna::API::Response::Category,Healthcare & Nursing Jobs,,
0.0,-94.73875,2026-06-15T13:50:22Z,104000.0,0,Adzuna::API::Response::Job,https://www.adzuna.com/land/ad/5764524009?se=_mGs_uNo8RGjKJIWHOfiKg&utm_medium=api&utm_source=abfa41a4&v=E581FF1873F4A6FFC4B944BB1851F14067E72682,"Health Saviours is seeking a travel nurse RN ED - Emergency Department for a travel nursing job in Longview, Texas. Job Description & Requirements Specialty: ED - Emergency Department Discipline: RN Duration: 13 weeks 36 hours per week Shift: 12 hours, nights Employment Type: Travel Job Requirements: Education/Skills Bachelor of Science Degree in Nursing, preferred Experience 1 year of experience in the related nursing specialty preferred Licenses, Registrations, or Certifications Current BLS c…","Travel Emergency Department RN - $2,000 per week",32.4957,eyJhbGciOiJIUzI1NiJ9.eyJpIjoiNTc2NDUyNDAwOSIsInMiOiJfbUdzX3VObzhSR2pLSklXSE9maUtnIn0.74NLckkYSzYt9IPL25FA7j76k31-qMv-VViQP3ytsVo,5764524009,"['US', 'Texas', 'Gregg County', 'Tenneryville']",Adzuna::API::Response::Location,"Tenneryville, Gregg County",Health Saviours,Adzuna::API::Response::Company,healthcare-nursing-jobs,Adzuna::API::Response::Category,Healthcare & Nursing Jobs,,
0.0,-83.207709,2026-06-15T13:50:22Z,100776.0,0,Adzuna::API::Response::Job,https://www.adzuna.com/land/ad/5764524011?se=_mGs_uNo8RGjKJIWHOfiKg&utm_medium=api&utm_source=abfa41a4&v=64D33AC9DC0C5254BFFD106B7B827958206754A0,"ARMStaffing is seeking a travel Physical Therapist for a travel job in Highlands, North Carolina. Job Description & Requirements Specialty: Physical Therapist Discipline: Therapy Start Date: ASAP Duration: 13 weeks 40 hours per week Shift: 8 hours, days Employment Type: Travel Occupational Therapist Location Highlands, NC Assignment Duration This is a 13-week contract position. Schedule Monday to Friday, 8:00 AM – 4:30 PM Job Description The Occupational Therapist is responsible for evaluating …","Travel Physical Therapist, Rehab Services - $1,938 per week",35.053561,eyJhbGciOiJIUzI1NiJ9.eyJzIjoiX21Hc191Tm84UkdqS0pJV0hPZmlLZyIsImkiOiI1NzY0NTI0MDExIn0.Vb1Rk9WeLXBFvbHLKryyZ49gcjfnxiq3uq3OoYrGl-U,5764524011,"['US', 'North Carolina', 'Macon County', 'Highlands']",Adzuna::API::Response::Location,"Highlands, Macon County",ARMStaffing,Adzuna::API::Response::Company,healthcare-nursing-jobs,Adzuna::API::Response::Category,Healthcare & Nursing Jobs,,
0.0,-82.965488,2026-06-15T13:50:22Z,108004.0,0,Adzuna::API::Response::Job,https://www.adzuna.com/land/ad/5764524013?se=_mGs_uNo8RGjKJIWHOfiKg&utm_medium=api&utm_source=abfa41a4&v=92A14B8C491C98C3787FDEDA31A9F9CAE6538AF6,"American Traveler is seeking a travel nurse RN ICU - Intensive Care Unit for a travel nursing job in Columbus, Ohio. Job Description & Requirements Specialty: ICU - Intensive Care Unit Discipline: RN Start Date: 07/27/2026 Duration: 13 weeks 36 hours per week Shift: 12 hours, nights Employment Type: Travel Assignment Overview Shift: Nights, 3x12hrs Hours: 36 hrs/wk Start Date: Jul 27, 2026 Length: 13 weeks Openings: 1 Description American Traveler is seeking an experienced RN for a Medical ICU …","Travel MICU Registered Nurse - $2,077 per week",40.041105,eyJhbGciOiJIUzI1NiJ9.eyJpIjoiNTc2NDUyNDAxMyIsInMiOiJfbUdzX3VObzhSR2pLSklXSE9maUtnIn0.THOMZ04hDi76p8_khLWIqJ30z17zlA1W0-JUz837MCc,5764524013,"['US', 'Ohio', 'Franklin County', 'Minerva Park']",Adzuna::API::Response::Location,"Minerva Park, Franklin County",American Traveler,Adzuna::API::Response::Company,healthcare-nursing-jobs,Adzuna::API::Response::Category,Healthcare & Nursing Jobs,,
0.0,-87.9119,2026-06-15T13:50:22Z,95524.0,0,Adzuna::API::Response::Job,https://www.adzuna.com/land/ad/5764524017?se=_mGs_uNo8RGjKJIWHOfiKg&utm_medium=api&utm_source=abfa41a4&v=7F3F5EF6A7933FAA3FB3CF623476FDE0139C01F2,"Uniti Med is seeking a travel nurse RN Labor and Delivery for a travel nursing job in Milwaukee, Wisconsin. Job Description & Requirements Specialty: Labor and Delivery Discipline: RN Start Date: 07/12/2026 Duration: 12 weeks 36 hours per week Shift: 12 hours, nights Employment Type: Travel Benefits: Day 1 Insurance Cigna medical, MetLife dental and vision insurance License reimbursement for new licenses needed for each assignment Discounts with hotels and rental cars A dedicated recruiter and …","Travel Labor and Delivery RN - $1,837 per week",42.9426,eyJhbGciOiJIUzI1NiJ9.eyJpIjoiNTc2NDUyNDAxNyIsInMiOiJfbUdzX3VObzhSR2pLSklXSE9maUtnIn0.tnhLnPKff2dPG1sjyG4pDBZSaBQrnF569FnlQCv6sHM,5764524017,"['US', 'Wisconsin', 'Milwaukee County', 'Saint Francis']",Adzuna::API::Response::Location,"Saint Francis, Milwaukee County",Uniti Med,Adzuna::API::Response::Company,healthcare-nursing-jobs,Adzuna::API::Response::Category,Healthcare & Nursing Jobs,,
0.0,-84.3879,2026-06-15T13:50:22Z,131716.0,0,Adzuna::API::Response::Job,https://www.adzuna.com/land/ad/5764524012?se=_mGs_uNo8RGjKJIWHOfiKg&utm_medium=api&utm_source=abfa41a4&v=C7116A076AD87D49C69D04F1CC87BC2F981B65E2,"Genie Healthcare is seeking a travel nurse RN NICU - Neonatal Intensive Care for a travel nursing job in Atlanta, Georgia. Job Description & Requirements Specialty: NICU - Neonatal Intensive Care Discipline: RN Start Date: 07/06/2026 Duration: 13 weeks 36 hours per week Shift: 12 hours, nights Employment Type: Travel Genie Healthcare is looking for a RN to work in Neonatal ICU (NICU) for a 13 weeks travel assignment located in Atlanta, GA for the Shift (3x12 nights, 19:00:00-07:00:00, 12.00-3).…","Travel NICU Registered Nurse - $2,533 per week",33.7487,eyJhbGciOiJIUzI1NiJ9.eyJpIjoiNTc2NDUyNDAxMiIsInMiOiJfbUdzX3VObzhSR2pLSklXSE9maUtnIn0.yr5xcap7DSNDt7uTQDcqFVV9yssepfOtMExHfYS_sn0,5764524012,"['US', 'Georgia', 'DeKalb County', 'Northlake']",Adzuna::API::Response::Location,"Northlake, DeKalb County",Genie Healthcare,Adzuna::API::Response::Company,healthcare-nursing-jobs,Adzuna::API::Response::Category,Healthcare & Nursing Jobs,,
0.0,-71.05,2026-06-15T13:50:22Z,127140.0,0,Adzuna::API::Response::Job,https://www.adzuna.com/land/ad/5764524015?se=GPWe_-No8RGzhqZ_AkMdEg&utm_medium=api&utm_source=abfa41a4&v=FB454FE175C75723F8FEDCC6A637C9CD62A07377,"PRIDE Health is seeking a travel CVOR Technologist for a travel job in Boston, Massachusetts. Job Description & Requirements Specialty: CVOR Technologist Discipline: Allied Health Professional Start Date: ASAP Duration: 13 weeks 36 hours per week Shift: 12 hours, nights Employment Type: Travel A Surgical Technician assists in surgeries by preparing operating rooms, sterilizing instruments, and supporting the surgical team. Responsibilities include ensuring patient safety, maintaining sterile en…","Travel CVOR Surgical Technologist - $2,445 per week",42.34,eyJhbGciOiJIUzI1NiJ9.eyJpIjoiNTc2NDUyNDAxNSIsInMiOiJHUFdlXy1ObzhSR3pocVpfQWtNZEVnIn0.k8HZT0QZicL-Fi7bv_C9j27vkUzfFsVOwAKhph1d-rs,5764524015,"['US', 'Massachusetts', 'Suffolk County', 'South Boston']",Adzuna::API::Response::Location,"South Boston, Suffolk County",PRIDE Health,Adzuna::API::Response::Company,healthcare-nursing-jobs,Adzuna::API::Response::Category,Healthcare & Nursing Jobs,,
0.0,-88.1551,2026-06-15T13:50:22Z,95524.0,0,Adzuna::API::Response::Job,https://www.adzuna.com/land/ad/5764524014?se=GPWe_-No8RGzhqZ_AkMdEg&utm_medium=api&utm_source=abfa41a4&v=B00C59E434ABC113E4FBF2796A5F27EDC0F62802,"Uniti Med is seeking a travel nurse RN ED - Emergency Department for a travel nursing job in Brookfield, Wisconsin. Job Description & Requirements Specialty: ED - Emergency Department Discipline: RN Start Date: 07/12/2026 Duration: 13 weeks 36 hours per week Shift: 12 hours, nights Employment Type: Travel Benefits: Day 1 Insurance Cigna medical, MetLife dental and vision insurance License reimbursement for new licenses needed for each assignment Discounts with hotels and rental cars A dedicated…","Travel Emergency Room RN - $1,837 per week",43.0601,eyJhbGciOiJIUzI1NiJ9.eyJpIjoiNTc2NDUyNDAxNCIsInMiOiJHUFdlXy1ObzhSR3pocVpfQWtNZEVnIn0.S34mKfZ4vmxF-uGVdcH8HHqXbKaJLBL5PzbAgpFECzY,5764524014,"['US', 'Wisconsin', 'Waukesha County', 'Brookfield']",Adzuna::API::Response::Location,"Brookfield, Waukesha County",Uniti Med,Adzuna::API::Response::Company,healthcare-nursing-jobs,Adzuna::API::Response::Category,Healthcare & Nursing Jobs,,
0.0,-88.311252,2026-06-15T13:50:21Z,151476.0,0,Adzuna::API::Response::Job,https://www.adzuna.com/land/ad/5764524003?se=GPWe_-No8RGzhqZ_AkMdEg&utm_medium=api&utm_source=abfa41a4&v=8BC21F9507BCA8B77B6BE74FE9F3A11A1E2264FD,"Assured Nursing is seeking a travel Cath Lab Technologist for a travel job in Murray, Kentucky. Job Description & Requirements Specialty: Cath Lab Technologist Discipline: Allied Health Professional Start Date: 07/06/2026 Duration: 13 weeks 36 hours per week Shift: 12 hours, days Employment Type: Travel Assured Nursing Job ID 37196390. Pay package is based on 12 hour shifts and 36.0 hours per week (subject to confirmation) with tax-free stipend amount to be determined. Posted job title: Cath La…","Travel Cath Lab Technologist - $2,913 per week",36.614654,eyJhbGciOiJIUzI1NiJ9.eyJzIjoiR1BXZV8tTm84Ukd6aHFaX0FrTWRFZyIsImkiOiI1NzY0NTI0MDAzIn0.e6BbFNVEg4r1VRkZFIWhyuGt0kMR-XCHXXOcEnJddec,5764524003,"['US', 'Kentucky', 'Calloway County', 'Murray']",Adzuna::API::Response::Location,"Murray, Calloway County",Assured Nursing,Adzuna::API::Response::Company,healthcare-nursing-jobs,Adzuna::API::Response::Category,Healthcare & Nursing Jobs,,
0.0,-100.42414,2026-06-15T13:50:21Z,116792.0,0,Adzuna::API::Response::Job,https://www.adzuna.com/land/ad/5764524004?se=GPWe_-No8RGzhqZ_AkMdEg&utm_medium=api&utm_source=abfa41a4&v=97B437AE3622984286F52D380871DDEC8C3DC72A,"American Traveler is seeking a travel nurse RN PACU - Post Anesthesia Care for a travel nursing job in San Angelo, Texas. Job Description & Requirements Specialty: PACU - Post Anesthesia Care Discipline: RN Start Date: 07/13/2026 Duration: 13 weeks 40 hours per week Shift: 8 hours, days Employment Type: Travel Assignment Overview Shift: Days, 5x8hrs Hours: 40 hrs/wk Start Date: Jul 13, 2026 Length: 13 weeks Openings: 2 Description American Traveler is seeking a travel RN for a PACU position req…","Travel PACU Registered Nurse - $2,246 per week",31.454111,eyJhbGciOiJIUzI1NiJ9.eyJzIjoiR1BXZV8tTm84Ukd6aHFaX0FrTWRFZyIsImkiOiI1NzY0NTI0MDA0In0.2j9-pM5W31b3lupgUDTkB7FuCAG4sX3uRJNl4tEMyoY,5764524004,"['US', 'Texas', 'Tom Green County', 'Veribest']",Adzuna::API::Response::Location,"Veribest, Tom Green County",American Traveler,Adzuna::API::Response::Company,travel-jobs,Adzuna::API::Response::Category,Travel Jobs,,
0.0,-83.381809,2026-06-15T13:50:21Z,118768.0,0,Adzuna::API::Response::Job,https://www.adzuna.com/land/ad/5764524007?se=GPWe_-No8RGzhqZ_AkMdEg&utm_medium=api&utm_source=abfa41a4&v=B412F0D69DC9A5C92A2E2F0AB6763C53443C371F,"Anders Group is seeking a travel Outpatient Physical Therapist for a travel job in Franklin, North Carolina. Job Description & Requirements Specialty: Physical Therapist Discipline: Therapy Start Date: ASAP Duration: 13 weeks 40 hours per week Shift: 10 hours, days Employment Type: Travel Anders Group Job ID 1014751. Pay package is based on 10 hour shifts and 40 hours per week (subject to confirmation) with tax-free stipend amount to be determined. Posted job title: BACKFILL - TRAVEL - OUTPATIE…","Travel Physical Therapist - $2,284 per week",35.18105,eyJhbGciOiJIUzI1NiJ9.eyJpIjoiNTc2NDUyNDAwNyIsInMiOiJHUFdlXy1ObzhSR3pocVpfQWtNZEVnIn0.6pAOtdQJy_MkpR9BCT1kCR4zc6jUoxueeKYBsJcMh8A,5764524007,"['US', 'North Carolina', 'Macon County', 'Franklin']",Adzuna::API::Response::Location,"Franklin, Macon County",Anders Group,Adzuna::API::Response::Company,healthcare-nursing-jobs,Adzuna::API::Response::Category,Healthcare & Nursing Jobs,,
0.0,-100.42414,2026-06-15T13:50:21Z,117936.0,0,Adzuna::API::Response::Job,https://www.adzuna.com/land/ad/5764524002?se=GPWe_-No8RGzhqZ_AkMdEg&utm_medium=api&utm_source=abfa41a4&v=3C5E97F079329665F662C9E41DBEDF90E540A409,"Reliable Nurse Staffing is seeking a travel nurse RN PACU - Post Anesthesia Care for a travel nursing job in San Angelo, Texas. Job Description & Requirements Specialty: PACU - Post Anesthesia Care Discipline: RN Start Date: 07/13/2026 Duration: 13 weeks 40 hours per week Shift: 8 hours, days Employment Type: Travel Reliable Nurse Staffing Job ID 62905846. Pay package is based on 8 hour shifts and 40 hours per week (subject to confirmation) with tax-free stipend amount to be determined. About R…","Travel PACU Registered Nurse - $2,268 per week",31.454111,eyJhbGciOiJIUzI1NiJ9.eyJzIjoiR1BXZV8tTm84Ukd6aHFaX0FrTWRFZyIsImkiOiI1NzY0NTI0MDAyIn0.PJQq_DRDJxdRAfju1PS2KOKsf0QLmSnNpbu4dgPzECs,5764524002,"['US', 'Texas', 'Tom Green County', 'Veribest']",Adzuna::API::Response::Location,"Veribest, Tom Green County",Reliable Nurse Staffing,Adzuna::API::Response::Company,healthcare-nursing-jobs,Adzuna::API::Response::Category,Healthcare & Nursing Jobs,,
49813.34,-81.98496,2026-06-15T13:50:11Z,49813.34,1,Adzuna::API::Response::Job,https://www.adzuna.com/land/ad/5764523991?se=GPWe_-No8RGzhqZ_AkMdEg&utm_medium=api&utm_source=abfa41a4&v=CFADCCD46FE5DB8932A9F615413313B434BE642D,"We. Are. OneStaff. Medical. An independently-owned, nationally-recognized and amazingly awesome staffing firm ready to work for you! A work ethic forged in the Midwest, we are here to stand by your side and help you find your dream assignment anywhere in this great country. We want the same like-minded, awesome candidates to travel with us. Be bold. Enjoy work again. Let us help. THE POSITION: Medical-Surgical nurses provide direct care to adult patients in a variety of settings and is the larg…",Travel Registered Nurse RN Medical Surgical,39.95424,eyJhbGciOiJIUzI1NiJ9.eyJzIjoiR1BXZV8tTm84Ukd6aHFaX0FrTWRFZyIsImkiOiI1NzY0NTIzOTkxIn0.OJ92gLuO79o_Qf5otvD3ra7FiZHq2rC9APMr-1FYVZE,5764523991,"['US', 'Ohio', 'Muskingum County', 'Zanesville']",Adzuna::API::Response::Location,"Zanesville, Muskingum County",OneStaffMedical,Adzuna::API::Response::Company,healthcare-nursing-jobs,Adzuna::API::Response::Category,Healthcare & Nursing Jobs,,
67568.38,-76.56212,2026-06-15T13:50:10Z,67568.38,1,Adzuna::API::Response::Job,https://www.adzuna.com/land/ad/5764523986?se=GPWe_-No8RGzhqZ_AkMdEg&utm_medium=api&utm_source=abfa41a4&v=E6262A81D23D456CD18A9652D43EA3BD3921956F,"We. Are. OneStaff. Medical. An independently-owned, nationally-recognized and amazingly awesome staffing firm ready to work for you! A work ethic forged in the Midwest, we are here to stand by your side and help you find your dream assignment anywhere in this great country. We want the same like-minded, awesome candidates to travel with us. Be bold. Enjoy work again. Let us help. THE POSITION: Intensive care unit (ICU) staff RNs provide care for patients with life-threatening medical conditions…",Travel Registered Nurse RN Intensive Care Unit ICU,39.30213,eyJhbGciOiJIUzI1NiJ9.eyJzIjoiR1BXZV8tTm84Ukd6aHFaX0FrTWRFZyIsImkiOiI1NzY0NTIzOTg2In0.8o7Bj6kN7wK_UG8fgirYyscENJhMfTKuW4_Y3k_4SVA,5764523986,"['US', 'Maryland', 'Baltimore County', 'Baltimore', 'Clifton East End']",Adzuna::API::Response::Location,"Clifton East End, Baltimore",OneStaffMedical,Adzuna::API::Response::Company,healthcare-nursing-jobs,Adzuna::API::Response::Category,Healthcare & Nursing Jobs,,
44901.39,-87.55616,2026-06-15T13:50:10Z,44901.39,1,Adzuna::API::Response::Job,https://www.adzuna.com/land/ad/5764523988?se=GPWe_-No8RGzhqZ_AkMdEg&utm_medium=api&utm_source=abfa41a4&v=C072ED6D0B587F117E24C5E7613473C32CFC66C2,"We. Are. OneStaff. Medical. An independently-owned, nationally-recognized and amazingly awesome staffing firm ready to work for you! A work ethic forged in the Midwest, we are here to stand by your side and help you find your dream assignment anywhere in this great country. We want the same like-minded, awesome candidates to travel with us. Be bold. Enjoy work again. Let us help. THE POSITION: Emergency Nurses treat patients in emergency situations where they’re experiencing trauma or injury. T…",Travel Registered Nurse RN Emergency Room ER,41.71902,eyJhbGciOiJIUzI1NiJ9.eyJpIjoiNTc2NDUyMzk4OCIsInMiOiJHUFdlXy1ObzhSR3pocVpfQWtNZEVnIn0._HazPXqHCpT-ofgaGCOvCAPkUvMdJ0ZvLicscPUQQwI,5764523988,"['US', 'Illinois', 'Cook County', 'Chicago', 'Calumet Heights']",Adzuna::API::Response::Location,"Calumet Heights, Chicago",OneStaffMedical,Adzuna::API::Response::Company,healthcare-nursing-jobs,Adzuna::API::Response::Category,Healthcare & Nursing Jobs,,
46018.04,-69.108016,2026-06-15T13:50:10Z,46018.04,1,Adzuna::API::Response::Job,https://www.adzuna.com/land/ad/5764523989?se=GPWe_-No8RGzhqZ_AkMdEg&utm_medium=api&utm_source=abfa41a4&v=234EBFDDBDEA7A7B49BA4F7082C3D7918EACD3AE,"We. Are. OneStaff. Medical. An independently-owned, nationally-recognized and amazingly awesome staffing firm ready to work for you! A work ethic forged in the Midwest, we are here to stand by your side and help you find your dream assignment anywhere in this great country. We want the same like-minded, awesome candidates to travel with us. Be bold. Enjoy work again. Let us help. THE POSITION: Emergency Nurses treat patients in emergency situations where they’re experiencing trauma or injury. T…",Travel Registered Nurse RN Emergency Room ER,44.175212,eyJhbGciOiJIUzI1NiJ9.eyJzIjoiR1BXZV8tTm84Ukd6aHFaX0FrTWRFZyIsImkiOiI1NzY0NTIzOTg5In0.Roe4v1Akx253IHohDW38M7jwUBp-0-4x6wH-65RbVqk,5764523989,"['US', 'Maine', 'Knox County', 'Rockport']",Adzuna::API::Response::Location,"Rockport, Knox County",OneStaffMedical,Adzuna::API::Response::Company,healthcare-nursing-jobs,Adzuna::API::Response::Category,Healthcare & Nursing Jobs,,
38181.34,-81.305884,2026-06-15T13:50:10Z,38181.34,1,Adzuna::API::Response::Job,https://www.adzuna.com/land/ad/5764523987?se=GPWe_-No8RGzhqZ_AkMdEg&utm_medium=api&utm_source=abfa41a4&v=8AD8C65CC1847497DB795140BD1E5AF862B84544,"We. Are. OneStaff. Medical. An independently-owned, nationally-recognized and amazingly awesome staffing firm ready to work for you! A work ethic forged in the Midwest, we are here to stand by your side and help you find your dream assignment anywhere in this great country. We want the same like-minded, awesome candidates to travel with us. Be bold. Enjoy work again. Let us help. THE POSITION: Cardiovascular Operating Room Nurse specializes in the care of cardiovascular patients before, during …",Travel Registered Nurse RN Cardiovascular Operating Room CVOR,28.803299,eyJhbGciOiJIUzI1NiJ9.eyJpIjoiNTc2NDUyMzk4NyIsInMiOiJHUFdlXy1ObzhSR3pocVpfQWtNZEVnIn0.JszOZ-CD1J1YqQLm2C0aQzCGP4L8UovET3IdlPUwHOo,5764523987,"['US', 'Florida', 'Seminole County', 'Lake Monroe']",Adzuna::API::Response::Location,"Lake Monroe, Seminole County",OneStaffMedical,Adzuna::API::Response::Company,healthcare-nursing-jobs,Adzuna::API::Response::Category,Healthcare & Nursing Jobs,,
45538.68,-81.602804,2026-06-15T13:49:42Z,45538.68,1,Adzuna::API::Response::Job,https://www.adzuna.com/land/ad/5764523890?se=GPWe_-No8RGzhqZ_AkMdEg&utm_medium=api&utm_source=abfa41a4&v=C7CBF6978D95B12C1992A2E714D4615E877E01B4,"DCI and Clean Harbors in Belpre, OH is seeking a Class A CDL Driver to operate a variety of heavy and light duty trucks/work equipment at our customer sites; some of the vehicles operated include vacuum trucks, Cuscos, guzzlers, and roll offs. This role is responsible for performing driving and non-driving duties on and off customer sites associated with hazardous waste clean-up. Clean Harbors is the leading provider of environmental, energy and industrial services throughout the United States,…",CDL Equipment Operator - DCI,39.292821,eyJhbGciOiJIUzI1NiJ9.eyJzIjoiR1BXZV8tTm84Ukd6aHFaX0FrTWRFZyIsImkiOiI1NzY0NTIzODkwIn0.jtZTUjONdrO0XN6R8AXQRImXve9_mDIEoWih06tam3w,5764523890,"['US', 'Ohio', 'Washington County', 'Belpre']",Adzuna::API::Response::Location,"Belpre, Washington County",Clean Harbors,Adzuna::API::Response::Company,logistics-warehouse-jobs,Adzuna::API::Response::Category,Logistics & Warehouse Jobs,full_time,
83312.73,-156.447907,2026-06-15T13:49:20Z,83312.73,1,Adzuna::API::Response::Job,https://www.adzuna.com/land/ad/5764523861?se=GPWe_-No8RGzhqZ_AkMdEg&utm_medium=api&utm_source=abfa41a4&v=5EF0047CDF5877CC15C634CF7C1A0E0B76D65764,"Additional Information Job Number 26068633 Job Category Rooms & Guest Services Operations Location 3700 Wailea Alanui Dr, Wailea, Hawaii, United States, 96753 VIEW ON MAP Schedule Full Time Located Remotely? N Position Type Non-Management Pay Range: $34.38-$34.38 per hour POSITION SUMMARY Process all guest check-ins, verifying guest identity, form of payment, assigning room, and activating/issuing room key. Set up accurate accounts for each guest according to their requirements. Enter Marriott …",Front Office Supervisor,20.744005,eyJhbGciOiJIUzI1NiJ9.eyJpIjoiNTc2NDUyMzg2MSIsInMiOiJHUFdlXy1ObzhSR3pocVpfQWtNZEVnIn0.ixlACYo5tWqVsdEHpVE74A-DbeKzBH2EKoY4Sq1fK-g,5764523861,"['US', 'Hawaii', 'Maui', 'Kihei']",Adzuna::API::Response::Location,"Kihei, Maui","Marriott International, Inc",Adzuna::API::Response::Company,hospitality-catering-jobs,Adzuna::API::Response::Category,Hospitality & Catering Jobs,full_time,
42899.13,-159.47149,2026-06-15T13:49:19Z,42899.13,1,Adzuna::API::Response::Job,https://www.adzuna.com/land/ad/5764523858?se=GPWe_-No8RGzhqZ_AkMdEg&utm_medium=api&utm_source=abfa41a4&v=8C64BB4D3B9FEF517AFDE04C29B1CD22596B981C,"Additional Information Job Number 26066782 Job Category Housekeeping & Laundry Location 2440 Hoonani Rd, Koloa, Hawaii, United States, 96756 VIEW ON MAP Schedule Full Time Located Remotely? N Position Type Non-Management Pay Range: $26.36-$32.95 per Hour POSITION SUMMARY Respond promptly to requests from guests and other departments. Fill cart with supplies and transport cart to assigned area. Enter guest rooms following procedures for gaining access and ensuring vacancy before entering. Replac…",Housekeeper,21.905343,eyJhbGciOiJIUzI1NiJ9.eyJzIjoiR1BXZV8tTm84Ukd6aHFaX0FrTWRFZyIsImkiOiI1NzY0NTIzODU4In0.bX5qSbIpxk3vRjThGbjXLEqZsULivGVfNtWk0JHmdg4,5764523858,"['US', 'Hawaii', 'Kauai', 'Koloa']",Adzuna::API::Response::Location,"Koloa, Kauai","Marriott International, Inc",Adzuna::API::Response::Company,hospitality-catering-jobs,Adzuna::API::Response::Category,Hospitality & Catering Jobs,full_time,
86364.26,-75.16548,2026-06-15T13:49:10Z,86364.26,1,Adzuna::API::Response::Job,https://www.adzuna.com/details/5764523849?utm_medium=api&utm_source=abfa41a4,"At Bunzl, we consider our Drivers as the heart of our business, serving as both ambassadors for the company and the key point of contact with our customers. Our Drivers are valued as a trusted partner and an essential member of the Bunzl family A Day in the Life : Safely drive and operate a Class A tractor-trailer or other commercial vehicles. Perform pre-trip and post-trip inspections of the vehicle. Deliver goods in a timely and safe manner to customer locations, both local and long-distance.…",Class A Driver,39.95208,eyJhbGciOiJIUzI1NiJ9.eyJzIjoiR1BXZV8tTm84Ukd6aHFaX0FrTWRFZyIsImkiOiI1NzY0NTIzODQ5In0.yG5PpKGfNe-zrWD1tv0ebxhtTMpSIY92HX7Xa5JSy3I,5764523849,"['US', 'Pennsylvania', 'Philadelphia County', 'Middle East']",Adzuna::API::Response::Location,"Middle East, Philadelphia County",Bunzl,Adzuna::API::Response::Company,logistics-warehouse-jobs,Adzuna::API::Response::Category,Logistics & Warehouse Jobs,full_time,
35570.3,-82.39518,2026-06-15T13:48:14Z,35570.3,1,Adzuna::API::Response::Job,https://www.adzuna.com/details/5764523807?utm_medium=api&utm_source=abfa41a4,"Lutheran Services Florida (LSF) envisions a world where children are safe, families are strong, and communities are vibrant. LSF is seeking a talented Intake and Referral Specialist who wants to make an impact in the lives of others. Purpose and Impact: The Intake and Referral Specialist performs general administrative and office support functions to ensure the efficient operation of program services. The Intake/Referral Specialist helps other program operational staff in completing responsibil…",Intake and Referral Specialist (1020),28.03951,eyJhbGciOiJIUzI1NiJ9.eyJzIjoiR1BXZV8tTm84Ukd6aHFaX0FrTWRFZyIsImkiOiI1NzY0NTIzODA3In0._S9ujSQva3haGqcOoeavaQwjONbdlzZrKlVsdyZwAzU,5764523807,"['US', 'Florida', 'Hillsborough County', 'Temple Terrace']",Adzuna::API::Response::Location,"Temple Terrace, Hillsborough County",Lutheran Services Florida,Adzuna::API::Response::Company,admin-jobs,Adzuna::API::Response::Category,Admin Jobs,full_time,
79953.75,-97.741701,2026-06-15T13:48:12Z,79953.75,1,Adzuna::API::Response::Job,https://www.adzuna.com/land/ad/5764523804?se=GPWe_-No8RGzhqZ_AkMdEg&utm_medium=api&utm_source=abfa41a4&v=3C044CF772AF0B31E866D52DF8732DC58ADD1FAF,"Additional Information Job Number 26070399 Job Category Reservations Location 200 Lavaca St, Austin, Texas, United States, 78701 VIEW ON MAP Schedule Full Time Located Remotely? N Position Type Non-Management Pay Range: $22.80-$22.80 per hour POSITION SUMMARY Process all reservation requests, changes, and cancellations received by phone, fax, or mail. Identify guest reservation needs, determine appropriate room type, and verify availability of room type and rate. Explain guarantee, special rate…",Group Housing Coordinator,30.271158,eyJhbGciOiJIUzI1NiJ9.eyJzIjoiR1BXZV8tTm84Ukd6aHFaX0FrTWRFZyIsImkiOiI1NzY0NTIzODA0In0.rchsxYSIMuM3JtSEdu99Ta4bQH3XjO0_vikGcgcjgDc,5764523804,"['US', 'Texas', 'Travis County', 'Austin']",Adzuna::API::Response::Location,"Austin, Travis County","Marriott International, Inc",Adzuna::API::Response::Company,hospitality-catering-jobs,Adzuna::API::Response::Category,Hospitality & Catering Jobs,,
145724.89,-123.020833,2026-06-15T13:48:11Z,145724.89,1,Adzuna::API::Response::Job,https://www.adzuna.com/land/ad/5764523800?se=GPWe_-No8RGzhqZ_AkMdEg&utm_medium=api&utm_source=abfa41a4&v=70C86C5A0275626271A81427F89C082101C93B93,"We save lives while providing the opportunity for people to realize their healthy selves.: Primary Therapist Monte Nido RainRock Located in Springfield, Oregon Monte Nido RainRock, located in Springfield, Oregon is a residential treatment program exclusively for adults seeking treatment for Anorexia Nervosa, Bulimia Nervosa, Binge Eating Disorder, or Exercise Addiction. Monte Nido’s treatment approach focuses on the restoration of physiological and nutritional balance, implementation of healthy…",Primary Therapist,44.046389,eyJhbGciOiJIUzI1NiJ9.eyJzIjoiR1BXZV8tTm84Ukd6aHFaX0FrTWRFZyIsImkiOiI1NzY0NTIzODAwIn0.nhegb2utu5xgS9svdbcnj36jUyN_d1rCbE_FOUB_Zt4,5764523800,"['US', 'Oregon', 'Lane County', 'Springfield']",Adzuna::API::Response::Location,"Springfield, Lane County","Monte Nido & Affiliates, LLC",Adzuna::API::Response::Company,healthcare-nursing-jobs,Adzuna::API::Response::Category,Healthcare & Nursing Jobs,,
68843.51,-106.36074,2026-06-15T13:48:09Z,68843.51,1,Adzuna::API::Response::Job,https://www.adzuna.com/land/ad/5764523789?se=GPWe_-No8RGzhqZ_AkMdEg&utm_medium=api&utm_source=abfa41a4&v=ACF81156E4D35AC2EB2535D872EA13F3EC1C2564,"Additional Information Job Number 26069868 Job Category Rooms & Guest Services Operations Location 728 W Lionshead Cir, Vail, Colorado, United States, 81657 VIEW ON MAP Schedule Full Time Located Remotely? N Position Type Non-Management Pay Range: $20.60-$20.60 per hour Expiration Date: 06/29/2026 POSITION SUMMARY First impressions are everything. When guests arrive at our hotels, we want that impression to be memorable. The same goes for departures. When guests leave, we want them to go with a…",Guest Arrival Expert,39.65022,eyJhbGciOiJIUzI1NiJ9.eyJzIjoiR1BXZV8tTm84Ukd6aHFaX0FrTWRFZyIsImkiOiI1NzY0NTIzNzg5In0.25HaBuz8j7BGcsvrYQz-uUfuq0nG5T1G0akBynWP-RQ,5764523789,"['US', 'Colorado', 'Eagle County', 'East Vail']",Adzuna::API::Response::Location,"East Vail, Eagle County","Marriott International, Inc",Adzuna::API::Response::Company,hospitality-catering-jobs,Adzuna::API::Response::Category,Hospitality & Catering Jobs,full_time,
48790.78,-83.189992,2026-06-15T13:48:09Z,48790.78,1,Adzuna::API::Response::Job,https://www.adzuna.com/land/ad/5764523788?se=GPWe_-No8RGzhqZ_AkMdEg&utm_medium=api&utm_source=abfa41a4&v=0D70445244AB5617CBA2AC01497DF498F67B250E,"Additional Information Amore Del Lago Job Number 26069095 Job Category Rooms & Guest Services Operations Location 1 Lake Oconee Trl, Greensboro, Georgia, United States, 30642 VIEW ON MAP Schedule Full Time Located Remotely? N Position Type Non-Management POSITION SUMMARY Our jobs aren’t just about moving items from one place to another. Instead, we want to build an experience that is memorable and unique – and each position contributes to making that possible for our guests. At our hotels, Runn…",Food Runner- Amore Del Lago,33.529321,eyJhbGciOiJIUzI1NiJ9.eyJzIjoiR1BXZV8tTm84Ukd6aHFaX0FrTWRFZyIsImkiOiI1NzY0NTIzNzg4In0.PA6TRPOWUDhj5f3rYb9JgrUi7fDpRKIB6UIPw-IgxqA,5764523788,"['US', 'Georgia', 'Greene County', 'Reynolds Plantation']",Adzuna::API::Response::Location,"Reynolds Plantation, Greene County","Marriott International, Inc",Adzuna::API::Response::Company,hospitality-catering-jobs,Adzuna::API::Response::Category,Hospitality & Catering Jobs,full_time,
86529.14,-115.146372,2026-06-15T13:48:09Z,86529.14,1,Adzuna::API::Response::Job,https://www.adzuna.com/land/ad/5764523791?se=GPWe_-No8RGzhqZ_AkMdEg&utm_medium=api&utm_source=abfa41a4&v=7727977A175C2718A62AB7B5B965F5F303290772,"Additional Information Job Number 26069103 Job Category Rooms & Guest Services Operations Location 370 Hughes Center Dr, Las Vegas, Nevada, United States, 89169 VIEW ON MAP Schedule Full Time Located Remotely? N Position Type Non-Management Pay Range: $26.36-$26.36 per hour POSITION SUMMARY Complete designated cashier and closing reports in the computer system. Review shift logs/daily memo books and document pertinent information in logbooks. Contact appropriate individual or department (e.g., …",Operations Supervisor,36.124423,eyJhbGciOiJIUzI1NiJ9.eyJzIjoiR1BXZV8tTm84Ukd6aHFaX0FrTWRFZyIsImkiOiI1NzY0NTIzNzkxIn0.JFlbTuB3Ta8d4gBOCTneDED_4Gdjdj4XcFoX5_Htx6U,5764523791,"['US', 'Nevada', 'Clark County', 'Paradise']",Adzuna::API::Response::Location,"Paradise, Clark County","Marriott International, Inc",Adzuna::API::Response::Company,hospitality-catering-jobs,Adzuna::API::Response::Category,Hospitality & Catering Jobs,full_time,
73512.91,-77.10506,2026-06-15T13:48:09Z,73512.91,1,Adzuna::API::Response::Job,https://www.adzuna.com/land/ad/5764523787?se=GPWe_-No8RGzhqZ_AkMdEg&utm_medium=api&utm_source=abfa41a4&v=F5C3C68CBAEC80267EF8392F4C353454A2DD57AE,"Additional Information Job Number 26071869 Job Category Engineering & Facilities Location 7707 Woodmont Ave, Bethesda, Maryland, United States, 20814 VIEW ON MAP Schedule Full Time Located Remotely? N Position Type Non-Management Pay Range: $21.92-$23.57 per hour POSITION SUMMARY Respond and attend to guest repair requests. Communicate with guests/customers to resolve maintenance issues. Perform preventive maintenance on tools and kitchen and mechanical room equipment, including cleaning and lu…",Maintenance Engineer I,39.000417,eyJhbGciOiJIUzI1NiJ9.eyJzIjoiR1BXZV8tTm84Ukd6aHFaX0FrTWRFZyIsImkiOiI1NzY0NTIzNzg3In0.bsWKfZSSnSNc2rGuBZWsqi_kKwcgrpXTK3sCrndlSPs,5764523787,"['US', 'Maryland', 'Montgomery County', 'Bethesda']",Adzuna::API::Response::Location,"Bethesda, Montgomery County","Marriott International, Inc",Adzuna::API::Response::Company,maintenance-jobs,Adzuna::API::Response::Category,Maintenance Jobs,full_time,
37371.14,-81.12082,2026-06-15T13:48:08Z,37371.14,1,Adzuna::API::Response::Job,https://www.adzuna.com/land/ad/5764523762?se=GPWe_-No8RGzhqZ_AkMdEg&utm_medium=api&utm_source=abfa41a4&v=D57063665398E42F9C77362B8B34AF8CEB5FCC3D,"Additional Information Open Availability Job Number 26069794 Job Category Food and Beverage & Culinary Location 1 Resort Dr, Savannah, Georgia, United States, 31421 VIEW ON MAP Schedule Part Time Located Remotely? N Position Type Non-Management POSITION SUMMARY Our jobs aren’t just about putting food on the table that our guests will enjoy until they ask for their bill. Instead, we want to build an experience that is memorable and unique – with food and drinks on the side. Our Guest Service Exp…",Server,32.08326,eyJhbGciOiJIUzI1NiJ9.eyJzIjoiR1BXZV8tTm84Ukd6aHFaX0FrTWRFZyIsImkiOiI1NzY0NTIzNzYyIn0.fgmhjBYde14oJ137TZvLQ_V3FCq7cX3k09-bWcD3fzw,5764523762,"['US', 'Georgia', 'Chatham County', 'Savannah']",Adzuna::API::Response::Location,"Savannah, Chatham County","Marriott International, Inc",Adzuna::API::Response::Company,hospitality-catering-jobs,Adzuna::API::Response::Category,Hospitality & Catering Jobs,part_time,
50670.03,-86.792457,2026-06-15T13:48:08Z,50670.03,1,Adzuna::API::Response::Job,https://www.adzuna.com/land/ad/5764523766?se=GPWe_-No8RGzhqZ_AkMdEg&utm_medium=api&utm_source=abfa41a4&v=6856762D9CF7879BCCA3BC717F5BC90824EA8DF4,"Additional Information Job Number 26068569 Job Category Food and Beverage & Culinary Location 611 Commerce St, Nashville, Tennessee, United States, 37203 VIEW ON MAP Schedule Full Time Located Remotely? N Position Type Non-Management Tip Eligible: Y POSITION SUMMARY Our jobs aren’t just about putting food on the table that our guests will enjoy until they ask for their bill. Instead, we want to build an experience that is memorable and unique – with food and drinks on the side. Our Guest Servic…",Barista,36.146286,eyJhbGciOiJIUzI1NiJ9.eyJpIjoiNTc2NDUyMzc2NiIsInMiOiJHUFdlXy1ObzhSR3pocVpfQWtNZEVnIn0.sMvFBtBWc-lecd6yFo9E9MW39AslXrK1vk82rwIJdCA,5764523766,"['US', 'Tennessee', 'Davidson County', 'Nashville']",Adzuna::API::Response::Location,"Nashville, Davidson County","Marriott International, Inc",Adzuna::API::Response::Company,hospitality-catering-jobs,Adzuna::API::Response::Category,Hospitality & Catering Jobs,full_time,
59878.94,-83.189992,2026-06-15T13:48:08Z,59878.94,1,Adzuna::API::Response::Job,https://www.adzuna.com/land/ad/5764523761?se=GPWe_-No8RGzhqZ_AkMdEg&utm_medium=api&utm_source=abfa41a4&v=1FDD804BAC776FD382D3C97CA29971BB4C346E68,"Additional Information Amore Del Lago Job Number 26066832 Job Category Food and Beverage & Culinary Location 1 Lake Oconee Trl, Greensboro, Georgia, United States, 30642 VIEW ON MAP Schedule Part Time Located Remotely? N Position Type Non-Management Tip Eligible: Y POSITION SUMMARY Our jobs aren’t just about putting food on the table that our guests will enjoy until they ask for their bill. Instead, we want to build an experience that is memorable and unique – with food and drinks on the side. …",Bar Back- Amore Del Lago,33.529321,eyJhbGciOiJIUzI1NiJ9.eyJpIjoiNTc2NDUyMzc2MSIsInMiOiJHUFdlXy1ObzhSR3pocVpfQWtNZEVnIn0.sll4Npu8xEZjp-H77Ooh3GXd2ngcuHlIGeyQr5vtuvI,5764523761,"['US', 'Georgia', 'Greene County', 'Reynolds Plantation']",Adzuna::API::Response::Location,"Reynolds Plantation, Greene County","Marriott International, Inc",Adzuna::API::Response::Company,hospitality-catering-jobs,Adzuna::API::Response::Category,Hospitality & Catering Jobs,part_time,
41090.5,-159.47149,2026-06-15T13:48:08Z,41090.5,1,Adzuna::API::Response::Job,https://www.adzuna.com/land/ad/5764523764?se=GPWe_-No8RGzhqZ_AkMdEg&utm_medium=api&utm_source=abfa41a4&v=48E5ED572D88C4836B26D9E35AA5EABAF868C606,"Additional Information Job Number 26066777 Job Category Food and Beverage & Culinary Location 2440 Hoonani Rd, Koloa, Hawaii, United States, 96756 VIEW ON MAP Schedule Part Time Located Remotely? N Position Type Non-Management Pay Range: $26.82-$33.52 per hour POSITION SUMMARY Operate and maintain cleaning equipment and tools, including the dish washing machine, hand wash stations pot-scrubbing station, and trash compactor. Wash and disinfect kitchen and store room areas, tables, tools, knives,…",Steward,21.905343,eyJhbGciOiJIUzI1NiJ9.eyJzIjoiR1BXZV8tTm84Ukd6aHFaX0FrTWRFZyIsImkiOiI1NzY0NTIzNzY0In0.CjgXZms06qHVHozjpgIa924JaaOAAthflfE66-f5dbE,5764523764,"['US', 'Hawaii', 'Kauai', 'Koloa']",Adzuna::API::Response::Location,"Koloa, Kauai","Marriott International, Inc",Adzuna::API::Response::Company,hospitality-catering-jobs,Adzuna::API::Response::Category,Hospitality & Catering Jobs,part_time,
71538.15,-156.677988,2026-06-15T13:48:08Z,71538.15,1,Adzuna::API::Response::Job,https://www.adzuna.com/land/ad/5764523773?se=GPWe_-No8RGzhqZ_AkMdEg&utm_medium=api&utm_source=abfa41a4&v=DB30CF4F9E30E4972EEEC8522693891BB61BC888,"Additional Information After 90 days pay; $17.92 per hour Job Number 26066914 Job Category Food and Beverage & Culinary Location 1 Ritz Carlton Dr, Lahaina, Hawaii, United States, 96761 VIEW ON MAP Schedule Full Time Located Remotely? N Position Type Non-Management Pay Range: $16.13-$16.13 per hour Tip Eligible: Y POSITION SUMMARY Complete opening and closing duties including setting up necessary supplies and tools, cleaning all equipment and areas, locking doors, etc. Check with captain or sup…",Pool Server Attendant,20.918109,eyJhbGciOiJIUzI1NiJ9.eyJpIjoiNTc2NDUyMzc3MyIsInMiOiJHUFdlXy1ObzhSR3pocVpfQWtNZEVnIn0.GcqcanDSJDvd_wVFFbz0bKLNpYYCkWnKGo_mDYLEFSw,5764523773,"['US', 'Hawaii', 'Maui', 'Lahaina']",Adzuna::API::Response::Location,"Lahaina, Maui","Marriott International, Inc",Adzuna::API::Response::Company,hospitality-catering-jobs,Adzuna::API::Response::Category,Hospitality & Catering Jobs,full_time,
81103.09,-77.10506,2026-06-15T13:48:08Z,81103.09,1,Adzuna::API::Response::Job,https://www.adzuna.com/land/ad/5764523783?se=GPWe_-No8RGzhqZ_AkMdEg&utm_medium=api&utm_source=abfa41a4&v=939D17177F1EC19ADB2BEE7A97A13BAF8F4B41E2,"Additional Information Job Number 26071869 Job Category Engineering & Facilities Location 7707 Woodmont Ave, Bethesda, Maryland, United States, 20814 VIEW ON MAP Schedule Full Time Located Remotely? N Position Type Non-Management Pay Range: $21.92-$23.57 per hour POSITION SUMMARY Respond and attend to guest repair requests. Communicate with guests/customers to resolve maintenance issues. Perform preventive maintenance on tools and kitchen and mechanical room equipment, including cleaning and lu…",Engineer I,39.000417,eyJhbGciOiJIUzI1NiJ9.eyJpIjoiNTc2NDUyMzc4MyIsInMiOiJHUFdlXy1ObzhSR3pocVpfQWtNZEVnIn0.6fssAgEWrGeeN9vwGep4JrbQ3st3DsXJ610waR-fpwA,5764523783,"['US', 'Maryland', 'Montgomery County', 'Bethesda']",Adzuna::API::Response::Location,"Bethesda, Montgomery County","Marriott International, Inc",Adzuna::API::Response::Company,maintenance-jobs,Adzuna::API::Response::Category,Maintenance Jobs,full_time,
70741.05,-86.7207,2026-06-15T13:48:08Z,70741.05,1,Adzuna::API::Response::Job,https://www.adzuna.com/land/ad/5764523759?se=GPWe_-No8RGzhqZ_AkMdEg&utm_medium=api&utm_source=abfa41a4&v=A0A1C37F28770F84AA54D71A438E2FCE0A314A7D,"Additional Information Job Number 26065853 Job Category Food and Beverage & Culinary Location 2401 Music Valley Dr, Nashville, Tennessee, United States, 37214 VIEW ON MAP Schedule Full Time Located Remotely? N Position Type Non-Management Pay Range: $8.25-$8.25 per hour Tip Eligible: Y POSITION SUMMARY Serve food courses and alcoholic beverages to guests while performing by singing songs. Remain attentive to serving duties while performing. Set tables according to type of event and service stan…",Singing Server,36.1719,eyJhbGciOiJIUzI1NiJ9.eyJpIjoiNTc2NDUyMzc1OSIsInMiOiJHUFdlXy1ObzhSR3pocVpfQWtNZEVnIn0.D4a_0Zbzj2CK0aCXEIDmEWaiERfucuI1gutydFZxM88,5764523759,"['US', 'Tennessee', 'Davidson County', 'Jere Baxter']",Adzuna::API::Response::Location,"Jere Baxter, Davidson County","Marriott International, Inc",Adzuna::API::Response::Company,hospitality-catering-jobs,Adzuna::API::Response::Category,Hospitality & Catering Jobs,full_time,
49264.32,-81.12082,2026-06-15T13:48:08Z,49264.32,1,Adzuna::API::Response::Job,https://www.adzuna.com/land/ad/5764523760?se=GPWe_-No8RGzhqZ_AkMdEg&utm_medium=api&utm_source=abfa41a4&v=B4017362D78BF6FB34DF4CC16FB74638CD749550,"Additional Information Open Availability Job Number 26069798 Job Category Food and Beverage & Culinary Location 1 Resort Dr, Savannah, Georgia, United States, 31421 VIEW ON MAP Schedule Part Time Located Remotely? N Position Type Non-Management POSITION SUMMARY Our jobs aren’t just about mixing drinks. Instead, we want to build an experience that is memorable and unique. Our bartenders have the basics down, but are constantly on the look-out for new trends, micro-local offerings, and guests’ ev…",Lifestyle Bartender,32.08326,eyJhbGciOiJIUzI1NiJ9.eyJpIjoiNTc2NDUyMzc2MCIsInMiOiJHUFdlXy1ObzhSR3pocVpfQWtNZEVnIn0.__a-TzySCRdJgAjw39Ng3Vwu7BnEcLWXKnoUzT965L0,5764523760,"['US', 'Georgia', 'Chatham County', 'Savannah']",Adzuna::API::Response::Location,"Savannah, Chatham County","Marriott International, Inc",Adzuna::API::Response::Company,hospitality-catering-jobs,Adzuna::API::Response::Category,Hospitality & Catering Jobs,part_time,
75319.48,-77.11902,2026-06-15T13:48:08Z,75319.48,1,Adzuna::API::Response::Job,https://www.adzuna.com/land/ad/5764523776?se=GPWe_-No8RGzhqZ_AkMdEg&utm_medium=api&utm_source=abfa41a4&v=050E75D9BBAF9DA7CAB24A4D5EF1CD48431347F9,"Additional Information Job Number 26071753 Job Category Engineering & Facilities Location 5701 Marinelli Rd, Rockville, Maryland, United States, 20852 VIEW ON MAP Schedule Full Time Located Remotely? N Position Type Non-Management Pay Range: $21.92-$23.57 per hour POSITION SUMMARY Respond and attend to guest repair requests. Communicate with guests/customers to resolve maintenance issues. Perform preventive maintenance on tools and kitchen and mechanical room equipment, including cleaning and l…",Hotel Engineer I,39.05214,eyJhbGciOiJIUzI1NiJ9.eyJpIjoiNTc2NDUyMzc3NiIsInMiOiJHUFdlXy1ObzhSR3pocVpfQWtNZEVnIn0.T0Da37FjwYIUVhHZWgwnLEksZ6cAPz7jv0hAaldDQYs,5764523776,"['US', 'Maryland', 'Montgomery County', 'North Bethesda']",Adzuna::API::Response::Location,"North Bethesda, Montgomery County","Marriott International, Inc",Adzuna::API::Response::Company,maintenance-jobs,Adzuna::API::Response::Category,Maintenance Jobs,full_time,
49710.12,-80.7483,2026-06-15T13:48:08Z,49710.12,1,Adzuna::API::Response::Job,https://www.adzuna.com/land/ad/5764523774?se=GPWe_-No8RGzhqZ_AkMdEg&utm_medium=api&utm_source=abfa41a4&v=A6E3B5A8C6275FD2B2BCE846AAFDBCEB8FA96142,"Additional Information Seasonal Position Job Number 26065945 Job Category Food and Beverage & Culinary Location 2 Grasslawn Ave, Hilton Head Island, South Carolina, United States, 29928 VIEW ON MAP Schedule Full Time Located Remotely? N Position Type Non-Management POSITION SUMMARY Our jobs aren’t just about mixing drinks. Instead, we want to build an experience that is memorable and unique. Our bartenders have the basics down, but are constantly on the look-out for new trends, micro-local offe…",Bartender,32.17188,eyJhbGciOiJIUzI1NiJ9.eyJzIjoiR1BXZV8tTm84Ukd6aHFaX0FrTWRFZyIsImkiOiI1NzY0NTIzNzc0In0.0XqegfugmQa4PdwfEj5PlB44kb-FeHwr8VFddIH6HRE,5764523774,"['US', 'South Carolina', 'Beaufort County', 'Fairfield']",Adzuna::API::Response::Location,"Fairfield, Beaufort County","Marriott International, Inc",Adzuna::API::Response::Company,hospitality-catering-jobs,Adzuna::API::Response::Category,Hospitality & Catering Jobs,full_time,
81058.86,-82.458831,2026-06-15T13:48:08Z,81058.86,1,Adzuna::API::Response::Job,https://www.adzuna.com/land/ad/5764523778?se=GPWe_-No8RGzhqZ_AkMdEg&utm_medium=api&utm_source=abfa41a4&v=EB77AFA086D5BE6C09D044345675B871667A327D,"Additional Information Evening Shift, Maintenance background is preferred Job Number 26071803 Job Category Engineering & Facilities Location 505 Water St, Tampa, Florida, United States, 33602 VIEW ON MAP Schedule Full Time Located Remotely? N Position Type Non-Management POSITION SUMMARY Respond and attend to guest repair requests. Communicate with guests/customers to resolve maintenance issues. Perform preventive maintenance on tools and kitchen and mechanical room equipment, including cleanin…",Engineer I,27.95783,eyJhbGciOiJIUzI1NiJ9.eyJpIjoiNTc2NDUyMzc3OCIsInMiOiJHUFdlXy1ObzhSR3pocVpfQWtNZEVnIn0.apqP1gaCV61vyuVNmcoYsvTerV_-STK46S1ASAgnmNY,5764523778,"['US', 'Florida', 'Hillsborough County', 'Tampa']",Adzuna::API::Response::Location,"Tampa, Hillsborough County","Marriott International, Inc",Adzuna::API::Response::Company,maintenance-jobs,Adzuna::API::Response::Category,Maintenance Jobs,full_time,
74888.45,-82.458831,2026-06-15T13:48:08Z,74888.45,1,Adzuna::API::Response::Job,https://www.adzuna.com/land/ad/5764523775?se=GPWe_-No8RGzhqZ_AkMdEg&utm_medium=api&utm_source=abfa41a4&v=649EFDFADFC332572B0F00607C89F0441F8B9ADD,"Additional Information Evening Shift, Maintenance background is preferred Job Number 26071803 Job Category Engineering & Facilities Location 505 Water St, Tampa, Florida, United States, 33602 VIEW ON MAP Schedule Full Time Located Remotely? N Position Type Non-Management POSITION SUMMARY Respond and attend to guest repair requests. Communicate with guests/customers to resolve maintenance issues. Perform preventive maintenance on tools and kitchen and mechanical room equipment, including cleanin…",Hotel Engineer I,27.95783,eyJhbGciOiJIUzI1NiJ9.eyJzIjoiR1BXZV8tTm84Ukd6aHFaX0FrTWRFZyIsImkiOiI1NzY0NTIzNzc1In0.4rfPc4fGGZRxhN_WuZqNi1U4KPJuSYwYD2vhXHYZ23k,5764523775,"['US', 'Florida', 'Hillsborough County', 'Tampa']",Adzuna::API::Response::Location,"Tampa, Hillsborough County","Marriott International, Inc",Adzuna::API::Response::Company,maintenance-jobs,Adzuna::API::Response::Category,Maintenance Jobs,full_time,
68201.14,-77.11902,2026-06-15T13:48:08Z,68201.14,1,Adzuna::API::Response::Job,https://www.adzuna.com/land/ad/5764523779?se=GPWe_-No8RGzhqZ_AkMdEg&utm_medium=api&utm_source=abfa41a4&v=3A232E547002626ABC485213FCBEBB003C75CA91,"Additional Information Job Number 26071753 Job Category Engineering & Facilities Location 5701 Marinelli Rd, Rockville, Maryland, United States, 20852 VIEW ON MAP Schedule Full Time Located Remotely? N Position Type Non-Management Pay Range: $21.92-$23.57 per hour POSITION SUMMARY Respond and attend to guest repair requests. Communicate with guests/customers to resolve maintenance issues. Perform preventive maintenance on tools and kitchen and mechanical room equipment, including cleaning and l…",Maintenance Technician I,39.05214,eyJhbGciOiJIUzI1NiJ9.eyJzIjoiR1BXZV8tTm84Ukd6aHFaX0FrTWRFZyIsImkiOiI1NzY0NTIzNzc5In0.oWKTutTWL4DvWKDTlaj6QnVHg0DB_QK6Jgr2jGznN2s,5764523779,"['US', 'Maryland', 'Montgomery County', 'North Bethesda']",Adzuna::API::Response::Location,"North Bethesda, Montgomery County","Marriott International, Inc",Adzuna::API::Response::Company,maintenance-jobs,Adzuna::API::Response::Category,Maintenance Jobs,full_time,
38907.82,-71.310638,2026-06-15T13:48:08Z,38907.82,1,Adzuna::API::Response::Job,https://www.adzuna.com/land/ad/5764523769?se=GPWe_-No8RGzhqZ_AkMdEg&utm_medium=api&utm_source=abfa41a4&v=A12CEDCF32AC925E554477767E31A43966A02876,"Additional Information Restaurant, Seasonal position, Evening shift preferred, Free Parking, Free Meal Job Number 26069031 Job Category Food and Beverage & Culinary Location 25 Americas Cup Ave, Newport, Rhode Island, United States, 02840 VIEW ON MAP Schedule Part Time Located Remotely? N Position Type Non-Management Pay Range: $8.00-$8.00 per hour Tip Eligible: Y POSITION SUMMARY Our jobs aren’t just about putting food on the table that our guests will enjoy until they ask for their bill. Inst…",Server,41.490461,eyJhbGciOiJIUzI1NiJ9.eyJzIjoiR1BXZV8tTm84Ukd6aHFaX0FrTWRFZyIsImkiOiI1NzY0NTIzNzY5In0.VVhpAWd77sTm3uzKiJB1px-w9-6HxgdXPIyZ5XvR0Yc,5764523769,"['US', 'Rhode Island', 'Newport County', 'Newport']",Adzuna::API::Response::Location,"Newport, Newport County","Marriott International, Inc",Adzuna::API::Response::Company,hospitality-catering-jobs,Adzuna::API::Response::Category,Hospitality & Catering Jobs,part_time,
45220.46,-71.310638,2026-06-15T13:48:08Z,45220.46,1,Adzuna::API::Response::Job,https://www.adzuna.com/land/ad/5764523758?se=GPWe_-No8RGzhqZ_AkMdEg&utm_medium=api&utm_source=abfa41a4&v=FD94BBAD7E2FED08431D77FC3C17E18B6AAE70D3,"Additional Information Seasonal position, Free Parking, Free Meal Job Number 26069038 Job Category Food and Beverage & Culinary Location 25 Americas Cup Ave, Newport, Rhode Island, United States, 02840 VIEW ON MAP Schedule Part Time Located Remotely? N Position Type Non-Management Pay Range: $12.25-$12.25 per hour Tip Eligible: Y POSITION SUMMARY Our jobs aren’t just about mixing drinks. Instead, we want to build an experience that is memorable and unique. Our bartenders have the basics down, b…",Bartender,41.490461,eyJhbGciOiJIUzI1NiJ9.eyJpIjoiNTc2NDUyMzc1OCIsInMiOiJHUFdlXy1ObzhSR3pocVpfQWtNZEVnIn0.ERpZ1rx1YX7V_0kuMEWhV_FQYssjtyucV647rUSvY34,5764523758,"['US', 'Rhode Island', 'Newport County', 'Newport']",Adzuna::API::Response::Location,"Newport, Newport County","Marriott International, Inc",Adzuna::API::Response::Company,hospitality-catering-jobs,Adzuna::API::Response::Category,Hospitality & Catering Jobs,part_time,
74929.16,-77.10506,2026-06-15T13:48:08Z,74929.16,1,Adzuna::API::Response::Job,https://www.adzuna.com/land/ad/5764523784?se=GPWe_-No8RGzhqZ_AkMdEg&utm_medium=api&utm_source=abfa41a4&v=804D4E73769BA75475A4F032C520DE4EE63150A5,"Additional Information Job Number 26071869 Job Category Engineering & Facilities Location 7707 Woodmont Ave, Bethesda, Maryland, United States, 20814 VIEW ON MAP Schedule Full Time Located Remotely? N Position Type Non-Management Pay Range: $21.92-$23.57 per hour POSITION SUMMARY Respond and attend to guest repair requests. Communicate with guests/customers to resolve maintenance issues. Perform preventive maintenance on tools and kitchen and mechanical room equipment, including cleaning and lu…",Hotel Engineer I,39.000417,eyJhbGciOiJIUzI1NiJ9.eyJzIjoiR1BXZV8tTm84Ukd6aHFaX0FrTWRFZyIsImkiOiI1NzY0NTIzNzg0In0.xKOt2O_j0g4lew4l9ZglD_FA96mYBTrZPtXf7aoTtzs,5764523784,"['US', 'Maryland', 'Montgomery County', 'Bethesda']",Adzuna::API::Response::Location,"Bethesda, Montgomery County","Marriott International, Inc",Adzuna::API::Response::Company,maintenance-jobs,Adzuna::API::Response::Category,Maintenance Jobs,full_time,
74982.35,-81.477184,2026-06-15T13:48:07Z,74982.35,1,Adzuna::API::Response::Job,https://www.adzuna.com/land/ad/5764523739?se=GPWe_-No8RGzhqZ_AkMdEg&utm_medium=api&utm_source=abfa41a4&v=D430BD54B91D61A243D062C1DDC13492E0842489,"Additional Information Job Number 26069057 Job Category Housekeeping & Laundry Location 4750 Amelia Island Pkwy, Amelia Island, Florida, United States, 32034 VIEW ON MAP Schedule Full Time Located Remotely? N Position Type Non-Management POSITION SUMMARY Receive, document, and separate soiled linens, terry, uniforms, and/or clothing. Identify stained or damaged items. Operate and monitor washing, dry cleaning, and drying machinery, including adding chemicals, and cleaning lint traps. Apply trea…",Dry Cleaning Attendant,30.621837,eyJhbGciOiJIUzI1NiJ9.eyJpIjoiNTc2NDUyMzczOSIsInMiOiJHUFdlXy1ObzhSR3pocVpfQWtNZEVnIn0.MFJG0jH5tde60NMyZOIc_gLGwzNX8DRZZGOF04x7M1Y,5764523739,"['US', 'Florida', 'Nassau County', 'Amelia Island']",Adzuna::API::Response::Location,"Amelia Island, Nassau County","Marriott International, Inc",Adzuna::API::Response::Company,hospitality-catering-jobs,Adzuna::API::Response::Category,Hospitality & Catering Jobs,full_time,
61182.29,-72.667126,2026-06-15T13:48:07Z,61182.29,1,Adzuna::API::Response::Job,https://www.adzuna.com/land/ad/5764523749?se=GPWe_-No8RGzhqZ_AkMdEg&utm_medium=api&utm_source=abfa41a4&v=08E3A4B378923FE7CC7952008A4FC4D592E2F765,"Additional Information Job Number 26069097 Job Category Housekeeping & Laundry Location 1 Day Hill Rd, Windsor, Connecticut, United States, 06095 VIEW ON MAP Schedule Full Time Located Remotely? N Position Type Non-Management POSITION SUMMARY Our jobs aren’t just about giving guests a clean room and a freshly made bed. Instead, we want to build an experience that is memorable and unique. Our Guest Environment Experts are skilled in a wide range of housekeeping functions with responsibility for …",Guest Environment Expert,41.860995,eyJhbGciOiJIUzI1NiJ9.eyJzIjoiR1BXZV8tTm84Ukd6aHFaX0FrTWRFZyIsImkiOiI1NzY0NTIzNzQ5In0.4nxF067BbAg4YN8uEP9c1rV7DrlSRT_Go-n6TXFH4gA,5764523749,"['US', 'Connecticut', 'Hartford County', 'Windsor']",Adzuna::API::Response::Location,"Windsor, Hartford County","Marriott International, Inc",Adzuna::API::Response::Company,hospitality-catering-jobs,Adzuna::API::Response::Category,Hospitality & Catering Jobs,full_time,
85657.2,-79.86996,2026-06-15T13:48:07Z,85657.2,1,Adzuna::API::Response::Job,https://www.adzuna.com/land/ad/5764523729?se=GPWe_-No8RGzhqZ_AkMdEg&utm_medium=api&utm_source=abfa41a4&v=769FF28B146130C7C58B9818EAB726BB2FEC4871,"Additional Information Job Number 26069079 Job Category Engineering & Facilities Location 4400 W Wendover Ave, Greensboro, North Carolina, United States, 27407 VIEW ON MAP Schedule Full Time Located Remotely? N Position Type Non-Management POSITION SUMMARY Respond and attend to guest repair requests. Communicate with guests/customers to resolve maintenance issues. Perform preventive maintenance on tools and equipment, including cleaning and lubrication. Visually inspect tools, equipment, or mac…",Engineer IV,36.01266,eyJhbGciOiJIUzI1NiJ9.eyJzIjoiR1BXZV8tTm84Ukd6aHFaX0FrTWRFZyIsImkiOiI1NzY0NTIzNzI5In0.TVDMubTWMNj4GOYi2gRjoLuIPuMaqTGM2UNJgMiwW8E,5764523729,"['US', 'North Carolina', 'Guilford County', 'Groomtown']",Adzuna::API::Response::Location,"Groomtown, Guilford County","Marriott International, Inc",Adzuna::API::Response::Company,maintenance-jobs,Adzuna::API::Response::Category,Maintenance Jobs,full_time,
104840.25,-156.447907,2026-06-15T13:48:07Z,104840.25,1,Adzuna::API::Response::Job,https://www.adzuna.com/land/ad/5764523738?se=GPWe_-No8RGzhqZ_AkMdEg&utm_medium=api&utm_source=abfa41a4&v=8DAF819D0F8CFD33919819071730A9404C405882,"Additional Information Job Number 26066908 Job Category Housekeeping & Laundry Location 3700 Wailea Alanui Dr, Wailea, Hawaii, United States, 96753 VIEW ON MAP Schedule Part Time Located Remotely? N Position Type Non-Management Pay Range: $26.75-$26.75 per hour POSITION SUMMARY Respond promptly to requests from guests and other departments. Fill cart with supplies and transport cart to assigned area. Enter guest rooms following procedures for gaining access and ensuring vacancy before entering.…",Housekeeper Casual,20.744005,eyJhbGciOiJIUzI1NiJ9.eyJzIjoiR1BXZV8tTm84Ukd6aHFaX0FrTWRFZyIsImkiOiI1NzY0NTIzNzM4In0.2k7SNpvO4TESR6aXWfSyHNkckCQErbn7T11XA3p--YI,5764523738,"['US', 'Hawaii', 'Maui', 'Kihei']",Adzuna::API::Response::Location,"Kihei, Maui","Marriott International, Inc",Adzuna::API::Response::Company,hospitality-catering-jobs,Adzuna::API::Response::Category,Hospitality & Catering Jobs,part_time,
55339.58,-74.40612,2026-06-15T13:48:07Z,55339.58,1,Adzuna::API::Response::Job,https://www.adzuna.com/land/ad/5764523737?se=GPWe_-No8RGzhqZ_AkMdEg&utm_medium=api&utm_source=abfa41a4&v=D0A82CCF968B60D84E133F870CE23AC9C16A7537,"Additional Information Job Number 26068607 Job Category Housekeeping & Laundry Location 3769 US Highway 46, Parsippany, New Jersey, United States, 07054 VIEW ON MAP Schedule Part Time Located Remotely? N Position Type Non-Management Pay Range: $17.00- $17.50 Tip Eligible: Y POSITION SUMMARY Our jobs aren’t just about giving guests a clean room and a freshly made bed. Instead, we want to build an experience that is memorable and unique. Our Guest Environment Experts are skilled in a wide range o…",Guest Environment Expert,40.86204,eyJhbGciOiJIUzI1NiJ9.eyJpIjoiNTc2NDUyMzczNyIsInMiOiJHUFdlXy1ObzhSR3pocVpfQWtNZEVnIn0.LyWWEtqu9qw0mz7He7Z-ds7XMEBPWcXm5Zk1KJXxufM,5764523737,"['US', 'New Jersey', 'Morris County', 'Parsippany Troy Hills']",Adzuna::API::Response::Location,"Parsippany Troy Hills, Morris County","Marriott International, Inc",Adzuna::API::Response::Company,hospitality-catering-jobs,Adzuna::API::Response::Category,Hospitality & Catering Jobs,part_time,
55837.37,-83.369483,2026-06-15T13:48:07Z,55837.37,1,Adzuna::API::Response::Job,https://www.adzuna.com/land/ad/5764523733?se=GPWe_-No8RGzhqZ_AkMdEg&utm_medium=api&utm_source=abfa41a4&v=28D9BF2D4307EEC3FB9AEF258EF6233EA75909DC,"Additional Information Job Number 26068486 Job Category Housekeeping & Laundry Location 17200 N Laurel Park Dr, Livonia, Michigan, United States, 48152 VIEW ON MAP Schedule Full Time Located Remotely? N Position Type Non-Management Pay Range: $15.50-$15.50 per hour Tip Eligible: Y POSITION SUMMARY Our jobs aren’t just about giving guests a clean room and a freshly made bed. Instead, we want to build an experience that is memorable and unique. Our Guest Environment Experts are skilled in a wide …",Guest Environment Expert,42.425516,eyJhbGciOiJIUzI1NiJ9.eyJpIjoiNTc2NDUyMzczMyIsInMiOiJHUFdlXy1ObzhSR3pocVpfQWtNZEVnIn0.w9GvQNMPoJbKP_-TWP4u7qJwHHh6-3BuZAQGekPZFtQ,5764523733,"['US', 'Michigan', 'Wayne County', 'Livonia']",Adzuna::API::Response::Location,"Livonia, Wayne County","Marriott International, Inc",Adzuna::API::Response::Company,hospitality-catering-jobs,Adzuna::API::Response::Category,Hospitality & Catering Jobs,full_time,
67930.27,-81.718347,2026-06-15T13:48:07Z,67930.27,1,Adzuna::API::Response::Job,https://www.adzuna.com/land/ad/5764523731?se=GPWe_-No8RGzhqZ_AkMdEg&utm_medium=api&utm_source=abfa41a4&v=A697C7D6D0B8BC439A0E7B268CBAFE28FCDD6190,"Additional Information Job Number 26069340 Job Category Engineering & Facilities Location 400 S Collier Blvd, Marco Island, Florida, United States, 34145 VIEW ON MAP Schedule Full Time Located Remotely? N Position Type Non-Management POSITION SUMMARY Respond and attend to guest repair requests. Communicate with guests/customers to resolve maintenance issues with little to no supervision. Perform preventive maintenance on tools and equipment, including cleaning and lubrication. Visually inspect …",Engineer-Building III,25.943115,eyJhbGciOiJIUzI1NiJ9.eyJpIjoiNTc2NDUyMzczMSIsInMiOiJHUFdlXy1ObzhSR3pocVpfQWtNZEVnIn0.jFu5_8E-eaM_mQVe6ljC43JVj1634LCoLlCIhPlJ81E,5764523731,"['US', 'Florida', 'Collier County', 'Marco Island']",Adzuna::API::Response::Location,"Marco Island, Collier County","Marriott International, Inc",Adzuna::API::Response::Company,maintenance-jobs,Adzuna::API::Response::Category,Maintenance Jobs,full_time,
78839.95,-81.477184,2026-06-15T13:48:07Z,78839.95,1,Adzuna::API::Response::Job,https://www.adzuna.com/land/ad/5764523755?se=GPWe_-No8RGzhqZ_AkMdEg&utm_medium=api&utm_source=abfa41a4&v=B330D95D25C527F80A55DD29B43C68A471E6A0DF,"Additional Information Job Number 26069251 Job Category Food and Beverage & Culinary Location 4750 Amelia Island Pkwy, Amelia Island, Florida, United States, 32034 VIEW ON MAP Schedule Full Time Located Remotely? N Position Type Non-Management POSITION SUMMARY Our jobs aren’t just about putting food on the table that our guests will enjoy until they ask for their bill. Instead, we want to build an experience that is memorable and unique – with food and drinks on the side. Our Guest Service Expe…",Guest Service Expert,30.621837,eyJhbGciOiJIUzI1NiJ9.eyJzIjoiR1BXZV8tTm84Ukd6aHFaX0FrTWRFZyIsImkiOiI1NzY0NTIzNzU1In0.bzAfBShNFB7At1Yp1-ygkvIcfHmWgZHDtXlD-1ShBbg,5764523755,"['US', 'Florida', 'Nassau County', 'Amelia Island']",Adzuna::API::Response::Location,"Amelia Island, Nassau County","Marriott International, Inc",Adzuna::API::Response::Company,hospitality-catering-jobs,Adzuna::API::Response::Category,Hospitality & Catering Jobs,full_time,
50267.89,-77.06094,2026-06-15T13:48:07Z,50267.89,1,Adzuna::API::Response::Job,https://www.adzuna.com/land/ad/5764523736?se=GPWe_-No8RGzhqZ_AkMdEg&utm_medium=api&utm_source=abfa41a4&v=E34E3730F92676BCC142DB306D39E2FA07C0549F,"Additional Information Job Number 26069026 Job Category Housekeeping & Laundry Location 2850 Potomac Ave, Arlington, Virginia, United States, 22202 VIEW ON MAP Schedule Part Time Located Remotely? N Position Type Non-Management POSITION SUMMARY Our jobs aren’t just about giving guests a clean room and a freshly made bed. Instead, we want to build an experience that is memorable and unique. Our Guest Environment Experts are skilled in a wide range of housekeeping functions with responsibility fo…",Guest Environment Expert,38.85708,eyJhbGciOiJIUzI1NiJ9.eyJpIjoiNTc2NDUyMzczNiIsInMiOiJHUFdlXy1ObzhSR3pocVpfQWtNZEVnIn0.OhVLNKug6T6bLap0wBFLaJ3NsfYBsYUAHO4LXPjzHBc,5764523736,"['US', 'Virginia', 'Arlington County', 'Crystal']",Adzuna::API::Response::Location,"Crystal, Arlington County","Marriott International, Inc",Adzuna::API::Response::Company,hospitality-catering-jobs,Adzuna::API::Response::Category,Hospitality & Catering Jobs,part_time,
62818.69,-122.54298,2026-06-15T13:48:07Z,62818.69,1,Adzuna::API::Response::Job,https://www.adzuna.com/land/ad/5764523750?se=GPWe_-No8RGzhqZ_AkMdEg&utm_medium=api&utm_source=abfa41a4&v=57200963780C554A2B932B11667463D11EEB4FD9,"Additional Information 1-3 days per week, variable shifts with required weekend availability, day shifts 11am-7:30pm and evening shifts 6pm-2:30am Job Number 26069046 Job Category Housekeeping & Laundry Location 1400 N Hamilton Pkwy, Novato, California, United States, 94949 VIEW ON MAP Schedule Part Time Located Remotely? N Position Type Non-Management Pay Range: $21.00-$21.00 per hour Tip Eligible: Y POSITION SUMMARY Our jobs aren’t just about giving guests a clean room and a freshly made bed.…",Guest Environment Expert,38.06394,eyJhbGciOiJIUzI1NiJ9.eyJzIjoiR1BXZV8tTm84Ukd6aHFaX0FrTWRFZyIsImkiOiI1NzY0NTIzNzUwIn0.ypsuubV_wMt6Ac_eA1k54_d3RYgZmyddYRw59TzqLiM,5764523750,"['US', 'California', 'Marin County', 'Ignacio']",Adzuna::API::Response::Location,"Ignacio, Marin County","Marriott International, Inc",Adzuna::API::Response::Company,hospitality-catering-jobs,Adzuna::API::Response::Category,Hospitality & Catering Jobs,part_time,
80912.5,-86.7207,2026-06-15T13:48:07Z,80912.5,1,Adzuna::API::Response::Job,https://www.adzuna.com/land/ad/5764523728?se=GPWe_-No8RGzhqZ_AkMdEg&utm_medium=api&utm_source=abfa41a4&v=E5C604AEA0FD082FCA0DDF9F2B7835B0F3B848A0,"Additional Information $500 Sign On Bonus Offered Job Number 26069749 Job Category Engineering & Facilities Location 2800 Opryland Dr, Nashville, Tennessee, United States, 37214 VIEW ON MAP Schedule Full Time Located Remotely? N Position Type Non-Management Pay Range: $21.00-$21.00 per hour POSITION SUMMARY Respond and attend to guest repair requests. Communicate with guests/customers to resolve maintenance issues. Perform preventive maintenance on tools and equipment, including cleaning and lu…",Sr. Maintenance- 1st Shift,36.1719,eyJhbGciOiJIUzI1NiJ9.eyJpIjoiNTc2NDUyMzcyOCIsInMiOiJHUFdlXy1ObzhSR3pocVpfQWtNZEVnIn0.kgaGIIgqlmLSeb78T2yN-2oNzfZYM2CUGZylS0kp09Y,5764523728,"['US', 'Tennessee', 'Davidson County', 'Jere Baxter']",Adzuna::API::Response::Location,"Jere Baxter, Davidson County","Marriott International, Inc",Adzuna::API::Response::Company,maintenance-jobs,Adzuna::API::Response::Category,Maintenance Jobs,full_time,
41754.62,-75.449644,2026-06-15T13:48:07Z,41754.62,1,Adzuna::API::Response::Job,https://www.adzuna.com/land/ad/5764523751?se=GPWe_-No8RGzhqZ_AkMdEg&utm_medium=api&utm_source=abfa41a4&v=3A83B4DF073A941B22BD1824886B52173281B3D3,"Additional Information Must be available to work weekends Job Number 26066126 Job Category Housekeeping & Laundry Location 600 W Swedesford Rd, Berwyn, Pennsylvania, United States, 19312 VIEW ON MAP Schedule Full Time Located Remotely? N Position Type Non-Management Pay Range: $17.00-$17.00 per hour POSITION SUMMARY Our jobs aren’t just about giving guests a clean room and a freshly made bed. Instead, we want to build an experience that is memorable and unique. Our Guest Environment Experts are…",Guest Environment Expert FT,40.039736,eyJhbGciOiJIUzI1NiJ9.eyJzIjoiR1BXZV8tTm84Ukd6aHFaX0FrTWRFZyIsImkiOiI1NzY0NTIzNzUxIn0.kFj16gPxS7GdxfAtbHFvJpCF8YXW7rKxXuaIYwdfsMc,5764523751,"['US', 'Pennsylvania', 'Chester County', 'Berwyn']",Adzuna::API::Response::Location,"Berwyn, Chester County","Marriott International, Inc",Adzuna::API::Response::Company,hospitality-catering-jobs,Adzuna::API::Response::Category,Hospitality & Catering Jobs,full_time,
77234.05,-77.2217,2026-06-15T13:48:07Z,77234.05,1,Adzuna::API::Response::Job,https://www.adzuna.com/land/ad/5764523748?se=PtCXAORo8RGmpfo0sbJdLA&utm_medium=api&utm_source=abfa41a4&v=1CC00F558430AE6E3FB5A37A477D3CE5D42BCEB3,"Additional Information Turndown Attendant Job Number 26068994 Job Category Housekeeping & Laundry Location 1700 Tysons Blvd, McLean, Virginia, United States, 22102 VIEW ON MAP Schedule Part Time Located Remotely? N Position Type Non-Management POSITION SUMMARY Our jobs aren’t just about giving guests a clean room and a freshly made bed. Instead, we want to build an experience that is memorable and unique. Our Guest Environment Experts are skilled in a wide range of housekeeping functions with r…",Part Time Turndown Attendant,38.934146,eyJhbGciOiJIUzI1NiJ9.eyJzIjoiUHRDWEFPUm84UkdtcGZvMHNiSmRMQSIsImkiOiI1NzY0NTIzNzQ4In0.T58BRk7jJhyhejBYAtOiKNXm690P_I52SYqZ5MfTBaw,5764523748,"['US', 'Virginia', 'Fairfax County', 'Tysons Corner']",Adzuna::API::Response::Location,"Tysons Corner, Fairfax County","Marriott International, Inc",Adzuna::API::Response::Company,part-time-jobs,Adzuna::API::Response::Category,Part time Jobs,part_time,
75710.46,-90.32574,2026-06-15T13:48:07Z,75710.46,1,Adzuna::API::Response::Job,https://www.adzuna.com/land/ad/5764523744?se=PtCXAORo8RGmpfo0sbJdLA&utm_medium=api&utm_source=abfa41a4&v=0071A3E3AE50E70553F6F7F8901961375E91F583,"Additional Information Job Number 26068554 Job Category Housekeeping & Laundry Location 100 Carondelet Plz, Clayton, Missouri, United States, 63105 VIEW ON MAP Schedule Full Time Located Remotely? N Position Type Non-Management POSITION SUMMARY Our jobs aren’t just about giving guests a clean room and a freshly made bed. Instead, we want to build an experience that is memorable and unique. Our Guest Environment Experts are skilled in a wide range of housekeeping functions with responsibility fo…",Guest Environment Expert,38.64546,eyJhbGciOiJIUzI1NiJ9.eyJzIjoiUHRDWEFPUm84UkdtcGZvMHNiSmRMQSIsImkiOiI1NzY0NTIzNzQ0In0.Yba831KR8nDdQI6cV-Nz2l32L3Q_o2YvnP5iRnjqE04,5764523744,"['US', 'Missouri', 'Saint Louis County', 'Clayton']",Adzuna::API::Response::Location,"Clayton, Saint Louis County","Marriott International, Inc",Adzuna::API::Response::Company,hospitality-catering-jobs,Adzuna::API::Response::Category,Hospitality & Catering Jobs,full_time,
70969.39,-156.447907,2026-06-15T13:48:07Z,70969.39,1,Adzuna::API::Response::Job,https://www.adzuna.com/land/ad/5764523753?se=PtCXAORo8RGmpfo0sbJdLA&utm_medium=api&utm_source=abfa41a4&v=6B221D85DC4CCF0A0AD30FFF62E558B20A1D2978,"Additional Information After 90 days pay; $17.92 per hour Job Number 26066914 Job Category Food and Beverage & Culinary Location 1 Ritz Carlton Dr, Lahaina, Hawaii, United States, 96761 VIEW ON MAP Schedule Full Time Located Remotely? N Position Type Non-Management Pay Range: $16.13-$16.13 per hour Tip Eligible: Y POSITION SUMMARY Complete opening and closing duties including setting up necessary supplies and tools, cleaning all equipment and areas, locking doors, etc. Check with captain or sup…",Pool Server Attendant,20.744005,eyJhbGciOiJIUzI1NiJ9.eyJpIjoiNTc2NDUyMzc1MyIsInMiOiJQdENYQU9SbzhSR21wZm8wc2JKZExBIn0.6LVoGg7IXCo57UftVJ2aVhM5q80d0xLkWVdiEgiIOJY,5764523753,"['US', 'Hawaii', 'Maui', 'Kihei']",Adzuna::API::Response::Location,"Kihei, Maui","Marriott International, Inc",Adzuna::API::Response::Company,hospitality-catering-jobs,Adzuna::API::Response::Category,Hospitality & Catering Jobs,full_time,
48873.63,-94.63728,2026-06-15T13:48:07Z,48873.63,1,Adzuna::API::Response::Job,https://www.adzuna.com/land/ad/5764523747?se=PtCXAORo8RGmpfo0sbJdLA&utm_medium=api&utm_source=abfa41a4&v=B45F227C924266AE1ACBB18F6365DA12C007FF87,"Additional Information Weekends Availability Preferred, Flexible Schedule Job Number 26066693 Job Category Housekeeping & Laundry Location 11001 Woodson Ave, Overland Park, Kansas, United States, 66211 VIEW ON MAP Schedule Full Time Located Remotely? N Position Type Non-Management Pay Range: $16.00-$16.00 per hour POSITION SUMMARY Our jobs aren’t just about giving guests a clean room and a freshly made bed. Instead, we want to build an experience that is memorable and unique. Our Guest Environm…",Houseperson,38.9265,eyJhbGciOiJIUzI1NiJ9.eyJzIjoiUHRDWEFPUm84UkdtcGZvMHNiSmRMQSIsImkiOiI1NzY0NTIzNzQ3In0.HrUODuUEB09HMwc7ayAq1gdlj--Q1G_Sysk9OOEh71g,5764523747,"['US', 'Kansas', 'Johnson County', 'Leawood']",Adzuna::API::Response::Location,"Leawood, Johnson County","Marriott International, Inc",Adzuna::API::Response::Company,hospitality-catering-jobs,Adzuna::API::Response::Category,Hospitality & Catering Jobs,full_time,
101799.53,-86.7207,2026-06-15T13:48:06Z,101799.53,1,Adzuna::API::Response::Job,https://www.adzuna.com/land/ad/5764523724?se=PtCXAORo8RGmpfo0sbJdLA&utm_medium=api&utm_source=abfa41a4&v=CE1F605FD178B310196E16DE67862752BD1A9694,"Additional Information $500 Sign On Bonus Offered Job Number 26069744 Job Category Engineering & Facilities Location 2800 Opryland Dr, Nashville, Tennessee, United States, 37214 VIEW ON MAP Schedule Full Time Located Remotely? N Position Type Non-Management Pay Range: $33.00-$33.00 per hour POSITION SUMMARY Program and monitor energy management equipment to operate at maximum operational efficiency and avoid peak demand charges and penalties. Lead and train the heating, ventilation and air cond…",Plant Operator,36.1719,eyJhbGciOiJIUzI1NiJ9.eyJzIjoiUHRDWEFPUm84UkdtcGZvMHNiSmRMQSIsImkiOiI1NzY0NTIzNzI0In0.Pz8Y1TmeSCnqqYVIT1DMo73JrfFh2TXBnqApHJ-ds-U,5764523724,"['US', 'Tennessee', 'Davidson County', 'Jere Baxter']",Adzuna::API::Response::Location,"Jere Baxter, Davidson County","Marriott International, Inc",Adzuna::API::Response::Company,hospitality-catering-jobs,Adzuna::API::Response::Category,Hospitality & Catering Jobs,full_time,
63713.63,-86.7207,2026-06-15T13:48:06Z,63713.63,1,Adzuna::API::Response::Job,https://www.adzuna.com/land/ad/5764523725?se=PtCXAORo8RGmpfo0sbJdLA&utm_medium=api&utm_source=abfa41a4&v=8CB8D183668CA36E2925DCB0C1285248AAC2A228,"Additional Information Job Number 26069821 Job Category Procurement, Purchasing, and Quality Assurance Location 2800 Opryland Dr, Nashville, Tennessee, United States, 37214 VIEW ON MAP Schedule Full Time Located Remotely? N Position Type Non-Management Pay Range: $22.00-$22.00 per hour POSITION SUMMARY Use Technology to send, receive and print out product requisitions and Purchase orders. Calculate figures for food inventories, orders and cost. Maintain clear and organized records of products, …",Order & Control Specialist,36.1719,eyJhbGciOiJIUzI1NiJ9.eyJpIjoiNTc2NDUyMzcyNSIsInMiOiJQdENYQU9SbzhSR21wZm8wc2JKZExBIn0.yax6KEz6TQIkPac9giXljAoPoHkpJMCKv6LgKL4aCVE,5764523725,"['US', 'Tennessee', 'Davidson County', 'Jere Baxter']",Adzuna::API::Response::Location,"Jere Baxter, Davidson County","Marriott International, Inc",Adzuna::API::Response::Company,logistics-warehouse-jobs,Adzuna::API::Response::Category,Logistics & Warehouse Jobs,full_time,
42779.18,-81.12082,2026-06-15T13:48:06Z,42779.18,1,Adzuna::API::Response::Job,https://www.adzuna.com/land/ad/5764523726?se=PtCXAORo8RGmpfo0sbJdLA&utm_medium=api&utm_source=abfa41a4&v=9BD99E7F5A840908A09D7703933252D386B7D0B7,"Additional Information Open Availability Job Number 26069796 Job Category Food and Beverage & Culinary Location 1 Resort Dr, Savannah, Georgia, United States, 31421 VIEW ON MAP Schedule Full Time Located Remotely? N Position Type Non-Management POSITION SUMMARY Our jobs aren’t just about putting food on the table that our guests will enjoy until they ask for their bill. Instead, we want to build an experience that is memorable and unique – with food and drinks on the side. Our Guest Service Sup…",Guest Service Support Expert,32.08326,eyJhbGciOiJIUzI1NiJ9.eyJpIjoiNTc2NDUyMzcyNiIsInMiOiJQdENYQU9SbzhSR21wZm8wc2JKZExBIn0.LxIB5p6t7QhOy1sBqvWhB5orY-Moxw4WUuCxuYVbgmg,5764523726,"['US', 'Georgia', 'Chatham County', 'Savannah']",Adzuna::API::Response::Location,"Savannah, Chatham County","Marriott International, Inc",Adzuna::API::Response::Company,hospitality-catering-jobs,Adzuna::API::Response::Category,Hospitality & Catering Jobs,full_time,
107872.07,-104.752562,2026-06-15T13:48:06Z,107872.07,1,Adzuna::API::Response::Job,https://www.adzuna.com/land/ad/5764523723?se=PtCXAORo8RGmpfo0sbJdLA&utm_medium=api&utm_source=abfa41a4&v=BFF98B6CC5F53DB0340CB9E568215A77C8313214,"Additional Information Seasonal Position from Now until September 7, Seeking bold performers: Brooding Hero male (6'–6'2) or Fierce Amazonian female (5'9–5'11) Job Number 26069822 Job Category Golf, Fitness, & Entertainment Location 6700 N Gaylord Rockies Blvd, Aurora, Colorado, United States, 80019 VIEW ON MAP Schedule Part Time Located Remotely? N Position Type Non-Management Pay Range: $26.28-$26.28 per hour Expiration Date: 06/29/2026 POSITION SUMMARY Provide theatrical entertainment for gu…",Mainstage Character Actor,39.801619,eyJhbGciOiJIUzI1NiJ9.eyJpIjoiNTc2NDUyMzcyMyIsInMiOiJQdENYQU9SbzhSR21wZm8wc2JKZExBIn0.PrHWZ5Bn1LPd61Ft52RJA8pw51dhiG5OaYHwZ6Vsccc,5764523723,"['US', 'Colorado', 'Denver', 'Montbello']",Adzuna::API::Response::Location,"Montbello, Denver","Marriott International, Inc",Adzuna::API::Response::Company,hospitality-catering-jobs,Adzuna::API::Response::Category,Hospitality & Catering Jobs,part_time,
78888.3,-86.7207,2026-06-15T13:48:05Z,78888.3,1,Adzuna::API::Response::Job,https://www.adzuna.com/land/ad/5764523716?se=PtCXAORo8RGmpfo0sbJdLA&utm_medium=api&utm_source=abfa41a4&v=D8A37222C1505A8A171E66BF8C33CA787A50F3B5,"Additional Information $500 Sign On Bonus Offered Job Number 26069758 Job Category Engineering & Facilities Location 2800 Opryland Dr, Nashville, Tennessee, United States, 37214 VIEW ON MAP Schedule Full Time Located Remotely? N Position Type Non-Management Pay Range: $29.00-$29.00 per hour POSITION SUMMARY Respond and attend to guest repair requests. Communicate with guests/customers to resolve maintenance issues. Perform preventive maintenance on tools and equipment, including cleaning and lu…",Sign Shop Specialist,36.1719,eyJhbGciOiJIUzI1NiJ9.eyJzIjoiUHRDWEFPUm84UkdtcGZvMHNiSmRMQSIsImkiOiI1NzY0NTIzNzE2In0.EdNPPVCiS8Thh5wF6olwvsmyaM_qaP4XuI3LpfVDB1w,5764523716,"['US', 'Tennessee', 'Davidson County', 'Jere Baxter']",Adzuna::API::Response::Location,"Jere Baxter, Davidson County","Marriott International, Inc",Adzuna::API::Response::Company,maintenance-jobs,Adzuna::API::Response::Category,Maintenance Jobs,full_time,
168481.33,-86.7207,2026-06-15T13:48:05Z,168481.33,1,Adzuna::API::Response::Job,https://www.adzuna.com/land/ad/5764523717?se=PtCXAORo8RGmpfo0sbJdLA&utm_medium=api&utm_source=abfa41a4&v=735D559811F72D4A668F8F55FA814FD9BCF9FC36,"Additional Information $500 Sign On Bonus Offered Job Number 26069735 Job Category Engineering & Facilities Location 2800 Opryland Dr, Nashville, Tennessee, United States, 37214 VIEW ON MAP Schedule Full Time Located Remotely? N Position Type Non-Management Pay Range: $29.00-$29.00 per hour POSITION SUMMARY Assemble, install, test, and maintain electrical or electronic wiring, equipment, appliances, apparatus, and fixtures using hand tools and power tools. Inspect and diagnose malfunctioning to…","Electrical Tech, Journeyman II- Overnight",36.1719,eyJhbGciOiJIUzI1NiJ9.eyJpIjoiNTc2NDUyMzcxNyIsInMiOiJQdENYQU9SbzhSR21wZm8wc2JKZExBIn0.laaM41YO7XJF25-pPos5nlogozWBSOQhyDzGGF97V14,5764523717,"['US', 'Tennessee', 'Davidson County', 'Jere Baxter']",Adzuna::API::Response::Location,"Jere Baxter, Davidson County","Marriott International, Inc",Adzuna::API::Response::Company,maintenance-jobs,Adzuna::API::Response::Category,Maintenance Jobs,full_time,
74662.53,-86.7207,2026-06-15T13:48:05Z,74662.53,1,Adzuna::API::Response::Job,https://www.adzuna.com/land/ad/5764523721?se=PtCXAORo8RGmpfo0sbJdLA&utm_medium=api&utm_source=abfa41a4&v=D4FC0146CF16340691313B673817D2C615DD8FD0,"Additional Information Job Number 26069833 Job Category Golf, Fitness, & Entertainment Location 2800 Opryland Dr, Nashville, Tennessee, United States, 37214 VIEW ON MAP Schedule Full Time Located Remotely? N Position Type Non-Management Pay Range: $18.50-$18.50 per hour POSITION SUMMARY Assist in coordinating the operation of all Special Events or Leisure Experience (i.e.,ICE!, Best of Florida Christmas, SummerFest, etc.) activities. Check the status of operation, lighting, AV, cleanliness, sys…",Delta Boats Coordinator,36.1719,eyJhbGciOiJIUzI1NiJ9.eyJzIjoiUHRDWEFPUm84UkdtcGZvMHNiSmRMQSIsImkiOiI1NzY0NTIzNzIxIn0.WDcoJuAa04OYVGIlb2FbuNrkGtlhf9qCY7eCx3gZ4yA,5764523721,"['US', 'Tennessee', 'Davidson County', 'Jere Baxter']",Adzuna::API::Response::Location,"Jere Baxter, Davidson County","Marriott International, Inc",Adzuna::API::Response::Company,hospitality-catering-jobs,Adzuna::API::Response::Category,Hospitality & Catering Jobs,full_time,
85268.91,-106.519001,2026-06-15T13:48:05Z,85268.91,1,Adzuna::API::Response::Job,https://www.adzuna.com/land/ad/5764523714?se=PtCXAORo8RGmpfo0sbJdLA&utm_medium=api&utm_source=abfa41a4&v=739B6BE72617B75D45B04406927F136463280DFD,"Additional Information Meetings and Special Events background preferred Job Number 26069766 Job Category Administrative Location 130 Daybreak Rdg, Avon, Colorado, United States, 81620 VIEW ON MAP Schedule Full Time Located Remotely? N Position Type Non-Management Pay Range: $26.09-$26.09 per hour Expiration Date: 06/29/2026 POSITION SUMMARY Our Property Administrative Specialists play an important role in a number of vital hotel functions. At our hotels, Property Administrative Specialists work…",Property Administrative Specialist,39.630519,eyJhbGciOiJIUzI1NiJ9.eyJzIjoiUHRDWEFPUm84UkdtcGZvMHNiSmRMQSIsImkiOiI1NzY0NTIzNzE0In0.QJPgVzw_LmEogUDVwNhNqxlEFnREx6T_YdC8sY6BfHk,5764523714,"['US', 'Colorado', 'Eagle County', 'Avon']",Adzuna::API::Response::Location,"Avon, Eagle County","Marriott International, Inc",Adzuna::API::Response::Company,hospitality-catering-jobs,Adzuna::API::Response::Category,Hospitality & Catering Jobs,full_time,
64209.85,-86.7207,2026-06-15T13:48:05Z,64209.85,1,Adzuna::API::Response::Job,https://www.adzuna.com/land/ad/5764523715?se=PtCXAORo8RGmpfo0sbJdLA&utm_medium=api&utm_source=abfa41a4&v=C03DC5008AC8B29F32DF1D9E2B69A73F4573C592,"Additional Information $500 Sign On Bonus Offered Job Number 26069746 Job Category Engineering & Facilities Location 2800 Opryland Dr, Nashville, Tennessee, United States, 37214 VIEW ON MAP Schedule Full Time Located Remotely? N Position Type Non-Management Pay Range: $21.00-$21.00 per hour POSITION SUMMARY Apply paint, stain and other finishes to property walls, ceilings, and furniture using brushes, spray guns, or rollers. Apply primers or sealers to prepare new surfaces for finish coats. Rem…",Painter,36.1719,eyJhbGciOiJIUzI1NiJ9.eyJpIjoiNTc2NDUyMzcxNSIsInMiOiJQdENYQU9SbzhSR21wZm8wc2JKZExBIn0.VTLLHHkD4XrAGiFmDLbzd3pbzAipdNALRsPgsEecCT4,5764523715,"['US', 'Tennessee', 'Davidson County', 'Jere Baxter']",Adzuna::API::Response::Location,"Jere Baxter, Davidson County","Marriott International, Inc",Adzuna::API::Response::Company,hospitality-catering-jobs,Adzuna::API::Response::Category,Hospitality & Catering Jobs,full_time,
58205.6,-73.97528,2026-06-15T13:48:01Z,58205.6,1,Adzuna::API::Response::Job,https://www.adzuna.com/land/ad/5764523711?se=PtCXAORo8RGmpfo0sbJdLA&utm_medium=api&utm_source=abfa41a4&v=542C956A8475D5971ED9A8F25A9F623870421E59,"What's in it for you? Referral Bonus: $500 for EACH person you refer Hiring immediately! Flexible Schedule Growth Opportunities Pay Activ – On-demand access to earned wages, get up to 50% of your earned wages immediately Paid training Free company uniform The following programs are available to help support you, free of charge. Health Coaching & Resources One-on-one health coaching is available to all employees whether you choose to enroll in LAZ Benefits or not. Employee Assistance Program (EA…",Power Washing Specialist,40.75284,eyJhbGciOiJIUzI1NiJ9.eyJpIjoiNTc2NDUyMzcxMSIsInMiOiJQdENYQU9SbzhSR21wZm8wc2JKZExBIn0.1hOAnL_o1uvF9ayDRIlDNj3LjS9ltvwt1cdLjEXbQQ4,5764523711,"['US', 'New York', 'New York City', 'Manhattan', 'Grand Central']",Adzuna::API::Response::Location,"Grand Central, Manhattan",LAZ Parking,Adzuna::API::Response::Company,trade-construction-jobs,Adzuna::API::Response::Category,Trade & Construction Jobs,,
51255.97,-82.93768,2026-06-15T13:47:58Z,51255.97,1,Adzuna::API::Response::Job,https://www.adzuna.com/land/ad/5764523707?se=PtCXAORo8RGmpfo0sbJdLA&utm_medium=api&utm_source=abfa41a4&v=35DA68C9BA233BC9FD0287802CE1E68BA44DB0A5,"Description Who We Are Founded in 1999, Quantum Health is an independent healthcare navigation organization headquartered in Central Ohio. We believe no one should have to navigate the complexity of healthcare alone. Our mission is to make healthcare simpler and more effective for our members. We are a big-hearted, tech-savvy team committed to ensuring our members get the care they need at the most affordable cost—we call ourselves Healthcare Warriors®. With more than 2,000 employees and counti…",Patient Service Representative,39.968953,eyJhbGciOiJIUzI1NiJ9.eyJzIjoiUHRDWEFPUm84UkdtcGZvMHNiSmRMQSIsImkiOiI1NzY0NTIzNzA3In0.p7JuOZGkssIFGdKZI9TUJsFPFaTo7HtFMYeHepjOgno,5764523707,"['US', 'Ohio', 'Franklin County', 'Bexley']",Adzuna::API::Response::Location,"Bexley, Franklin County",quantum-health,Adzuna::API::Response::Company,customer-services-jobs,Adzuna::API::Response::Category,Customer Services Jobs,full_time,permanent
46511.67,-83.04074,2026-06-15T13:47:58Z,46511.67,1,Adzuna::API::Response::Job,https://www.adzuna.com/land/ad/5764523704?se=PtCXAORo8RGmpfo0sbJdLA&utm_medium=api&utm_source=abfa41a4&v=69D89AA47E489350DDA1A2F2FBC334162F49BF65,"Description Who We Are Founded in 1999, Quantum Health is an independent healthcare navigation organization headquartered in Central Ohio. We believe no one should have to navigate the complexity of healthcare alone. Our mission is to make healthcare simpler and more effective for our members. We are a big-hearted, tech-savvy team committed to ensuring our members get the care they need at the most affordable cost—we call ourselves Healthcare Warriors®. With more than 2,000 employees and counti…",Patient Service Representative,39.979786,eyJhbGciOiJIUzI1NiJ9.eyJzIjoiUHRDWEFPUm84UkdtcGZvMHNiSmRMQSIsImkiOiI1NzY0NTIzNzA0In0.z-viMZo3KjYyPgP4B_s6CiZ-V08x0t8mRaDSCnHl6GU,5764523704,"['US', 'Ohio', 'Franklin County', 'Grandview Heights']",Adzuna::API::Response::Location,"Grandview Heights, Franklin County",quantum-health,Adzuna::API::Response::Company,customer-services-jobs,Adzuna::API::Response::Category,Customer Services Jobs,full_time,permanent
51699.77,-82.813356,2026-06-15T13:47:58Z,51699.77,1,Adzuna::API::Response::Job,https://www.adzuna.com/land/ad/5764523709?se=PtCXAORo8RGmpfo0sbJdLA&utm_medium=api&utm_source=abfa41a4&v=C4B1226BB79D431E24A914B3A26A3AFF6435380E,"Description Who We Are Founded in 1999, Quantum Health is an independent healthcare navigation organization headquartered in Central Ohio. We believe no one should have to navigate the complexity of healthcare alone. Our mission is to make healthcare simpler and more effective for our members. We are a big-hearted, tech-savvy team committed to ensuring our members get the care they need at the most affordable cost—we call ourselves Healthcare Warriors®. With more than 2,000 employees and counti…",Patient Service Representative,39.861832,eyJhbGciOiJIUzI1NiJ9.eyJpIjoiNTc2NDUyMzcwOSIsInMiOiJQdENYQU9SbzhSR21wZm8wc2JKZExBIn0.D6k0iz1QbwnSTtZKXxcg5GbbNc7TX99lX_dV9DUF1HA,5764523709,"['US', 'Ohio', 'Franklin County', 'Canal Winchester']",Adzuna::API::Response::Location,"Canal Winchester, Franklin County",quantum-health,Adzuna::API::Response::Company,customer-services-jobs,Adzuna::API::Response::Category,Customer Services Jobs,full_time,permanent
0.0,-119.476363,2026-06-15T13:47:29Z,78000.0,0,Adzuna::API::Response::Job,https://www.adzuna.com/land/ad/5764523680?se=PtCXAORo8RGmpfo0sbJdLA&utm_medium=api&utm_source=abfa41a4&v=AEC74E545D31B8D9AE35643AC7CD21DEDA381D8E,"CDL-A OTR TRUCK DRIVERS: 52 - 56 CPM (based on experience). Solo OTR Drivers: Average 2,000 Miles Per Week $2,000 Sign On Bonus 100% No Touch Freight Consistent, planned schedule Predictable home time you can count on Paid Vacation Performance Bonuses Top 20% of our OTR Drivers earn $1,500 Weekly Run 28 days out, get 5 days home. It’s the balance experienced drivers want—strong miles and real time off. Team Drivers: $5,000 Sign-On Bonus/split with an average of 5,000 miles per week! $0.72 - $0.…",CDL-A Company Driver - 1-5mo EXP Required - OTR - Dry Van - $1.5k per week - U.S. Xpress - OTR,47.383474,eyJhbGciOiJIUzI1NiJ9.eyJzIjoiUHRDWEFPUm84UkdtcGZvMHNiSmRMQSIsImkiOiI1NzY0NTIzNjgwIn0.0VhyLfWRaLWObmEV7EGLOgQYFyVL7D6ZSe2jpx1sLlw,5764523680,"['US', 'Washington', 'Grant County', 'Adrian']",Adzuna::API::Response::Location,"Adrian, Grant County",U.S. Xpress - OTR,Adzuna::API::Response::Company,logistics-warehouse-jobs,Adzuna::API::Response::Category,Logistics & Warehouse Jobs,full_time,
0.0,-106.62072,2026-06-15T13:47:29Z,78000.0,0,Adzuna::API::Response::Job,https://www.adzuna.com/land/ad/5764523675?se=PtCXAORo8RGmpfo0sbJdLA&utm_medium=api&utm_source=abfa41a4&v=432683742D2A1FD37A47D9E1D4E9B81338D856F5,"CDL-A OTR TRUCK DRIVERS: 52 - 56 CPM (based on experience). Solo OTR Drivers: Average 2,000 Miles Per Week $2,000 Sign On Bonus 100% No Touch Freight Consistent, planned schedule Predictable home time you can count on Paid Vacation Performance Bonuses Top 20% of our OTR Drivers earn $1,500 Weekly Run 28 days out, get 5 days home. It’s the balance experienced drivers want—strong miles and real time off. Team Drivers: $5,000 Sign-On Bonus/split with an average of 5,000 miles per week! $0.72 - $0.…",Class A CDL Company Driver - 1-5mo EXP Required - OTR - Dry Van - $1.5k per week - U.S. Xpress - OTR,35.07546,eyJhbGciOiJIUzI1NiJ9.eyJpIjoiNTc2NDUyMzY3NSIsInMiOiJQdENYQU9SbzhSR21wZm8wc2JKZExBIn0.au1iO56l1ZvJ_q2UaPNJKcaJQNAhArL01hQHHIAeWUA,5764523675,"['US', 'New Mexico', 'Bernalillo County', 'Albuquerque']",Adzuna::API::Response::Location,"Albuquerque, Bernalillo County",U.S. Xpress - OTR,Adzuna::API::Response::Company,logistics-warehouse-jobs,Adzuna::API::Response::Category,Logistics & Warehouse Jobs,full_time,
0.0,-104.995597,2026-06-15T13:47:29Z,78000.0,0,Adzuna::API::Response::Job,https://www.adzuna.com/land/ad/5764523682?se=PtCXAORo8RGmpfo0sbJdLA&utm_medium=api&utm_source=abfa41a4&v=408C68F52C2C103B1AD1204F82C262F843D1D5B3,"CDL-A OTR TRUCK DRIVERS: 52 - 56 CPM (based on experience). Solo OTR Drivers: Average 2,000 Miles Per Week $2,000 Sign On Bonus 100% No Touch Freight Consistent, planned schedule Predictable home time you can count on Paid Vacation Performance Bonuses Top 20% of our OTR Drivers earn $1,500 Weekly Run 28 days out, get 5 days home. It’s the balance experienced drivers want—strong miles and real time off. Team Drivers: $5,000 Sign-On Bonus/split with an average of 5,000 miles per week! $0.72 - $0.…",Class A CDL Company Driver - 1-5mo EXP Required - OTR - Dry Van - $1.5k per week - U.S. Xpress - OTR,39.749838,eyJhbGciOiJIUzI1NiJ9.eyJzIjoiUHRDWEFPUm84UkdtcGZvMHNiSmRMQSIsImkiOiI1NzY0NTIzNjgyIn0.u50WgFPM0RteuM8XQgwMAAbnmBlULX_o21yMBe1Cg7o,5764523682,"['US', 'Colorado', 'Adams County', 'Federal Heights']",Adzuna::API::Response::Location,"Federal Heights, Adams County",U.S. Xpress - OTR,Adzuna::API::Response::Company,logistics-warehouse-jobs,Adzuna::API::Response::Category,Logistics & Warehouse Jobs,full_time,
0.0,-118.704698,2026-06-15T13:47:29Z,78000.0,0,Adzuna::API::Response::Job,https://www.adzuna.com/land/ad/5764523681?se=PtCXAORo8RGmpfo0sbJdLA&utm_medium=api&utm_source=abfa41a4&v=7C5C8D13C2D00544F809611C94F2205D0A5682CA,"CDL-A OTR TRUCK DRIVERS: 52 - 56 CPM (based on experience). Solo OTR Drivers: Average 2,000 Miles Per Week $2,000 Sign On Bonus 100% No Touch Freight Consistent, planned schedule Predictable home time you can count on Paid Vacation Performance Bonuses Top 20% of our OTR Drivers earn $1,500 Weekly Run 28 days out, get 5 days home. It’s the balance experienced drivers want—strong miles and real time off. Team Drivers: $5,000 Sign-On Bonus/split with an average of 5,000 miles per week! $0.72 - $0.…",CDL-A Company Driver - 1-5mo EXP Required - OTR - Dry Van - $1.5k per week - U.S. Xpress - OTR,47.767307,eyJhbGciOiJIUzI1NiJ9.eyJzIjoiUHRDWEFPUm84UkdtcGZvMHNiSmRMQSIsImkiOiI1NzY0NTIzNjgxIn0.vYwdSTTNWvUBci0QmxBGkvqYIFg24cprUrGqFO917lA,5764523681,"['US', 'Washington', 'Lincoln County', 'Wilbur']",Adzuna::API::Response::Location,"Wilbur, Lincoln County",U.S. Xpress - OTR,Adzuna::API::Response::Company,logistics-warehouse-jobs,Adzuna::API::Response::Category,Logistics & Warehouse Jobs,full_time,
0.0,-119.051754,2026-06-15T13:47:28Z,78000.0,0,Adzuna::API::Response::Job,https://www.adzuna.com/land/ad/5764523657?se=PtCXAORo8RGmpfo0sbJdLA&utm_medium=api&utm_source=abfa41a4&v=BF498911FE8872DF23B9BF5BCEA617171C8B0385,"CDL-A OTR TRUCK DRIVERS: 52 - 56 CPM (based on experience). Solo OTR Drivers: Average 2,000 Miles Per Week $2,000 Sign On Bonus 100% No Touch Freight Consistent, planned schedule Predictable home time you can count on Paid Vacation Performance Bonuses Top 20% of our OTR Drivers earn $1,500 Weekly Run 28 days out, get 5 days home. It’s the balance experienced drivers want—strong miles and real time off. Team Drivers: $5,000 Sign-On Bonus/split with an average of 5,000 miles per week! $0.72 - $0.…",CDL-A Company Driver - 1-5mo EXP Required - OTR - Dry Van - $1.5k per week - U.S. Xpress - OTR,46.975805,eyJhbGciOiJIUzI1NiJ9.eyJpIjoiNTc2NDUyMzY1NyIsInMiOiJQdENYQU9SbzhSR21wZm8wc2JKZExBIn0.IrXnxnfah8qVeGJaII-76rn7IVeHwwCtkXFDZaOqScE,5764523657,"['US', 'Washington', 'Grant County', 'Warden']",Adzuna::API::Response::Location,"Warden, Grant County",U.S. Xpress - OTR,Adzuna::API::Response::Company,logistics-warehouse-jobs,Adzuna::API::Response::Category,Logistics & Warehouse Jobs,full_time,
0.0,-119.476363,2026-06-15T13:47:28Z,78000.0,0,Adzuna::API::Response::Job,https://www.adzuna.com/land/ad/5764523652?se=PtCXAORo8RGmpfo0sbJdLA&utm_medium=api&utm_source=abfa41a4&v=385BC392F3D3906F9827BC92719B9C20D940DA77,"CDL-A OTR TRUCK DRIVERS: 52 - 56 CPM (based on experience). Solo OTR Drivers: Average 2,000 Miles Per Week $2,000 Sign On Bonus 100% No Touch Freight Consistent, planned schedule Predictable home time you can count on Paid Vacation Performance Bonuses Top 20% of our OTR Drivers earn $1,500 Weekly Run 28 days out, get 5 days home. It’s the balance experienced drivers want—strong miles and real time off. Team Drivers: $5,000 Sign-On Bonus/split with an average of 5,000 miles per week! $0.72 - $0.…",Truck Driver Company - 1-5mo EXP Required - OTR - Dry Van - $1.5k per week - U.S. Xpress - OTR,47.383474,eyJhbGciOiJIUzI1NiJ9.eyJzIjoiUHRDWEFPUm84UkdtcGZvMHNiSmRMQSIsImkiOiI1NzY0NTIzNjUyIn0.J4g34CQz6hZK92d-qbdH15MR5Ej8ml7bUW6SmSNub_M,5764523652,"['US', 'Washington', 'Grant County', 'Adrian']",Adzuna::API::Response::Location,"Adrian, Grant County",U.S. Xpress - OTR,Adzuna::API::Response::Company,logistics-warehouse-jobs,Adzuna::API::Response::Category,Logistics & Warehouse Jobs,full_time,
0.0,-122.740097,2026-06-15T13:47:28Z,78000.0,0,Adzuna::API::Response::Job,https://www.adzuna.com/land/ad/5764523613?se=PtCXAORo8RGmpfo0sbJdLA&utm_medium=api&utm_source=abfa41a4&v=A0F6AC69A1735C4C2C77F5704F194DD4D8F4A0D6,"CDL-A OTR TRUCK DRIVERS: 52 - 56 CPM (based on experience). Solo OTR Drivers: Average 2,000 Miles Per Week $2,000 Sign On Bonus 100% No Touch Freight Consistent, planned schedule Predictable home time you can count on Paid Vacation Performance Bonuses Top 20% of our OTR Drivers earn $1,500 Weekly Run 28 days out, get 5 days home. It’s the balance experienced drivers want—strong miles and real time off. Team Drivers: $5,000 Sign-On Bonus/split with an average of 5,000 miles per week! $0.72 - $0.…",Class A CDL Company Driver - 1-5mo EXP Required - OTR - Dry Van - $1.5k per week - U.S. Xpress - OTR,48.958579,eyJhbGciOiJIUzI1NiJ9.eyJzIjoiUHRDWEFPUm84UkdtcGZvMHNiSmRMQSIsImkiOiI1NzY0NTIzNjEzIn0._B3NUrq7n7NQ69rROwp-tGRcbh7FZkZXm4d5j7tmGmU,5764523613,"['US', 'Washington', 'Whatcom County', 'Blaine']",Adzuna::API::Response::Location,"Blaine, Whatcom County",U.S. Xpress - OTR,Adzuna::API::Response::Company,logistics-warehouse-jobs,Adzuna::API::Response::Category,Logistics & Warehouse Jobs,full_time,
0.0,-122.179938,2026-06-15T13:47:28Z,78000.0,0,Adzuna::API::Response::Job,https://www.adzuna.com/land/ad/5764523601?se=PtCXAORo8RGmpfo0sbJdLA&utm_medium=api&utm_source=abfa41a4&v=1D1F7DB7A1105D09817F7B79436F5C6344D744DD,"CDL-A OTR TRUCK DRIVERS: 52 - 56 CPM (based on experience). Solo OTR Drivers: Average 2,000 Miles Per Week $2,000 Sign On Bonus 100% No Touch Freight Consistent, planned schedule Predictable home time you can count on Paid Vacation Performance Bonuses Top 20% of our OTR Drivers earn $1,500 Weekly Run 28 days out, get 5 days home. It’s the balance experienced drivers want—strong miles and real time off. Team Drivers: $5,000 Sign-On Bonus/split with an average of 5,000 miles per week! $0.72 - $0.…",Truck Driver Company - 1-5mo EXP Required - OTR - Dry Van - $1.5k per week - U.S. Xpress - OTR,47.677395,eyJhbGciOiJIUzI1NiJ9.eyJzIjoiUHRDWEFPUm84UkdtcGZvMHNiSmRMQSIsImkiOiI1NzY0NTIzNjAxIn0.M_fdS1o6vksTjbgyvW9ZruEYPQTKdp_Hs1fz5CpWr6g,5764523601,"['US', 'Washington', 'King County', 'Kirkland']",Adzuna::API::Response::Location,"Kirkland, King County",U.S. Xpress - OTR,Adzuna::API::Response::Company,logistics-warehouse-jobs,Adzuna::API::Response::Category,Logistics & Warehouse Jobs,full_time,
0.0,-122.803307,2026-06-15T13:47:28Z,78000.0,0,Adzuna::API::Response::Job,https://www.adzuna.com/land/ad/5764523581?se=PtCXAORo8RGmpfo0sbJdLA&utm_medium=api&utm_source=abfa41a4&v=DB04162BD2256D1F5C21ECAA60989D5DF97DAB65,"CDL-A OTR TRUCK DRIVERS: 52 - 56 CPM (based on experience). Solo OTR Drivers: Average 2,000 Miles Per Week $2,000 Sign On Bonus 100% No Touch Freight Consistent, planned schedule Predictable home time you can count on Paid Vacation Performance Bonuses Top 20% of our OTR Drivers earn $1,500 Weekly Run 28 days out, get 5 days home. It’s the balance experienced drivers want—strong miles and real time off. Team Drivers: $5,000 Sign-On Bonus/split with an average of 5,000 miles per week! $0.72 - $0.…",Truck Driver Company - 1-5mo EXP Required - OTR - Dry Van - $1.5k per week - U.S. Xpress - OTR,47.024485,eyJhbGciOiJIUzI1NiJ9.eyJpIjoiNTc2NDUyMzU4MSIsInMiOiJQdENYQU9SbzhSR21wZm8wc2JKZExBIn0.rbpMbiOLUyBYTUpZ9IIj13vz8Xk75FBmYnPRAv8KMfY,5764523581,"['US', 'Washington', 'Thurston County', 'Lacey']",Adzuna::API::Response::Location,"Lacey, Thurston County",U.S. Xpress - OTR,Adzuna::API::Response::Company,logistics-warehouse-jobs,Adzuna::API::Response::Category,Logistics & Warehouse Jobs,full_time,
0.0,-118.699181,2026-06-15T13:47:28Z,78000.0,0,Adzuna::API::Response::Job,https://www.adzuna.com/land/ad/5764523665?se=PtCXAORo8RGmpfo0sbJdLA&utm_medium=api&utm_source=abfa41a4&v=FA99F243732D1161D78215F1519738379123E95F,"CDL-A OTR TRUCK DRIVERS: 52 - 56 CPM (based on experience). Solo OTR Drivers: Average 2,000 Miles Per Week $2,000 Sign On Bonus 100% No Touch Freight Consistent, planned schedule Predictable home time you can count on Paid Vacation Performance Bonuses Top 20% of our OTR Drivers earn $1,500 Weekly Run 28 days out, get 5 days home. It’s the balance experienced drivers want—strong miles and real time off. Team Drivers: $5,000 Sign-On Bonus/split with an average of 5,000 miles per week! $0.72 - $0.…",Class A CDL Company Driver - 1-5mo EXP Required - OTR - Dry Van - $1.5k per week - U.S. Xpress - OTR,47.324143,eyJhbGciOiJIUzI1NiJ9.eyJpIjoiNTc2NDUyMzY2NSIsInMiOiJQdENYQU9SbzhSR21wZm8wc2JKZExBIn0.eYlEI1Plz4gTbJORfDYSo6Ffu3cSAoNWae3Ur-tMGQ0,5764523665,"['US', 'Washington', 'Lincoln County', 'Odessa']",Adzuna::API::Response::Location,"Odessa, Lincoln County",U.S. Xpress - OTR,Adzuna::API::Response::Company,logistics-warehouse-jobs,Adzuna::API::Response::Category,Logistics & Warehouse Jobs,full_time,
0.0,-122.28486,2026-06-15T13:47:28Z,78000.0,0,Adzuna::API::Response::Job,https://www.adzuna.com/land/ad/5764523578?se=PtCXAORo8RGmpfo0sbJdLA&utm_medium=api&utm_source=abfa41a4&v=2E92C4DCA3EBAA0CB846F9AF18C0ABE31457DC5E,"CDL-A OTR TRUCK DRIVERS: 52 - 56 CPM (based on experience). Solo OTR Drivers: Average 2,000 Miles Per Week $2,000 Sign On Bonus 100% No Touch Freight Consistent, planned schedule Predictable home time you can count on Paid Vacation Performance Bonuses Top 20% of our OTR Drivers earn $1,500 Weekly Run 28 days out, get 5 days home. It’s the balance experienced drivers want—strong miles and real time off. Team Drivers: $5,000 Sign-On Bonus/split with an average of 5,000 miles per week! $0.72 - $0.…",Class A CDL Company Driver - 1-5mo EXP Required - OTR - Dry Van - $1.5k per week - U.S. Xpress - OTR,47.80278,eyJhbGciOiJIUzI1NiJ9.eyJpIjoiNTc2NDUyMzU3OCIsInMiOiJQdENYQU9SbzhSR21wZm8wc2JKZExBIn0.YgBzIxEhYA8xeToQkZnkQa6hnS8IwN0soVPaZ_MM_rE,5764523578,"['US', 'Washington', 'Snohomish County', 'Brier']",Adzuna::API::Response::Location,"Brier, Snohomish County",U.S. Xpress - OTR,Adzuna::API::Response::Company,logistics-warehouse-jobs,Adzuna::API::Response::Category,Logistics & Warehouse Jobs,full_time,
0.0,-118.396086,2026-06-15T13:47:28Z,78000.0,0,Adzuna::API::Response::Job,https://www.adzuna.com/land/ad/5764523658?se=PtCXAORo8RGmpfo0sbJdLA&utm_medium=api&utm_source=abfa41a4&v=F076A05F1450DDED3C41CAECC459D90060475F4D,"CDL-A OTR TRUCK DRIVERS: 52 - 56 CPM (based on experience). Solo OTR Drivers: Average 2,000 Miles Per Week $2,000 Sign On Bonus 100% No Touch Freight Consistent, planned schedule Predictable home time you can count on Paid Vacation Performance Bonuses Top 20% of our OTR Drivers earn $1,500 Weekly Run 28 days out, get 5 days home. It’s the balance experienced drivers want—strong miles and real time off. Team Drivers: $5,000 Sign-On Bonus/split with an average of 5,000 miles per week! $0.72 - $0.…",Truck Driver Company - 1-5mo EXP Required - OTR - Dry Van - $1.5k per week - U.S. Xpress - OTR,47.125566,eyJhbGciOiJIUzI1NiJ9.eyJzIjoiUHRDWEFPUm84UkdtcGZvMHNiSmRMQSIsImkiOiI1NzY0NTIzNjU4In0.-CwoyjqDSQErVLHub6yfinBGxH6S6e8jnB4mvwt-HmA,5764523658,"['US', 'Washington', 'Adams County', 'Ritzville']",Adzuna::API::Response::Location,"Ritzville, Adams County",U.S. Xpress - OTR,Adzuna::API::Response::Company,logistics-warehouse-jobs,Adzuna::API::Response::Category,Logistics & Warehouse Jobs,full_time,
0.0,-104.995597,2026-06-15T13:47:28Z,78000.0,0,Adzuna::API::Response::Job,https://www.adzuna.com/land/ad/5764523672?se=PtCXAORo8RGmpfo0sbJdLA&utm_medium=api&utm_source=abfa41a4&v=4C413C91089B31CFCA33F7A9233323F38C62B22C,"CDL-A OTR TRUCK DRIVERS: 52 - 56 CPM (based on experience). Solo OTR Drivers: Average 2,000 Miles Per Week $2,000 Sign On Bonus 100% No Touch Freight Consistent, planned schedule Predictable home time you can count on Paid Vacation Performance Bonuses Top 20% of our OTR Drivers earn $1,500 Weekly Run 28 days out, get 5 days home. It’s the balance experienced drivers want—strong miles and real time off. Team Drivers: $5,000 Sign-On Bonus/split with an average of 5,000 miles per week! $0.72 - $0.…",Truck Driver Company - 1-5mo EXP Required - OTR - Dry Van - $1.5k per week - U.S. Xpress - OTR,39.749838,eyJhbGciOiJIUzI1NiJ9.eyJzIjoiUHRDWEFPUm84UkdtcGZvMHNiSmRMQSIsImkiOiI1NzY0NTIzNjcyIn0.0IhU9Dj_8S5wV3pe0nj5oqNiKeBVtkft7qLAly_-q6U,5764523672,"['US', 'Colorado', 'Adams County', 'Federal Heights']",Adzuna::API::Response::Location,"Federal Heights, Adams County",U.S. Xpress - OTR,Adzuna::API::Response::Company,logistics-warehouse-jobs,Adzuna::API::Response::Category,Logistics & Warehouse Jobs,full_time,
0.0,-106.62072,2026-06-15T13:47:28Z,78000.0,0,Adzuna::API::Response::Job,https://www.adzuna.com/land/ad/5764523667?se=PtCXAORo8RGmpfo0sbJdLA&utm_medium=api&utm_source=abfa41a4&v=7409155F89C81BDD6BB8DF63345A8C3C34AC424B,"CDL-A OTR TRUCK DRIVERS: 52 - 56 CPM (based on experience). Solo OTR Drivers: Average 2,000 Miles Per Week $2,000 Sign On Bonus 100% No Touch Freight Consistent, planned schedule Predictable home time you can count on Paid Vacation Performance Bonuses Top 20% of our OTR Drivers earn $1,500 Weekly Run 28 days out, get 5 days home. It’s the balance experienced drivers want—strong miles and real time off. Team Drivers: $5,000 Sign-On Bonus/split with an average of 5,000 miles per week! $0.72 - $0.…",CDL-A Company Driver - 1-5mo EXP Required - OTR - Dry Van - $1.5k per week - U.S. Xpress - OTR,35.07546,eyJhbGciOiJIUzI1NiJ9.eyJpIjoiNTc2NDUyMzY2NyIsInMiOiJQdENYQU9SbzhSR21wZm8wc2JKZExBIn0.ccrkkl5Hu8vSJIoZ9ef5k3USaaMfuLOySKUfULfDa6c,5764523667,"['US', 'New Mexico', 'Bernalillo County', 'Albuquerque']",Adzuna::API::Response::Location,"Albuquerque, Bernalillo County",U.S. Xpress - OTR,Adzuna::API::Response::Company,logistics-warehouse-jobs,Adzuna::API::Response::Category,Logistics & Warehouse Jobs,full_time,
0.0,-120.042876,2026-06-15T13:47:28Z,78000.0,0,Adzuna::API::Response::Job,https://www.adzuna.com/land/ad/5764523631?se=PtCXAORo8RGmpfo0sbJdLA&utm_medium=api&utm_source=abfa41a4&v=5250D1B0CDBFBED4A0167B4B0085F0ECC8CE9E14,"CDL-A OTR TRUCK DRIVERS: 52 - 56 CPM (based on experience). Solo OTR Drivers: Average 2,000 Miles Per Week $2,000 Sign On Bonus 100% No Touch Freight Consistent, planned schedule Predictable home time you can count on Paid Vacation Performance Bonuses Top 20% of our OTR Drivers earn $1,500 Weekly Run 28 days out, get 5 days home. It’s the balance experienced drivers want—strong miles and real time off. Team Drivers: $5,000 Sign-On Bonus/split with an average of 5,000 miles per week! $0.72 - $0.…",Truck Driver Company - 1-5mo EXP Required - OTR - Dry Van - $1.5k per week - U.S. Xpress - OTR,47.851192,eyJhbGciOiJIUzI1NiJ9.eyJzIjoiUHRDWEFPUm84UkdtcGZvMHNiSmRMQSIsImkiOiI1NzY0NTIzNjMxIn0.yB_M9yzQDEzFa546jw90JRloBcW_HLrqeptKRzdPaJE,5764523631,"['US', 'Washington', 'Chelan County', 'Holden Village']",Adzuna::API::Response::Location,"Holden Village, Chelan County",U.S. Xpress - OTR,Adzuna::API::Response::Company,logistics-warehouse-jobs,Adzuna::API::Response::Category,Logistics & Warehouse Jobs,full_time,
0.0,-119.641899,2026-06-15T13:47:28Z,78000.0,0,Adzuna::API::Response::Job,https://www.adzuna.com/land/ad/5764523651?se=PtCXAORo8RGmpfo0sbJdLA&utm_medium=api&utm_source=abfa41a4&v=87F2541C6245FEE81CE822B43A757467B38B7BCE,"CDL-A OTR TRUCK DRIVERS: 52 - 56 CPM (based on experience). Solo OTR Drivers: Average 2,000 Miles Per Week $2,000 Sign On Bonus 100% No Touch Freight Consistent, planned schedule Predictable home time you can count on Paid Vacation Performance Bonuses Top 20% of our OTR Drivers earn $1,500 Weekly Run 28 days out, get 5 days home. It’s the balance experienced drivers want—strong miles and real time off. Team Drivers: $5,000 Sign-On Bonus/split with an average of 5,000 miles per week! $0.72 - $0.…",Truck Driver Company - 1-5mo EXP Required - OTR - Dry Van - $1.5k per week - U.S. Xpress - OTR,46.907302,eyJhbGciOiJIUzI1NiJ9.eyJpIjoiNTc2NDUyMzY1MSIsInMiOiJQdENYQU9SbzhSR21wZm8wc2JKZExBIn0.BgLWPE101dW9baQcVX867sU7VpaeBTfzlLX961luFHo,5764523651,"['US', 'Washington', 'Grant County', 'Royal City']",Adzuna::API::Response::Location,"Royal City, Grant County",U.S. Xpress - OTR,Adzuna::API::Response::Company,logistics-warehouse-jobs,Adzuna::API::Response::Category,Logistics & Warehouse Jobs,full_time,
0.0,-120.145406,2026-06-15T13:47:28Z,78000.0,0,Adzuna::API::Response::Job,https://www.adzuna.com/land/ad/5764523641?se=PtCXAORo8RGmpfo0sbJdLA&utm_medium=api&utm_source=abfa41a4&v=6682C77F146133F67EE6A0780256D79610283F56,"CDL-A OTR TRUCK DRIVERS: 52 - 56 CPM (based on experience). Solo OTR Drivers: Average 2,000 Miles Per Week $2,000 Sign On Bonus 100% No Touch Freight Consistent, planned schedule Predictable home time you can count on Paid Vacation Performance Bonuses Top 20% of our OTR Drivers earn $1,500 Weekly Run 28 days out, get 5 days home. It’s the balance experienced drivers want—strong miles and real time off. Team Drivers: $5,000 Sign-On Bonus/split with an average of 5,000 miles per week! $0.72 - $0.…",Truck Driver Company - 1-5mo EXP Required - OTR - Dry Van - $1.5k per week - U.S. Xpress - OTR,47.89121,eyJhbGciOiJIUzI1NiJ9.eyJpIjoiNTc2NDUyMzY0MSIsInMiOiJQdENYQU9SbzhSR21wZm8wc2JKZExBIn0.shGWm2NUzslhHcbDNmlHLwMCR_vxMSg5DgnP1iUhbAA,5764523641,"['US', 'Washington', 'Chelan County', 'Manson']",Adzuna::API::Response::Location,"Manson, Chelan County",U.S. Xpress - OTR,Adzuna::API::Response::Company,logistics-warehouse-jobs,Adzuna::API::Response::Category,Logistics & Warehouse Jobs,full_time,
0.0,-122.3139,2026-06-15T13:47:28Z,78000.0,0,Adzuna::API::Response::Job,https://www.adzuna.com/land/ad/5764523573?se=PtCXAORo8RGmpfo0sbJdLA&utm_medium=api&utm_source=abfa41a4&v=8112363B3100C273C7ACD0C1F7851D564F14CBAC,"CDL-A OTR TRUCK DRIVERS: 52 - 56 CPM (based on experience). Solo OTR Drivers: Average 2,000 Miles Per Week $2,000 Sign On Bonus 100% No Touch Freight Consistent, planned schedule Predictable home time you can count on Paid Vacation Performance Bonuses Top 20% of our OTR Drivers earn $1,500 Weekly Run 28 days out, get 5 days home. It’s the balance experienced drivers want—strong miles and real time off. Team Drivers: $5,000 Sign-On Bonus/split with an average of 5,000 miles per week! $0.72 - $0.…",Class A CDL Company Driver - 1-5mo EXP Required - OTR - Dry Van - $1.5k per week - U.S. Xpress - OTR,47.30994,eyJhbGciOiJIUzI1NiJ9.eyJpIjoiNTc2NDUyMzU3MyIsInMiOiJQdENYQU9SbzhSR21wZm8wc2JKZExBIn0.9Z9FWQE09JVrbCN1A7xPMWmVaDGU2bGxlvL6BYPcQJA,5764523573,"['US', 'Washington', 'King County', 'Federal Way']",Adzuna::API::Response::Location,"Federal Way, King County",U.S. Xpress - OTR,Adzuna::API::Response::Company,logistics-warehouse-jobs,Adzuna::API::Response::Category,Logistics & Warehouse Jobs,full_time,
0.0,-122.168424,2026-06-15T13:47:28Z,78000.0,0,Adzuna::API::Response::Job,https://www.adzuna.com/land/ad/5764523566?se=PtCXAORo8RGmpfo0sbJdLA&utm_medium=api&utm_source=abfa41a4&v=061EDFC0020E8FD59DF6517449F6C364A19C4C3A,"CDL-A OTR TRUCK DRIVERS: 52 - 56 CPM (based on experience). Solo OTR Drivers: Average 2,000 Miles Per Week $2,000 Sign On Bonus 100% No Touch Freight Consistent, planned schedule Predictable home time you can count on Paid Vacation Performance Bonuses Top 20% of our OTR Drivers earn $1,500 Weekly Run 28 days out, get 5 days home. It’s the balance experienced drivers want—strong miles and real time off. Team Drivers: $5,000 Sign-On Bonus/split with an average of 5,000 miles per week! $0.72 - $0.…",Class A CDL Company Driver - 1-5mo EXP Required - OTR - Dry Van - $1.5k per week - U.S. Xpress - OTR,47.182133,eyJhbGciOiJIUzI1NiJ9.eyJzIjoiUHRDWEFPUm84UkdtcGZvMHNiSmRMQSIsImkiOiI1NzY0NTIzNTY2In0.rz356PY9wHPjZcT0WoMmeLC4vyAF4z0xDai6-2cy__U,5764523566,"['US', 'Washington', 'Pierce County', 'Cedarview']",Adzuna::API::Response::Location,"Cedarview, Pierce County",U.S. Xpress - OTR,Adzuna::API::Response::Company,logistics-warehouse-jobs,Adzuna::API::Response::Category,Logistics & Warehouse Jobs,full_time,
0.0,-118.699181,2026-06-15T13:47:28Z,78000.0,0,Adzuna::API::Response::Job,https://www.adzuna.com/land/ad/5764523661?se=PtCXAORo8RGmpfo0sbJdLA&utm_medium=api&utm_source=abfa41a4&v=A6F32334065F8CB6F108915DE55908F1338F9C0F,"CDL-A OTR TRUCK DRIVERS: 52 - 56 CPM (based on experience). Solo OTR Drivers: Average 2,000 Miles Per Week $2,000 Sign On Bonus 100% No Touch Freight Consistent, planned schedule Predictable home time you can count on Paid Vacation Performance Bonuses Top 20% of our OTR Drivers earn $1,500 Weekly Run 28 days out, get 5 days home. It’s the balance experienced drivers want—strong miles and real time off. Team Drivers: $5,000 Sign-On Bonus/split with an average of 5,000 miles per week! $0.72 - $0.…",Truck Driver Company - 1-5mo EXP Required - OTR - Dry Van - $1.5k per week - U.S. Xpress - OTR,47.324143,eyJhbGciOiJIUzI1NiJ9.eyJzIjoiUHRDWEFPUm84UkdtcGZvMHNiSmRMQSIsImkiOiI1NzY0NTIzNjYxIn0.lETj2aVXS_LtDkCtw95z2UYS9UhvFwRIzxXnE_ojpR4,5764523661,"['US', 'Washington', 'Lincoln County', 'Odessa']",Adzuna::API::Response::Location,"Odessa, Lincoln County",U.S. Xpress - OTR,Adzuna::API::Response::Company,logistics-warehouse-jobs,Adzuna::API::Response::Category,Logistics & Warehouse Jobs,full_time,
0.0,-118.396086,2026-06-15T13:47:28Z,78000.0,0,Adzuna::API::Response::Job,https://www.adzuna.com/land/ad/5764523664?se=PtCXAORo8RGmpfo0sbJdLA&utm_medium=api&utm_source=abfa41a4&v=28E5B56BDB126BF2C3BE18D9936B9DF5F18C1AD4,"CDL-A OTR TRUCK DRIVERS: 52 - 56 CPM (based on experience). Solo OTR Drivers: Average 2,000 Miles Per Week $2,000 Sign On Bonus 100% No Touch Freight Consistent, planned schedule Predictable home time you can count on Paid Vacation Performance Bonuses Top 20% of our OTR Drivers earn $1,500 Weekly Run 28 days out, get 5 days home. It’s the balance experienced drivers want—strong miles and real time off. Team Drivers: $5,000 Sign-On Bonus/split with an average of 5,000 miles per week! $0.72 - $0.…",Class A CDL Company Driver - 1-5mo EXP Required - OTR - Dry Van - $1.5k per week - U.S. Xpress - OTR,47.125566,eyJhbGciOiJIUzI1NiJ9.eyJzIjoiUHRDWEFPUm84UkdtcGZvMHNiSmRMQSIsImkiOiI1NzY0NTIzNjY0In0.Tg_9KVkWZijLIp-CnIgxLO5j7iY2CM6jqaDVS-f0Vvg,5764523664,"['US', 'Washington', 'Adams County', 'Ritzville']",Adzuna::API::Response::Location,"Ritzville, Adams County",U.S. Xpress - OTR,Adzuna::API::Response::Company,logistics-warehouse-jobs,Adzuna::API::Response::Category,Logistics & Warehouse Jobs,full_time,
0.0,-122.28486,2026-06-15T13:47:28Z,78000.0,0,Adzuna::API::Response::Job,https://www.adzuna.com/land/ad/5764523576?se=PtCXAORo8RGmpfo0sbJdLA&utm_medium=api&utm_source=abfa41a4&v=DEC412856873234F1B7E78BCB3544509510A29BE,"CDL-A OTR TRUCK DRIVERS: 52 - 56 CPM (based on experience). Solo OTR Drivers: Average 2,000 Miles Per Week $2,000 Sign On Bonus 100% No Touch Freight Consistent, planned schedule Predictable home time you can count on Paid Vacation Performance Bonuses Top 20% of our OTR Drivers earn $1,500 Weekly Run 28 days out, get 5 days home. It’s the balance experienced drivers want—strong miles and real time off. Team Drivers: $5,000 Sign-On Bonus/split with an average of 5,000 miles per week! $0.72 - $0.…",Truck Driver Company - 1-5mo EXP Required - OTR - Dry Van - $1.5k per week - U.S. Xpress - OTR,47.80278,eyJhbGciOiJIUzI1NiJ9.eyJzIjoiUHRDWEFPUm84UkdtcGZvMHNiSmRMQSIsImkiOiI1NzY0NTIzNTc2In0.yh7Vu27LdU-6qd9hgQxMccMIEC-SszQ31v8d8kvVLEM,5764523576,"['US', 'Washington', 'Snohomish County', 'Brier']",Adzuna::API::Response::Location,"Brier, Snohomish County",U.S. Xpress - OTR,Adzuna::API::Response::Company,logistics-warehouse-jobs,Adzuna::API::Response::Category,Logistics & Warehouse Jobs,full_time,
0.0,-122.803307,2026-06-15T13:47:28Z,78000.0,0,Adzuna::API::Response::Job,https://www.adzuna.com/land/ad/5764523602?se=PtCXAORo8RGmpfo0sbJdLA&utm_medium=api&utm_source=abfa41a4&v=02412D47D595E46CFCA63027774BFF2F78BCC41B,"CDL-A OTR TRUCK DRIVERS: 52 - 56 CPM (based on experience). Solo OTR Drivers: Average 2,000 Miles Per Week $2,000 Sign On Bonus 100% No Touch Freight Consistent, planned schedule Predictable home time you can count on Paid Vacation Performance Bonuses Top 20% of our OTR Drivers earn $1,500 Weekly Run 28 days out, get 5 days home. It’s the balance experienced drivers want—strong miles and real time off. Team Drivers: $5,000 Sign-On Bonus/split with an average of 5,000 miles per week! $0.72 - $0.…",CDL-A Company Driver - 1-5mo EXP Required - OTR - Dry Van - $1.5k per week - U.S. Xpress - OTR,47.024485,eyJhbGciOiJIUzI1NiJ9.eyJzIjoiUHRDWEFPUm84UkdtcGZvMHNiSmRMQSIsImkiOiI1NzY0NTIzNjAyIn0.JH2Vyq7vrOfjdb7l20GsmIY-WXlNdmr8qZo6cmjvBK8,5764523602,"['US', 'Washington', 'Thurston County', 'Lacey']",Adzuna::API::Response::Location,"Lacey, Thurston County",U.S. Xpress - OTR,Adzuna::API::Response::Company,logistics-warehouse-jobs,Adzuna::API::Response::Category,Logistics & Warehouse Jobs,full_time,
0.0,-122.458137,2026-06-15T13:47:28Z,78000.0,0,Adzuna::API::Response::Job,https://www.adzuna.com/land/ad/5764523615?se=PtCXAORo8RGmpfo0sbJdLA&utm_medium=api&utm_source=abfa41a4&v=213DF4EE0218A9345A11B95E32F704CA4EA50CC4,"CDL-A OTR TRUCK DRIVERS: 52 - 56 CPM (based on experience). Solo OTR Drivers: Average 2,000 Miles Per Week $2,000 Sign On Bonus 100% No Touch Freight Consistent, planned schedule Predictable home time you can count on Paid Vacation Performance Bonuses Top 20% of our OTR Drivers earn $1,500 Weekly Run 28 days out, get 5 days home. It’s the balance experienced drivers want—strong miles and real time off. Team Drivers: $5,000 Sign-On Bonus/split with an average of 5,000 miles per week! $0.72 - $0.…",Truck Driver Company - 1-5mo EXP Required - OTR - Dry Van - $1.5k per week - U.S. Xpress - OTR,48.940702,eyJhbGciOiJIUzI1NiJ9.eyJzIjoiUHRDWEFPUm84UkdtcGZvMHNiSmRMQSIsImkiOiI1NzY0NTIzNjE1In0.q9M1836HmMJE-vUM8tJ0dlDfACZObuJmFeC3-wxTgRo,5764523615,"['US', 'Washington', 'Whatcom County', 'Lynden']",Adzuna::API::Response::Location,"Lynden, Whatcom County",U.S. Xpress - OTR,Adzuna::API::Response::Company,logistics-warehouse-jobs,Adzuna::API::Response::Category,Logistics & Warehouse Jobs,full_time,
0.0,-120.202747,2026-06-15T13:47:28Z,78000.0,0,Adzuna::API::Response::Job,https://www.adzuna.com/land/ad/5764523646?se=PtCXAORo8RGmpfo0sbJdLA&utm_medium=api&utm_source=abfa41a4&v=BD58AF3EBDC7AD1CB72A107A10293267B34C7B17,"CDL-A OTR TRUCK DRIVERS: 52 - 56 CPM (based on experience). Solo OTR Drivers: Average 2,000 Miles Per Week $2,000 Sign On Bonus 100% No Touch Freight Consistent, planned schedule Predictable home time you can count on Paid Vacation Performance Bonuses Top 20% of our OTR Drivers earn $1,500 Weekly Run 28 days out, get 5 days home. It’s the balance experienced drivers want—strong miles and real time off. Team Drivers: $5,000 Sign-On Bonus/split with an average of 5,000 miles per week! $0.72 - $0.…",CDL-A Company Driver - 1-5mo EXP Required - OTR - Dry Van - $1.5k per week - U.S. Xpress - OTR,47.354652,eyJhbGciOiJIUzI1NiJ9.eyJpIjoiNTc2NDUyMzY0NiIsInMiOiJQdENYQU9SbzhSR21wZm8wc2JKZExBIn0.zIVRRCGxgURM44vwunjgJweSBd32f9Y_rYTNxxbtxes,5764523646,"['US', 'Washington', 'Douglas County', 'Rock Island']",Adzuna::API::Response::Location,"Rock Island, Douglas County",U.S. Xpress - OTR,Adzuna::API::Response::Company,logistics-warehouse-jobs,Adzuna::API::Response::Category,Logistics & Warehouse Jobs,full_time,
0.0,-106.62072,2026-06-15T13:47:28Z,78000.0,0,Adzuna::API::Response::Job,https://www.adzuna.com/land/ad/5764523671?se=PtCXAORo8RGmpfo0sbJdLA&utm_medium=api&utm_source=abfa41a4&v=AD75A5F88A6F3F5F532AC5573DB28F6AE4E13E66,"CDL-A OTR TRUCK DRIVERS: 52 - 56 CPM (based on experience). Solo OTR Drivers: Average 2,000 Miles Per Week $2,000 Sign On Bonus 100% No Touch Freight Consistent, planned schedule Predictable home time you can count on Paid Vacation Performance Bonuses Top 20% of our OTR Drivers earn $1,500 Weekly Run 28 days out, get 5 days home. It’s the balance experienced drivers want—strong miles and real time off. Team Drivers: $5,000 Sign-On Bonus/split with an average of 5,000 miles per week! $0.72 - $0.…",Truck Driver Company - 1-5mo EXP Required - OTR - Dry Van - $1.5k per week - U.S. Xpress - OTR,35.07546,eyJhbGciOiJIUzI1NiJ9.eyJzIjoiUHRDWEFPUm84UkdtcGZvMHNiSmRMQSIsImkiOiI1NzY0NTIzNjcxIn0.jwtcTr1TbVTqKLeBZoN2oJZvXSe0d-4ds7KiJdG7v9c,5764523671,"['US', 'New Mexico', 'Bernalillo County', 'Albuquerque']",Adzuna::API::Response::Location,"Albuquerque, Bernalillo County",U.S. Xpress - OTR,Adzuna::API::Response::Company,logistics-warehouse-jobs,Adzuna::API::Response::Category,Logistics & Warehouse Jobs,full_time,
0.0,-119.641899,2026-06-15T13:47:28Z,78000.0,0,Adzuna::API::Response::Job,https://www.adzuna.com/land/ad/5764523670?se=PtCXAORo8RGmpfo0sbJdLA&utm_medium=api&utm_source=abfa41a4&v=B6F48C31D3D03658517D78571C43C3248B48517B,"CDL-A OTR TRUCK DRIVERS: 52 - 56 CPM (based on experience). Solo OTR Drivers: Average 2,000 Miles Per Week $2,000 Sign On Bonus 100% No Touch Freight Consistent, planned schedule Predictable home time you can count on Paid Vacation Performance Bonuses Top 20% of our OTR Drivers earn $1,500 Weekly Run 28 days out, get 5 days home. It’s the balance experienced drivers want—strong miles and real time off. Team Drivers: $5,000 Sign-On Bonus/split with an average of 5,000 miles per week! $0.72 - $0.…",CDL-A Company Driver - 1-5mo EXP Required - OTR - Dry Van - $1.5k per week - U.S. Xpress - OTR,46.907302,eyJhbGciOiJIUzI1NiJ9.eyJzIjoiUHRDWEFPUm84UkdtcGZvMHNiSmRMQSIsImkiOiI1NzY0NTIzNjcwIn0.t8hv-l5L0wqH8oH7SOUHsxFkkPbmSKDDxJQqTvSS72k,5764523670,"['US', 'Washington', 'Grant County', 'Royal City']",Adzuna::API::Response::Location,"Royal City, Grant County",U.S. Xpress - OTR,Adzuna::API::Response::Company,logistics-warehouse-jobs,Adzuna::API::Response::Category,Logistics & Warehouse Jobs,full_time,
0.0,-123.10691,2026-06-15T13:47:28Z,78000.0,0,Adzuna::API::Response::Job,https://www.adzuna.com/land/ad/5764523587?se=PtCXAORo8RGmpfo0sbJdLA&utm_medium=api&utm_source=abfa41a4&v=CBE6D8D6E52E6BAFCDEF8B9E47517B6630F2A3FF,"CDL-A OTR TRUCK DRIVERS: 52 - 56 CPM (based on experience). Solo OTR Drivers: Average 2,000 Miles Per Week $2,000 Sign On Bonus 100% No Touch Freight Consistent, planned schedule Predictable home time you can count on Paid Vacation Performance Bonuses Top 20% of our OTR Drivers earn $1,500 Weekly Run 28 days out, get 5 days home. It’s the balance experienced drivers want—strong miles and real time off. Team Drivers: $5,000 Sign-On Bonus/split with an average of 5,000 miles per week! $0.72 - $0.…",Truck Driver Company - 1-5mo EXP Required - OTR - Dry Van - $1.5k per week - U.S. Xpress - OTR,48.08012,eyJhbGciOiJIUzI1NiJ9.eyJpIjoiNTc2NDUyMzU4NyIsInMiOiJQdENYQU9SbzhSR21wZm8wc2JKZExBIn0.AcKpBWyDXyYheA7t_AjId8HkVssPBpteoqEuzXgMJy4,5764523587,"['US', 'Washington', 'Clallam County', 'Sequim']",Adzuna::API::Response::Location,"Sequim, Clallam County",U.S. Xpress - OTR,Adzuna::API::Response::Company,logistics-warehouse-jobs,Adzuna::API::Response::Category,Logistics & Warehouse Jobs,full_time,
0.0,-122.607107,2026-06-15T13:47:28Z,78000.0,0,Adzuna::API::Response::Job,https://www.adzuna.com/land/ad/5764523593?se=PtCXAORo8RGmpfo0sbJdLA&utm_medium=api&utm_source=abfa41a4&v=4264466950A183066E452AFDB828C5F5972DEF25,"CDL-A OTR TRUCK DRIVERS: 52 - 56 CPM (based on experience). Solo OTR Drivers: Average 2,000 Miles Per Week $2,000 Sign On Bonus 100% No Touch Freight Consistent, planned schedule Predictable home time you can count on Paid Vacation Performance Bonuses Top 20% of our OTR Drivers earn $1,500 Weekly Run 28 days out, get 5 days home. It’s the balance experienced drivers want—strong miles and real time off. Team Drivers: $5,000 Sign-On Bonus/split with an average of 5,000 miles per week! $0.72 - $0.…",Truck Driver Company - 1-5mo EXP Required - OTR - Dry Van - $1.5k per week - U.S. Xpress - OTR,48.861382,eyJhbGciOiJIUzI1NiJ9.eyJzIjoiUHRDWEFPUm84UkdtcGZvMHNiSmRMQSIsImkiOiI1NzY0NTIzNTkzIn0.q_o9HYmw6S-yRXu57wDMO4uGfYtkOi3si2cRW-rTlIo,5764523593,"['US', 'Washington', 'Whatcom County', 'Ferndale']",Adzuna::API::Response::Location,"Ferndale, Whatcom County",U.S. Xpress - OTR,Adzuna::API::Response::Company,logistics-warehouse-jobs,Adzuna::API::Response::Category,Logistics & Warehouse Jobs,full_time,
0.0,-120.145406,2026-06-15T13:47:28Z,78000.0,0,Adzuna::API::Response::Job,https://www.adzuna.com/land/ad/5764523634?se=PtCXAORo8RGmpfo0sbJdLA&utm_medium=api&utm_source=abfa41a4&v=2726086A7688CC51B516810279632E47F5827D77,"CDL-A OTR TRUCK DRIVERS: 52 - 56 CPM (based on experience). Solo OTR Drivers: Average 2,000 Miles Per Week $2,000 Sign On Bonus 100% No Touch Freight Consistent, planned schedule Predictable home time you can count on Paid Vacation Performance Bonuses Top 20% of our OTR Drivers earn $1,500 Weekly Run 28 days out, get 5 days home. It’s the balance experienced drivers want—strong miles and real time off. Team Drivers: $5,000 Sign-On Bonus/split with an average of 5,000 miles per week! $0.72 - $0.…",CDL-A Company Driver - 1-5mo EXP Required - OTR - Dry Van - $1.5k per week - U.S. Xpress - OTR,47.89121,eyJhbGciOiJIUzI1NiJ9.eyJpIjoiNTc2NDUyMzYzNCIsInMiOiJQdENYQU9SbzhSR21wZm8wc2JKZExBIn0.9lvQbjiZrG2tECNrYhYm6EgrpXGJ20OF47fqogRFijA,5764523634,"['US', 'Washington', 'Chelan County', 'Manson']",Adzuna::API::Response::Location,"Manson, Chelan County",U.S. Xpress - OTR,Adzuna::API::Response::Company,logistics-warehouse-jobs,Adzuna::API::Response::Category,Logistics & Warehouse Jobs,full_time,
0.0,-119.051754,2026-06-15T13:47:28Z,78000.0,0,Adzuna::API::Response::Job,https://www.adzuna.com/land/ad/5764523654?se=PtCXAORo8RGmpfo0sbJdLA&utm_medium=api&utm_source=abfa41a4&v=1B1792CD4955C8AC23BF2919590D1C0A266F4C2B,"CDL-A OTR TRUCK DRIVERS: 52 - 56 CPM (based on experience). Solo OTR Drivers: Average 2,000 Miles Per Week $2,000 Sign On Bonus 100% No Touch Freight Consistent, planned schedule Predictable home time you can count on Paid Vacation Performance Bonuses Top 20% of our OTR Drivers earn $1,500 Weekly Run 28 days out, get 5 days home. It’s the balance experienced drivers want—strong miles and real time off. Team Drivers: $5,000 Sign-On Bonus/split with an average of 5,000 miles per week! $0.72 - $0.…",Class A CDL Company Driver - 1-5mo EXP Required - OTR - Dry Van - $1.5k per week - U.S. Xpress - OTR,46.975805,eyJhbGciOiJIUzI1NiJ9.eyJzIjoiUHRDWEFPUm84UkdtcGZvMHNiSmRMQSIsImkiOiI1NzY0NTIzNjU0In0.s262jFi9JQC3cxococQXrhlOiaiPwrZYNbFEXKAJItY,5764523654,"['US', 'Washington', 'Grant County', 'Warden']",Adzuna::API::Response::Location,"Warden, Grant County",U.S. Xpress - OTR,Adzuna::API::Response::Company,logistics-warehouse-jobs,Adzuna::API::Response::Category,Logistics & Warehouse Jobs,full_time,
0.0,-122.478278,2026-06-15T13:47:28Z,78000.0,0,Adzuna::API::Response::Job,https://www.adzuna.com/land/ad/5764523597?se=PtCXAORo8RGmpfo0sbJdLA&utm_medium=api&utm_source=abfa41a4&v=95558A6EEA68CDA85613F3D7B16DA3A9D28977AD,"CDL-A OTR TRUCK DRIVERS: 52 - 56 CPM (based on experience). Solo OTR Drivers: Average 2,000 Miles Per Week $2,000 Sign On Bonus 100% No Touch Freight Consistent, planned schedule Predictable home time you can count on Paid Vacation Performance Bonuses Top 20% of our OTR Drivers earn $1,500 Weekly Run 28 days out, get 5 days home. It’s the balance experienced drivers want—strong miles and real time off. Team Drivers: $5,000 Sign-On Bonus/split with an average of 5,000 miles per week! $0.72 - $0.…",CDL-A Company Driver - 1-5mo EXP Required - OTR - Dry Van - $1.5k per week - U.S. Xpress - OTR,48.186337,eyJhbGciOiJIUzI1NiJ9.eyJzIjoiUHRDWEFPUm84UkdtcGZvMHNiSmRMQSIsImkiOiI1NzY0NTIzNTk3In0.q31-GWsOJBC9LZ7ps3YuiOinWsG6rdnnXBl5PcDZL-g,5764523597,"['US', 'Washington', 'Island County', 'Camano Island']",Adzuna::API::Response::Location,"Camano Island, Island County",U.S. Xpress - OTR,Adzuna::API::Response::Company,logistics-warehouse-jobs,Adzuna::API::Response::Category,Logistics & Warehouse Jobs,full_time,
0.0,-122.179938,2026-06-15T13:47:28Z,78000.0,0,Adzuna::API::Response::Job,https://www.adzuna.com/land/ad/5764523584?se=PtCXAORo8RGmpfo0sbJdLA&utm_medium=api&utm_source=abfa41a4&v=4704BD86ED09DF9F314B38E24DF157AAFCB9ED31,"CDL-A OTR TRUCK DRIVERS: 52 - 56 CPM (based on experience). Solo OTR Drivers: Average 2,000 Miles Per Week $2,000 Sign On Bonus 100% No Touch Freight Consistent, planned schedule Predictable home time you can count on Paid Vacation Performance Bonuses Top 20% of our OTR Drivers earn $1,500 Weekly Run 28 days out, get 5 days home. It’s the balance experienced drivers want—strong miles and real time off. Team Drivers: $5,000 Sign-On Bonus/split with an average of 5,000 miles per week! $0.72 - $0.…",Class A CDL Company Driver - 1-5mo EXP Required - OTR - Dry Van - $1.5k per week - U.S. Xpress - OTR,47.677395,eyJhbGciOiJIUzI1NiJ9.eyJzIjoiUHRDWEFPUm84UkdtcGZvMHNiSmRMQSIsImkiOiI1NzY0NTIzNTg0In0.uBZiZu9x6pbwmsnlTMsqtwWn_Wa502raj1pTzou9M6s,5764523584,"['US', 'Washington', 'King County', 'Kirkland']",Adzuna::API::Response::Location,"Kirkland, King County",U.S. Xpress - OTR,Adzuna::API::Response::Company,logistics-warehouse-jobs,Adzuna::API::Response::Category,Logistics & Warehouse Jobs,full_time,
0.0,-121.416984,2026-06-15T13:47:28Z,78000.0,0,Adzuna::API::Response::Job,https://www.adzuna.com/land/ad/5764523624?se=WgF3AeRo8RGjKJIWHOfiKg&utm_medium=api&utm_source=abfa41a4&v=7109D963225C76E5EE94E8EC1AABD7083F2E0582,"CDL-A OTR TRUCK DRIVERS: 52 - 56 CPM (based on experience). Solo OTR Drivers: Average 2,000 Miles Per Week $2,000 Sign On Bonus 100% No Touch Freight Consistent, planned schedule Predictable home time you can count on Paid Vacation Performance Bonuses Top 20% of our OTR Drivers earn $1,500 Weekly Run 28 days out, get 5 days home. It’s the balance experienced drivers want—strong miles and real time off. Team Drivers: $5,000 Sign-On Bonus/split with an average of 5,000 miles per week! $0.72 - $0.…",Class A CDL Company Driver - 1-5mo EXP Required - OTR - Dry Van - $1.5k per week - U.S. Xpress - OTR,48.535701,eyJhbGciOiJIUzI1NiJ9.eyJzIjoiV2dGM0FlUm84UkdqS0pJV0hPZmlLZyIsImkiOiI1NzY0NTIzNjI0In0.V-AGZ8v3IZY7jMZtIfEkHVSeDqJgse0zW5nQo0GYuDI,5764523624,"['US', 'Washington', 'Skagit County', 'Marblemount']",Adzuna::API::Response::Location,"Marblemount, Skagit County",U.S. Xpress - OTR,Adzuna::API::Response::Company,logistics-warehouse-jobs,Adzuna::API::Response::Category,Logistics & Warehouse Jobs,full_time,
0.0,-122.607107,2026-06-15T13:47:28Z,78000.0,0,Adzuna::API::Response::Job,https://www.adzuna.com/land/ad/5764523591?se=WgF3AeRo8RGjKJIWHOfiKg&utm_medium=api&utm_source=abfa41a4&v=6A25ACBEE44E17089BA70E6047955EB030F915E0,"CDL-A OTR TRUCK DRIVERS: 52 - 56 CPM (based on experience). Solo OTR Drivers: Average 2,000 Miles Per Week $2,000 Sign On Bonus 100% No Touch Freight Consistent, planned schedule Predictable home time you can count on Paid Vacation Performance Bonuses Top 20% of our OTR Drivers earn $1,500 Weekly Run 28 days out, get 5 days home. It’s the balance experienced drivers want—strong miles and real time off. Team Drivers: $5,000 Sign-On Bonus/split with an average of 5,000 miles per week! $0.72 - $0.…",CDL-A Company Driver - 1-5mo EXP Required - OTR - Dry Van - $1.5k per week - U.S. Xpress - OTR,48.861382,eyJhbGciOiJIUzI1NiJ9.eyJzIjoiV2dGM0FlUm84UkdqS0pJV0hPZmlLZyIsImkiOiI1NzY0NTIzNTkxIn0.1jf3XtGyixfdo5QKTTeyPJugVrpcUh8xRk8xdKWnUhM,5764523591,"['US', 'Washington', 'Whatcom County', 'Ferndale']",Adzuna::API::Response::Location,"Ferndale, Whatcom County",U.S. Xpress - OTR,Adzuna::API::Response::Company,logistics-warehouse-jobs,Adzuna::API::Response::Category,Logistics & Warehouse Jobs,full_time,
0.0,-120.9339,2026-06-15T13:47:28Z,78000.0,0,Adzuna::API::Response::Job,https://www.adzuna.com/land/ad/5764523635?se=WgF3AeRo8RGjKJIWHOfiKg&utm_medium=api&utm_source=abfa41a4&v=808F35F35EF6CA8DDA255D7347FC9B85CB75BCEC,"CDL-A OTR TRUCK DRIVERS: 52 - 56 CPM (based on experience). Solo OTR Drivers: Average 2,000 Miles Per Week $2,000 Sign On Bonus 100% No Touch Freight Consistent, planned schedule Predictable home time you can count on Paid Vacation Performance Bonuses Top 20% of our OTR Drivers earn $1,500 Weekly Run 28 days out, get 5 days home. It’s the balance experienced drivers want—strong miles and real time off. Team Drivers: $5,000 Sign-On Bonus/split with an average of 5,000 miles per week! $0.72 - $0.…",Truck Driver Company - 1-5mo EXP Required - OTR - Dry Van - $1.5k per week - U.S. Xpress - OTR,47.19756,eyJhbGciOiJIUzI1NiJ9.eyJzIjoiV2dGM0FlUm84UkdqS0pJV0hPZmlLZyIsImkiOiI1NzY0NTIzNjM1In0.jaIO0QtuZdMpQfHzGF7H9w-z56J4OWC7xGlCBpkuqwU,5764523635,"['US', 'Washington', 'Kittitas County', 'Cle Elum']",Adzuna::API::Response::Location,"Cle Elum, Kittitas County",U.S. Xpress - OTR,Adzuna::API::Response::Company,logistics-warehouse-jobs,Adzuna::API::Response::Category,Logistics & Warehouse Jobs,full_time,
0.0,-119.641899,2026-06-15T13:47:28Z,78000.0,0,Adzuna::API::Response::Job,https://www.adzuna.com/land/ad/5764523653?se=WgF3AeRo8RGjKJIWHOfiKg&utm_medium=api&utm_source=abfa41a4&v=8E2B3C7F80A9F1AE3D896C9BC4D53924F94111EC,"CDL-A OTR TRUCK DRIVERS: 52 - 56 CPM (based on experience). Solo OTR Drivers: Average 2,000 Miles Per Week $2,000 Sign On Bonus 100% No Touch Freight Consistent, planned schedule Predictable home time you can count on Paid Vacation Performance Bonuses Top 20% of our OTR Drivers earn $1,500 Weekly Run 28 days out, get 5 days home. It’s the balance experienced drivers want—strong miles and real time off. Team Drivers: $5,000 Sign-On Bonus/split with an average of 5,000 miles per week! $0.72 - $0.…",Class A CDL Company Driver - 1-5mo EXP Required - OTR - Dry Van - $1.5k per week - U.S. Xpress - OTR,46.907302,eyJhbGciOiJIUzI1NiJ9.eyJpIjoiNTc2NDUyMzY1MyIsInMiOiJXZ0YzQWVSbzhSR2pLSklXSE9maUtnIn0.9Ik5rqTsT4hrbWxQuGgG-aa7GBdMkLbkQUlHzw7qNoA,5764523653,"['US', 'Washington', 'Grant County', 'Royal City']",Adzuna::API::Response::Location,"Royal City, Grant County",U.S. Xpress - OTR,Adzuna::API::Response::Company,logistics-warehouse-jobs,Adzuna::API::Response::Category,Logistics & Warehouse Jobs,full_time,
0.0,-122.080697,2026-06-15T13:47:28Z,78000.0,0,Adzuna::API::Response::Job,https://www.adzuna.com/land/ad/5764523619?se=WgF3AeRo8RGjKJIWHOfiKg&utm_medium=api&utm_source=abfa41a4&v=08E41F3A651BE39A3B469739E15EE6EA03AAE8EC,"CDL-A OTR TRUCK DRIVERS: 52 - 56 CPM (based on experience). Solo OTR Drivers: Average 2,000 Miles Per Week $2,000 Sign On Bonus 100% No Touch Freight Consistent, planned schedule Predictable home time you can count on Paid Vacation Performance Bonuses Top 20% of our OTR Drivers earn $1,500 Weekly Run 28 days out, get 5 days home. It’s the balance experienced drivers want—strong miles and real time off. Team Drivers: $5,000 Sign-On Bonus/split with an average of 5,000 miles per week! $0.72 - $0.…",Class A CDL Company Driver - 1-5mo EXP Required - OTR - Dry Van - $1.5k per week - U.S. Xpress - OTR,48.017913,eyJhbGciOiJIUzI1NiJ9.eyJpIjoiNTc2NDUyMzYxOSIsInMiOiJXZ0YzQWVSbzhSR2pLSklXSE9maUtnIn0.D-dDoqveDUUnN6fONpxnEuc-ZBnO06-HLfT28HxsBDs,5764523619,"['US', 'Washington', 'Snohomish County', 'Lake Stevens']",Adzuna::API::Response::Location,"Lake Stevens, Snohomish County",U.S. Xpress - OTR,Adzuna::API::Response::Company,logistics-warehouse-jobs,Adzuna::API::Response::Category,Logistics & Warehouse Jobs,full_time,
0.0,-118.396086,2026-06-15T13:47:28Z,78000.0,0,Adzuna::API::Response::Job,https://www.adzuna.com/land/ad/5764523656?se=WgF3AeRo8RGjKJIWHOfiKg&utm_medium=api&utm_source=abfa41a4&v=6E6A6BDF7012ADB2BF71F51B08CFFDE0D0E667D8,"CDL-A OTR TRUCK DRIVERS: 52 - 56 CPM (based on experience). Solo OTR Drivers: Average 2,000 Miles Per Week $2,000 Sign On Bonus 100% No Touch Freight Consistent, planned schedule Predictable home time you can count on Paid Vacation Performance Bonuses Top 20% of our OTR Drivers earn $1,500 Weekly Run 28 days out, get 5 days home. It’s the balance experienced drivers want—strong miles and real time off. Team Drivers: $5,000 Sign-On Bonus/split with an average of 5,000 miles per week! $0.72 - $0.…",CDL-A Company Driver - 1-5mo EXP Required - OTR - Dry Van - $1.5k per week - U.S. Xpress - OTR,47.125566,eyJhbGciOiJIUzI1NiJ9.eyJpIjoiNTc2NDUyMzY1NiIsInMiOiJXZ0YzQWVSbzhSR2pLSklXSE9maUtnIn0.FGR4-DiALXNI1MG_GG9ZVW69s6hIN7ap32u50natyn4,5764523656,"['US', 'Washington', 'Adams County', 'Ritzville']",Adzuna::API::Response::Location,"Ritzville, Adams County",U.S. Xpress - OTR,Adzuna::API::Response::Company,logistics-warehouse-jobs,Adzuna::API::Response::Category,Logistics & Warehouse Jobs,full_time,
0.0,-122.458137,2026-06-15T13:47:28Z,78000.0,0,Adzuna::API::Response::Job,https://www.adzuna.com/land/ad/5764523606?se=WgF3AeRo8RGjKJIWHOfiKg&utm_medium=api&utm_source=abfa41a4&v=5586E40970853C440DA549F7EB41961EA90AD35D,"CDL-A OTR TRUCK DRIVERS: 52 - 56 CPM (based on experience). Solo OTR Drivers: Average 2,000 Miles Per Week $2,000 Sign On Bonus 100% No Touch Freight Consistent, planned schedule Predictable home time you can count on Paid Vacation Performance Bonuses Top 20% of our OTR Drivers earn $1,500 Weekly Run 28 days out, get 5 days home. It’s the balance experienced drivers want—strong miles and real time off. Team Drivers: $5,000 Sign-On Bonus/split with an average of 5,000 miles per week! $0.72 - $0.…",CDL-A Company Driver - 1-5mo EXP Required - OTR - Dry Van - $1.5k per week - U.S. Xpress - OTR,48.940702,eyJhbGciOiJIUzI1NiJ9.eyJzIjoiV2dGM0FlUm84UkdqS0pJV0hPZmlLZyIsImkiOiI1NzY0NTIzNjA2In0.lLdTrrIxSBbf2SvRKv8Nrhd0-0q202WF5obaiLp-EPA,5764523606,"['US', 'Washington', 'Whatcom County', 'Lynden']",Adzuna::API::Response::Location,"Lynden, Whatcom County",U.S. Xpress - OTR,Adzuna::API::Response::Company,logistics-warehouse-jobs,Adzuna::API::Response::Category,Logistics & Warehouse Jobs,full_time,
0.0,-119.195043,2026-06-15T13:47:28Z,78000.0,0,Adzuna::API::Response::Job,https://www.adzuna.com/land/ad/5764523648?se=WgF3AeRo8RGjKJIWHOfiKg&utm_medium=api&utm_source=abfa41a4&v=AEECD553AF3BC86605CC2435B29ACCDE785D5BB4,"CDL-A OTR TRUCK DRIVERS: 52 - 56 CPM (based on experience). Solo OTR Drivers: Average 2,000 Miles Per Week $2,000 Sign On Bonus 100% No Touch Freight Consistent, planned schedule Predictable home time you can count on Paid Vacation Performance Bonuses Top 20% of our OTR Drivers earn $1,500 Weekly Run 28 days out, get 5 days home. It’s the balance experienced drivers want—strong miles and real time off. Team Drivers: $5,000 Sign-On Bonus/split with an average of 5,000 miles per week! $0.72 - $0.…",CDL-A Company Driver - 1-5mo EXP Required - OTR - Dry Van - $1.5k per week - U.S. Xpress - OTR,46.817689,eyJhbGciOiJIUzI1NiJ9.eyJpIjoiNTc2NDUyMzY0OCIsInMiOiJXZ0YzQWVSbzhSR2pLSklXSE9maUtnIn0.8Rw8-PIWE5ixfLwqQ7ESU4CnVNgePurIqSvKuXALReY,5764523648,"['US', 'Washington', 'Adams County', 'Othello']",Adzuna::API::Response::Location,"Othello, Adams County",U.S. Xpress - OTR,Adzuna::API::Response::Company,logistics-warehouse-jobs,Adzuna::API::Response::Category,Logistics & Warehouse Jobs,full_time,
0.0,-119.476363,2026-06-15T13:47:28Z,78000.0,0,Adzuna::API::Response::Job,https://www.adzuna.com/land/ad/5764523660?se=WgF3AeRo8RGjKJIWHOfiKg&utm_medium=api&utm_source=abfa41a4&v=398ACE5ADC51BF72283115695E28CB34E45DEC9F,"CDL-A OTR TRUCK DRIVERS: 52 - 56 CPM (based on experience). Solo OTR Drivers: Average 2,000 Miles Per Week $2,000 Sign On Bonus 100% No Touch Freight Consistent, planned schedule Predictable home time you can count on Paid Vacation Performance Bonuses Top 20% of our OTR Drivers earn $1,500 Weekly Run 28 days out, get 5 days home. It’s the balance experienced drivers want—strong miles and real time off. Team Drivers: $5,000 Sign-On Bonus/split with an average of 5,000 miles per week! $0.72 - $0.…",Class A CDL Company Driver - 1-5mo EXP Required - OTR - Dry Van - $1.5k per week - U.S. Xpress - OTR,47.383474,eyJhbGciOiJIUzI1NiJ9.eyJzIjoiV2dGM0FlUm84UkdqS0pJV0hPZmlLZyIsImkiOiI1NzY0NTIzNjYwIn0.y32vkPtqWOfAToggBClOtxs4PabrpP44HBTyHB1XfV0,5764523660,"['US', 'Washington', 'Grant County', 'Adrian']",Adzuna::API::Response::Location,"Adrian, Grant County",U.S. Xpress - OTR,Adzuna::API::Response::Company,logistics-warehouse-jobs,Adzuna::API::Response::Category,Logistics & Warehouse Jobs,full_time,
0.0,-122.080697,2026-06-15T13:47:28Z,78000.0,0,Adzuna::API::Response::Job,https://www.adzuna.com/land/ad/5764523618?se=WgF3AeRo8RGjKJIWHOfiKg&utm_medium=api&utm_source=abfa41a4&v=5F18AEF8B37171D0214F101CCD3BBDAC68C4885A,"CDL-A OTR TRUCK DRIVERS: 52 - 56 CPM (based on experience). Solo OTR Drivers: Average 2,000 Miles Per Week $2,000 Sign On Bonus 100% No Touch Freight Consistent, planned schedule Predictable home time you can count on Paid Vacation Performance Bonuses Top 20% of our OTR Drivers earn $1,500 Weekly Run 28 days out, get 5 days home. It’s the balance experienced drivers want—strong miles and real time off. Team Drivers: $5,000 Sign-On Bonus/split with an average of 5,000 miles per week! $0.72 - $0.…",Truck Driver Company - 1-5mo EXP Required - OTR - Dry Van - $1.5k per week - U.S. Xpress - OTR,48.017913,eyJhbGciOiJIUzI1NiJ9.eyJpIjoiNTc2NDUyMzYxOCIsInMiOiJXZ0YzQWVSbzhSR2pLSklXSE9maUtnIn0.wohOxBHP9AoBOscmJZufa7BY3p-6R3lnLOE7-b188Ag,5764523618,"['US', 'Washington', 'Snohomish County', 'Lake Stevens']",Adzuna::API::Response::Location,"Lake Stevens, Snohomish County",U.S. Xpress - OTR,Adzuna::API::Response::Company,logistics-warehouse-jobs,Adzuna::API::Response::Category,Logistics & Warehouse Jobs,full_time,
0.0,-119.051754,2026-06-15T13:47:28Z,78000.0,0,Adzuna::API::Response::Job,https://www.adzuna.com/land/ad/5764523655?se=WgF3AeRo8RGjKJIWHOfiKg&utm_medium=api&utm_source=abfa41a4&v=B5E3D199979AC0025837CA4B4D722599A7203286,"CDL-A OTR TRUCK DRIVERS: 52 - 56 CPM (based on experience). Solo OTR Drivers: Average 2,000 Miles Per Week $2,000 Sign On Bonus 100% No Touch Freight Consistent, planned schedule Predictable home time you can count on Paid Vacation Performance Bonuses Top 20% of our OTR Drivers earn $1,500 Weekly Run 28 days out, get 5 days home. It’s the balance experienced drivers want—strong miles and real time off. Team Drivers: $5,000 Sign-On Bonus/split with an average of 5,000 miles per week! $0.72 - $0.…",Truck Driver Company - 1-5mo EXP Required - OTR - Dry Van - $1.5k per week - U.S. Xpress - OTR,46.975805,eyJhbGciOiJIUzI1NiJ9.eyJpIjoiNTc2NDUyMzY1NSIsInMiOiJXZ0YzQWVSbzhSR2pLSklXSE9maUtnIn0.z445bdsH-OfF2UfS_6sJvsD9E51YEpUJz-lJKr9_38s,5764523655,"['US', 'Washington', 'Grant County', 'Warden']",Adzuna::API::Response::Location,"Warden, Grant County",U.S. Xpress - OTR,Adzuna::API::Response::Company,logistics-warehouse-jobs,Adzuna::API::Response::Category,Logistics & Warehouse Jobs,full_time,
0.0,-122.225507,2026-06-15T13:47:28Z,78000.0,0,Adzuna::API::Response::Job,https://www.adzuna.com/land/ad/5764523586?se=WgF3AeRo8RGjKJIWHOfiKg&utm_medium=api&utm_source=abfa41a4&v=1031EA0BF059C3E1A340A02B200DDED22B417EB5,"CDL-A OTR TRUCK DRIVERS: 52 - 56 CPM (based on experience). Solo OTR Drivers: Average 2,000 Miles Per Week $2,000 Sign On Bonus 100% No Touch Freight Consistent, planned schedule Predictable home time you can count on Paid Vacation Performance Bonuses Top 20% of our OTR Drivers earn $1,500 Weekly Run 28 days out, get 5 days home. It’s the balance experienced drivers want—strong miles and real time off. Team Drivers: $5,000 Sign-On Bonus/split with an average of 5,000 miles per week! $0.72 - $0.…",CDL-A Company Driver - 1-5mo EXP Required - OTR - Dry Van - $1.5k per week - U.S. Xpress - OTR,48.535074,eyJhbGciOiJIUzI1NiJ9.eyJzIjoiV2dGM0FlUm84UkdqS0pJV0hPZmlLZyIsImkiOiI1NzY0NTIzNTg2In0.e_UV750SYvBxMZy9tJuH3gmjk3xXlZW4x4GjglZpOnI,5764523586,"['US', 'Washington', 'Skagit County', 'Sedro Woolley']",Adzuna::API::Response::Location,"Sedro Woolley, Skagit County",U.S. Xpress - OTR,Adzuna::API::Response::Company,logistics-warehouse-jobs,Adzuna::API::Response::Category,Logistics & Warehouse Jobs,full_time,
0.0,-118.708973,2026-06-15T13:47:28Z,78000.0,0,Adzuna::API::Response::Job,https://www.adzuna.com/land/ad/5764523565?se=WgF3AeRo8RGjKJIWHOfiKg&utm_medium=api&utm_source=abfa41a4&v=1D4B3F1F50C6B8F8969B84FF0CBDF0BC0FC0F4F9,"CDL-A OTR TRUCK DRIVERS: 52 - 56 CPM (based on experience). Solo OTR Drivers: Average 2,000 Miles Per Week $2,000 Sign On Bonus 100% No Touch Freight Consistent, planned schedule Predictable home time you can count on Paid Vacation Performance Bonuses Top 20% of our OTR Drivers earn $1,500 Weekly Run 28 days out, get 5 days home. It’s the balance experienced drivers want—strong miles and real time off. Team Drivers: $5,000 Sign-On Bonus/split with an average of 5,000 miles per week! $0.72 - $0.…",CDL-A Company Driver - 1-5mo EXP Required - OTR - Dry Van - $1.5k per week - U.S. Xpress - OTR,44.459984,eyJhbGciOiJIUzI1NiJ9.eyJpIjoiNTc2NDUyMzU2NSIsInMiOiJXZ0YzQWVSbzhSR2pLSklXSE9maUtnIn0.1RVPe0NrEt9X_w-zAfV3T8S1zgrcIoO7MZElfisFAGo,5764523565,"['US', 'Oregon', 'Grant County', 'John Day']",Adzuna::API::Response::Location,"John Day, Grant County",U.S. Xpress - OTR,Adzuna::API::Response::Company,logistics-warehouse-jobs,Adzuna::API::Response::Category,Logistics & Warehouse Jobs,full_time,
0.0,-123.10691,2026-06-15T13:47:28Z,78000.0,0,Adzuna::API::Response::Job,https://www.adzuna.com/land/ad/5764523589?se=WgF3AeRo8RGjKJIWHOfiKg&utm_medium=api&utm_source=abfa41a4&v=123EFA8C396A4671419F1A236D2E09F148EA0658,"CDL-A OTR TRUCK DRIVERS: 52 - 56 CPM (based on experience). Solo OTR Drivers: Average 2,000 Miles Per Week $2,000 Sign On Bonus 100% No Touch Freight Consistent, planned schedule Predictable home time you can count on Paid Vacation Performance Bonuses Top 20% of our OTR Drivers earn $1,500 Weekly Run 28 days out, get 5 days home. It’s the balance experienced drivers want—strong miles and real time off. Team Drivers: $5,000 Sign-On Bonus/split with an average of 5,000 miles per week! $0.72 - $0.…",Class A CDL Company Driver - 1-5mo EXP Required - OTR - Dry Van - $1.5k per week - U.S. Xpress - OTR,48.08012,eyJhbGciOiJIUzI1NiJ9.eyJpIjoiNTc2NDUyMzU4OSIsInMiOiJXZ0YzQWVSbzhSR2pLSklXSE9maUtnIn0.NtFiiF1VnsF07LYVXsPl1TUzoAaktxKwi2hXlk74Z6Y,5764523589,"['US', 'Washington', 'Clallam County', 'Sequim']",Adzuna::API::Response::Location,"Sequim, Clallam County",U.S. Xpress - OTR,Adzuna::API::Response::Company,logistics-warehouse-jobs,Adzuna::API::Response::Category,Logistics & Warehouse Jobs,full_time,
0.0,-121.416984,2026-06-15T13:47:28Z,78000.0,0,Adzuna::API::Response::Job,https://www.adzuna.com/land/ad/5764523621?se=WgF3AeRo8RGjKJIWHOfiKg&utm_medium=api&utm_source=abfa41a4&v=3D01623B2197B3A718DF0D02EAABBBE01ABBA079,"CDL-A OTR TRUCK DRIVERS: 52 - 56 CPM (based on experience). Solo OTR Drivers: Average 2,000 Miles Per Week $2,000 Sign On Bonus 100% No Touch Freight Consistent, planned schedule Predictable home time you can count on Paid Vacation Performance Bonuses Top 20% of our OTR Drivers earn $1,500 Weekly Run 28 days out, get 5 days home. It’s the balance experienced drivers want—strong miles and real time off. Team Drivers: $5,000 Sign-On Bonus/split with an average of 5,000 miles per week! $0.72 - $0.…",Truck Driver Company - 1-5mo EXP Required - OTR - Dry Van - $1.5k per week - U.S. Xpress - OTR,48.535701,eyJhbGciOiJIUzI1NiJ9.eyJpIjoiNTc2NDUyMzYyMSIsInMiOiJXZ0YzQWVSbzhSR2pLSklXSE9maUtnIn0.z1VNSpobwoFb1wXoAnSQzexuY4hPViKrtS5YLv5yrLo,5764523621,"['US', 'Washington', 'Skagit County', 'Marblemount']",Adzuna::API::Response::Location,"Marblemount, Skagit County",U.S. Xpress - OTR,Adzuna::API::Response::Company,logistics-warehouse-jobs,Adzuna::API::Response::Category,Logistics & Warehouse Jobs,full_time,
0.0,-122.800955,2026-06-15T13:47:28Z,78000.0,0,Adzuna::API::Response::Job,https://www.adzuna.com/land/ad/5764523629?se=WgF3AeRo8RGjKJIWHOfiKg&utm_medium=api&utm_source=abfa41a4&v=A51A122EE37510BC734857C8EC5841AB49123085,"CDL-A OTR TRUCK DRIVERS: 52 - 56 CPM (based on experience). Solo OTR Drivers: Average 2,000 Miles Per Week $2,000 Sign On Bonus 100% No Touch Freight Consistent, planned schedule Predictable home time you can count on Paid Vacation Performance Bonuses Top 20% of our OTR Drivers earn $1,500 Weekly Run 28 days out, get 5 days home. It’s the balance experienced drivers want—strong miles and real time off. Team Drivers: $5,000 Sign-On Bonus/split with an average of 5,000 miles per week! $0.72 - $0.…",CDL-A Company Driver - 1-5mo EXP Required - OTR - Dry Van - $1.5k per week - U.S. Xpress - OTR,48.101181,eyJhbGciOiJIUzI1NiJ9.eyJpIjoiNTc2NDUyMzYyOSIsInMiOiJXZ0YzQWVSbzhSR2pLSklXSE9maUtnIn0.f0IKgee2OeXss4xO1-eSIoLKucj7BQGK0HvsztFXd6Y,5764523629,"['US', 'Washington', 'Jefferson County', 'Glen Cove']",Adzuna::API::Response::Location,"Glen Cove, Jefferson County",U.S. Xpress - OTR,Adzuna::API::Response::Company,logistics-warehouse-jobs,Adzuna::API::Response::Category,Logistics & Warehouse Jobs,full_time,
0.0,-122.6073,2026-06-15T13:47:28Z,78000.0,0,Adzuna::API::Response::Job,https://www.adzuna.com/land/ad/5764523605?se=WgF3AeRo8RGjKJIWHOfiKg&utm_medium=api&utm_source=abfa41a4&v=C4761158292B9074D8006AA947103CB21F34644A,"CDL-A OTR TRUCK DRIVERS: 52 - 56 CPM (based on experience). Solo OTR Drivers: Average 2,000 Miles Per Week $2,000 Sign On Bonus 100% No Touch Freight Consistent, planned schedule Predictable home time you can count on Paid Vacation Performance Bonuses Top 20% of our OTR Drivers earn $1,500 Weekly Run 28 days out, get 5 days home. It’s the balance experienced drivers want—strong miles and real time off. Team Drivers: $5,000 Sign-On Bonus/split with an average of 5,000 miles per week! $0.72 - $0.…",Class A CDL Company Driver - 1-5mo EXP Required - OTR - Dry Van - $1.5k per week - U.S. Xpress - OTR,48.4989,eyJhbGciOiJIUzI1NiJ9.eyJzIjoiV2dGM0FlUm84UkdqS0pJV0hPZmlLZyIsImkiOiI1NzY0NTIzNjA1In0.q_NX3muPFP8LZuUAPEwzN94nhFQjfiRK088EdwJKn2E,5764523605,"['US', 'Washington', 'Skagit County', 'Anacortes']",Adzuna::API::Response::Location,"Anacortes, Skagit County",U.S. Xpress - OTR,Adzuna::API::Response::Company,logistics-warehouse-jobs,Adzuna::API::Response::Category,Logistics & Warehouse Jobs,full_time,
0.0,-122.803307,2026-06-15T13:47:28Z,78000.0,0,Adzuna::API::Response::Job,https://www.adzuna.com/land/ad/5764523582?se=WgF3AeRo8RGjKJIWHOfiKg&utm_medium=api&utm_source=abfa41a4&v=CC4A91EE2F17E81907C0CB152571B6D762F46812,"CDL-A OTR TRUCK DRIVERS: 52 - 56 CPM (based on experience). Solo OTR Drivers: Average 2,000 Miles Per Week $2,000 Sign On Bonus 100% No Touch Freight Consistent, planned schedule Predictable home time you can count on Paid Vacation Performance Bonuses Top 20% of our OTR Drivers earn $1,500 Weekly Run 28 days out, get 5 days home. It’s the balance experienced drivers want—strong miles and real time off. Team Drivers: $5,000 Sign-On Bonus/split with an average of 5,000 miles per week! $0.72 - $0.…",Class A CDL Company Driver - 1-5mo EXP Required - OTR - Dry Van - $1.5k per week - U.S. Xpress - OTR,47.024485,eyJhbGciOiJIUzI1NiJ9.eyJpIjoiNTc2NDUyMzU4MiIsInMiOiJXZ0YzQWVSbzhSR2pLSklXSE9maUtnIn0.UQGH7jJefFXZ0beL7pmZbtTN768n6uqombBmtF9Gz80,5764523582,"['US', 'Washington', 'Thurston County', 'Lacey']",Adzuna::API::Response::Location,"Lacey, Thurston County",U.S. Xpress - OTR,Adzuna::API::Response::Company,logistics-warehouse-jobs,Adzuna::API::Response::Category,Logistics & Warehouse Jobs,full_time,
0.0,-122.37144,2026-06-15T13:47:28Z,78000.0,0,Adzuna::API::Response::Job,https://www.adzuna.com/land/ad/5764523609?se=WgF3AeRo8RGjKJIWHOfiKg&utm_medium=api&utm_source=abfa41a4&v=F9789D342349C6CF42A7E492C2FDDB640BDFF795,"CDL-A OTR TRUCK DRIVERS: 52 - 56 CPM (based on experience). Solo OTR Drivers: Average 2,000 Miles Per Week $2,000 Sign On Bonus 100% No Touch Freight Consistent, planned schedule Predictable home time you can count on Paid Vacation Performance Bonuses Top 20% of our OTR Drivers earn $1,500 Weekly Run 28 days out, get 5 days home. It’s the balance experienced drivers want—strong miles and real time off. Team Drivers: $5,000 Sign-On Bonus/split with an average of 5,000 miles per week! $0.72 - $0.…",Class A CDL Company Driver - 1-5mo EXP Required - OTR - Dry Van - $1.5k per week - U.S. Xpress - OTR,48.17928,eyJhbGciOiJIUzI1NiJ9.eyJzIjoiV2dGM0FlUm84UkdqS0pJV0hPZmlLZyIsImkiOiI1NzY0NTIzNjA5In0.s6cgY_XGHDQCfuRNtWrfqk4QpaEajSFXleelgLZ9U7M,5764523609,"['US', 'Washington', 'Snohomish County', 'Elger Bay']",Adzuna::API::Response::Location,"Elger Bay, Snohomish County",U.S. Xpress - OTR,Adzuna::API::Response::Company,logistics-warehouse-jobs,Adzuna::API::Response::Category,Logistics & Warehouse Jobs,full_time,
0.0,-118.708973,2026-06-15T13:47:28Z,78000.0,0,Adzuna::API::Response::Job,https://www.adzuna.com/land/ad/5764523572?se=WgF3AeRo8RGjKJIWHOfiKg&utm_medium=api&utm_source=abfa41a4&v=5E9D8F2E4EEA8E0A4B5DC9049B73BF191020E9AA,"CDL-A OTR TRUCK DRIVERS: 52 - 56 CPM (based on experience). Solo OTR Drivers: Average 2,000 Miles Per Week $2,000 Sign On Bonus 100% No Touch Freight Consistent, planned schedule Predictable home time you can count on Paid Vacation Performance Bonuses Top 20% of our OTR Drivers earn $1,500 Weekly Run 28 days out, get 5 days home. It’s the balance experienced drivers want—strong miles and real time off. Team Drivers: $5,000 Sign-On Bonus/split with an average of 5,000 miles per week! $0.72 - $0.…",Class A CDL Company Driver - 1-5mo EXP Required - OTR - Dry Van - $1.5k per week - U.S. Xpress - OTR,44.459984,eyJhbGciOiJIUzI1NiJ9.eyJpIjoiNTc2NDUyMzU3MiIsInMiOiJXZ0YzQWVSbzhSR2pLSklXSE9maUtnIn0.JTjXmPFrhWr1EA--ZKqMGpVlcffA9_LnkZO_YTW-uZQ,5764523572,"['US', 'Oregon', 'Grant County', 'John Day']",Adzuna::API::Response::Location,"John Day, Grant County",U.S. Xpress - OTR,Adzuna::API::Response::Company,logistics-warehouse-jobs,Adzuna::API::Response::Category,Logistics & Warehouse Jobs,full_time,
0.0,-122.080697,2026-06-15T13:47:28Z,78000.0,0,Adzuna::API::Response::Job,https://www.adzuna.com/land/ad/5764523607?se=WgF3AeRo8RGjKJIWHOfiKg&utm_medium=api&utm_source=abfa41a4&v=6F5D5C2D05A2CC64CC68A4B43F7F0DB619E1498B,"CDL-A OTR TRUCK DRIVERS: 52 - 56 CPM (based on experience). Solo OTR Drivers: Average 2,000 Miles Per Week $2,000 Sign On Bonus 100% No Touch Freight Consistent, planned schedule Predictable home time you can count on Paid Vacation Performance Bonuses Top 20% of our OTR Drivers earn $1,500 Weekly Run 28 days out, get 5 days home. It’s the balance experienced drivers want—strong miles and real time off. Team Drivers: $5,000 Sign-On Bonus/split with an average of 5,000 miles per week! $0.72 - $0.…",CDL-A Company Driver - 1-5mo EXP Required - OTR - Dry Van - $1.5k per week - U.S. Xpress - OTR,48.017913,eyJhbGciOiJIUzI1NiJ9.eyJpIjoiNTc2NDUyMzYwNyIsInMiOiJXZ0YzQWVSbzhSR2pLSklXSE9maUtnIn0.Yq_d_AjWLHvd_erYnWGa07PNvzTWiYi6QSzryucgKKg,5764523607,"['US', 'Washington', 'Snohomish County', 'Lake Stevens']",Adzuna::API::Response::Location,"Lake Stevens, Snohomish County",U.S. Xpress - OTR,Adzuna::API::Response::Company,logistics-warehouse-jobs,Adzuna::API::Response::Category,Logistics & Warehouse Jobs,full_time,
0.0,-121.580818,2026-06-15T13:47:28Z,78000.0,0,Adzuna::API::Response::Job,https://www.adzuna.com/land/ad/5764523617?se=WgF3AeRo8RGjKJIWHOfiKg&utm_medium=api&utm_source=abfa41a4&v=3897EE6CEA7C885A29984D8D0EE08C5874573CC3,"CDL-A OTR TRUCK DRIVERS: 52 - 56 CPM (based on experience). Solo OTR Drivers: Average 2,000 Miles Per Week $2,000 Sign On Bonus 100% No Touch Freight Consistent, planned schedule Predictable home time you can count on Paid Vacation Performance Bonuses Top 20% of our OTR Drivers earn $1,500 Weekly Run 28 days out, get 5 days home. It’s the balance experienced drivers want—strong miles and real time off. Team Drivers: $5,000 Sign-On Bonus/split with an average of 5,000 miles per week! $0.72 - $0.…",Truck Driver Company - 1-5mo EXP Required - OTR - Dry Van - $1.5k per week - U.S. Xpress - OTR,48.260865,eyJhbGciOiJIUzI1NiJ9.eyJpIjoiNTc2NDUyMzYxNyIsInMiOiJXZ0YzQWVSbzhSR2pLSklXSE9maUtnIn0.nSl9StffSdIMzaEIDSegVTQdVgaED0oEwZZ7tOtFvHI,5764523617,"['US', 'Washington', 'Snohomish County', 'Darrington']",Adzuna::API::Response::Location,"Darrington, Snohomish County",U.S. Xpress - OTR,Adzuna::API::Response::Company,logistics-warehouse-jobs,Adzuna::API::Response::Category,Logistics & Warehouse Jobs,full_time,
0.0,-122.6073,2026-06-15T13:47:28Z,78000.0,0,Adzuna::API::Response::Job,https://www.adzuna.com/land/ad/5764523596?se=WgF3AeRo8RGjKJIWHOfiKg&utm_medium=api&utm_source=abfa41a4&v=1902C7E88CE0916F928E128ECCD71351092642AC,"CDL-A OTR TRUCK DRIVERS: 52 - 56 CPM (based on experience). Solo OTR Drivers: Average 2,000 Miles Per Week $2,000 Sign On Bonus 100% No Touch Freight Consistent, planned schedule Predictable home time you can count on Paid Vacation Performance Bonuses Top 20% of our OTR Drivers earn $1,500 Weekly Run 28 days out, get 5 days home. It’s the balance experienced drivers want—strong miles and real time off. Team Drivers: $5,000 Sign-On Bonus/split with an average of 5,000 miles per week! $0.72 - $0.…",CDL-A Company Driver - 1-5mo EXP Required - OTR - Dry Van - $1.5k per week - U.S. Xpress - OTR,48.4989,eyJhbGciOiJIUzI1NiJ9.eyJpIjoiNTc2NDUyMzU5NiIsInMiOiJXZ0YzQWVSbzhSR2pLSklXSE9maUtnIn0.OiUzCKhjzIclrLkUMpLBF-prm5bXOlplB3A_NU2nvkY,5764523596,"['US', 'Washington', 'Skagit County', 'Anacortes']",Adzuna::API::Response::Location,"Anacortes, Skagit County",U.S. Xpress - OTR,Adzuna::API::Response::Company,logistics-warehouse-jobs,Adzuna::API::Response::Category,Logistics & Warehouse Jobs,full_time,
0.0,-122.740097,2026-06-15T13:47:28Z,78000.0,0,Adzuna::API::Response::Job,https://www.adzuna.com/land/ad/5764523608?se=WgF3AeRo8RGjKJIWHOfiKg&utm_medium=api&utm_source=abfa41a4&v=62A613CE74A81C7346F7B364989D9731C8FBB8C6,"CDL-A OTR TRUCK DRIVERS: 52 - 56 CPM (based on experience). Solo OTR Drivers: Average 2,000 Miles Per Week $2,000 Sign On Bonus 100% No Touch Freight Consistent, planned schedule Predictable home time you can count on Paid Vacation Performance Bonuses Top 20% of our OTR Drivers earn $1,500 Weekly Run 28 days out, get 5 days home. It’s the balance experienced drivers want—strong miles and real time off. Team Drivers: $5,000 Sign-On Bonus/split with an average of 5,000 miles per week! $0.72 - $0.…",Truck Driver Company - 1-5mo EXP Required - OTR - Dry Van - $1.5k per week - U.S. Xpress - OTR,48.958579,eyJhbGciOiJIUzI1NiJ9.eyJzIjoiV2dGM0FlUm84UkdqS0pJV0hPZmlLZyIsImkiOiI1NzY0NTIzNjA4In0.D6oWbkyUyusUL8EbDBWEzKtWSv9cX72AN-_U0cbBJqM,5764523608,"['US', 'Washington', 'Whatcom County', 'Blaine']",Adzuna::API::Response::Location,"Blaine, Whatcom County",U.S. Xpress - OTR,Adzuna::API::Response::Company,logistics-warehouse-jobs,Adzuna::API::Response::Category,Logistics & Warehouse Jobs,full_time,
0.0,-120.23496,2026-06-15T13:47:28Z,78000.0,0,Adzuna::API::Response::Job,https://www.adzuna.com/land/ad/5764523627?se=WgF3AeRo8RGjKJIWHOfiKg&utm_medium=api&utm_source=abfa41a4&v=4469756ABB46D3257B275AA5580E162D0A217F39,"CDL-A OTR TRUCK DRIVERS: 52 - 56 CPM (based on experience). Solo OTR Drivers: Average 2,000 Miles Per Week $2,000 Sign On Bonus 100% No Touch Freight Consistent, planned schedule Predictable home time you can count on Paid Vacation Performance Bonuses Top 20% of our OTR Drivers earn $1,500 Weekly Run 28 days out, get 5 days home. It’s the balance experienced drivers want—strong miles and real time off. Team Drivers: $5,000 Sign-On Bonus/split with an average of 5,000 miles per week! $0.72 - $0.…",Class A CDL Company Driver - 1-5mo EXP Required - OTR - Dry Van - $1.5k per week - U.S. Xpress - OTR,47.43852,eyJhbGciOiJIUzI1NiJ9.eyJzIjoiV2dGM0FlUm84UkdqS0pJV0hPZmlLZyIsImkiOiI1NzY0NTIzNjI3In0.GkiPP78qsOAJ0cFSwrhJbviHR2woTJV3PEIEzpo0rJg,5764523627,"['US', 'Washington', 'Douglas County', 'East Wenatchee']",Adzuna::API::Response::Location,"East Wenatchee, Douglas County",U.S. Xpress - OTR,Adzuna::API::Response::Company,logistics-warehouse-jobs,Adzuna::API::Response::Category,Logistics & Warehouse Jobs,full_time,
0.0,-122.39058,2026-06-15T13:47:28Z,78000.0,0,Adzuna::API::Response::Job,https://www.adzuna.com/land/ad/5764523570?se=WgF3AeRo8RGjKJIWHOfiKg&utm_medium=api&utm_source=abfa41a4&v=4466D61E753B80387AD9412B18D57BE2B0E5BA91,"CDL-A OTR TRUCK DRIVERS: 52 - 56 CPM (based on experience). Solo OTR Drivers: Average 2,000 Miles Per Week $2,000 Sign On Bonus 100% No Touch Freight Consistent, planned schedule Predictable home time you can count on Paid Vacation Performance Bonuses Top 20% of our OTR Drivers earn $1,500 Weekly Run 28 days out, get 5 days home. It’s the balance experienced drivers want—strong miles and real time off. Team Drivers: $5,000 Sign-On Bonus/split with an average of 5,000 miles per week! $0.72 - $0.…",CDL-A Company Driver - 1-5mo EXP Required - OTR - Dry Van - $1.5k per week - U.S. Xpress - OTR,47.0676,eyJhbGciOiJIUzI1NiJ9.eyJpIjoiNTc2NDUyMzU3MCIsInMiOiJXZ0YzQWVSbzhSR2pLSklXSE9maUtnIn0.l1mzC2xaM9ckAWYWqDAmLRnxHI0k8wXRfWwKNSCeE3k,5764523570,"['US', 'Washington', 'Pierce County', 'Bethel']",Adzuna::API::Response::Location,"Bethel, Pierce County",U.S. Xpress - OTR,Adzuna::API::Response::Company,logistics-warehouse-jobs,Adzuna::API::Response::Category,Logistics & Warehouse Jobs,full_time,
0.0,-122.3139,2026-06-15T13:47:28Z,78000.0,0,Adzuna::API::Response::Job,https://www.adzuna.com/land/ad/5764523569?se=WgF3AeRo8RGjKJIWHOfiKg&utm_medium=api&utm_source=abfa41a4&v=52F113C63DC5233BB2D2EDD36C1054800CCDF06F,"CDL-A OTR TRUCK DRIVERS: 52 - 56 CPM (based on experience). Solo OTR Drivers: Average 2,000 Miles Per Week $2,000 Sign On Bonus 100% No Touch Freight Consistent, planned schedule Predictable home time you can count on Paid Vacation Performance Bonuses Top 20% of our OTR Drivers earn $1,500 Weekly Run 28 days out, get 5 days home. It’s the balance experienced drivers want—strong miles and real time off. Team Drivers: $5,000 Sign-On Bonus/split with an average of 5,000 miles per week! $0.72 - $0.…",Truck Driver Company - 1-5mo EXP Required - OTR - Dry Van - $1.5k per week - U.S. Xpress - OTR,47.30994,eyJhbGciOiJIUzI1NiJ9.eyJpIjoiNTc2NDUyMzU2OSIsInMiOiJXZ0YzQWVSbzhSR2pLSklXSE9maUtnIn0.Jx_q8bwFzn2W_UJiGOCWETSJCKNK4DyvHdXkhwkCVbo,5764523569,"['US', 'Washington', 'King County', 'Federal Way']",Adzuna::API::Response::Location,"Federal Way, King County",U.S. Xpress - OTR,Adzuna::API::Response::Company,logistics-warehouse-jobs,Adzuna::API::Response::Category,Logistics & Warehouse Jobs,full_time,
0.0,-120.485585,2026-06-15T13:47:28Z,78000.0,0,Adzuna::API::Response::Job,https://www.adzuna.com/land/ad/5764523633?se=WgF3AeRo8RGjKJIWHOfiKg&utm_medium=api&utm_source=abfa41a4&v=3EFD539BD811F654D963A74EA41DA8DC4A9C86A1,"CDL-A OTR TRUCK DRIVERS: 52 - 56 CPM (based on experience). Solo OTR Drivers: Average 2,000 Miles Per Week $2,000 Sign On Bonus 100% No Touch Freight Consistent, planned schedule Predictable home time you can count on Paid Vacation Performance Bonuses Top 20% of our OTR Drivers earn $1,500 Weekly Run 28 days out, get 5 days home. It’s the balance experienced drivers want—strong miles and real time off. Team Drivers: $5,000 Sign-On Bonus/split with an average of 5,000 miles per week! $0.72 - $0.…",Truck Driver Company - 1-5mo EXP Required - OTR - Dry Van - $1.5k per week - U.S. Xpress - OTR,47.518181,eyJhbGciOiJIUzI1NiJ9.eyJpIjoiNTc2NDUyMzYzMyIsInMiOiJXZ0YzQWVSbzhSR2pLSklXSE9maUtnIn0.PDUTzpn2GcJEQ4mzz-nACm0V-rj39SBrvW7N5Zj-yVw,5764523633,"['US', 'Washington', 'Chelan County', 'Cashmere']",Adzuna::API::Response::Location,"Cashmere, Chelan County",U.S. Xpress - OTR,Adzuna::API::Response::Company,logistics-warehouse-jobs,Adzuna::API::Response::Category,Logistics & Warehouse Jobs,full_time,
0.0,-122.87388,2026-06-15T13:47:28Z,78000.0,0,Adzuna::API::Response::Job,https://www.adzuna.com/land/ad/5764523580?se=WgF3AeRo8RGjKJIWHOfiKg&utm_medium=api&utm_source=abfa41a4&v=29F0CF7D1134B2FB44DEF357C2EFEDA6678931D0,"CDL-A OTR TRUCK DRIVERS: 52 - 56 CPM (based on experience). Solo OTR Drivers: Average 2,000 Miles Per Week $2,000 Sign On Bonus 100% No Touch Freight Consistent, planned schedule Predictable home time you can count on Paid Vacation Performance Bonuses Top 20% of our OTR Drivers earn $1,500 Weekly Run 28 days out, get 5 days home. It’s the balance experienced drivers want—strong miles and real time off. Team Drivers: $5,000 Sign-On Bonus/split with an average of 5,000 miles per week! $0.72 - $0.…",CDL-A Company Driver - 1-5mo EXP Required - OTR - Dry Van - $1.5k per week - U.S. Xpress - OTR,46.99086,eyJhbGciOiJIUzI1NiJ9.eyJzIjoiV2dGM0FlUm84UkdqS0pJV0hPZmlLZyIsImkiOiI1NzY0NTIzNTgwIn0.zb-xWZ-oVzb-eS1ufBIDtjGNvoRcehdvQ7xF2kDKnOk,5764523580,"['US', 'Washington', 'Thurston County', 'Olympia']",Adzuna::API::Response::Location,"Olympia, Thurston County",U.S. Xpress - OTR,Adzuna::API::Response::Company,logistics-warehouse-jobs,Adzuna::API::Response::Category,Logistics & Warehouse Jobs,full_time,
0.0,-119.195043,2026-06-15T13:47:28Z,78000.0,0,Adzuna::API::Response::Job,https://www.adzuna.com/land/ad/5764523674?se=WgF3AeRo8RGjKJIWHOfiKg&utm_medium=api&utm_source=abfa41a4&v=3083FEB6AD170940C37E488C4FF35F1539DC1181,"CDL-A OTR TRUCK DRIVERS: 52 - 56 CPM (based on experience). Solo OTR Drivers: Average 2,000 Miles Per Week $2,000 Sign On Bonus 100% No Touch Freight Consistent, planned schedule Predictable home time you can count on Paid Vacation Performance Bonuses Top 20% of our OTR Drivers earn $1,500 Weekly Run 28 days out, get 5 days home. It’s the balance experienced drivers want—strong miles and real time off. Team Drivers: $5,000 Sign-On Bonus/split with an average of 5,000 miles per week! $0.72 - $0.…",Truck Driver Company - 1-5mo EXP Required - OTR - Dry Van - $1.5k per week - U.S. Xpress - OTR,46.817689,eyJhbGciOiJIUzI1NiJ9.eyJpIjoiNTc2NDUyMzY3NCIsInMiOiJXZ0YzQWVSbzhSR2pLSklXSE9maUtnIn0.R850XliH6FBhfEI001lpXXekv7H78k0sQcMFaTHdG5M,5764523674,"['US', 'Washington', 'Adams County', 'Othello']",Adzuna::API::Response::Location,"Othello, Adams County",U.S. Xpress - OTR,Adzuna::API::Response::Company,logistics-warehouse-jobs,Adzuna::API::Response::Category,Logistics & Warehouse Jobs,full_time,
0.0,-122.37144,2026-06-15T13:47:28Z,78000.0,0,Adzuna::API::Response::Job,https://www.adzuna.com/land/ad/5764523625?se=WgF3AeRo8RGjKJIWHOfiKg&utm_medium=api&utm_source=abfa41a4&v=D4D39A70AA5C1AE233E6E43E34B27EEB36AAF330,"CDL-A OTR TRUCK DRIVERS: 52 - 56 CPM (based on experience). Solo OTR Drivers: Average 2,000 Miles Per Week $2,000 Sign On Bonus 100% No Touch Freight Consistent, planned schedule Predictable home time you can count on Paid Vacation Performance Bonuses Top 20% of our OTR Drivers earn $1,500 Weekly Run 28 days out, get 5 days home. It’s the balance experienced drivers want—strong miles and real time off. Team Drivers: $5,000 Sign-On Bonus/split with an average of 5,000 miles per week! $0.72 - $0.…",CDL-A Company Driver - 1-5mo EXP Required - OTR - Dry Van - $1.5k per week - U.S. Xpress - OTR,48.17928,eyJhbGciOiJIUzI1NiJ9.eyJzIjoiV2dGM0FlUm84UkdqS0pJV0hPZmlLZyIsImkiOiI1NzY0NTIzNjI1In0.ljkRvNcmVFj6xwzhpR267Am1q4U9vCXTRCdHlwYAHik,5764523625,"['US', 'Washington', 'Snohomish County', 'Elger Bay']",Adzuna::API::Response::Location,"Elger Bay, Snohomish County",U.S. Xpress - OTR,Adzuna::API::Response::Company,logistics-warehouse-jobs,Adzuna::API::Response::Category,Logistics & Warehouse Jobs,full_time,
0.0,-122.168424,2026-06-15T13:47:27Z,78000.0,0,Adzuna::API::Response::Job,https://www.adzuna.com/land/ad/5764523563?se=WgF3AeRo8RGjKJIWHOfiKg&utm_medium=api&utm_source=abfa41a4&v=6113083207E9F1B71764374314EF56B0ABA67987,"CDL-A OTR TRUCK DRIVERS: 52 - 56 CPM (based on experience). Solo OTR Drivers: Average 2,000 Miles Per Week $2,000 Sign On Bonus 100% No Touch Freight Consistent, planned schedule Predictable home time you can count on Paid Vacation Performance Bonuses Top 20% of our OTR Drivers earn $1,500 Weekly Run 28 days out, get 5 days home. It’s the balance experienced drivers want—strong miles and real time off. Team Drivers: $5,000 Sign-On Bonus/split with an average of 5,000 miles per week! $0.72 - $0.…",CDL-A Company Driver - 1-5mo EXP Required - OTR - Dry Van - $1.5k per week - U.S. Xpress - OTR,47.182133,eyJhbGciOiJIUzI1NiJ9.eyJzIjoiV2dGM0FlUm84UkdqS0pJV0hPZmlLZyIsImkiOiI1NzY0NTIzNTYzIn0.gXIuC-4t6uNo07b2_m0M3lKoJI_4zYQshsUHey2IXUc,5764523563,"['US', 'Washington', 'Pierce County', 'Cedarview']",Adzuna::API::Response::Location,"Cedarview, Pierce County",U.S. Xpress - OTR,Adzuna::API::Response::Company,logistics-warehouse-jobs,Adzuna::API::Response::Category,Logistics & Warehouse Jobs,full_time,
0.0,-117.972317,2026-06-15T13:47:27Z,78000.0,0,Adzuna::API::Response::Job,https://www.adzuna.com/land/ad/5764523559?se=WgF3AeRo8RGjKJIWHOfiKg&utm_medium=api&utm_source=abfa41a4&v=9963A619C2843BCED1F5452F8C047B619546283F,"CDL-A OTR TRUCK DRIVERS: 52 - 56 CPM (based on experience). Solo OTR Drivers: Average 2,000 Miles Per Week $2,000 Sign On Bonus 100% No Touch Freight Consistent, planned schedule Predictable home time you can count on Paid Vacation Performance Bonuses Top 20% of our OTR Drivers earn $1,500 Weekly Run 28 days out, get 5 days home. It’s the balance experienced drivers want—strong miles and real time off. Team Drivers: $5,000 Sign-On Bonus/split with an average of 5,000 miles per week! $0.72 - $0.…",Class A CDL Company Driver - 1-5mo EXP Required - OTR - Dry Van - $1.5k per week - U.S. Xpress - OTR,44.916826,eyJhbGciOiJIUzI1NiJ9.eyJzIjoiV2dGM0FlUm84UkdqS0pJV0hPZmlLZyIsImkiOiI1NzY0NTIzNTU5In0.awvzV4J_VXsGcPlnBrgYuCAdsHeQQGlgeLua9YD8Zlc,5764523559,"['US', 'Oregon', 'Baker County', 'Haines']",Adzuna::API::Response::Location,"Haines, Baker County",U.S. Xpress - OTR,Adzuna::API::Response::Company,logistics-warehouse-jobs,Adzuna::API::Response::Category,Logistics & Warehouse Jobs,full_time,
0.0,-117.190059,2026-06-15T13:47:22Z,78000.0,0,Adzuna::API::Response::Job,https://www.adzuna.com/land/ad/5764523552?se=WgF3AeRo8RGjKJIWHOfiKg&utm_medium=api&utm_source=abfa41a4&v=AF89E233758F6EA04374DDC18AA6B71800A09961,"CDL-A OTR TRUCK DRIVERS: 52 - 56 CPM (based on experience). Solo OTR Drivers: Average 2,000 Miles Per Week $2,000 Sign On Bonus 100% No Touch Freight Consistent, planned schedule Predictable home time you can count on Paid Vacation Performance Bonuses Top 20% of our OTR Drivers earn $1,500 Weekly Run 28 days out, get 5 days home. It’s the balance experienced drivers want—strong miles and real time off. Team Drivers: $5,000 Sign-On Bonus/split with an average of 5,000 miles per week! $0.72 - $0.…",Class A CDL Company Driver - 1-5mo EXP Required - OTR - Dry Van - $1.5k per week - U.S. Xpress - OTR,44.780291,eyJhbGciOiJIUzI1NiJ9.eyJpIjoiNTc2NDUyMzU1MiIsInMiOiJXZ0YzQWVSbzhSR2pLSklXSE9maUtnIn0.-IgB2_6eoeMcAkK5JDC9mEan40qBqq54BY54tTiDAZ0,5764523552,"['US', 'Oregon', 'Baker County', 'Halfway']",Adzuna::API::Response::Location,"Halfway, Baker County",U.S. Xpress - OTR,Adzuna::API::Response::Company,logistics-warehouse-jobs,Adzuna::API::Response::Category,Logistics & Warehouse Jobs,full_time,
0.0,-119.355272,2026-06-15T13:47:21Z,78000.0,0,Adzuna::API::Response::Job,https://www.adzuna.com/land/ad/5764523535?se=WgF3AeRo8RGjKJIWHOfiKg&utm_medium=api&utm_source=abfa41a4&v=1F3704C69602EBDBD6E5A17C6CC8340CC17CA926,"CDL-A OTR TRUCK DRIVERS: 52 - 56 CPM (based on experience). Solo OTR Drivers: Average 2,000 Miles Per Week $2,000 Sign On Bonus 100% No Touch Freight Consistent, planned schedule Predictable home time you can count on Paid Vacation Performance Bonuses Top 20% of our OTR Drivers earn $1,500 Weekly Run 28 days out, get 5 days home. It’s the balance experienced drivers want—strong miles and real time off. Team Drivers: $5,000 Sign-On Bonus/split with an average of 5,000 miles per week! $0.72 - $0.…",Truck Driver Company - 1-5mo EXP Required - OTR - Dry Van - $1.5k per week - U.S. Xpress - OTR,46.287243,eyJhbGciOiJIUzI1NiJ9.eyJzIjoiV2dGM0FlUm84UkdqS0pJV0hPZmlLZyIsImkiOiI1NzY0NTIzNTM1In0.pOaZyykdxSjMdsMWHcpJwyUK6unqLiJ7yxHcxTd9xYo,5764523535,"['US', 'Washington', 'Benton County', 'West Richland']",Adzuna::API::Response::Location,"West Richland, Benton County",U.S. Xpress - OTR,Adzuna::API::Response::Company,logistics-warehouse-jobs,Adzuna::API::Response::Category,Logistics & Warehouse Jobs,full_time,
0.0,-124.114308,2026-06-15T13:47:21Z,78000.0,0,Adzuna::API::Response::Job,https://www.adzuna.com/land/ad/5764523517?se=WgF3AeRo8RGjKJIWHOfiKg&utm_medium=api&utm_source=abfa41a4&v=28974EB6A81F5A09A81167FC59D99CDDDA907708,"CDL-A OTR TRUCK DRIVERS: 52 - 56 CPM (based on experience). Solo OTR Drivers: Average 2,000 Miles Per Week $2,000 Sign On Bonus 100% No Touch Freight Consistent, planned schedule Predictable home time you can count on Paid Vacation Performance Bonuses Top 20% of our OTR Drivers earn $1,500 Weekly Run 28 days out, get 5 days home. It’s the balance experienced drivers want—strong miles and real time off. Team Drivers: $5,000 Sign-On Bonus/split with an average of 5,000 miles per week! $0.72 - $0.…",Class A CDL Company Driver - 1-5mo EXP Required - OTR - Dry Van - $1.5k per week - U.S. Xpress - OTR,43.064045,eyJhbGciOiJIUzI1NiJ9.eyJzIjoiV2dGM0FlUm84UkdqS0pJV0hPZmlLZyIsImkiOiI1NzY0NTIzNTE3In0.Fci79rtddDKow7_C4HaKq5Q-MYTHUPsB0W9wNI6SROc,5764523517,"['US', 'Oregon', 'Coos County', 'Myrtle Point']",Adzuna::API::Response::Location,"Myrtle Point, Coos County",U.S. Xpress - OTR,Adzuna::API::Response::Company,logistics-warehouse-jobs,Adzuna::API::Response::Category,Logistics & Warehouse Jobs,full_time,
0.0,-118.328198,2026-06-15T13:47:21Z,78000.0,0,Adzuna::API::Response::Job,https://www.adzuna.com/land/ad/5764523533?se=WgF3AeRo8RGjKJIWHOfiKg&utm_medium=api&utm_source=abfa41a4&v=B07FF50356C814D6D89C937F1706A90AF7EFD193,"CDL-A OTR TRUCK DRIVERS: 52 - 56 CPM (based on experience). Solo OTR Drivers: Average 2,000 Miles Per Week $2,000 Sign On Bonus 100% No Touch Freight Consistent, planned schedule Predictable home time you can count on Paid Vacation Performance Bonuses Top 20% of our OTR Drivers earn $1,500 Weekly Run 28 days out, get 5 days home. It’s the balance experienced drivers want—strong miles and real time off. Team Drivers: $5,000 Sign-On Bonus/split with an average of 5,000 miles per week! $0.72 - $0.…",Truck Driver Company - 1-5mo EXP Required - OTR - Dry Van - $1.5k per week - U.S. Xpress - OTR,46.061814,eyJhbGciOiJIUzI1NiJ9.eyJzIjoiV2dGM0FlUm84UkdqS0pJV0hPZmlLZyIsImkiOiI1NzY0NTIzNTMzIn0.VarlJGzEK1Aki4ZIKYuHfzraMyyR3bgMbOPePqjxjfs,5764523533,"['US', 'Washington', 'Walla Walla County', 'Walla Walla']",Adzuna::API::Response::Location,"Walla Walla, Walla Walla County",U.S. Xpress - OTR,Adzuna::API::Response::Company,logistics-warehouse-jobs,Adzuna::API::Response::Category,Logistics & Warehouse Jobs,full_time,
0.0,-123.426531,2026-06-15T13:47:21Z,78000.0,0,Adzuna::API::Response::Job,https://www.adzuna.com/land/ad/5764523516?se=WgF3AeRo8RGjKJIWHOfiKg&utm_medium=api&utm_source=abfa41a4&v=409CFCA8F85E0DC98E2F07C2F198D2529DC9A9FA,"CDL-A OTR TRUCK DRIVERS: 52 - 56 CPM (based on experience). Solo OTR Drivers: Average 2,000 Miles Per Week $2,000 Sign On Bonus 100% No Touch Freight Consistent, planned schedule Predictable home time you can count on Paid Vacation Performance Bonuses Top 20% of our OTR Drivers earn $1,500 Weekly Run 28 days out, get 5 days home. It’s the balance experienced drivers want—strong miles and real time off. Team Drivers: $5,000 Sign-On Bonus/split with an average of 5,000 miles per week! $0.72 - $0.…",CDL-A Company Driver - 1-5mo EXP Required - OTR - Dry Van - $1.5k per week - U.S. Xpress - OTR,43.108582,eyJhbGciOiJIUzI1NiJ9.eyJzIjoiV2dGM0FlUm84UkdqS0pJV0hPZmlLZyIsImkiOiI1NzY0NTIzNTE2In0.yS70bIWYVi98PSFFNofGSUt70LcHxsAXFrM3U0MO8Jo,5764523516,"['US', 'Oregon', 'Douglas County', 'Dillard']",Adzuna::API::Response::Location,"Dillard, Douglas County",U.S. Xpress - OTR,Adzuna::API::Response::Company,logistics-warehouse-jobs,Adzuna::API::Response::Category,Logistics & Warehouse Jobs,full_time,
0.0,-119.355272,2026-06-15T13:47:21Z,78000.0,0,Adzuna::API::Response::Job,https://www.adzuna.com/land/ad/5764523537?se=WgF3AeRo8RGjKJIWHOfiKg&utm_medium=api&utm_source=abfa41a4&v=D28234C0030FCE58A5FA6B3C20C375A10FAC3777,"CDL-A OTR TRUCK DRIVERS: 52 - 56 CPM (based on experience). Solo OTR Drivers: Average 2,000 Miles Per Week $2,000 Sign On Bonus 100% No Touch Freight Consistent, planned schedule Predictable home time you can count on Paid Vacation Performance Bonuses Top 20% of our OTR Drivers earn $1,500 Weekly Run 28 days out, get 5 days home. It’s the balance experienced drivers want—strong miles and real time off. Team Drivers: $5,000 Sign-On Bonus/split with an average of 5,000 miles per week! $0.72 - $0.…",Class A CDL Company Driver - 1-5mo EXP Required - OTR - Dry Van - $1.5k per week - U.S. Xpress - OTR,46.287243,eyJhbGciOiJIUzI1NiJ9.eyJpIjoiNTc2NDUyMzUzNyIsInMiOiJXZ0YzQWVSbzhSR2pLSklXSE9maUtnIn0.D49UO41Nh2oRt3IBpejFJQFPqLU7YpkmNGmfYZTs-sQ,5764523537,"['US', 'Washington', 'Benton County', 'West Richland']",Adzuna::API::Response::Location,"West Richland, Benton County",U.S. Xpress - OTR,Adzuna::API::Response::Company,logistics-warehouse-jobs,Adzuna::API::Response::Category,Logistics & Warehouse Jobs,full_time,
0.0,-117.190059,2026-06-15T13:47:21Z,78000.0,0,Adzuna::API::Response::Job,https://www.adzuna.com/land/ad/5764523547?se=WgF3AeRo8RGjKJIWHOfiKg&utm_medium=api&utm_source=abfa41a4&v=1C4E4DF5415570090B83AA9927E8B86BD102C8F6,"CDL-A OTR TRUCK DRIVERS: 52 - 56 CPM (based on experience). Solo OTR Drivers: Average 2,000 Miles Per Week $2,000 Sign On Bonus 100% No Touch Freight Consistent, planned schedule Predictable home time you can count on Paid Vacation Performance Bonuses Top 20% of our OTR Drivers earn $1,500 Weekly Run 28 days out, get 5 days home. It’s the balance experienced drivers want—strong miles and real time off. Team Drivers: $5,000 Sign-On Bonus/split with an average of 5,000 miles per week! $0.72 - $0.…",CDL-A Company Driver - 1-5mo EXP Required - OTR - Dry Van - $1.5k per week - U.S. Xpress - OTR,44.780291,eyJhbGciOiJIUzI1NiJ9.eyJpIjoiNTc2NDUyMzU0NyIsInMiOiJXZ0YzQWVSbzhSR2pLSklXSE9maUtnIn0.VKPgNXGOQy7Fn7dy00FgWQAfd1RzoZONyCf8nR28oRE,5764523547,"['US', 'Oregon', 'Baker County', 'Halfway']",Adzuna::API::Response::Location,"Halfway, Baker County",U.S. Xpress - OTR,Adzuna::API::Response::Company,logistics-warehouse-jobs,Adzuna::API::Response::Category,Logistics & Warehouse Jobs,full_time,
0.0,-124.235031,2026-06-15T13:47:21Z,78000.0,0,Adzuna::API::Response::Job,https://www.adzuna.com/land/ad/5764523496?se=WgF3AeRo8RGjKJIWHOfiKg&utm_medium=api&utm_source=abfa41a4&v=69548FA23381A4EAE0F289F84E99EC4EBC573513,"CDL-A OTR TRUCK DRIVERS: 52 - 56 CPM (based on experience). Solo OTR Drivers: Average 2,000 Miles Per Week $2,000 Sign On Bonus 100% No Touch Freight Consistent, planned schedule Predictable home time you can count on Paid Vacation Performance Bonuses Top 20% of our OTR Drivers earn $1,500 Weekly Run 28 days out, get 5 days home. It’s the balance experienced drivers want—strong miles and real time off. Team Drivers: $5,000 Sign-On Bonus/split with an average of 5,000 miles per week! $0.72 - $0.…",Class A CDL Company Driver - 1-5mo EXP Required - OTR - Dry Van - $1.5k per week - U.S. Xpress - OTR,43.362317,eyJhbGciOiJIUzI1NiJ9.eyJpIjoiNTc2NDUyMzQ5NiIsInMiOiJXZ0YzQWVSbzhSR2pLSklXSE9maUtnIn0._1JOig8ptLmZPo8V9FLwUkZOmNt_QOZXwpKrkFbsZcg,5764523496,"['US', 'Oregon', 'Coos County', 'Coos Bay']",Adzuna::API::Response::Location,"Coos Bay, Coos County",U.S. Xpress - OTR,Adzuna::API::Response::Company,logistics-warehouse-jobs,Adzuna::API::Response::Category,Logistics & Warehouse Jobs,full_time,
0.0,-117.813974,2026-06-15T13:47:21Z,78000.0,0,Adzuna::API::Response::Job,https://www.adzuna.com/land/ad/5764523548?se=WgF3AeRo8RGjKJIWHOfiKg&utm_medium=api&utm_source=abfa41a4&v=8807479534FDEC8EEA759106B5DB2E789EA9E339,"CDL-A OTR TRUCK DRIVERS: 52 - 56 CPM (based on experience). Solo OTR Drivers: Average 2,000 Miles Per Week $2,000 Sign On Bonus 100% No Touch Freight Consistent, planned schedule Predictable home time you can count on Paid Vacation Performance Bonuses Top 20% of our OTR Drivers earn $1,500 Weekly Run 28 days out, get 5 days home. It’s the balance experienced drivers want—strong miles and real time off. Team Drivers: $5,000 Sign-On Bonus/split with an average of 5,000 miles per week! $0.72 - $0.…",Class A CDL Company Driver - 1-5mo EXP Required - OTR - Dry Van - $1.5k per week - U.S. Xpress - OTR,45.313049,eyJhbGciOiJIUzI1NiJ9.eyJzIjoiV2dGM0FlUm84UkdqS0pJV0hPZmlLZyIsImkiOiI1NzY0NTIzNTQ4In0.3oSFo9QQRw1_D7HLXgu2-jiGgD6uQOeWPY3aa40phpI,5764523548,"['US', 'Oregon', 'Union County', 'Cove']",Adzuna::API::Response::Location,"Cove, Union County",U.S. Xpress - OTR,Adzuna::API::Response::Company,logistics-warehouse-jobs,Adzuna::API::Response::Category,Logistics & Warehouse Jobs,full_time,
0.0,-119.175348,2026-06-15T13:47:21Z,78000.0,0,Adzuna::API::Response::Job,https://www.adzuna.com/land/ad/5764523515?se=WgF3AeRo8RGjKJIWHOfiKg&utm_medium=api&utm_source=abfa41a4&v=B76BC7FA0B2B8621EBFCA67F2DA78AAA09B77A44,"CDL-A OTR TRUCK DRIVERS: 52 - 56 CPM (based on experience). Solo OTR Drivers: Average 2,000 Miles Per Week $2,000 Sign On Bonus 100% No Touch Freight Consistent, planned schedule Predictable home time you can count on Paid Vacation Performance Bonuses Top 20% of our OTR Drivers earn $1,500 Weekly Run 28 days out, get 5 days home. It’s the balance experienced drivers want—strong miles and real time off. Team Drivers: $5,000 Sign-On Bonus/split with an average of 5,000 miles per week! $0.72 - $0.…",CDL-A Company Driver - 1-5mo EXP Required - OTR - Dry Van - $1.5k per week - U.S. Xpress - OTR,46.210276,eyJhbGciOiJIUzI1NiJ9.eyJpIjoiNTc2NDUyMzUxNSIsInMiOiJXZ0YzQWVSbzhSR2pLSklXSE9maUtnIn0.Bf4U2-cEljRpudXBLHDoy-A6ulNiI0Eljnyn9hFzSeI,5764523515,"['US', 'Washington', 'Benton County', 'Kennewick']",Adzuna::API::Response::Location,"Kennewick, Benton County",U.S. Xpress - OTR,Adzuna::API::Response::Company,logistics-warehouse-jobs,Adzuna::API::Response::Category,Logistics & Warehouse Jobs,full_time,
0.0,-117.813974,2026-06-15T13:47:21Z,78000.0,0,Adzuna::API::Response::Job,https://www.adzuna.com/land/ad/5764523546?se=WgF3AeRo8RGjKJIWHOfiKg&utm_medium=api&utm_source=abfa41a4&v=6EA4E1B9C4C1E0C0416A16BD2004B55DDF219FB1,"CDL-A OTR TRUCK DRIVERS: 52 - 56 CPM (based on experience). Solo OTR Drivers: Average 2,000 Miles Per Week $2,000 Sign On Bonus 100% No Touch Freight Consistent, planned schedule Predictable home time you can count on Paid Vacation Performance Bonuses Top 20% of our OTR Drivers earn $1,500 Weekly Run 28 days out, get 5 days home. It’s the balance experienced drivers want—strong miles and real time off. Team Drivers: $5,000 Sign-On Bonus/split with an average of 5,000 miles per week! $0.72 - $0.…",Truck Driver Company - 1-5mo EXP Required - OTR - Dry Van - $1.5k per week - U.S. Xpress - OTR,45.313049,eyJhbGciOiJIUzI1NiJ9.eyJzIjoiV2dGM0FlUm84UkdqS0pJV0hPZmlLZyIsImkiOiI1NzY0NTIzNTQ2In0.ZXW42UhJ-iEbmjgBCFLCFAle3yaHORY1SNjFacJGn1M,5764523546,"['US', 'Oregon', 'Union County', 'Cove']",Adzuna::API::Response::Location,"Cove, Union County",U.S. Xpress - OTR,Adzuna::API::Response::Company,logistics-warehouse-jobs,Adzuna::API::Response::Category,Logistics & Warehouse Jobs,full_time,
0.0,-124.114308,2026-06-15T13:47:21Z,78000.0,0,Adzuna::API::Response::Job,https://www.adzuna.com/land/ad/5764523528?se=WgF3AeRo8RGjKJIWHOfiKg&utm_medium=api&utm_source=abfa41a4&v=0160DE2F6FBA0330DE9412795D30FACA16D010CD,"CDL-A OTR TRUCK DRIVERS: 52 - 56 CPM (based on experience). Solo OTR Drivers: Average 2,000 Miles Per Week $2,000 Sign On Bonus 100% No Touch Freight Consistent, planned schedule Predictable home time you can count on Paid Vacation Performance Bonuses Top 20% of our OTR Drivers earn $1,500 Weekly Run 28 days out, get 5 days home. It’s the balance experienced drivers want—strong miles and real time off. Team Drivers: $5,000 Sign-On Bonus/split with an average of 5,000 miles per week! $0.72 - $0.…",CDL-A Company Driver - 1-5mo EXP Required - OTR - Dry Van - $1.5k per week - U.S. Xpress - OTR,43.064045,eyJhbGciOiJIUzI1NiJ9.eyJzIjoiV2dGM0FlUm84UkdqS0pJV0hPZmlLZyIsImkiOiI1NzY0NTIzNTI4In0.BelUVlwYc3Yg2mPLH1GS1MAAkr4JbVB5SP35drmDoPk,5764523528,"['US', 'Oregon', 'Coos County', 'Myrtle Point']",Adzuna::API::Response::Location,"Myrtle Point, Coos County",U.S. Xpress - OTR,Adzuna::API::Response::Company,logistics-warehouse-jobs,Adzuna::API::Response::Category,Logistics & Warehouse Jobs,full_time,
0.0,-118.39736,2026-06-15T13:47:21Z,78000.0,0,Adzuna::API::Response::Job,https://www.adzuna.com/land/ad/5764523539?se=WgF3AeRo8RGjKJIWHOfiKg&utm_medium=api&utm_source=abfa41a4&v=D103C692D75E3ADD6141C3CB5CCDE00B113D2018,"CDL-A OTR TRUCK DRIVERS: 52 - 56 CPM (based on experience). Solo OTR Drivers: Average 2,000 Miles Per Week $2,000 Sign On Bonus 100% No Touch Freight Consistent, planned schedule Predictable home time you can count on Paid Vacation Performance Bonuses Top 20% of our OTR Drivers earn $1,500 Weekly Run 28 days out, get 5 days home. It’s the balance experienced drivers want—strong miles and real time off. Team Drivers: $5,000 Sign-On Bonus/split with an average of 5,000 miles per week! $0.72 - $0.…",Class A CDL Company Driver - 1-5mo EXP Required - OTR - Dry Van - $1.5k per week - U.S. Xpress - OTR,45.947897,eyJhbGciOiJIUzI1NiJ9.eyJzIjoiV2dGM0FlUm84UkdqS0pJV0hPZmlLZyIsImkiOiI1NzY0NTIzNTM5In0.208kUY7VdJvK1af8mQdkyHETVy_q30WvZHliNOoxvu4,5764523539,"['US', 'Oregon', 'Umatilla County', 'Milton Freewater']",Adzuna::API::Response::Location,"Milton Freewater, Umatilla County",U.S. Xpress - OTR,Adzuna::API::Response::Company,logistics-warehouse-jobs,Adzuna::API::Response::Category,Logistics & Warehouse Jobs,full_time,
0.0,-124.223243,2026-06-15T13:47:21Z,78000.0,0,Adzuna::API::Response::Job,https://www.adzuna.com/land/ad/5764523494?se=WgF3AeRo8RGjKJIWHOfiKg&utm_medium=api&utm_source=abfa41a4&v=9BA25F47ADF68E0762C991F2C0CA060A92B580A9,"CDL-A OTR TRUCK DRIVERS: 52 - 56 CPM (based on experience). Solo OTR Drivers: Average 2,000 Miles Per Week $2,000 Sign On Bonus 100% No Touch Freight Consistent, planned schedule Predictable home time you can count on Paid Vacation Performance Bonuses Top 20% of our OTR Drivers earn $1,500 Weekly Run 28 days out, get 5 days home. It’s the balance experienced drivers want—strong miles and real time off. Team Drivers: $5,000 Sign-On Bonus/split with an average of 5,000 miles per week! $0.72 - $0.…",CDL-A Company Driver - 1-5mo EXP Required - OTR - Dry Van - $1.5k per week - U.S. Xpress - OTR,43.426947,eyJhbGciOiJIUzI1NiJ9.eyJzIjoiV2dGM0FlUm84UkdqS0pJV0hPZmlLZyIsImkiOiI1NzY0NTIzNDk0In0.BMxxz9baSamtTBhz5SG5LiH9pzh-gO699MIDm5puM9c,5764523494,"['US', 'Oregon', 'Coos County', 'North Bend']",Adzuna::API::Response::Location,"North Bend, Coos County",U.S. Xpress - OTR,Adzuna::API::Response::Company,logistics-warehouse-jobs,Adzuna::API::Response::Category,Logistics & Warehouse Jobs,full_time,
0.0,-123.290539,2026-06-15T13:47:21Z,78000.0,0,Adzuna::API::Response::Job,https://www.adzuna.com/land/ad/5764523498?se=WgF3AeRo8RGjKJIWHOfiKg&utm_medium=api&utm_source=abfa41a4&v=45137F9814E3D8CA5ADFEE1C540CC6AA83123658,"CDL-A OTR TRUCK DRIVERS: 52 - 56 CPM (based on experience). Solo OTR Drivers: Average 2,000 Miles Per Week $2,000 Sign On Bonus 100% No Touch Freight Consistent, planned schedule Predictable home time you can count on Paid Vacation Performance Bonuses Top 20% of our OTR Drivers earn $1,500 Weekly Run 28 days out, get 5 days home. It’s the balance experienced drivers want—strong miles and real time off. Team Drivers: $5,000 Sign-On Bonus/split with an average of 5,000 miles per week! $0.72 - $0.…",Class A CDL Company Driver - 1-5mo EXP Required - OTR - Dry Van - $1.5k per week - U.S. Xpress - OTR,43.016529,eyJhbGciOiJIUzI1NiJ9.eyJzIjoiV2dGM0FlUm84UkdqS0pJV0hPZmlLZyIsImkiOiI1NzY0NTIzNDk4In0.mtVbcK1HZlziveE1EcBWzf5UskXC-XLycWnwYo2Mj8w,5764523498,"['US', 'Oregon', 'Douglas County', 'Myrtle Creek']",Adzuna::API::Response::Location,"Myrtle Creek, Douglas County",U.S. Xpress - OTR,Adzuna::API::Response::Company,logistics-warehouse-jobs,Adzuna::API::Response::Category,Logistics & Warehouse Jobs,full_time,
0.0,-117.972317,2026-06-15T13:47:21Z,78000.0,0,Adzuna::API::Response::Job,https://www.adzuna.com/land/ad/5764523550?se=WgF3AeRo8RGjKJIWHOfiKg&utm_medium=api&utm_source=abfa41a4&v=E885B2867F05AB95850500CF19A54CF783142730,"CDL-A OTR TRUCK DRIVERS: 52 - 56 CPM (based on experience). Solo OTR Drivers: Average 2,000 Miles Per Week $2,000 Sign On Bonus 100% No Touch Freight Consistent, planned schedule Predictable home time you can count on Paid Vacation Performance Bonuses Top 20% of our OTR Drivers earn $1,500 Weekly Run 28 days out, get 5 days home. It’s the balance experienced drivers want—strong miles and real time off. Team Drivers: $5,000 Sign-On Bonus/split with an average of 5,000 miles per week! $0.72 - $0.…",CDL-A Company Driver - 1-5mo EXP Required - OTR - Dry Van - $1.5k per week - U.S. Xpress - OTR,44.916826,eyJhbGciOiJIUzI1NiJ9.eyJzIjoiV2dGM0FlUm84UkdqS0pJV0hPZmlLZyIsImkiOiI1NzY0NTIzNTUwIn0.g5Ula1yDuf4DH-n2bWWnEyjmRIc6olJhghIE1Xhyrak,5764523550,"['US', 'Oregon', 'Baker County', 'Haines']",Adzuna::API::Response::Location,"Haines, Baker County",U.S. Xpress - OTR,Adzuna::API::Response::Company,logistics-warehouse-jobs,Adzuna::API::Response::Category,Logistics & Warehouse Jobs,full_time,
0.0,-119.768707,2026-06-15T13:47:21Z,78000.0,0,Adzuna::API::Response::Job,https://www.adzuna.com/land/ad/5764523534?se=WgF3AeRo8RGjKJIWHOfiKg&utm_medium=api&utm_source=abfa41a4&v=1D6361BE9A282E50A9895F83CE76D88298C112A9,"CDL-A OTR TRUCK DRIVERS: 52 - 56 CPM (based on experience). Solo OTR Drivers: Average 2,000 Miles Per Week $2,000 Sign On Bonus 100% No Touch Freight Consistent, planned schedule Predictable home time you can count on Paid Vacation Performance Bonuses Top 20% of our OTR Drivers earn $1,500 Weekly Run 28 days out, get 5 days home. It’s the balance experienced drivers want—strong miles and real time off. Team Drivers: $5,000 Sign-On Bonus/split with an average of 5,000 miles per week! $0.72 - $0.…",CDL-A Company Driver - 1-5mo EXP Required - OTR - Dry Van - $1.5k per week - U.S. Xpress - OTR,46.202666,eyJhbGciOiJIUzI1NiJ9.eyJzIjoiV2dGM0FlUm84UkdqS0pJV0hPZmlLZyIsImkiOiI1NzY0NTIzNTM0In0.fBJGJPcfMzIveldoMwBTZU4BPf5R7ARQ8oe6v6BfUn4,5764523534,"['US', 'Washington', 'Benton County', 'Prosser']",Adzuna::API::Response::Location,"Prosser, Benton County",U.S. Xpress - OTR,Adzuna::API::Response::Company,logistics-warehouse-jobs,Adzuna::API::Response::Category,Logistics & Warehouse Jobs,full_time,
0.0,-124.399639,2026-06-15T13:47:21Z,78000.0,0,Adzuna::API::Response::Job,https://www.adzuna.com/land/ad/5764523506?se=WHRkAuRo8RGdcKmg89akZw&utm_medium=api&utm_source=abfa41a4&v=F599592832E6EB97D028442F06E653F62C3F7709,"CDL-A OTR TRUCK DRIVERS: 52 - 56 CPM (based on experience). Solo OTR Drivers: Average 2,000 Miles Per Week $2,000 Sign On Bonus 100% No Touch Freight Consistent, planned schedule Predictable home time you can count on Paid Vacation Performance Bonuses Top 20% of our OTR Drivers earn $1,500 Weekly Run 28 days out, get 5 days home. It’s the balance experienced drivers want—strong miles and real time off. Team Drivers: $5,000 Sign-On Bonus/split with an average of 5,000 miles per week! $0.72 - $0.…",CDL-A Company Driver - 1-5mo EXP Required - OTR - Dry Van - $1.5k per week - U.S. Xpress - OTR,43.10865,eyJhbGciOiJIUzI1NiJ9.eyJpIjoiNTc2NDUyMzUwNiIsInMiOiJXSFJrQXVSbzhSR2RjS21nODlha1p3In0.9dRBmHy3OLfqQJ2uExupvz4THFsgIISkP1HW-HA6EYo,5764523506,"['US', 'Oregon', 'Coos County', 'Bandon']",Adzuna::API::Response::Location,"Bandon, Coos County",U.S. Xpress - OTR,Adzuna::API::Response::Company,logistics-warehouse-jobs,Adzuna::API::Response::Category,Logistics & Warehouse Jobs,full_time,
0.0,-123.290539,2026-06-15T13:47:21Z,78000.0,0,Adzuna::API::Response::Job,https://www.adzuna.com/land/ad/5764523508?se=WHRkAuRo8RGdcKmg89akZw&utm_medium=api&utm_source=abfa41a4&v=964DC7197AD42F5C39FC4407CE0A5BD849CE1FDF,"CDL-A OTR TRUCK DRIVERS: 52 - 56 CPM (based on experience). Solo OTR Drivers: Average 2,000 Miles Per Week $2,000 Sign On Bonus 100% No Touch Freight Consistent, planned schedule Predictable home time you can count on Paid Vacation Performance Bonuses Top 20% of our OTR Drivers earn $1,500 Weekly Run 28 days out, get 5 days home. It’s the balance experienced drivers want—strong miles and real time off. Team Drivers: $5,000 Sign-On Bonus/split with an average of 5,000 miles per week! $0.72 - $0.…",CDL-A Company Driver - 1-5mo EXP Required - OTR - Dry Van - $1.5k per week - U.S. Xpress - OTR,43.016529,eyJhbGciOiJIUzI1NiJ9.eyJpIjoiNTc2NDUyMzUwOCIsInMiOiJXSFJrQXVSbzhSR2RjS21nODlha1p3In0.w1Hx14T7odzIMnxUOkDDwj2NsTn0rQ-gPGxK--Fb9VQ,5764523508,"['US', 'Oregon', 'Douglas County', 'Myrtle Creek']",Adzuna::API::Response::Location,"Myrtle Creek, Douglas County",U.S. Xpress - OTR,Adzuna::API::Response::Company,logistics-warehouse-jobs,Adzuna::API::Response::Category,Logistics & Warehouse Jobs,full_time,
0.0,-117.84306,2026-06-15T13:47:21Z,78000.0,0,Adzuna::API::Response::Job,https://www.adzuna.com/land/ad/5764523542?se=WHRkAuRo8RGdcKmg89akZw&utm_medium=api&utm_source=abfa41a4&v=5237B0C547C6FA77234C848572F7FFB4BBDB3938,"CDL-A OTR TRUCK DRIVERS: 52 - 56 CPM (based on experience). Solo OTR Drivers: Average 2,000 Miles Per Week $2,000 Sign On Bonus 100% No Touch Freight Consistent, planned schedule Predictable home time you can count on Paid Vacation Performance Bonuses Top 20% of our OTR Drivers earn $1,500 Weekly Run 28 days out, get 5 days home. It’s the balance experienced drivers want—strong miles and real time off. Team Drivers: $5,000 Sign-On Bonus/split with an average of 5,000 miles per week! $0.72 - $0.…",Class A CDL Company Driver - 1-5mo EXP Required - OTR - Dry Van - $1.5k per week - U.S. Xpress - OTR,44.77776,eyJhbGciOiJIUzI1NiJ9.eyJzIjoiV0hSa0F1Um84UkdkY0ttZzg5YWtadyIsImkiOiI1NzY0NTIzNTQyIn0.r0QVk2RFELPm_XAFza2oB0XUvI-Azij6ecIbL_iYEMk,5764523542,"['US', 'Oregon', 'Baker County', 'Baker City']",Adzuna::API::Response::Location,"Baker City, Baker County",U.S. Xpress - OTR,Adzuna::API::Response::Company,logistics-warehouse-jobs,Adzuna::API::Response::Category,Logistics & Warehouse Jobs,full_time,
0.0,-118.328198,2026-06-15T13:47:21Z,78000.0,0,Adzuna::API::Response::Job,https://www.adzuna.com/land/ad/5764523518?se=WHRkAuRo8RGdcKmg89akZw&utm_medium=api&utm_source=abfa41a4&v=1BD04B2BEE8A299C4AECE4F8AF0169AEA78858BD,"CDL-A OTR TRUCK DRIVERS: 52 - 56 CPM (based on experience). Solo OTR Drivers: Average 2,000 Miles Per Week $2,000 Sign On Bonus 100% No Touch Freight Consistent, planned schedule Predictable home time you can count on Paid Vacation Performance Bonuses Top 20% of our OTR Drivers earn $1,500 Weekly Run 28 days out, get 5 days home. It’s the balance experienced drivers want—strong miles and real time off. Team Drivers: $5,000 Sign-On Bonus/split with an average of 5,000 miles per week! $0.72 - $0.…",CDL-A Company Driver - 1-5mo EXP Required - OTR - Dry Van - $1.5k per week - U.S. Xpress - OTR,46.061814,eyJhbGciOiJIUzI1NiJ9.eyJpIjoiNTc2NDUyMzUxOCIsInMiOiJXSFJrQXVSbzhSR2RjS21nODlha1p3In0.OrY93mAsAsX0Q8N95vTLei9_EVTIjgB9MUZInVS0r28,5764523518,"['US', 'Washington', 'Walla Walla County', 'Walla Walla']",Adzuna::API::Response::Location,"Walla Walla, Walla Walla County",U.S. Xpress - OTR,Adzuna::API::Response::Company,logistics-warehouse-jobs,Adzuna::API::Response::Category,Logistics & Warehouse Jobs,full_time,
0.0,-124.103877,2026-06-15T13:47:21Z,78000.0,0,Adzuna::API::Response::Job,https://www.adzuna.com/land/ad/5764523511?se=WHRkAuRo8RGdcKmg89akZw&utm_medium=api&utm_source=abfa41a4&v=883A4F1D002E53802A016C67725901EBA96E8520,"CDL-A OTR TRUCK DRIVERS: 52 - 56 CPM (based on experience). Solo OTR Drivers: Average 2,000 Miles Per Week $2,000 Sign On Bonus 100% No Touch Freight Consistent, planned schedule Predictable home time you can count on Paid Vacation Performance Bonuses Top 20% of our OTR Drivers earn $1,500 Weekly Run 28 days out, get 5 days home. It’s the balance experienced drivers want—strong miles and real time off. Team Drivers: $5,000 Sign-On Bonus/split with an average of 5,000 miles per week! $0.72 - $0.…",CDL-A Company Driver - 1-5mo EXP Required - OTR - Dry Van - $1.5k per week - U.S. Xpress - OTR,43.695949,eyJhbGciOiJIUzI1NiJ9.eyJzIjoiV0hSa0F1Um84UkdkY0ttZzg5YWtadyIsImkiOiI1NzY0NTIzNTExIn0.khYXrqLFxOG63uANed0gNWTWaDayn7Nd9hHG1vWdwjY,5764523511,"['US', 'Oregon', 'Douglas County', 'Reedsport']",Adzuna::API::Response::Location,"Reedsport, Douglas County",U.S. Xpress - OTR,Adzuna::API::Response::Company,logistics-warehouse-jobs,Adzuna::API::Response::Category,Logistics & Warehouse Jobs,full_time,
0.0,-124.2084,2026-06-15T13:47:21Z,78000.0,0,Adzuna::API::Response::Job,https://www.adzuna.com/land/ad/5764523504?se=WHRkAuRo8RGdcKmg89akZw&utm_medium=api&utm_source=abfa41a4&v=3002CC4D8B495FA5F1BA5E53A96B0EDCB528E594,"CDL-A OTR TRUCK DRIVERS: 52 - 56 CPM (based on experience). Solo OTR Drivers: Average 2,000 Miles Per Week $2,000 Sign On Bonus 100% No Touch Freight Consistent, planned schedule Predictable home time you can count on Paid Vacation Performance Bonuses Top 20% of our OTR Drivers earn $1,500 Weekly Run 28 days out, get 5 days home. It’s the balance experienced drivers want—strong miles and real time off. Team Drivers: $5,000 Sign-On Bonus/split with an average of 5,000 miles per week! $0.72 - $0.…",CDL-A Company Driver - 1-5mo EXP Required - OTR - Dry Van - $1.5k per week - U.S. Xpress - OTR,43.18374,eyJhbGciOiJIUzI1NiJ9.eyJpIjoiNTc2NDUyMzUwNCIsInMiOiJXSFJrQXVSbzhSR2RjS21nODlha1p3In0.Os3qQ4euV0DVCtBh9xUiP1AxuHDZbyK6usskBWfQXUs,5764523504,"['US', 'Oregon', 'Coos County', 'Coquille']",Adzuna::API::Response::Location,"Coquille, Coos County",U.S. Xpress - OTR,Adzuna::API::Response::Company,logistics-warehouse-jobs,Adzuna::API::Response::Category,Logistics & Warehouse Jobs,full_time,
0.0,-124.223243,2026-06-15T13:47:21Z,78000.0,0,Adzuna::API::Response::Job,https://www.adzuna.com/land/ad/5764523493?se=WHRkAuRo8RGdcKmg89akZw&utm_medium=api&utm_source=abfa41a4&v=638D0E181B32FDD4E3746B1720EBB7F011BAFD8B,"CDL-A OTR TRUCK DRIVERS: 52 - 56 CPM (based on experience). Solo OTR Drivers: Average 2,000 Miles Per Week $2,000 Sign On Bonus 100% No Touch Freight Consistent, planned schedule Predictable home time you can count on Paid Vacation Performance Bonuses Top 20% of our OTR Drivers earn $1,500 Weekly Run 28 days out, get 5 days home. It’s the balance experienced drivers want—strong miles and real time off. Team Drivers: $5,000 Sign-On Bonus/split with an average of 5,000 miles per week! $0.72 - $0.…",Class A CDL Company Driver - 1-5mo EXP Required - OTR - Dry Van - $1.5k per week - U.S. Xpress - OTR,43.426947,eyJhbGciOiJIUzI1NiJ9.eyJzIjoiV0hSa0F1Um84UkdkY0ttZzg5YWtadyIsImkiOiI1NzY0NTIzNDkzIn0.JSww5y-Av7jUc2zcrAi2BuKbsrUsiYvhhLrvBP63XSU,5764523493,"['US', 'Oregon', 'Coos County', 'North Bend']",Adzuna::API::Response::Location,"North Bend, Coos County",U.S. Xpress - OTR,Adzuna::API::Response::Company,logistics-warehouse-jobs,Adzuna::API::Response::Category,Logistics & Warehouse Jobs,full_time,
0.0,-118.39736,2026-06-15T13:47:21Z,78000.0,0,Adzuna::API::Response::Job,https://www.adzuna.com/land/ad/5764523551?se=WHRkAuRo8RGdcKmg89akZw&utm_medium=api&utm_source=abfa41a4&v=4274250CEDD070F87A1858C51103B994A6EEA85B,"CDL-A OTR TRUCK DRIVERS: 52 - 56 CPM (based on experience). Solo OTR Drivers: Average 2,000 Miles Per Week $2,000 Sign On Bonus 100% No Touch Freight Consistent, planned schedule Predictable home time you can count on Paid Vacation Performance Bonuses Top 20% of our OTR Drivers earn $1,500 Weekly Run 28 days out, get 5 days home. It’s the balance experienced drivers want—strong miles and real time off. Team Drivers: $5,000 Sign-On Bonus/split with an average of 5,000 miles per week! $0.72 - $0.…",CDL-A Company Driver - 1-5mo EXP Required - OTR - Dry Van - $1.5k per week - U.S. Xpress - OTR,45.947897,eyJhbGciOiJIUzI1NiJ9.eyJpIjoiNTc2NDUyMzU1MSIsInMiOiJXSFJrQXVSbzhSR2RjS21nODlha1p3In0.-y_3i6-0DsRiq-SqFah24Cf7vYVvgIsttto7TF4popc,5764523551,"['US', 'Oregon', 'Umatilla County', 'Milton Freewater']",Adzuna::API::Response::Location,"Milton Freewater, Umatilla County",U.S. Xpress - OTR,Adzuna::API::Response::Company,logistics-warehouse-jobs,Adzuna::API::Response::Category,Logistics & Warehouse Jobs,full_time,
0.0,-119.284013,2026-06-15T13:47:21Z,78000.0,0,Adzuna::API::Response::Job,https://www.adzuna.com/land/ad/5764523526?se=WHRkAuRo8RGdcKmg89akZw&utm_medium=api&utm_source=abfa41a4&v=6ED2C061BE3A091A4C52C94127EB379142E247D5,"CDL-A OTR TRUCK DRIVERS: 52 - 56 CPM (based on experience). Solo OTR Drivers: Average 2,000 Miles Per Week $2,000 Sign On Bonus 100% No Touch Freight Consistent, planned schedule Predictable home time you can count on Paid Vacation Performance Bonuses Top 20% of our OTR Drivers earn $1,500 Weekly Run 28 days out, get 5 days home. It’s the balance experienced drivers want—strong miles and real time off. Team Drivers: $5,000 Sign-On Bonus/split with an average of 5,000 miles per week! $0.72 - $0.…",Truck Driver Company - 1-5mo EXP Required - OTR - Dry Van - $1.5k per week - U.S. Xpress - OTR,45.83908,eyJhbGciOiJIUzI1NiJ9.eyJpIjoiNTc2NDUyMzUyNiIsInMiOiJXSFJrQXVSbzhSR2RjS21nODlha1p3In0.whSbDyloUSouTmt-_p0C_zsb2LHQdCyMMjRG0YuAyZM,5764523526,"['US', 'Oregon', 'Umatilla County', 'Hermiston']",Adzuna::API::Response::Location,"Hermiston, Umatilla County",U.S. Xpress - OTR,Adzuna::API::Response::Company,logistics-warehouse-jobs,Adzuna::API::Response::Category,Logistics & Warehouse Jobs,full_time,
0.0,-117.84306,2026-06-15T13:47:21Z,78000.0,0,Adzuna::API::Response::Job,https://www.adzuna.com/land/ad/5764523544?se=WHRkAuRo8RGdcKmg89akZw&utm_medium=api&utm_source=abfa41a4&v=03620E38EC02E778F995342ABD078DF622C04B1C,"CDL-A OTR TRUCK DRIVERS: 52 - 56 CPM (based on experience). Solo OTR Drivers: Average 2,000 Miles Per Week $2,000 Sign On Bonus 100% No Touch Freight Consistent, planned schedule Predictable home time you can count on Paid Vacation Performance Bonuses Top 20% of our OTR Drivers earn $1,500 Weekly Run 28 days out, get 5 days home. It’s the balance experienced drivers want—strong miles and real time off. Team Drivers: $5,000 Sign-On Bonus/split with an average of 5,000 miles per week! $0.72 - $0.…",Truck Driver Company - 1-5mo EXP Required - OTR - Dry Van - $1.5k per week - U.S. Xpress - OTR,44.77776,eyJhbGciOiJIUzI1NiJ9.eyJpIjoiNTc2NDUyMzU0NCIsInMiOiJXSFJrQXVSbzhSR2RjS21nODlha1p3In0.KagQrzsWaTYxKkW2iwTJD_kB86ojYSmn_a34wctixP8,5764523544,"['US', 'Oregon', 'Baker County', 'Baker City']",Adzuna::API::Response::Location,"Baker City, Baker County",U.S. Xpress - OTR,Adzuna::API::Response::Company,logistics-warehouse-jobs,Adzuna::API::Response::Category,Logistics & Warehouse Jobs,full_time,
0.0,-118.328198,2026-06-15T13:47:21Z,78000.0,0,Adzuna::API::Response::Job,https://www.adzuna.com/land/ad/5764523524?se=WHRkAuRo8RGdcKmg89akZw&utm_medium=api&utm_source=abfa41a4&v=D27CD3A2B992B328F6C48CFCFD2B3CAA39B3C1A8,"CDL-A OTR TRUCK DRIVERS: 52 - 56 CPM (based on experience). Solo OTR Drivers: Average 2,000 Miles Per Week $2,000 Sign On Bonus 100% No Touch Freight Consistent, planned schedule Predictable home time you can count on Paid Vacation Performance Bonuses Top 20% of our OTR Drivers earn $1,500 Weekly Run 28 days out, get 5 days home. It’s the balance experienced drivers want—strong miles and real time off. Team Drivers: $5,000 Sign-On Bonus/split with an average of 5,000 miles per week! $0.72 - $0.…",Class A CDL Company Driver - 1-5mo EXP Required - OTR - Dry Van - $1.5k per week - U.S. Xpress - OTR,46.061814,eyJhbGciOiJIUzI1NiJ9.eyJpIjoiNTc2NDUyMzUyNCIsInMiOiJXSFJrQXVSbzhSR2RjS21nODlha1p3In0.6A8TPyIYIRI9nljx6N6pJcS3ozAgDxECPNyzoOLkSWI,5764523524,"['US', 'Washington', 'Walla Walla County', 'Walla Walla']",Adzuna::API::Response::Location,"Walla Walla, Walla Walla County",U.S. Xpress - OTR,Adzuna::API::Response::Company,logistics-warehouse-jobs,Adzuna::API::Response::Category,Logistics & Warehouse Jobs,full_time,
0.0,-124.223243,2026-06-15T13:47:21Z,78000.0,0,Adzuna::API::Response::Job,https://www.adzuna.com/land/ad/5764523499?se=WHRkAuRo8RGdcKmg89akZw&utm_medium=api&utm_source=abfa41a4&v=9B4D8E94A2B8222DA513401FE67EF9A265ACD3BD,"CDL-A OTR TRUCK DRIVERS: 52 - 56 CPM (based on experience). Solo OTR Drivers: Average 2,000 Miles Per Week $2,000 Sign On Bonus 100% No Touch Freight Consistent, planned schedule Predictable home time you can count on Paid Vacation Performance Bonuses Top 20% of our OTR Drivers earn $1,500 Weekly Run 28 days out, get 5 days home. It’s the balance experienced drivers want—strong miles and real time off. Team Drivers: $5,000 Sign-On Bonus/split with an average of 5,000 miles per week! $0.72 - $0.…",Truck Driver Company - 1-5mo EXP Required - OTR - Dry Van - $1.5k per week - U.S. Xpress - OTR,43.426947,eyJhbGciOiJIUzI1NiJ9.eyJpIjoiNTc2NDUyMzQ5OSIsInMiOiJXSFJrQXVSbzhSR2RjS21nODlha1p3In0.3EuMdWna5zFumenpjPV0YcCFnNRFATn-HE7lR99P_Zw,5764523499,"['US', 'Oregon', 'Coos County', 'North Bend']",Adzuna::API::Response::Location,"North Bend, Coos County",U.S. Xpress - OTR,Adzuna::API::Response::Company,logistics-warehouse-jobs,Adzuna::API::Response::Category,Logistics & Warehouse Jobs,full_time,
0.0,-123.294779,2026-06-15T13:47:21Z,78000.0,0,Adzuna::API::Response::Job,https://www.adzuna.com/land/ad/5764523510?se=WHRkAuRo8RGdcKmg89akZw&utm_medium=api&utm_source=abfa41a4&v=106D5882FEE369878778AA20D95EFCB70E6D8342,"CDL-A OTR TRUCK DRIVERS: 52 - 56 CPM (based on experience). Solo OTR Drivers: Average 2,000 Miles Per Week $2,000 Sign On Bonus 100% No Touch Freight Consistent, planned schedule Predictable home time you can count on Paid Vacation Performance Bonuses Top 20% of our OTR Drivers earn $1,500 Weekly Run 28 days out, get 5 days home. It’s the balance experienced drivers want—strong miles and real time off. Team Drivers: $5,000 Sign-On Bonus/split with an average of 5,000 miles per week! $0.72 - $0.…",Truck Driver Company - 1-5mo EXP Required - OTR - Dry Van - $1.5k per week - U.S. Xpress - OTR,43.392452,eyJhbGciOiJIUzI1NiJ9.eyJpIjoiNTc2NDUyMzUxMCIsInMiOiJXSFJrQXVSbzhSR2RjS21nODlha1p3In0._Shqr5MgWuikePp7AJfqLa84xweWnkQHFn-m2l8dLFQ,5764523510,"['US', 'Oregon', 'Douglas County', 'Sutherlin']",Adzuna::API::Response::Location,"Sutherlin, Douglas County",U.S. Xpress - OTR,Adzuna::API::Response::Company,logistics-warehouse-jobs,Adzuna::API::Response::Category,Logistics & Warehouse Jobs,full_time,
0.0,-123.294779,2026-06-15T13:47:21Z,78000.0,0,Adzuna::API::Response::Job,https://www.adzuna.com/land/ad/5764523500?se=WHRkAuRo8RGdcKmg89akZw&utm_medium=api&utm_source=abfa41a4&v=8DEA7633B46B3DC27888A43E027CC85AC105D1AA,"CDL-A OTR TRUCK DRIVERS: 52 - 56 CPM (based on experience). Solo OTR Drivers: Average 2,000 Miles Per Week $2,000 Sign On Bonus 100% No Touch Freight Consistent, planned schedule Predictable home time you can count on Paid Vacation Performance Bonuses Top 20% of our OTR Drivers earn $1,500 Weekly Run 28 days out, get 5 days home. It’s the balance experienced drivers want—strong miles and real time off. Team Drivers: $5,000 Sign-On Bonus/split with an average of 5,000 miles per week! $0.72 - $0.…",CDL-A Company Driver - 1-5mo EXP Required - OTR - Dry Van - $1.5k per week - U.S. Xpress - OTR,43.392452,eyJhbGciOiJIUzI1NiJ9.eyJpIjoiNTc2NDUyMzUwMCIsInMiOiJXSFJrQXVSbzhSR2RjS21nODlha1p3In0.uVF0dAAgJtj-alYeNJMq2RWUOUrRFYRgh2ncGtpmvuo,5764523500,"['US', 'Oregon', 'Douglas County', 'Sutherlin']",Adzuna::API::Response::Location,"Sutherlin, Douglas County",U.S. Xpress - OTR,Adzuna::API::Response::Company,logistics-warehouse-jobs,Adzuna::API::Response::Category,Logistics & Warehouse Jobs,full_time,
0.0,-124.2084,2026-06-15T13:47:21Z,78000.0,0,Adzuna::API::Response::Job,https://www.adzuna.com/land/ad/5764523507?se=WHRkAuRo8RGdcKmg89akZw&utm_medium=api&utm_source=abfa41a4&v=88C30EB06D6D38875C68E924709E14ECA8E34E8C,"CDL-A OTR TRUCK DRIVERS: 52 - 56 CPM (based on experience). Solo OTR Drivers: Average 2,000 Miles Per Week $2,000 Sign On Bonus 100% No Touch Freight Consistent, planned schedule Predictable home time you can count on Paid Vacation Performance Bonuses Top 20% of our OTR Drivers earn $1,500 Weekly Run 28 days out, get 5 days home. It’s the balance experienced drivers want—strong miles and real time off. Team Drivers: $5,000 Sign-On Bonus/split with an average of 5,000 miles per week! $0.72 - $0.…",Class A CDL Company Driver - 1-5mo EXP Required - OTR - Dry Van - $1.5k per week - U.S. Xpress - OTR,43.18374,eyJhbGciOiJIUzI1NiJ9.eyJpIjoiNTc2NDUyMzUwNyIsInMiOiJXSFJrQXVSbzhSR2RjS21nODlha1p3In0.tkoy6sSUBIKEYsvzl98QtIanGQ67NS3DM1f96jIPDio,5764523507,"['US', 'Oregon', 'Coos County', 'Coquille']",Adzuna::API::Response::Location,"Coquille, Coos County",U.S. Xpress - OTR,Adzuna::API::Response::Company,logistics-warehouse-jobs,Adzuna::API::Response::Category,Logistics & Warehouse Jobs,full_time,
0.0,-118.39736,2026-06-15T13:47:21Z,78000.0,0,Adzuna::API::Response::Job,https://www.adzuna.com/land/ad/5764523538?se=WHRkAuRo8RGdcKmg89akZw&utm_medium=api&utm_source=abfa41a4&v=043E662A20A17041483F3DB2F82BA6B51802CF67,"CDL-A OTR TRUCK DRIVERS: 52 - 56 CPM (based on experience). Solo OTR Drivers: Average 2,000 Miles Per Week $2,000 Sign On Bonus 100% No Touch Freight Consistent, planned schedule Predictable home time you can count on Paid Vacation Performance Bonuses Top 20% of our OTR Drivers earn $1,500 Weekly Run 28 days out, get 5 days home. It’s the balance experienced drivers want—strong miles and real time off. Team Drivers: $5,000 Sign-On Bonus/split with an average of 5,000 miles per week! $0.72 - $0.…",Truck Driver Company - 1-5mo EXP Required - OTR - Dry Van - $1.5k per week - U.S. Xpress - OTR,45.947897,eyJhbGciOiJIUzI1NiJ9.eyJpIjoiNTc2NDUyMzUzOCIsInMiOiJXSFJrQXVSbzhSR2RjS21nODlha1p3In0.AeEdEcOH-I0Uk39R-2pfAVW26AtvIzlWnoEVsDmTQr0,5764523538,"['US', 'Oregon', 'Umatilla County', 'Milton Freewater']",Adzuna::API::Response::Location,"Milton Freewater, Umatilla County",U.S. Xpress - OTR,Adzuna::API::Response::Company,logistics-warehouse-jobs,Adzuna::API::Response::Category,Logistics & Warehouse Jobs,full_time,
0.0,-123.426531,2026-06-15T13:47:21Z,78000.0,0,Adzuna::API::Response::Job,https://www.adzuna.com/land/ad/5764523505?se=WHRkAuRo8RGdcKmg89akZw&utm_medium=api&utm_source=abfa41a4&v=404238917C42FEC03C783A498E2C42A2F9E0A697,"CDL-A OTR TRUCK DRIVERS: 52 - 56 CPM (based on experience). Solo OTR Drivers: Average 2,000 Miles Per Week $2,000 Sign On Bonus 100% No Touch Freight Consistent, planned schedule Predictable home time you can count on Paid Vacation Performance Bonuses Top 20% of our OTR Drivers earn $1,500 Weekly Run 28 days out, get 5 days home. It’s the balance experienced drivers want—strong miles and real time off. Team Drivers: $5,000 Sign-On Bonus/split with an average of 5,000 miles per week! $0.72 - $0.…",Class A CDL Company Driver - 1-5mo EXP Required - OTR - Dry Van - $1.5k per week - U.S. Xpress - OTR,43.108582,eyJhbGciOiJIUzI1NiJ9.eyJpIjoiNTc2NDUyMzUwNSIsInMiOiJXSFJrQXVSbzhSR2RjS21nODlha1p3In0.RSsJQ_i55Jp_oZYmwQJbftaKNyFX-gDv-9zUMCSCYj4,5764523505,"['US', 'Oregon', 'Douglas County', 'Dillard']",Adzuna::API::Response::Location,"Dillard, Douglas County",U.S. Xpress - OTR,Adzuna::API::Response::Company,logistics-warehouse-jobs,Adzuna::API::Response::Category,Logistics & Warehouse Jobs,full_time,
0.0,-123.022592,2026-06-15T13:47:20Z,78000.0,0,Adzuna::API::Response::Job,https://www.adzuna.com/land/ad/5764523483?se=WHRkAuRo8RGdcKmg89akZw&utm_medium=api&utm_source=abfa41a4&v=BE063FAA76F30D6E10741368AFE55BAF4DB6F14A,"CDL-A OTR TRUCK DRIVERS: 52 - 56 CPM (based on experience). Solo OTR Drivers: Average 2,000 Miles Per Week $2,000 Sign On Bonus 100% No Touch Freight Consistent, planned schedule Predictable home time you can count on Paid Vacation Performance Bonuses Top 20% of our OTR Drivers earn $1,500 Weekly Run 28 days out, get 5 days home. It’s the balance experienced drivers want—strong miles and real time off. Team Drivers: $5,000 Sign-On Bonus/split with an average of 5,000 miles per week! $0.72 - $0.…",Truck Driver Company - 1-5mo EXP Required - OTR - Dry Van - $1.5k per week - U.S. Xpress - OTR,43.913282,eyJhbGciOiJIUzI1NiJ9.eyJpIjoiNTc2NDUyMzQ4MyIsInMiOiJXSFJrQXVSbzhSR2RjS21nODlha1p3In0.GohV7NqV6-5C6_J8dVyYYBworLI0uc6m8DEo5OWtpdY,5764523483,"['US', 'Oregon', 'Lane County', 'Creswell']",Adzuna::API::Response::Location,"Creswell, Lane County",U.S. Xpress - OTR,Adzuna::API::Response::Company,logistics-warehouse-jobs,Adzuna::API::Response::Category,Logistics & Warehouse Jobs,full_time,
0.0,-120.4486,2026-06-15T13:47:20Z,78000.0,0,Adzuna::API::Response::Job,https://www.adzuna.com/land/ad/5764523454?se=WHRkAuRo8RGdcKmg89akZw&utm_medium=api&utm_source=abfa41a4&v=9E45AA168D8AF611C68E0A001C41E21595D5A6B7,"CDL-A OTR TRUCK DRIVERS: 52 - 56 CPM (based on experience). Solo OTR Drivers: Average 2,000 Miles Per Week $2,000 Sign On Bonus 100% No Touch Freight Consistent, planned schedule Predictable home time you can count on Paid Vacation Performance Bonuses Top 20% of our OTR Drivers earn $1,500 Weekly Run 28 days out, get 5 days home. It’s the balance experienced drivers want—strong miles and real time off. Team Drivers: $5,000 Sign-On Bonus/split with an average of 5,000 miles per week! $0.72 - $0.…",Class A CDL Company Driver - 1-5mo EXP Required - OTR - Dry Van - $1.5k per week - U.S. Xpress - OTR,46.443565,eyJhbGciOiJIUzI1NiJ9.eyJzIjoiV0hSa0F1Um84UkdkY0ttZzg5YWtadyIsImkiOiI1NzY0NTIzNDU0In0.7wCuO1UKppoBVakyTo1SbsOfqQqm_Ey01b6AUnADOjM,5764523454,"['US', 'Washington', 'Yakima County', 'Wapato']",Adzuna::API::Response::Location,"Wapato, Yakima County",U.S. Xpress - OTR,Adzuna::API::Response::Company,logistics-warehouse-jobs,Adzuna::API::Response::Category,Logistics & Warehouse Jobs,full_time,
0.0,-122.574305,2026-06-15T13:47:20Z,78000.0,0,Adzuna::API::Response::Job,https://www.adzuna.com/land/ad/5764523408?se=WHRkAuRo8RGdcKmg89akZw&utm_medium=api&utm_source=abfa41a4&v=5FB86FCFD731B25A519F4C9B6246A1120B2089FD,"CDL-A OTR TRUCK DRIVERS: 52 - 56 CPM (based on experience). Solo OTR Drivers: Average 2,000 Miles Per Week $2,000 Sign On Bonus 100% No Touch Freight Consistent, planned schedule Predictable home time you can count on Paid Vacation Performance Bonuses Top 20% of our OTR Drivers earn $1,500 Weekly Run 28 days out, get 5 days home. It’s the balance experienced drivers want—strong miles and real time off. Team Drivers: $5,000 Sign-On Bonus/split with an average of 5,000 miles per week! $0.72 - $0.…",Truck Driver Company - 1-5mo EXP Required - OTR - Dry Van - $1.5k per week - U.S. Xpress - OTR,45.335674,eyJhbGciOiJIUzI1NiJ9.eyJpIjoiNTc2NDUyMzQwOCIsInMiOiJXSFJrQXVSbzhSR2RjS21nODlha1p3In0.w2bjR-U1NikW7VENcEPJkBTiWXNMZbGhKuUFfSdXGQg,5764523408,"['US', 'Oregon', 'Clackamas County', 'Oregon City']",Adzuna::API::Response::Location,"Oregon City, Clackamas County",U.S. Xpress - OTR,Adzuna::API::Response::Company,logistics-warehouse-jobs,Adzuna::API::Response::Category,Logistics & Warehouse Jobs,full_time,
0.0,-123.381605,2026-06-15T13:47:20Z,78000.0,0,Adzuna::API::Response::Job,https://www.adzuna.com/land/ad/5764523475?se=WHRkAuRo8RGdcKmg89akZw&utm_medium=api&utm_source=abfa41a4&v=4AB4DEE1E5B766E33587E6A9CB74731EEE90BA98,"CDL-A OTR TRUCK DRIVERS: 52 - 56 CPM (based on experience). Solo OTR Drivers: Average 2,000 Miles Per Week $2,000 Sign On Bonus 100% No Touch Freight Consistent, planned schedule Predictable home time you can count on Paid Vacation Performance Bonuses Top 20% of our OTR Drivers earn $1,500 Weekly Run 28 days out, get 5 days home. It’s the balance experienced drivers want—strong miles and real time off. Team Drivers: $5,000 Sign-On Bonus/split with an average of 5,000 miles per week! $0.72 - $0.…",CDL-A Company Driver - 1-5mo EXP Required - OTR - Dry Van - $1.5k per week - U.S. Xpress - OTR,44.545606,eyJhbGciOiJIUzI1NiJ9.eyJzIjoiV0hSa0F1Um84UkdkY0ttZzg5YWtadyIsImkiOiI1NzY0NTIzNDc1In0._pmzDHjcwAdhw91dZMlfBLyATpsAolAUcdOYKEOwJLI,5764523475,"['US', 'Oregon', 'Benton County', 'Philomath']",Adzuna::API::Response::Location,"Philomath, Benton County",U.S. Xpress - OTR,Adzuna::API::Response::Company,logistics-warehouse-jobs,Adzuna::API::Response::Category,Logistics & Warehouse Jobs,full_time,
0.0,-122.424532,2026-06-15T13:47:20Z,78000.0,0,Adzuna::API::Response::Job,https://www.adzuna.com/land/ad/5764523415?se=WHRkAuRo8RGdcKmg89akZw&utm_medium=api&utm_source=abfa41a4&v=E820B9886270B8300E4AE4591D8559202419F6AD,"CDL-A OTR TRUCK DRIVERS: 52 - 56 CPM (based on experience). Solo OTR Drivers: Average 2,000 Miles Per Week $2,000 Sign On Bonus 100% No Touch Freight Consistent, planned schedule Predictable home time you can count on Paid Vacation Performance Bonuses Top 20% of our OTR Drivers earn $1,500 Weekly Run 28 days out, get 5 days home. It’s the balance experienced drivers want—strong miles and real time off. Team Drivers: $5,000 Sign-On Bonus/split with an average of 5,000 miles per week! $0.72 - $0.…",CDL-A Company Driver - 1-5mo EXP Required - OTR - Dry Van - $1.5k per week - U.S. Xpress - OTR,45.60612,eyJhbGciOiJIUzI1NiJ9.eyJpIjoiNTc2NDUyMzQxNSIsInMiOiJXSFJrQXVSbzhSR2RjS21nODlha1p3In0.SS6h0SB2LR93ke-aMHDVpgRsFeu_d-J2BRGiZlYUmGE,5764523415,"['US', 'Washington', 'Clark County', 'Camas']",Adzuna::API::Response::Location,"Camas, Clark County",U.S. Xpress - OTR,Adzuna::API::Response::Company,logistics-warehouse-jobs,Adzuna::API::Response::Category,Logistics & Warehouse Jobs,full_time,
0.0,-121.127168,2026-06-15T13:47:20Z,78000.0,0,Adzuna::API::Response::Job,https://www.adzuna.com/land/ad/5764523387?se=WHRkAuRo8RGdcKmg89akZw&utm_medium=api&utm_source=abfa41a4&v=530E7600E06A1D62D9EEC22B157E18997A9E7D3E,"CDL-A OTR TRUCK DRIVERS: 52 - 56 CPM (based on experience). Solo OTR Drivers: Average 2,000 Miles Per Week $2,000 Sign On Bonus 100% No Touch Freight Consistent, planned schedule Predictable home time you can count on Paid Vacation Performance Bonuses Top 20% of our OTR Drivers earn $1,500 Weekly Run 28 days out, get 5 days home. It’s the balance experienced drivers want—strong miles and real time off. Team Drivers: $5,000 Sign-On Bonus/split with an average of 5,000 miles per week! $0.72 - $0.…",Truck Driver Company - 1-5mo EXP Required - OTR - Dry Van - $1.5k per week - U.S. Xpress - OTR,44.632636,eyJhbGciOiJIUzI1NiJ9.eyJpIjoiNTc2NDUyMzM4NyIsInMiOiJXSFJrQXVSbzhSR2RjS21nODlha1p3In0.Dq5nFugM-J_8JaCEBw2zOij1G4kLpx99MJQozSCOOeg,5764523387,"['US', 'Oregon', 'Jefferson County', 'Madras']",Adzuna::API::Response::Location,"Madras, Jefferson County",U.S. Xpress - OTR,Adzuna::API::Response::Company,logistics-warehouse-jobs,Adzuna::API::Response::Category,Logistics & Warehouse Jobs,full_time,
0.0,-121.010413,2026-06-15T13:47:20Z,78000.0,0,Adzuna::API::Response::Job,https://www.adzuna.com/land/ad/5764523404?se=WHRkAuRo8RGdcKmg89akZw&utm_medium=api&utm_source=abfa41a4&v=001CDAF5DDE58C26A1862FFF27AA77348ABEEFDB,"CDL-A OTR TRUCK DRIVERS: 52 - 56 CPM (based on experience). Solo OTR Drivers: Average 2,000 Miles Per Week $2,000 Sign On Bonus 100% No Touch Freight Consistent, planned schedule Predictable home time you can count on Paid Vacation Performance Bonuses Top 20% of our OTR Drivers earn $1,500 Weekly Run 28 days out, get 5 days home. It’s the balance experienced drivers want—strong miles and real time off. Team Drivers: $5,000 Sign-On Bonus/split with an average of 5,000 miles per week! $0.72 - $0.…",CDL-A Company Driver - 1-5mo EXP Required - OTR - Dry Van - $1.5k per week - U.S. Xpress - OTR,44.24011,eyJhbGciOiJIUzI1NiJ9.eyJzIjoiV0hSa0F1Um84UkdkY0ttZzg5YWtadyIsImkiOiI1NzY0NTIzNDA0In0.Sejz-gqO1KYsXkF1XxhC4UtC5dyIcpsAhlaBiQp2wb0,5764523404,"['US', 'Oregon', 'Deschutes County', 'Redmond']",Adzuna::API::Response::Location,"Redmond, Deschutes County",U.S. Xpress - OTR,Adzuna::API::Response::Company,logistics-warehouse-jobs,Adzuna::API::Response::Category,Logistics & Warehouse Jobs,full_time,
0.0,-121.53668,2026-06-15T13:47:20Z,78000.0,0,Adzuna::API::Response::Job,https://www.adzuna.com/land/ad/5764523399?se=WHRkAuRo8RGdcKmg89akZw&utm_medium=api&utm_source=abfa41a4&v=AAFF888D0692198CC623A24273905D1F32AFE228,"CDL-A OTR TRUCK DRIVERS: 52 - 56 CPM (based on experience). Solo OTR Drivers: Average 2,000 Miles Per Week $2,000 Sign On Bonus 100% No Touch Freight Consistent, planned schedule Predictable home time you can count on Paid Vacation Performance Bonuses Top 20% of our OTR Drivers earn $1,500 Weekly Run 28 days out, get 5 days home. It’s the balance experienced drivers want—strong miles and real time off. Team Drivers: $5,000 Sign-On Bonus/split with an average of 5,000 miles per week! $0.72 - $0.…",Truck Driver Company - 1-5mo EXP Required - OTR - Dry Van - $1.5k per week - U.S. Xpress - OTR,44.309157,eyJhbGciOiJIUzI1NiJ9.eyJpIjoiNTc2NDUyMzM5OSIsInMiOiJXSFJrQXVSbzhSR2RjS21nODlha1p3In0.ek8PPZhIzv3hr0O7FxiBU1z5WhGdSCnz0jt8nTIiOZY,5764523399,"['US', 'Oregon', 'Deschutes County', 'Sisters']",Adzuna::API::Response::Location,"Sisters, Deschutes County",U.S. Xpress - OTR,Adzuna::API::Response::Company,logistics-warehouse-jobs,Adzuna::API::Response::Category,Logistics & Warehouse Jobs,full_time,
0.0,-121.010413,2026-06-15T13:47:20Z,78000.0,0,Adzuna::API::Response::Job,https://www.adzuna.com/land/ad/5764523409?se=WHRkAuRo8RGdcKmg89akZw&utm_medium=api&utm_source=abfa41a4&v=6FBA1C8867534F15EC47B07638EB9F6B547F7111,"CDL-A OTR TRUCK DRIVERS: 52 - 56 CPM (based on experience). Solo OTR Drivers: Average 2,000 Miles Per Week $2,000 Sign On Bonus 100% No Touch Freight Consistent, planned schedule Predictable home time you can count on Paid Vacation Performance Bonuses Top 20% of our OTR Drivers earn $1,500 Weekly Run 28 days out, get 5 days home. It’s the balance experienced drivers want—strong miles and real time off. Team Drivers: $5,000 Sign-On Bonus/split with an average of 5,000 miles per week! $0.72 - $0.…",Class A CDL Company Driver - 1-5mo EXP Required - OTR - Dry Van - $1.5k per week - U.S. Xpress - OTR,44.24011,eyJhbGciOiJIUzI1NiJ9.eyJzIjoiV0hSa0F1Um84UkdkY0ttZzg5YWtadyIsImkiOiI1NzY0NTIzNDA5In0.CKfw_86vz9i_mjI3OkaGZukr8xZr7_Nz27YIPjAcpP0,5764523409,"['US', 'Oregon', 'Deschutes County', 'Redmond']",Adzuna::API::Response::Location,"Redmond, Deschutes County",U.S. Xpress - OTR,Adzuna::API::Response::Company,logistics-warehouse-jobs,Adzuna::API::Response::Category,Logistics & Warehouse Jobs,full_time,
0.0,-121.237582,2026-06-15T13:47:20Z,78000.0,0,Adzuna::API::Response::Job,https://www.adzuna.com/land/ad/5764523394?se=WHRkAuRo8RGdcKmg89akZw&utm_medium=api&utm_source=abfa41a4&v=8AB95E61B1911ABBC629868FA79C9BA4B97AFD7C,"CDL-A OTR TRUCK DRIVERS: 52 - 56 CPM (based on experience). Solo OTR Drivers: Average 2,000 Miles Per Week $2,000 Sign On Bonus 100% No Touch Freight Consistent, planned schedule Predictable home time you can count on Paid Vacation Performance Bonuses Top 20% of our OTR Drivers earn $1,500 Weekly Run 28 days out, get 5 days home. It’s the balance experienced drivers want—strong miles and real time off. Team Drivers: $5,000 Sign-On Bonus/split with an average of 5,000 miles per week! $0.72 - $0.…",Truck Driver Company - 1-5mo EXP Required - OTR - Dry Van - $1.5k per week - U.S. Xpress - OTR,44.398885,eyJhbGciOiJIUzI1NiJ9.eyJzIjoiV0hSa0F1Um84UkdkY0ttZzg5YWtadyIsImkiOiI1NzY0NTIzMzk0In0.twHXLrlxJRzdIaDHeVlDRhosWwIp7ZwPdW5tLQNCWkc,5764523394,"['US', 'Oregon', 'Jefferson County', 'Crooked River Ranch']",Adzuna::API::Response::Location,"Crooked River Ranch, Jefferson County",U.S. Xpress - OTR,Adzuna::API::Response::Company,logistics-warehouse-jobs,Adzuna::API::Response::Category,Logistics & Warehouse Jobs,full_time,
0.0,-123.71694,2026-06-15T13:47:20Z,78000.0,0,Adzuna::API::Response::Job,https://www.adzuna.com/land/ad/5764523437?se=WHRkAuRo8RGdcKmg89akZw&utm_medium=api&utm_source=abfa41a4&v=395332BC0F4C4FEE14F444D70F79562C57DF5F3D,"CDL-A OTR TRUCK DRIVERS: 52 - 56 CPM (based on experience). Solo OTR Drivers: Average 2,000 Miles Per Week $2,000 Sign On Bonus 100% No Touch Freight Consistent, planned schedule Predictable home time you can count on Paid Vacation Performance Bonuses Top 20% of our OTR Drivers earn $1,500 Weekly Run 28 days out, get 5 days home. It’s the balance experienced drivers want—strong miles and real time off. Team Drivers: $5,000 Sign-On Bonus/split with an average of 5,000 miles per week! $0.72 - $0.…",Class A CDL Company Driver - 1-5mo EXP Required - OTR - Dry Van - $1.5k per week - U.S. Xpress - OTR,45.46638,eyJhbGciOiJIUzI1NiJ9.eyJpIjoiNTc2NDUyMzQzNyIsInMiOiJXSFJrQXVSbzhSR2RjS21nODlha1p3In0.7W7sDfagL7oSvuZ4UGAfMgz4TQIsMlDlFDhTUO6iDqQ,5764523437,"['US', 'Oregon', 'Tillamook County', 'Lees Camp']",Adzuna::API::Response::Location,"Lees Camp, Tillamook County",U.S. Xpress - OTR,Adzuna::API::Response::Company,logistics-warehouse-jobs,Adzuna::API::Response::Category,Logistics & Warehouse Jobs,full_time,
0.0,-121.237582,2026-06-15T13:47:20Z,78000.0,0,Adzuna::API::Response::Job,https://www.adzuna.com/land/ad/5764523393?se=WHRkAuRo8RGdcKmg89akZw&utm_medium=api&utm_source=abfa41a4&v=38C21997777DD09367A92211EFBB648B774A57BF,"CDL-A OTR TRUCK DRIVERS: 52 - 56 CPM (based on experience). Solo OTR Drivers: Average 2,000 Miles Per Week $2,000 Sign On Bonus 100% No Touch Freight Consistent, planned schedule Predictable home time you can count on Paid Vacation Performance Bonuses Top 20% of our OTR Drivers earn $1,500 Weekly Run 28 days out, get 5 days home. It’s the balance experienced drivers want—strong miles and real time off. Team Drivers: $5,000 Sign-On Bonus/split with an average of 5,000 miles per week! $0.72 - $0.…",CDL-A Company Driver - 1-5mo EXP Required - OTR - Dry Van - $1.5k per week - U.S. Xpress - OTR,44.398885,eyJhbGciOiJIUzI1NiJ9.eyJzIjoiV0hSa0F1Um84UkdkY0ttZzg5YWtadyIsImkiOiI1NzY0NTIzMzkzIn0.GYYZB_xcbJRsLyY5TSpxZii0MaIAjTd5G60yOSplJDQ,5764523393,"['US', 'Oregon', 'Jefferson County', 'Crooked River Ranch']",Adzuna::API::Response::Location,"Crooked River Ranch, Jefferson County",U.S. Xpress - OTR,Adzuna::API::Response::Company,logistics-warehouse-jobs,Adzuna::API::Response::Category,Logistics & Warehouse Jobs,full_time,
0.0,-122.856931,2026-06-15T13:47:20Z,78000.0,0,Adzuna::API::Response::Job,https://www.adzuna.com/land/ad/5764523425?se=WHRkAuRo8RGdcKmg89akZw&utm_medium=api&utm_source=abfa41a4&v=0F85CF2012A7F811C06F8AF656A47C600A172DFC,"CDL-A OTR TRUCK DRIVERS: 52 - 56 CPM (based on experience). Solo OTR Drivers: Average 2,000 Miles Per Week $2,000 Sign On Bonus 100% No Touch Freight Consistent, planned schedule Predictable home time you can count on Paid Vacation Performance Bonuses Top 20% of our OTR Drivers earn $1,500 Weekly Run 28 days out, get 5 days home. It’s the balance experienced drivers want—strong miles and real time off. Team Drivers: $5,000 Sign-On Bonus/split with an average of 5,000 miles per week! $0.72 - $0.…",CDL-A Company Driver - 1-5mo EXP Required - OTR - Dry Van - $1.5k per week - U.S. Xpress - OTR,45.146589,eyJhbGciOiJIUzI1NiJ9.eyJpIjoiNTc2NDUyMzQyNSIsInMiOiJXSFJrQXVSbzhSR2RjS21nODlha1p3In0.vERChqxLziWYDN0nN_vLKMsPN3UuVJZxJWZ25GdDNQs,5764523425,"['US', 'Oregon', 'Marion County', 'Woodburn']",Adzuna::API::Response::Location,"Woodburn, Marion County",U.S. Xpress - OTR,Adzuna::API::Response::Company,logistics-warehouse-jobs,Adzuna::API::Response::Category,Logistics & Warehouse Jobs,full_time,
0.0,-122.856931,2026-06-15T13:47:20Z,78000.0,0,Adzuna::API::Response::Job,https://www.adzuna.com/land/ad/5764523426?se=WHRkAuRo8RGdcKmg89akZw&utm_medium=api&utm_source=abfa41a4&v=F18623278AA97F970E435642769E5AE0D41AEEAF,"CDL-A OTR TRUCK DRIVERS: 52 - 56 CPM (based on experience). Solo OTR Drivers: Average 2,000 Miles Per Week $2,000 Sign On Bonus 100% No Touch Freight Consistent, planned schedule Predictable home time you can count on Paid Vacation Performance Bonuses Top 20% of our OTR Drivers earn $1,500 Weekly Run 28 days out, get 5 days home. It’s the balance experienced drivers want—strong miles and real time off. Team Drivers: $5,000 Sign-On Bonus/split with an average of 5,000 miles per week! $0.72 - $0.…",Truck Driver Company - 1-5mo EXP Required - OTR - Dry Van - $1.5k per week - U.S. Xpress - OTR,45.146589,eyJhbGciOiJIUzI1NiJ9.eyJzIjoiV0hSa0F1Um84UkdkY0ttZzg5YWtadyIsImkiOiI1NzY0NTIzNDI2In0.4fzl2xmLlR1rEQNf2ZzabmAY5HTmycOySg2KpMUQ6r0,5764523426,"['US', 'Oregon', 'Marion County', 'Woodburn']",Adzuna::API::Response::Location,"Woodburn, Marion County",U.S. Xpress - OTR,Adzuna::API::Response::Company,logistics-warehouse-jobs,Adzuna::API::Response::Category,Logistics & Warehouse Jobs,full_time,
0.0,-122.521601,2026-06-15T13:47:20Z,78000.0,0,Adzuna::API::Response::Job,https://www.adzuna.com/land/ad/5764523416?se=WHRkAuRo8RGdcKmg89akZw&utm_medium=api&utm_source=abfa41a4&v=2D255DF4B742E1AAD768D26DDCFB29F47416AEC5,"CDL-A OTR TRUCK DRIVERS: 52 - 56 CPM (based on experience). Solo OTR Drivers: Average 2,000 Miles Per Week $2,000 Sign On Bonus 100% No Touch Freight Consistent, planned schedule Predictable home time you can count on Paid Vacation Performance Bonuses Top 20% of our OTR Drivers earn $1,500 Weekly Run 28 days out, get 5 days home. It’s the balance experienced drivers want—strong miles and real time off. Team Drivers: $5,000 Sign-On Bonus/split with an average of 5,000 miles per week! $0.72 - $0.…",Truck Driver Company - 1-5mo EXP Required - OTR - Dry Van - $1.5k per week - U.S. Xpress - OTR,45.794077,eyJhbGciOiJIUzI1NiJ9.eyJzIjoiV0hSa0F1Um84UkdkY0ttZzg5YWtadyIsImkiOiI1NzY0NTIzNDE2In0.FNelRNL2N0zzWDYjVfj1Cb_UO8iR7OxafC8xI9K2Lbs,5764523416,"['US', 'Washington', 'Clark County', 'Battle Ground']",Adzuna::API::Response::Location,"Battle Ground, Clark County",U.S. Xpress - OTR,Adzuna::API::Response::Company,logistics-warehouse-jobs,Adzuna::API::Response::Category,Logistics & Warehouse Jobs,full_time,
0.0,-122.733058,2026-06-15T13:47:20Z,78000.0,0,Adzuna::API::Response::Job,https://www.adzuna.com/land/ad/5764523470?se=WHRkAuRo8RGdcKmg89akZw&utm_medium=api&utm_source=abfa41a4&v=A7CC66224DBF14D77939472B139E3D57B4BD1272,"CDL-A OTR TRUCK DRIVERS: 52 - 56 CPM (based on experience). Solo OTR Drivers: Average 2,000 Miles Per Week $2,000 Sign On Bonus 100% No Touch Freight Consistent, planned schedule Predictable home time you can count on Paid Vacation Performance Bonuses Top 20% of our OTR Drivers earn $1,500 Weekly Run 28 days out, get 5 days home. It’s the balance experienced drivers want—strong miles and real time off. Team Drivers: $5,000 Sign-On Bonus/split with an average of 5,000 miles per week! $0.72 - $0.…",CDL-A Company Driver - 1-5mo EXP Required - OTR - Dry Van - $1.5k per week - U.S. Xpress - OTR,44.392783,eyJhbGciOiJIUzI1NiJ9.eyJzIjoiV0hSa0F1Um84UkdkY0ttZzg5YWtadyIsImkiOiI1NzY0NTIzNDcwIn0.Z-kJOxGSXgwxvBQbXYlN4vkH_eHD2iXfcc0hSCmy-fM,5764523470,"['US', 'Oregon', 'Linn County', 'Sweet Home']",Adzuna::API::Response::Location,"Sweet Home, Linn County",U.S. Xpress - OTR,Adzuna::API::Response::Company,logistics-warehouse-jobs,Adzuna::API::Response::Category,Logistics & Warehouse Jobs,full_time,
0.0,-123.91149,2026-06-15T13:47:20Z,78000.0,0,Adzuna::API::Response::Job,https://www.adzuna.com/land/ad/5764523479?se=WHRkAuRo8RGdcKmg89akZw&utm_medium=api&utm_source=abfa41a4&v=3C0BD23E77ECCCCA3032A1DB053406106DBD5C57,"CDL-A OTR TRUCK DRIVERS: 52 - 56 CPM (based on experience). Solo OTR Drivers: Average 2,000 Miles Per Week $2,000 Sign On Bonus 100% No Touch Freight Consistent, planned schedule Predictable home time you can count on Paid Vacation Performance Bonuses Top 20% of our OTR Drivers earn $1,500 Weekly Run 28 days out, get 5 days home. It’s the balance experienced drivers want—strong miles and real time off. Team Drivers: $5,000 Sign-On Bonus/split with an average of 5,000 miles per week! $0.72 - $0.…",Class A CDL Company Driver - 1-5mo EXP Required - OTR - Dry Van - $1.5k per week - U.S. Xpress - OTR,44.731783,eyJhbGciOiJIUzI1NiJ9.eyJpIjoiNTc2NDUyMzQ3OSIsInMiOiJXSFJrQXVSbzhSR2RjS21nODlha1p3In0.pfqwO0YCs0ya4npG7MYJ2p3r_nAWHMF3B55Ed2kycVU,5764523479,"['US', 'Oregon', 'Lincoln County', 'Toledo']",Adzuna::API::Response::Location,"Toledo, Lincoln County",U.S. Xpress - OTR,Adzuna::API::Response::Company,logistics-warehouse-jobs,Adzuna::API::Response::Category,Logistics & Warehouse Jobs,full_time,
0.0,-121.53668,2026-06-15T13:47:20Z,78000.0,0,Adzuna::API::Response::Job,https://www.adzuna.com/land/ad/5764523405?se=WHRkAuRo8RGdcKmg89akZw&utm_medium=api&utm_source=abfa41a4&v=6AFC3AA33C6552361DCCBB0167582655293366CD,"CDL-A OTR TRUCK DRIVERS: 52 - 56 CPM (based on experience). Solo OTR Drivers: Average 2,000 Miles Per Week $2,000 Sign On Bonus 100% No Touch Freight Consistent, planned schedule Predictable home time you can count on Paid Vacation Performance Bonuses Top 20% of our OTR Drivers earn $1,500 Weekly Run 28 days out, get 5 days home. It’s the balance experienced drivers want—strong miles and real time off. Team Drivers: $5,000 Sign-On Bonus/split with an average of 5,000 miles per week! $0.72 - $0.…",Class A CDL Company Driver - 1-5mo EXP Required - OTR - Dry Van - $1.5k per week - U.S. Xpress - OTR,44.309157,eyJhbGciOiJIUzI1NiJ9.eyJzIjoiV0hSa0F1Um84UkdkY0ttZzg5YWtadyIsImkiOiI1NzY0NTIzNDA1In0.7M_VgU4xv9RN53R3m2bmnvMQ8UdPjS_fudS4AXqmGBA,5764523405,"['US', 'Oregon', 'Deschutes County', 'Sisters']",Adzuna::API::Response::Location,"Sisters, Deschutes County",U.S. Xpress - OTR,Adzuna::API::Response::Company,logistics-warehouse-jobs,Adzuna::API::Response::Category,Logistics & Warehouse Jobs,full_time,
0.0,-122.64964,2026-06-15T13:47:20Z,78000.0,0,Adzuna::API::Response::Job,https://www.adzuna.com/land/ad/5764523418?se=WHRkAuRo8RGdcKmg89akZw&utm_medium=api&utm_source=abfa41a4&v=865994645D2CA6760788DE5AF3451723CF70A7A6,"CDL-A OTR TRUCK DRIVERS: 52 - 56 CPM (based on experience). Solo OTR Drivers: Average 2,000 Miles Per Week $2,000 Sign On Bonus 100% No Touch Freight Consistent, planned schedule Predictable home time you can count on Paid Vacation Performance Bonuses Top 20% of our OTR Drivers earn $1,500 Weekly Run 28 days out, get 5 days home. It’s the balance experienced drivers want—strong miles and real time off. Team Drivers: $5,000 Sign-On Bonus/split with an average of 5,000 miles per week! $0.72 - $0.…",CDL-A Company Driver - 1-5mo EXP Required - OTR - Dry Van - $1.5k per week - U.S. Xpress - OTR,45.367241,eyJhbGciOiJIUzI1NiJ9.eyJpIjoiNTc2NDUyMzQxOCIsInMiOiJXSFJrQXVSbzhSR2RjS21nODlha1p3In0.WMKFmJZYoVeLbYtmSkDxIXg1na7C0kbYDoHJHmeI3DE,5764523418,"['US', 'Oregon', 'Clackamas County', 'Willamette']",Adzuna::API::Response::Location,"Willamette, Clackamas County",U.S. Xpress - OTR,Adzuna::API::Response::Company,logistics-warehouse-jobs,Adzuna::API::Response::Category,Logistics & Warehouse Jobs,full_time,
0.0,-120.826353,2026-06-15T13:47:20Z,78000.0,0,Adzuna::API::Response::Job,https://www.adzuna.com/land/ad/5764523385?se=WHRkAuRo8RGdcKmg89akZw&utm_medium=api&utm_source=abfa41a4&v=196CE3FA958F01BF04333AEC858D256049D82073,"CDL-A OTR TRUCK DRIVERS: 52 - 56 CPM (based on experience). Solo OTR Drivers: Average 2,000 Miles Per Week $2,000 Sign On Bonus 100% No Touch Freight Consistent, planned schedule Predictable home time you can count on Paid Vacation Performance Bonuses Top 20% of our OTR Drivers earn $1,500 Weekly Run 28 days out, get 5 days home. It’s the balance experienced drivers want—strong miles and real time off. Team Drivers: $5,000 Sign-On Bonus/split with an average of 5,000 miles per week! $0.72 - $0.…",Truck Driver Company - 1-5mo EXP Required - OTR - Dry Van - $1.5k per week - U.S. Xpress - OTR,44.292365,eyJhbGciOiJIUzI1NiJ9.eyJpIjoiNTc2NDUyMzM4NSIsInMiOiJXSFJrQXVSbzhSR2RjS21nODlha1p3In0.QF7cKsKnpbhlwznKCOMSIFxdzP1vXeoB9N4VMArms0Q,5764523385,"['US', 'Oregon', 'Crook County', 'Prineville']",Adzuna::API::Response::Location,"Prineville, Crook County",U.S. Xpress - OTR,Adzuna::API::Response::Company,logistics-warehouse-jobs,Adzuna::API::Response::Category,Logistics & Warehouse Jobs,full_time,
0.0,-122.466025,2026-06-15T13:47:20Z,78000.0,0,Adzuna::API::Response::Job,https://www.adzuna.com/land/ad/5764523484?se=WHRkAuRo8RGdcKmg89akZw&utm_medium=api&utm_source=abfa41a4&v=172FADB28C3F0F29D86CF11A9C548A5214EB3540,"CDL-A OTR TRUCK DRIVERS: 52 - 56 CPM (based on experience). Solo OTR Drivers: Average 2,000 Miles Per Week $2,000 Sign On Bonus 100% No Touch Freight Consistent, planned schedule Predictable home time you can count on Paid Vacation Performance Bonuses Top 20% of our OTR Drivers earn $1,500 Weekly Run 28 days out, get 5 days home. It’s the balance experienced drivers want—strong miles and real time off. Team Drivers: $5,000 Sign-On Bonus/split with an average of 5,000 miles per week! $0.72 - $0.…",CDL-A Company Driver - 1-5mo EXP Required - OTR - Dry Van - $1.5k per week - U.S. Xpress - OTR,43.748284,eyJhbGciOiJIUzI1NiJ9.eyJzIjoiV0hSa0F1Um84UkdkY0ttZzg5YWtadyIsImkiOiI1NzY0NTIzNDg0In0.VpoOep6fbSygIPVoF0EJJJ3ianfC--uxjGLH1oGobVE,5764523484,"['US', 'Oregon', 'Lane County', 'Oakridge']",Adzuna::API::Response::Location,"Oakridge, Lane County",U.S. Xpress - OTR,Adzuna::API::Response::Company,logistics-warehouse-jobs,Adzuna::API::Response::Category,Logistics & Warehouse Jobs,full_time,
0.0,-122.466025,2026-06-15T13:47:20Z,78000.0,0,Adzuna::API::Response::Job,https://www.adzuna.com/land/ad/5764523487?se=WHRkAuRo8RGdcKmg89akZw&utm_medium=api&utm_source=abfa41a4&v=DDA001FF1D107E8CA85BFF71B05595EE084CAC12,"CDL-A OTR TRUCK DRIVERS: 52 - 56 CPM (based on experience). Solo OTR Drivers: Average 2,000 Miles Per Week $2,000 Sign On Bonus 100% No Touch Freight Consistent, planned schedule Predictable home time you can count on Paid Vacation Performance Bonuses Top 20% of our OTR Drivers earn $1,500 Weekly Run 28 days out, get 5 days home. It’s the balance experienced drivers want—strong miles and real time off. Team Drivers: $5,000 Sign-On Bonus/split with an average of 5,000 miles per week! $0.72 - $0.…",Truck Driver Company - 1-5mo EXP Required - OTR - Dry Van - $1.5k per week - U.S. Xpress - OTR,43.748284,eyJhbGciOiJIUzI1NiJ9.eyJpIjoiNTc2NDUyMzQ4NyIsInMiOiJXSFJrQXVSbzhSR2RjS21nODlha1p3In0.1eNruIMKm_icZQ0mTyKmbV7mDebL6S4y5vsN0nx3f6c,5764523487,"['US', 'Oregon', 'Lane County', 'Oakridge']",Adzuna::API::Response::Location,"Oakridge, Lane County",U.S. Xpress - OTR,Adzuna::API::Response::Company,logistics-warehouse-jobs,Adzuna::API::Response::Category,Logistics & Warehouse Jobs,full_time,
0.0,-120.4486,2026-06-15T13:47:20Z,78000.0,0,Adzuna::API::Response::Job,https://www.adzuna.com/land/ad/5764523450?se=WHRkAuRo8RGdcKmg89akZw&utm_medium=api&utm_source=abfa41a4&v=AFDBD5CDD6A6379241E4D76FF10D078133FA101C,"CDL-A OTR TRUCK DRIVERS: 52 - 56 CPM (based on experience). Solo OTR Drivers: Average 2,000 Miles Per Week $2,000 Sign On Bonus 100% No Touch Freight Consistent, planned schedule Predictable home time you can count on Paid Vacation Performance Bonuses Top 20% of our OTR Drivers earn $1,500 Weekly Run 28 days out, get 5 days home. It’s the balance experienced drivers want—strong miles and real time off. Team Drivers: $5,000 Sign-On Bonus/split with an average of 5,000 miles per week! $0.72 - $0.…",CDL-A Company Driver - 1-5mo EXP Required - OTR - Dry Van - $1.5k per week - U.S. Xpress - OTR,46.443565,eyJhbGciOiJIUzI1NiJ9.eyJzIjoiV0hSa0F1Um84UkdkY0ttZzg5YWtadyIsImkiOiI1NzY0NTIzNDUwIn0.o_vVkEj3NPGqpth8Qgi5pjioAsGbqabP9rR9nTnrJG0,5764523450,"['US', 'Washington', 'Yakima County', 'Wapato']",Adzuna::API::Response::Location,"Wapato, Yakima County",U.S. Xpress - OTR,Adzuna::API::Response::Company,logistics-warehouse-jobs,Adzuna::API::Response::Category,Logistics & Warehouse Jobs,full_time,
0.0,-121.53668,2026-06-15T13:47:20Z,78000.0,0,Adzuna::API::Response::Job,https://www.adzuna.com/land/ad/5764523397?se=WHRkAuRo8RGdcKmg89akZw&utm_medium=api&utm_source=abfa41a4&v=98A39BDF87B801D6ED7012E32236F0EF6D39D19A,"CDL-A OTR TRUCK DRIVERS: 52 - 56 CPM (based on experience). Solo OTR Drivers: Average 2,000 Miles Per Week $2,000 Sign On Bonus 100% No Touch Freight Consistent, planned schedule Predictable home time you can count on Paid Vacation Performance Bonuses Top 20% of our OTR Drivers earn $1,500 Weekly Run 28 days out, get 5 days home. It’s the balance experienced drivers want—strong miles and real time off. Team Drivers: $5,000 Sign-On Bonus/split with an average of 5,000 miles per week! $0.72 - $0.…",CDL-A Company Driver - 1-5mo EXP Required - OTR - Dry Van - $1.5k per week - U.S. Xpress - OTR,44.309157,eyJhbGciOiJIUzI1NiJ9.eyJzIjoiV0hSa0F1Um84UkdkY0ttZzg5YWtadyIsImkiOiI1NzY0NTIzMzk3In0.09YwUCmX3gI9ezLKBrRo870lSkvOJr8aFFEOtn4MmBA,5764523397,"['US', 'Oregon', 'Deschutes County', 'Sisters']",Adzuna::API::Response::Location,"Sisters, Deschutes County",U.S. Xpress - OTR,Adzuna::API::Response::Company,logistics-warehouse-jobs,Adzuna::API::Response::Category,Logistics & Warehouse Jobs,full_time,
0.0,-123.2754,2026-06-15T13:47:20Z,78000.0,0,Adzuna::API::Response::Job,https://www.adzuna.com/land/ad/5764523464?se=WHRkAuRo8RGdcKmg89akZw&utm_medium=api&utm_source=abfa41a4&v=CC599DEB277584ADCEFF170374B27AA3FCA101A5,"CDL-A OTR TRUCK DRIVERS: 52 - 56 CPM (based on experience). Solo OTR Drivers: Average 2,000 Miles Per Week $2,000 Sign On Bonus 100% No Touch Freight Consistent, planned schedule Predictable home time you can count on Paid Vacation Performance Bonuses Top 20% of our OTR Drivers earn $1,500 Weekly Run 28 days out, get 5 days home. It’s the balance experienced drivers want—strong miles and real time off. Team Drivers: $5,000 Sign-On Bonus/split with an average of 5,000 miles per week! $0.72 - $0.…",Truck Driver Company - 1-5mo EXP Required - OTR - Dry Van - $1.5k per week - U.S. Xpress - OTR,44.6421,eyJhbGciOiJIUzI1NiJ9.eyJzIjoiV0hSa0F1Um84UkdkY0ttZzg5YWtadyIsImkiOiI1NzY0NTIzNDY0In0.wf7Qalp4Nn8PmN_GqgxIS_lWWUNrAUCRq10DINiXkac,5764523464,"['US', 'Oregon', 'Benton County', 'Corvallis']",Adzuna::API::Response::Location,"Corvallis, Benton County",U.S. Xpress - OTR,Adzuna::API::Response::Company,logistics-warehouse-jobs,Adzuna::API::Response::Category,Logistics & Warehouse Jobs,full_time,
0.0,-121.525959,2026-06-15T13:47:20Z,78000.0,0,Adzuna::API::Response::Job,https://www.adzuna.com/land/ad/5764523391?se=WHRkAuRo8RGdcKmg89akZw&utm_medium=api&utm_source=abfa41a4&v=BF32110C214C8C4783ABCAABA494AB94BD456F96,"CDL-A OTR TRUCK DRIVERS: 52 - 56 CPM (based on experience). Solo OTR Drivers: Average 2,000 Miles Per Week $2,000 Sign On Bonus 100% No Touch Freight Consistent, planned schedule Predictable home time you can count on Paid Vacation Performance Bonuses Top 20% of our OTR Drivers earn $1,500 Weekly Run 28 days out, get 5 days home. It’s the balance experienced drivers want—strong miles and real time off. Team Drivers: $5,000 Sign-On Bonus/split with an average of 5,000 miles per week! $0.72 - $0.…",Truck Driver Company - 1-5mo EXP Required - OTR - Dry Van - $1.5k per week - U.S. Xpress - OTR,43.690687,eyJhbGciOiJIUzI1NiJ9.eyJzIjoiV0hSa0F1Um84UkdkY0ttZzg5YWtadyIsImkiOiI1NzY0NTIzMzkxIn0.PpmnEk3_lxG2AvEVy4sjD4sPVfNhXZUmCVw6lOA2Nuo,5764523391,"['US', 'Oregon', 'Deschutes County', 'East Lake']",Adzuna::API::Response::Location,"East Lake, Deschutes County",U.S. Xpress - OTR,Adzuna::API::Response::Company,logistics-warehouse-jobs,Adzuna::API::Response::Category,Logistics & Warehouse Jobs,full_time,
0.0,-122.733058,2026-06-15T13:47:20Z,78000.0,0,Adzuna::API::Response::Job,https://www.adzuna.com/land/ad/5764523473?se=WHRkAuRo8RGdcKmg89akZw&utm_medium=api&utm_source=abfa41a4&v=8925B343404069DFC2768B54A73C7B164C882A80,"CDL-A OTR TRUCK DRIVERS: 52 - 56 CPM (based on experience). Solo OTR Drivers: Average 2,000 Miles Per Week $2,000 Sign On Bonus 100% No Touch Freight Consistent, planned schedule Predictable home time you can count on Paid Vacation Performance Bonuses Top 20% of our OTR Drivers earn $1,500 Weekly Run 28 days out, get 5 days home. It’s the balance experienced drivers want—strong miles and real time off. Team Drivers: $5,000 Sign-On Bonus/split with an average of 5,000 miles per week! $0.72 - $0.…",Class A CDL Company Driver - 1-5mo EXP Required - OTR - Dry Van - $1.5k per week - U.S. Xpress - OTR,44.392783,eyJhbGciOiJIUzI1NiJ9.eyJzIjoiV0hSa0F1Um84UkdkY0ttZzg5YWtadyIsImkiOiI1NzY0NTIzNDczIn0.-lhyNp7iIyhwUehZmVtbr1nTJhm4qDie3K7Xd0YoJEU,5764523473,"['US', 'Oregon', 'Linn County', 'Sweet Home']",Adzuna::API::Response::Location,"Sweet Home, Linn County",U.S. Xpress - OTR,Adzuna::API::Response::Company,logistics-warehouse-jobs,Adzuna::API::Response::Category,Logistics & Warehouse Jobs,full_time,
0.0,-123.91149,2026-06-15T13:47:20Z,78000.0,0,Adzuna::API::Response::Job,https://www.adzuna.com/land/ad/5764523478?se=WHRkAuRo8RGdcKmg89akZw&utm_medium=api&utm_source=abfa41a4&v=D7FB78E51123BCB20200E1A804C3D7AA22082B44,"CDL-A OTR TRUCK DRIVERS: 52 - 56 CPM (based on experience). Solo OTR Drivers: Average 2,000 Miles Per Week $2,000 Sign On Bonus 100% No Touch Freight Consistent, planned schedule Predictable home time you can count on Paid Vacation Performance Bonuses Top 20% of our OTR Drivers earn $1,500 Weekly Run 28 days out, get 5 days home. It’s the balance experienced drivers want—strong miles and real time off. Team Drivers: $5,000 Sign-On Bonus/split with an average of 5,000 miles per week! $0.72 - $0.…",CDL-A Company Driver - 1-5mo EXP Required - OTR - Dry Van - $1.5k per week - U.S. Xpress - OTR,44.731783,eyJhbGciOiJIUzI1NiJ9.eyJzIjoiV0hSa0F1Um84UkdkY0ttZzg5YWtadyIsImkiOiI1NzY0NTIzNDc4In0.QJVUG_ki2n3-iko3MC19eqLibOA1ryC_tYZ3h-FZ6jY,5764523478,"['US', 'Oregon', 'Lincoln County', 'Toledo']",Adzuna::API::Response::Location,"Toledo, Lincoln County",U.S. Xpress - OTR,Adzuna::API::Response::Company,logistics-warehouse-jobs,Adzuna::API::Response::Category,Logistics & Warehouse Jobs,full_time,
0.0,-122.574305,2026-06-15T13:47:20Z,78000.0,0,Adzuna::API::Response::Job,https://www.adzuna.com/land/ad/5764523410?se=WHRkAuRo8RGdcKmg89akZw&utm_medium=api&utm_source=abfa41a4&v=7237ADEEDD28E1D807E639D77A22D1AFFB9DC48D,"CDL-A OTR TRUCK DRIVERS: 52 - 56 CPM (based on experience). Solo OTR Drivers: Average 2,000 Miles Per Week $2,000 Sign On Bonus 100% No Touch Freight Consistent, planned schedule Predictable home time you can count on Paid Vacation Performance Bonuses Top 20% of our OTR Drivers earn $1,500 Weekly Run 28 days out, get 5 days home. It’s the balance experienced drivers want—strong miles and real time off. Team Drivers: $5,000 Sign-On Bonus/split with an average of 5,000 miles per week! $0.72 - $0.…",Class A CDL Company Driver - 1-5mo EXP Required - OTR - Dry Van - $1.5k per week - U.S. Xpress - OTR,45.335674,eyJhbGciOiJIUzI1NiJ9.eyJpIjoiNTc2NDUyMzQxMCIsInMiOiJXSFJrQXVSbzhSR2RjS21nODlha1p3In0.WsP3orNa1MCE-4_OYjJUf5jpXzC62tlnTy-ntDKeckg,5764523410,"['US', 'Oregon', 'Clackamas County', 'Oregon City']",Adzuna::API::Response::Location,"Oregon City, Clackamas County",U.S. Xpress - OTR,Adzuna::API::Response::Company,logistics-warehouse-jobs,Adzuna::API::Response::Category,Logistics & Warehouse Jobs,full_time,
0.0,-123.71694,2026-06-15T13:47:20Z,78000.0,0,Adzuna::API::Response::Job,https://www.adzuna.com/land/ad/5764523433?se=WHRkAuRo8RGdcKmg89akZw&utm_medium=api&utm_source=abfa41a4&v=021EFF7F0E1B6367ABA098F9C2606E6EE1D2A3FC,"CDL-A OTR TRUCK DRIVERS: 52 - 56 CPM (based on experience). Solo OTR Drivers: Average 2,000 Miles Per Week $2,000 Sign On Bonus 100% No Touch Freight Consistent, planned schedule Predictable home time you can count on Paid Vacation Performance Bonuses Top 20% of our OTR Drivers earn $1,500 Weekly Run 28 days out, get 5 days home. It’s the balance experienced drivers want—strong miles and real time off. Team Drivers: $5,000 Sign-On Bonus/split with an average of 5,000 miles per week! $0.72 - $0.…",CDL-A Company Driver - 1-5mo EXP Required - OTR - Dry Van - $1.5k per week - U.S. Xpress - OTR,45.46638,eyJhbGciOiJIUzI1NiJ9.eyJpIjoiNTc2NDUyMzQzMyIsInMiOiJXSFJrQXVSbzhSR2RjS21nODlha1p3In0.s5f7pQ2Lkj1neItXEkFbB7hp5nm5bwZrXQrqQx0jZoE,5764523433,"['US', 'Oregon', 'Tillamook County', 'Lees Camp']",Adzuna::API::Response::Location,"Lees Camp, Tillamook County",U.S. Xpress - OTR,Adzuna::API::Response::Company,logistics-warehouse-jobs,Adzuna::API::Response::Category,Logistics & Warehouse Jobs,full_time,
0.0,-120.32,2026-06-15T13:47:20Z,78000.0,0,Adzuna::API::Response::Job,https://www.adzuna.com/land/ad/5764523476?se=WHRkAuRo8RGdcKmg89akZw&utm_medium=api&utm_source=abfa41a4&v=CF7702E9E273263F79164201374232648FD2EE1E,"CDL-A OTR TRUCK DRIVERS: 52 - 56 CPM (based on experience). Solo OTR Drivers: Average 2,000 Miles Per Week $2,000 Sign On Bonus 100% No Touch Freight Consistent, planned schedule Predictable home time you can count on Paid Vacation Performance Bonuses Top 20% of our OTR Drivers earn $1,500 Weekly Run 28 days out, get 5 days home. It’s the balance experienced drivers want—strong miles and real time off. Team Drivers: $5,000 Sign-On Bonus/split with an average of 5,000 miles per week! $0.72 - $0.…",CDL-A Company Driver - 1-5mo EXP Required - OTR - Dry Van - $1.5k per week - U.S. Xpress - OTR,46.374031,eyJhbGciOiJIUzI1NiJ9.eyJzIjoiV0hSa0F1Um84UkdkY0ttZzg5YWtadyIsImkiOiI1NzY0NTIzNDc2In0.-WBTqKzn1ri72-hBjNgkmKJv6IJX5XRTfcpxK1EOc3I,5764523476,"['US', 'Washington', 'Yakima County', 'Toppenish']",Adzuna::API::Response::Location,"Toppenish, Yakima County",U.S. Xpress - OTR,Adzuna::API::Response::Company,logistics-warehouse-jobs,Adzuna::API::Response::Category,Logistics & Warehouse Jobs,full_time,
0.0,-122.420435,2026-06-15T13:47:20Z,78000.0,0,Adzuna::API::Response::Job,https://www.adzuna.com/land/ad/5764523412?se=WHRkAuRo8RGdcKmg89akZw&utm_medium=api&utm_source=abfa41a4&v=D73EACF16BCB11F30726B331C4973765EBB6DFA5,"CDL-A OTR TRUCK DRIVERS: 52 - 56 CPM (based on experience). Solo OTR Drivers: Average 2,000 Miles Per Week $2,000 Sign On Bonus 100% No Touch Freight Consistent, planned schedule Predictable home time you can count on Paid Vacation Performance Bonuses Top 20% of our OTR Drivers earn $1,500 Weekly Run 28 days out, get 5 days home. It’s the balance experienced drivers want—strong miles and real time off. Team Drivers: $5,000 Sign-On Bonus/split with an average of 5,000 miles per week! $0.72 - $0.…",Truck Driver Company - 1-5mo EXP Required - OTR - Dry Van - $1.5k per week - U.S. Xpress - OTR,45.499394,eyJhbGciOiJIUzI1NiJ9.eyJzIjoiV0hSa0F1Um84UkdkY0ttZzg5YWtadyIsImkiOiI1NzY0NTIzNDEyIn0.R6z2WDInRgI6IgMNOhoqmLT8kBzWrMp81iVMMvoGFnc,5764523412,"['US', 'Oregon', 'Multnomah County', 'Gresham']",Adzuna::API::Response::Location,"Gresham, Multnomah County",U.S. Xpress - OTR,Adzuna::API::Response::Company,logistics-warehouse-jobs,Adzuna::API::Response::Category,Logistics & Warehouse Jobs,full_time,
0.0,-120.002377,2026-06-15T13:47:20Z,78000.0,0,Adzuna::API::Response::Job,https://www.adzuna.com/land/ad/5764523446?se=WHRkAuRo8RGdcKmg89akZw&utm_medium=api&utm_source=abfa41a4&v=FD30F83E1A58FE034A745B116AAB7EBE4D096243,"CDL-A OTR TRUCK DRIVERS: 52 - 56 CPM (based on experience). Solo OTR Drivers: Average 2,000 Miles Per Week $2,000 Sign On Bonus 100% No Touch Freight Consistent, planned schedule Predictable home time you can count on Paid Vacation Performance Bonuses Top 20% of our OTR Drivers earn $1,500 Weekly Run 28 days out, get 5 days home. It’s the balance experienced drivers want—strong miles and real time off. Team Drivers: $5,000 Sign-On Bonus/split with an average of 5,000 miles per week! $0.72 - $0.…",Class A CDL Company Driver - 1-5mo EXP Required - OTR - Dry Van - $1.5k per week - U.S. Xpress - OTR,46.327109,eyJhbGciOiJIUzI1NiJ9.eyJpIjoiNTc2NDUyMzQ0NiIsInMiOiJXSFJrQXVSbzhSR2RjS21nODlha1p3In0.HvC6KcX4TpEGCBnD3rtGgTYygYCURFfjcWC5gkckhAY,5764523446,"['US', 'Washington', 'Yakima County', 'Sunnyside']",Adzuna::API::Response::Location,"Sunnyside, Yakima County",U.S. Xpress - OTR,Adzuna::API::Response::Company,logistics-warehouse-jobs,Adzuna::API::Response::Category,Logistics & Warehouse Jobs,full_time,
0.0,-122.577431,2026-06-15T13:47:20Z,78000.0,0,Adzuna::API::Response::Job,https://www.adzuna.com/land/ad/5764523429?se=kkhGA-Ro8RGdcKmg89akZw&utm_medium=api&utm_source=abfa41a4&v=3D80B997355D85097AECF87F87CCB7CB93846B35,"CDL-A OTR TRUCK DRIVERS: 52 - 56 CPM (based on experience). Solo OTR Drivers: Average 2,000 Miles Per Week $2,000 Sign On Bonus 100% No Touch Freight Consistent, planned schedule Predictable home time you can count on Paid Vacation Performance Bonuses Top 20% of our OTR Drivers earn $1,500 Weekly Run 28 days out, get 5 days home. It’s the balance experienced drivers want—strong miles and real time off. Team Drivers: $5,000 Sign-On Bonus/split with an average of 5,000 miles per week! $0.72 - $0.…",Truck Driver Company - 1-5mo EXP Required - OTR - Dry Van - $1.5k per week - U.S. Xpress - OTR,45.137092,eyJhbGciOiJIUzI1NiJ9.eyJzIjoia2toR0EtUm84UkdkY0ttZzg5YWtadyIsImkiOiI1NzY0NTIzNDI5In0.6P7Am_DGgT2F6Mlj_gTZROYbZ3vmwZ6wBQAAGTUMhXk,5764523429,"['US', 'Oregon', 'Clackamas County', 'Molalla']",Adzuna::API::Response::Location,"Molalla, Clackamas County",U.S. Xpress - OTR,Adzuna::API::Response::Company,logistics-warehouse-jobs,Adzuna::API::Response::Category,Logistics & Warehouse Jobs,full_time,
0.0,-120.823873,2026-06-15T13:47:20Z,78000.0,0,Adzuna::API::Response::Job,https://www.adzuna.com/land/ad/5764523463?se=kkhGA-Ro8RGdcKmg89akZw&utm_medium=api&utm_source=abfa41a4&v=CE71DD68F25248228EBC58FEB19F79B2C1F7AB6A,"CDL-A OTR TRUCK DRIVERS: 52 - 56 CPM (based on experience). Solo OTR Drivers: Average 2,000 Miles Per Week $2,000 Sign On Bonus 100% No Touch Freight Consistent, planned schedule Predictable home time you can count on Paid Vacation Performance Bonuses Top 20% of our OTR Drivers earn $1,500 Weekly Run 28 days out, get 5 days home. It’s the balance experienced drivers want—strong miles and real time off. Team Drivers: $5,000 Sign-On Bonus/split with an average of 5,000 miles per week! $0.72 - $0.…",Class A CDL Company Driver - 1-5mo EXP Required - OTR - Dry Van - $1.5k per week - U.S. Xpress - OTR,45.839802,eyJhbGciOiJIUzI1NiJ9.eyJzIjoia2toR0EtUm84UkdkY0ttZzg5YWtadyIsImkiOiI1NzY0NTIzNDYzIn0.KZy4BnyaSrVYapqCRlDS-OiF2J-07eIePQAegefJ19I,5764523463,"['US', 'Washington', 'Klickitat County', 'Goldendale']",Adzuna::API::Response::Location,"Goldendale, Klickitat County",U.S. Xpress - OTR,Adzuna::API::Response::Company,logistics-warehouse-jobs,Adzuna::API::Response::Category,Logistics & Warehouse Jobs,full_time,
0.0,-120.826353,2026-06-15T13:47:20Z,78000.0,0,Adzuna::API::Response::Job,https://www.adzuna.com/land/ad/5764523384?se=kkhGA-Ro8RGdcKmg89akZw&utm_medium=api&utm_source=abfa41a4&v=41DFAB59FF28AA9E0C35CAF2FD520D9BAE801283,"CDL-A OTR TRUCK DRIVERS: 52 - 56 CPM (based on experience). Solo OTR Drivers: Average 2,000 Miles Per Week $2,000 Sign On Bonus 100% No Touch Freight Consistent, planned schedule Predictable home time you can count on Paid Vacation Performance Bonuses Top 20% of our OTR Drivers earn $1,500 Weekly Run 28 days out, get 5 days home. It’s the balance experienced drivers want—strong miles and real time off. Team Drivers: $5,000 Sign-On Bonus/split with an average of 5,000 miles per week! $0.72 - $0.…",Class A CDL Company Driver - 1-5mo EXP Required - OTR - Dry Van - $1.5k per week - U.S. Xpress - OTR,44.292365,eyJhbGciOiJIUzI1NiJ9.eyJpIjoiNTc2NDUyMzM4NCIsInMiOiJra2hHQS1SbzhSR2RjS21nODlha1p3In0.ibc8BGLO2FWnnPI1Qwd2JTIqb4FN7sW8E232djrcBzo,5764523384,"['US', 'Oregon', 'Crook County', 'Prineville']",Adzuna::API::Response::Location,"Prineville, Crook County",U.S. Xpress - OTR,Adzuna::API::Response::Company,logistics-warehouse-jobs,Adzuna::API::Response::Category,Logistics & Warehouse Jobs,full_time,
0.0,-121.228102,2026-06-15T13:47:20Z,78000.0,0,Adzuna::API::Response::Job,https://www.adzuna.com/land/ad/5764523401?se=kkhGA-Ro8RGdcKmg89akZw&utm_medium=api&utm_source=abfa41a4&v=DDA3C65CFF3271978E7A35DC0205554DB0362A74,"CDL-A OTR TRUCK DRIVERS: 52 - 56 CPM (based on experience). Solo OTR Drivers: Average 2,000 Miles Per Week $2,000 Sign On Bonus 100% No Touch Freight Consistent, planned schedule Predictable home time you can count on Paid Vacation Performance Bonuses Top 20% of our OTR Drivers earn $1,500 Weekly Run 28 days out, get 5 days home. It’s the balance experienced drivers want—strong miles and real time off. Team Drivers: $5,000 Sign-On Bonus/split with an average of 5,000 miles per week! $0.72 - $0.…",Class A CDL Company Driver - 1-5mo EXP Required - OTR - Dry Van - $1.5k per week - U.S. Xpress - OTR,44.520704,eyJhbGciOiJIUzI1NiJ9.eyJpIjoiNTc2NDUyMzQwMSIsInMiOiJra2hHQS1SbzhSR2RjS21nODlha1p3In0.ixIoJHNXgUFo2G-gE9J4Rd0N6H1VSy6ogjrqa1RdevU,5764523401,"['US', 'Oregon', 'Jefferson County', 'Culver']",Adzuna::API::Response::Location,"Culver, Jefferson County",U.S. Xpress - OTR,Adzuna::API::Response::Company,logistics-warehouse-jobs,Adzuna::API::Response::Category,Logistics & Warehouse Jobs,full_time,
0.0,-122.420435,2026-06-15T13:47:20Z,78000.0,0,Adzuna::API::Response::Job,https://www.adzuna.com/land/ad/5764523411?se=kkhGA-Ro8RGdcKmg89akZw&utm_medium=api&utm_source=abfa41a4&v=38581FDC33C82CF3BD997A1864E25B3EBE23F279,"CDL-A OTR TRUCK DRIVERS: 52 - 56 CPM (based on experience). Solo OTR Drivers: Average 2,000 Miles Per Week $2,000 Sign On Bonus 100% No Touch Freight Consistent, planned schedule Predictable home time you can count on Paid Vacation Performance Bonuses Top 20% of our OTR Drivers earn $1,500 Weekly Run 28 days out, get 5 days home. It’s the balance experienced drivers want—strong miles and real time off. Team Drivers: $5,000 Sign-On Bonus/split with an average of 5,000 miles per week! $0.72 - $0.…",CDL-A Company Driver - 1-5mo EXP Required - OTR - Dry Van - $1.5k per week - U.S. Xpress - OTR,45.499394,eyJhbGciOiJIUzI1NiJ9.eyJzIjoia2toR0EtUm84UkdkY0ttZzg5YWtadyIsImkiOiI1NzY0NTIzNDExIn0.MS4rOKn5kkMBtptVcsB16kvLE90U-nqVfoWZAbnBFcw,5764523411,"['US', 'Oregon', 'Multnomah County', 'Gresham']",Adzuna::API::Response::Location,"Gresham, Multnomah County",U.S. Xpress - OTR,Adzuna::API::Response::Company,logistics-warehouse-jobs,Adzuna::API::Response::Category,Logistics & Warehouse Jobs,full_time,
0.0,-121.127168,2026-06-15T13:47:20Z,78000.0,0,Adzuna::API::Response::Job,https://www.adzuna.com/land/ad/5764523388?se=kkhGA-Ro8RGdcKmg89akZw&utm_medium=api&utm_source=abfa41a4&v=BC401355B3618B802D6EAE22B7F71E8688A547D2,"CDL-A OTR TRUCK DRIVERS: 52 - 56 CPM (based on experience). Solo OTR Drivers: Average 2,000 Miles Per Week $2,000 Sign On Bonus 100% No Touch Freight Consistent, planned schedule Predictable home time you can count on Paid Vacation Performance Bonuses Top 20% of our OTR Drivers earn $1,500 Weekly Run 28 days out, get 5 days home. It’s the balance experienced drivers want—strong miles and real time off. Team Drivers: $5,000 Sign-On Bonus/split with an average of 5,000 miles per week! $0.72 - $0.…",CDL-A Company Driver - 1-5mo EXP Required - OTR - Dry Van - $1.5k per week - U.S. Xpress - OTR,44.632636,eyJhbGciOiJIUzI1NiJ9.eyJzIjoia2toR0EtUm84UkdkY0ttZzg5YWtadyIsImkiOiI1NzY0NTIzMzg4In0.X9Qfrq5Q0Q_sLRbM9Qu7ioojvbp2u-4P6V4esP29hh8,5764523388,"['US', 'Oregon', 'Jefferson County', 'Madras']",Adzuna::API::Response::Location,"Madras, Jefferson County",U.S. Xpress - OTR,Adzuna::API::Response::Company,logistics-warehouse-jobs,Adzuna::API::Response::Category,Logistics & Warehouse Jobs,full_time,
0.0,-121.237582,2026-06-15T13:47:20Z,78000.0,0,Adzuna::API::Response::Job,https://www.adzuna.com/land/ad/5764523395?se=kkhGA-Ro8RGdcKmg89akZw&utm_medium=api&utm_source=abfa41a4&v=23595D4B49DA383D62BE008231D32354CBB712E9,"CDL-A OTR TRUCK DRIVERS: 52 - 56 CPM (based on experience). Solo OTR Drivers: Average 2,000 Miles Per Week $2,000 Sign On Bonus 100% No Touch Freight Consistent, planned schedule Predictable home time you can count on Paid Vacation Performance Bonuses Top 20% of our OTR Drivers earn $1,500 Weekly Run 28 days out, get 5 days home. It’s the balance experienced drivers want—strong miles and real time off. Team Drivers: $5,000 Sign-On Bonus/split with an average of 5,000 miles per week! $0.72 - $0.…",Class A CDL Company Driver - 1-5mo EXP Required - OTR - Dry Van - $1.5k per week - U.S. Xpress - OTR,44.398885,eyJhbGciOiJIUzI1NiJ9.eyJpIjoiNTc2NDUyMzM5NSIsInMiOiJra2hHQS1SbzhSR2RjS21nODlha1p3In0.oFhPiTK53Oqj_RP1UNtyntKFO6SUAxqXW3n0m-utkCM,5764523395,"['US', 'Oregon', 'Jefferson County', 'Crooked River Ranch']",Adzuna::API::Response::Location,"Crooked River Ranch, Jefferson County",U.S. Xpress - OTR,Adzuna::API::Response::Company,logistics-warehouse-jobs,Adzuna::API::Response::Category,Logistics & Warehouse Jobs,full_time,
0.0,-123.95274,2026-06-15T13:47:20Z,78000.0,0,Adzuna::API::Response::Job,https://www.adzuna.com/land/ad/5764523472?se=kkhGA-Ro8RGdcKmg89akZw&utm_medium=api&utm_source=abfa41a4&v=AC3391330DF7AD998329990D63F6A2D730C6DFA7,"CDL-A OTR TRUCK DRIVERS: 52 - 56 CPM (based on experience). Solo OTR Drivers: Average 2,000 Miles Per Week $2,000 Sign On Bonus 100% No Touch Freight Consistent, planned schedule Predictable home time you can count on Paid Vacation Performance Bonuses Top 20% of our OTR Drivers earn $1,500 Weekly Run 28 days out, get 5 days home. It’s the balance experienced drivers want—strong miles and real time off. Team Drivers: $5,000 Sign-On Bonus/split with an average of 5,000 miles per week! $0.72 - $0.…",Truck Driver Company - 1-5mo EXP Required - OTR - Dry Van - $1.5k per week - U.S. Xpress - OTR,44.9622,eyJhbGciOiJIUzI1NiJ9.eyJzIjoia2toR0EtUm84UkdkY0ttZzg5YWtadyIsImkiOiI1NzY0NTIzNDcyIn0.X7s7mj2y7d1EPOnAfCPa8j4x4cEURs6NvZAT-40UxwM,5764523472,"['US', 'Oregon', 'Lincoln County', 'Lincoln City']",Adzuna::API::Response::Location,"Lincoln City, Lincoln County",U.S. Xpress - OTR,Adzuna::API::Response::Company,logistics-warehouse-jobs,Adzuna::API::Response::Category,Logistics & Warehouse Jobs,full_time,
0.0,-121.228102,2026-06-15T13:47:20Z,78000.0,0,Adzuna::API::Response::Job,https://www.adzuna.com/land/ad/5764523403?se=kkhGA-Ro8RGdcKmg89akZw&utm_medium=api&utm_source=abfa41a4&v=E8431E7340D243EA53D746441F2380F41E2B8727,"CDL-A OTR TRUCK DRIVERS: 52 - 56 CPM (based on experience). Solo OTR Drivers: Average 2,000 Miles Per Week $2,000 Sign On Bonus 100% No Touch Freight Consistent, planned schedule Predictable home time you can count on Paid Vacation Performance Bonuses Top 20% of our OTR Drivers earn $1,500 Weekly Run 28 days out, get 5 days home. It’s the balance experienced drivers want—strong miles and real time off. Team Drivers: $5,000 Sign-On Bonus/split with an average of 5,000 miles per week! $0.72 - $0.…",CDL-A Company Driver - 1-5mo EXP Required - OTR - Dry Van - $1.5k per week - U.S. Xpress - OTR,44.520704,eyJhbGciOiJIUzI1NiJ9.eyJpIjoiNTc2NDUyMzQwMyIsInMiOiJra2hHQS1SbzhSR2RjS21nODlha1p3In0.Y5bifmSj9855KX2GPIZI4YiCT3Eq2YAJFvJPAUrTe-w,5764523403,"['US', 'Oregon', 'Jefferson County', 'Culver']",Adzuna::API::Response::Location,"Culver, Jefferson County",U.S. Xpress - OTR,Adzuna::API::Response::Company,logistics-warehouse-jobs,Adzuna::API::Response::Category,Logistics & Warehouse Jobs,full_time,
0.0,-120.259481,2026-06-15T13:47:20Z,78000.0,0,Adzuna::API::Response::Job,https://www.adzuna.com/land/ad/5764523465?se=kkhGA-Ro8RGdcKmg89akZw&utm_medium=api&utm_source=abfa41a4&v=D3C12F205DBFF17CDC6761A21AF92C21EFDCA308,"CDL-A OTR TRUCK DRIVERS: 52 - 56 CPM (based on experience). Solo OTR Drivers: Average 2,000 Miles Per Week $2,000 Sign On Bonus 100% No Touch Freight Consistent, planned schedule Predictable home time you can count on Paid Vacation Performance Bonuses Top 20% of our OTR Drivers earn $1,500 Weekly Run 28 days out, get 5 days home. It’s the balance experienced drivers want—strong miles and real time off. Team Drivers: $5,000 Sign-On Bonus/split with an average of 5,000 miles per week! $0.72 - $0.…",Truck Driver Company - 1-5mo EXP Required - OTR - Dry Van - $1.5k per week - U.S. Xpress - OTR,46.419542,eyJhbGciOiJIUzI1NiJ9.eyJzIjoia2toR0EtUm84UkdkY0ttZzg5YWtadyIsImkiOiI1NzY0NTIzNDY1In0.6nerSvh423VieZvm_AL8M8cHA4XSE5VpSqXNnmbqC30,5764523465,"['US', 'Washington', 'Yakima County', 'Zillah']",Adzuna::API::Response::Location,"Zillah, Yakima County",U.S. Xpress - OTR,Adzuna::API::Response::Company,logistics-warehouse-jobs,Adzuna::API::Response::Category,Logistics & Warehouse Jobs,full_time,
0.0,-119.893153,2026-06-15T13:47:20Z,78000.0,0,Adzuna::API::Response::Job,https://www.adzuna.com/land/ad/5764523459?se=kkhGA-Ro8RGdcKmg89akZw&utm_medium=api&utm_source=abfa41a4&v=63BAC6C9AB0C384AE5F053018FF2474916875B89,"CDL-A OTR TRUCK DRIVERS: 52 - 56 CPM (based on experience). Solo OTR Drivers: Average 2,000 Miles Per Week $2,000 Sign On Bonus 100% No Touch Freight Consistent, planned schedule Predictable home time you can count on Paid Vacation Performance Bonuses Top 20% of our OTR Drivers earn $1,500 Weekly Run 28 days out, get 5 days home. It’s the balance experienced drivers want—strong miles and real time off. Team Drivers: $5,000 Sign-On Bonus/split with an average of 5,000 miles per week! $0.72 - $0.…",CDL-A Company Driver - 1-5mo EXP Required - OTR - Dry Van - $1.5k per week - U.S. Xpress - OTR,46.725964,eyJhbGciOiJIUzI1NiJ9.eyJzIjoia2toR0EtUm84UkdkY0ttZzg5YWtadyIsImkiOiI1NzY0NTIzNDU5In0.7zA6vJmheO2pjYY288CrnQkSKSPX49dOPJPR6K1wlu4,5764523459,"['US', 'Washington', 'Grant County', 'Mattawa']",Adzuna::API::Response::Location,"Mattawa, Grant County",U.S. Xpress - OTR,Adzuna::API::Response::Company,logistics-warehouse-jobs,Adzuna::API::Response::Category,Logistics & Warehouse Jobs,full_time,
0.0,-122.424532,2026-06-15T13:47:20Z,78000.0,0,Adzuna::API::Response::Job,https://www.adzuna.com/land/ad/5764523417?se=kkhGA-Ro8RGdcKmg89akZw&utm_medium=api&utm_source=abfa41a4&v=E2E2F76A0F4C4AD9532C1ADDE6C2F4C573646FA4,"CDL-A OTR TRUCK DRIVERS: 52 - 56 CPM (based on experience). Solo OTR Drivers: Average 2,000 Miles Per Week $2,000 Sign On Bonus 100% No Touch Freight Consistent, planned schedule Predictable home time you can count on Paid Vacation Performance Bonuses Top 20% of our OTR Drivers earn $1,500 Weekly Run 28 days out, get 5 days home. It’s the balance experienced drivers want—strong miles and real time off. Team Drivers: $5,000 Sign-On Bonus/split with an average of 5,000 miles per week! $0.72 - $0.…",Class A CDL Company Driver - 1-5mo EXP Required - OTR - Dry Van - $1.5k per week - U.S. Xpress - OTR,45.60612,eyJhbGciOiJIUzI1NiJ9.eyJpIjoiNTc2NDUyMzQxNyIsInMiOiJra2hHQS1SbzhSR2RjS21nODlha1p3In0.IZ1BfgIVacb8i6QbDNgw8Tgq0cNIaAjo2GRQ-gwtKR0,5764523417,"['US', 'Washington', 'Clark County', 'Camas']",Adzuna::API::Response::Location,"Camas, Clark County",U.S. Xpress - OTR,Adzuna::API::Response::Company,logistics-warehouse-jobs,Adzuna::API::Response::Category,Logistics & Warehouse Jobs,full_time,
0.0,-122.521601,2026-06-15T13:47:20Z,78000.0,0,Adzuna::API::Response::Job,https://www.adzuna.com/land/ad/5764523419?se=kkhGA-Ro8RGdcKmg89akZw&utm_medium=api&utm_source=abfa41a4&v=C3AA94374FE19562DCF87FB256F8F2D66E5E5D3B,"CDL-A OTR TRUCK DRIVERS: 52 - 56 CPM (based on experience). Solo OTR Drivers: Average 2,000 Miles Per Week $2,000 Sign On Bonus 100% No Touch Freight Consistent, planned schedule Predictable home time you can count on Paid Vacation Performance Bonuses Top 20% of our OTR Drivers earn $1,500 Weekly Run 28 days out, get 5 days home. It’s the balance experienced drivers want—strong miles and real time off. Team Drivers: $5,000 Sign-On Bonus/split with an average of 5,000 miles per week! $0.72 - $0.…",Class A CDL Company Driver - 1-5mo EXP Required - OTR - Dry Van - $1.5k per week - U.S. Xpress - OTR,45.794077,eyJhbGciOiJIUzI1NiJ9.eyJpIjoiNTc2NDUyMzQxOSIsInMiOiJra2hHQS1SbzhSR2RjS21nODlha1p3In0.NiC8NUCb6WZGVZxgRLwglypYblUOEiNuyHaFQe2cmNw,5764523419,"['US', 'Washington', 'Clark County', 'Battle Ground']",Adzuna::API::Response::Location,"Battle Ground, Clark County",U.S. Xpress - OTR,Adzuna::API::Response::Company,logistics-warehouse-jobs,Adzuna::API::Response::Category,Logistics & Warehouse Jobs,full_time,
0.0,-122.767051,2026-06-15T13:47:20Z,78000.0,0,Adzuna::API::Response::Job,https://www.adzuna.com/land/ad/5764523424?se=kkhGA-Ro8RGdcKmg89akZw&utm_medium=api&utm_source=abfa41a4&v=C79D732E329BAB85EEAA91DF02DC16A7488FCFEE,"CDL-A OTR TRUCK DRIVERS: 52 - 56 CPM (based on experience). Solo OTR Drivers: Average 2,000 Miles Per Week $2,000 Sign On Bonus 100% No Touch Freight Consistent, planned schedule Predictable home time you can count on Paid Vacation Performance Bonuses Top 20% of our OTR Drivers earn $1,500 Weekly Run 28 days out, get 5 days home. It’s the balance experienced drivers want—strong miles and real time off. Team Drivers: $5,000 Sign-On Bonus/split with an average of 5,000 miles per week! $0.72 - $0.…",CDL-A Company Driver - 1-5mo EXP Required - OTR - Dry Van - $1.5k per week - U.S. Xpress - OTR,45.374002,eyJhbGciOiJIUzI1NiJ9.eyJpIjoiNTc2NDUyMzQyNCIsInMiOiJra2hHQS1SbzhSR2RjS21nODlha1p3In0.WYqWM7eGdw5AjUapnrPfcXIRwaIJfo2nLIjmnnG6V8c,5764523424,"['US', 'Oregon', 'Washington County', 'Tualatin']",Adzuna::API::Response::Location,"Tualatin, Washington County",U.S. Xpress - OTR,Adzuna::API::Response::Company,logistics-warehouse-jobs,Adzuna::API::Response::Category,Logistics & Warehouse Jobs,full_time,
0.0,-123.95274,2026-06-15T13:47:20Z,78000.0,0,Adzuna::API::Response::Job,https://www.adzuna.com/land/ad/5764523485?se=kkhGA-Ro8RGdcKmg89akZw&utm_medium=api&utm_source=abfa41a4&v=237F46BEC4DDC97DD93739373A43F6DCA7975665,"CDL-A OTR TRUCK DRIVERS: 52 - 56 CPM (based on experience). Solo OTR Drivers: Average 2,000 Miles Per Week $2,000 Sign On Bonus 100% No Touch Freight Consistent, planned schedule Predictable home time you can count on Paid Vacation Performance Bonuses Top 20% of our OTR Drivers earn $1,500 Weekly Run 28 days out, get 5 days home. It’s the balance experienced drivers want—strong miles and real time off. Team Drivers: $5,000 Sign-On Bonus/split with an average of 5,000 miles per week! $0.72 - $0.…",CDL-A Company Driver - 1-5mo EXP Required - OTR - Dry Van - $1.5k per week - U.S. Xpress - OTR,44.9622,eyJhbGciOiJIUzI1NiJ9.eyJzIjoia2toR0EtUm84UkdkY0ttZzg5YWtadyIsImkiOiI1NzY0NTIzNDg1In0.D4JE2Yu_DP97kmkt9tydjwoHnQQ3yvUf7ZLidbWey_U,5764523485,"['US', 'Oregon', 'Lincoln County', 'Lincoln City']",Adzuna::API::Response::Location,"Lincoln City, Lincoln County",U.S. Xpress - OTR,Adzuna::API::Response::Company,logistics-warehouse-jobs,Adzuna::API::Response::Category,Logistics & Warehouse Jobs,full_time,
0.0,-120.4486,2026-06-15T13:47:20Z,78000.0,0,Adzuna::API::Response::Job,https://www.adzuna.com/land/ad/5764523449?se=kkhGA-Ro8RGdcKmg89akZw&utm_medium=api&utm_source=abfa41a4&v=1DA8EC48F24513CD3827B1A79488EEDEE1EE28DC,"CDL-A OTR TRUCK DRIVERS: 52 - 56 CPM (based on experience). Solo OTR Drivers: Average 2,000 Miles Per Week $2,000 Sign On Bonus 100% No Touch Freight Consistent, planned schedule Predictable home time you can count on Paid Vacation Performance Bonuses Top 20% of our OTR Drivers earn $1,500 Weekly Run 28 days out, get 5 days home. It’s the balance experienced drivers want—strong miles and real time off. Team Drivers: $5,000 Sign-On Bonus/split with an average of 5,000 miles per week! $0.72 - $0.…",Truck Driver Company - 1-5mo EXP Required - OTR - Dry Van - $1.5k per week - U.S. Xpress - OTR,46.443565,eyJhbGciOiJIUzI1NiJ9.eyJpIjoiNTc2NDUyMzQ0OSIsInMiOiJra2hHQS1SbzhSR2RjS21nODlha1p3In0.Vbpoo1ny-b5I7YIJcrcGzdOYmYozPQ7160pfdhjYq30,5764523449,"['US', 'Washington', 'Yakima County', 'Wapato']",Adzuna::API::Response::Location,"Wapato, Yakima County",U.S. Xpress - OTR,Adzuna::API::Response::Company,logistics-warehouse-jobs,Adzuna::API::Response::Category,Logistics & Warehouse Jobs,full_time,
0.0,-122.856931,2026-06-15T13:47:20Z,78000.0,0,Adzuna::API::Response::Job,https://www.adzuna.com/land/ad/5764523438?se=kkhGA-Ro8RGdcKmg89akZw&utm_medium=api&utm_source=abfa41a4&v=3B5F09E0F797671ED9C6E596EC5A44FC74085782,"CDL-A OTR TRUCK DRIVERS: 52 - 56 CPM (based on experience). Solo OTR Drivers: Average 2,000 Miles Per Week $2,000 Sign On Bonus 100% No Touch Freight Consistent, planned schedule Predictable home time you can count on Paid Vacation Performance Bonuses Top 20% of our OTR Drivers earn $1,500 Weekly Run 28 days out, get 5 days home. It’s the balance experienced drivers want—strong miles and real time off. Team Drivers: $5,000 Sign-On Bonus/split with an average of 5,000 miles per week! $0.72 - $0.…",Class A CDL Company Driver - 1-5mo EXP Required - OTR - Dry Van - $1.5k per week - U.S. Xpress - OTR,45.146589,eyJhbGciOiJIUzI1NiJ9.eyJpIjoiNTc2NDUyMzQzOCIsInMiOiJra2hHQS1SbzhSR2RjS21nODlha1p3In0.BRfBS6vn5hrvOvKiN29MKIB3OhjvLWcdTj1zaEcbVj4,5764523438,"['US', 'Oregon', 'Marion County', 'Woodburn']",Adzuna::API::Response::Location,"Woodburn, Marion County",U.S. Xpress - OTR,Adzuna::API::Response::Company,logistics-warehouse-jobs,Adzuna::API::Response::Category,Logistics & Warehouse Jobs,full_time,
0.0,-122.91072,2026-06-15T13:47:20Z,78000.0,0,Adzuna::API::Response::Job,https://www.adzuna.com/land/ad/5764523491?se=kkhGA-Ro8RGdcKmg89akZw&utm_medium=api&utm_source=abfa41a4&v=4AA987B3BD18A695EA9D0D059869F82E28D44655,"CDL-A OTR TRUCK DRIVERS: 52 - 56 CPM (based on experience). Solo OTR Drivers: Average 2,000 Miles Per Week $2,000 Sign On Bonus 100% No Touch Freight Consistent, planned schedule Predictable home time you can count on Paid Vacation Performance Bonuses Top 20% of our OTR Drivers earn $1,500 Weekly Run 28 days out, get 5 days home. It’s the balance experienced drivers want—strong miles and real time off. Team Drivers: $5,000 Sign-On Bonus/split with an average of 5,000 miles per week! $0.72 - $0.…",Class A CDL Company Driver - 1-5mo EXP Required - OTR - Dry Van - $1.5k per week - U.S. Xpress - OTR,43.96722,eyJhbGciOiJIUzI1NiJ9.eyJpIjoiNTc2NDUyMzQ5MSIsInMiOiJra2hHQS1SbzhSR2RjS21nODlha1p3In0._Bdjrtdd2DC0KKoBCvhGK2EVkimwr5GzY4dHeJXub68,5764523491,"['US', 'Oregon', 'Lane County', 'Pleasant Hill']",Adzuna::API::Response::Location,"Pleasant Hill, Lane County",U.S. Xpress - OTR,Adzuna::API::Response::Company,logistics-warehouse-jobs,Adzuna::API::Response::Category,Logistics & Warehouse Jobs,full_time,
0.0,-122.781229,2026-06-15T13:47:20Z,78000.0,0,Adzuna::API::Response::Job,https://www.adzuna.com/land/ad/5764523439?se=kkhGA-Ro8RGdcKmg89akZw&utm_medium=api&utm_source=abfa41a4&v=8FA37E97F7F85E9D5A6303201F0DE5D10FCD8B6B,"CDL-A OTR TRUCK DRIVERS: 52 - 56 CPM (based on experience). Solo OTR Drivers: Average 2,000 Miles Per Week $2,000 Sign On Bonus 100% No Touch Freight Consistent, planned schedule Predictable home time you can count on Paid Vacation Performance Bonuses Top 20% of our OTR Drivers earn $1,500 Weekly Run 28 days out, get 5 days home. It’s the balance experienced drivers want—strong miles and real time off. Team Drivers: $5,000 Sign-On Bonus/split with an average of 5,000 miles per week! $0.72 - $0.…",Class A CDL Company Driver - 1-5mo EXP Required - OTR - Dry Van - $1.5k per week - U.S. Xpress - OTR,44.801137,eyJhbGciOiJIUzI1NiJ9.eyJpIjoiNTc2NDUyMzQzOSIsInMiOiJra2hHQS1SbzhSR2RjS21nODlha1p3In0.Rm3Pix7tYVKt6BgDCTTthp9NmJmikmTlcjZ8ex9mtu8,5764523439,"['US', 'Oregon', 'Marion County', 'Stayton']",Adzuna::API::Response::Location,"Stayton, Marion County",U.S. Xpress - OTR,Adzuna::API::Response::Company,logistics-warehouse-jobs,Adzuna::API::Response::Category,Logistics & Warehouse Jobs,full_time,
0.0,-122.770379,2026-06-15T13:47:20Z,78000.0,0,Adzuna::API::Response::Job,https://www.adzuna.com/land/ad/5764523442?se=kkhGA-Ro8RGdcKmg89akZw&utm_medium=api&utm_source=abfa41a4&v=8B9BD1BB31B2C76A2C08513371D33693FB55D3C1,"CDL-A OTR TRUCK DRIVERS: 52 - 56 CPM (based on experience). Solo OTR Drivers: Average 2,000 Miles Per Week $2,000 Sign On Bonus 100% No Touch Freight Consistent, planned schedule Predictable home time you can count on Paid Vacation Performance Bonuses Top 20% of our OTR Drivers earn $1,500 Weekly Run 28 days out, get 5 days home. It’s the balance experienced drivers want—strong miles and real time off. Team Drivers: $5,000 Sign-On Bonus/split with an average of 5,000 miles per week! $0.72 - $0.…",Class A CDL Company Driver - 1-5mo EXP Required - OTR - Dry Van - $1.5k per week - U.S. Xpress - OTR,45.000496,eyJhbGciOiJIUzI1NiJ9.eyJzIjoia2toR0EtUm84UkdkY0ttZzg5YWtadyIsImkiOiI1NzY0NTIzNDQyIn0.aRISexJQZgeWQhunoj9FFso68-QkVST_sv8QodaXhEc,5764523442,"['US', 'Oregon', 'Marion County', 'Silverton']",Adzuna::API::Response::Location,"Silverton, Marion County",U.S. Xpress - OTR,Adzuna::API::Response::Company,logistics-warehouse-jobs,Adzuna::API::Response::Category,Logistics & Warehouse Jobs,full_time,
0.0,-111.43368,2026-06-15T13:47:19Z,78000.0,0,Adzuna::API::Response::Job,https://www.adzuna.com/land/ad/5764523302?se=kkhGA-Ro8RGdcKmg89akZw&utm_medium=api&utm_source=abfa41a4&v=B1F76C46D286EC6218E6CD593A8868B8D84553BB,"CDL-A OTR TRUCK DRIVERS: 52 - 56 CPM (based on experience). Solo OTR Drivers: Average 2,000 Miles Per Week $2,000 Sign On Bonus 100% No Touch Freight Consistent, planned schedule Predictable home time you can count on Paid Vacation Performance Bonuses Top 20% of our OTR Drivers earn $1,500 Weekly Run 28 days out, get 5 days home. It’s the balance experienced drivers want—strong miles and real time off. Team Drivers: $5,000 Sign-On Bonus/split with an average of 5,000 miles per week! $0.72 - $0.…",CDL-A Company Driver - 1-5mo EXP Required - OTR - Dry Van - $1.5k per week - U.S. Xpress - OTR,33.359866,eyJhbGciOiJIUzI1NiJ9.eyJzIjoia2toR0EtUm84UkdkY0ttZzg5YWtadyIsImkiOiI1NzY0NTIzMzAyIn0.GPcaWkvaIlbpkgSb9Vw-tIOYYTAgqZVM9UyJR6J8PNM,5764523302,"['US', 'Arizona', 'Pinal County', 'Superstition Mountain']",Adzuna::API::Response::Location,"Superstition Mountain, Pinal County",U.S. Xpress - OTR,Adzuna::API::Response::Company,logistics-warehouse-jobs,Adzuna::API::Response::Category,Logistics & Warehouse Jobs,full_time,
0.0,-106.68666,2026-06-15T13:47:19Z,78000.0,0,Adzuna::API::Response::Job,https://www.adzuna.com/land/ad/5764523312?se=kkhGA-Ro8RGdcKmg89akZw&utm_medium=api&utm_source=abfa41a4&v=59605BDB89597F9599CCAAFA2DB9480F2EFB91C8,"CDL-A OTR TRUCK DRIVERS: 52 - 56 CPM (based on experience). Solo OTR Drivers: Average 2,000 Miles Per Week $2,000 Sign On Bonus 100% No Touch Freight Consistent, planned schedule Predictable home time you can count on Paid Vacation Performance Bonuses Top 20% of our OTR Drivers earn $1,500 Weekly Run 28 days out, get 5 days home. It’s the balance experienced drivers want—strong miles and real time off. Team Drivers: $5,000 Sign-On Bonus/split with an average of 5,000 miles per week! $0.72 - $0.…",Class A CDL Company Driver - 1-5mo EXP Required - OTR - Dry Van - $1.5k per week - U.S. Xpress - OTR,34.61034,eyJhbGciOiJIUzI1NiJ9.eyJzIjoia2toR0EtUm84UkdkY0ttZzg5YWtadyIsImkiOiI1NzY0NTIzMzEyIn0.-ZFz597hllveY0U2pZjRa9HqlufkR1zKEu5Wy8JsF0Q,5764523312,"['US', 'New Mexico', 'Valencia County', 'Los Trujillos']",Adzuna::API::Response::Location,"Los Trujillos, Valencia County",U.S. Xpress - OTR,Adzuna::API::Response::Company,logistics-warehouse-jobs,Adzuna::API::Response::Category,Logistics & Warehouse Jobs,full_time,
0.0,-109.699335,2026-06-15T13:47:19Z,78000.0,0,Adzuna::API::Response::Job,https://www.adzuna.com/land/ad/5764523292?se=kkhGA-Ro8RGdcKmg89akZw&utm_medium=api&utm_source=abfa41a4&v=F04CBF1307A6FC184DC33253B40E475666E0104A,"CDL-A OTR TRUCK DRIVERS: 52 - 56 CPM (based on experience). Solo OTR Drivers: Average 2,000 Miles Per Week $2,000 Sign On Bonus 100% No Touch Freight Consistent, planned schedule Predictable home time you can count on Paid Vacation Performance Bonuses Top 20% of our OTR Drivers earn $1,500 Weekly Run 28 days out, get 5 days home. It’s the balance experienced drivers want—strong miles and real time off. Team Drivers: $5,000 Sign-On Bonus/split with an average of 5,000 miles per week! $0.72 - $0.…",CDL-A Company Driver - 1-5mo EXP Required - OTR - Dry Van - $1.5k per week - U.S. Xpress - OTR,32.800275,eyJhbGciOiJIUzI1NiJ9.eyJpIjoiNTc2NDUyMzI5MiIsInMiOiJra2hHQS1SbzhSR2RjS21nODlha1p3In0.yYiS7zgcdz8sGKNzfYEtHy4ib5DRSK_JeEkf1bkXQ5k,5764523292,"['US', 'Arizona', 'Graham County', 'Safford']",Adzuna::API::Response::Location,"Safford, Graham County",U.S. Xpress - OTR,Adzuna::API::Response::Company,logistics-warehouse-jobs,Adzuna::API::Response::Category,Logistics & Warehouse Jobs,full_time,
0.0,-122.79071,2026-06-15T13:47:19Z,78000.0,0,Adzuna::API::Response::Job,https://www.adzuna.com/land/ad/5764523377?se=kkhGA-Ro8RGdcKmg89akZw&utm_medium=api&utm_source=abfa41a4&v=54F0893BEA44229A99793573FE8457A34FE5E6E0,"CDL-A OTR TRUCK DRIVERS: 52 - 56 CPM (based on experience). Solo OTR Drivers: Average 2,000 Miles Per Week $2,000 Sign On Bonus 100% No Touch Freight Consistent, planned schedule Predictable home time you can count on Paid Vacation Performance Bonuses Top 20% of our OTR Drivers earn $1,500 Weekly Run 28 days out, get 5 days home. It’s the balance experienced drivers want—strong miles and real time off. Team Drivers: $5,000 Sign-On Bonus/split with an average of 5,000 miles per week! $0.72 - $0.…",CDL-A Company Driver - 1-5mo EXP Required - OTR - Dry Van - $1.5k per week - U.S. Xpress - OTR,42.233539,eyJhbGciOiJIUzI1NiJ9.eyJpIjoiNTc2NDUyMzM3NyIsInMiOiJra2hHQS1SbzhSR2RjS21nODlha1p3In0.jXvD3MfBrk79y6vfFe77CWxzekMAJQEdBYvWv9vvohI,5764523377,"['US', 'Oregon', 'Jackson County', 'Talent']",Adzuna::API::Response::Location,"Talent, Jackson County",U.S. Xpress - OTR,Adzuna::API::Response::Company,logistics-warehouse-jobs,Adzuna::API::Response::Category,Logistics & Warehouse Jobs,full_time,
0.0,-116.105977,2026-06-15T13:47:19Z,78000.0,0,Adzuna::API::Response::Job,https://www.adzuna.com/land/ad/5764523340?se=kkhGA-Ro8RGdcKmg89akZw&utm_medium=api&utm_source=abfa41a4&v=8F6DBA34349AE4AF4493736C5DCB2E5DDFC33261,"CDL-A OTR TRUCK DRIVERS: 52 - 56 CPM (based on experience). Solo OTR Drivers: Average 2,000 Miles Per Week $2,000 Sign On Bonus 100% No Touch Freight Consistent, planned schedule Predictable home time you can count on Paid Vacation Performance Bonuses Top 20% of our OTR Drivers earn $1,500 Weekly Run 28 days out, get 5 days home. It’s the balance experienced drivers want—strong miles and real time off. Team Drivers: $5,000 Sign-On Bonus/split with an average of 5,000 miles per week! $0.72 - $0.…",Class A CDL Company Driver - 1-5mo EXP Required - OTR - Dry Van - $1.5k per week - U.S. Xpress - OTR,40.715728,eyJhbGciOiJIUzI1NiJ9.eyJzIjoia2toR0EtUm84UkdkY0ttZzg5YWtadyIsImkiOiI1NzY0NTIzMzQwIn0.DWeW3m_J6JIWHV2wLRVOZ0PwjoSRaooKZ6TeQeqctVI,5764523340,"['US', 'Nevada', 'Elko County', 'Carlin']",Adzuna::API::Response::Location,"Carlin, Elko County",U.S. Xpress - OTR,Adzuna::API::Response::Company,logistics-warehouse-jobs,Adzuna::API::Response::Category,Logistics & Warehouse Jobs,full_time,
0.0,-106.69656,2026-06-15T13:47:19Z,78000.0,0,Adzuna::API::Response::Job,https://www.adzuna.com/land/ad/5764523306?se=kkhGA-Ro8RGdcKmg89akZw&utm_medium=api&utm_source=abfa41a4&v=FB4B93B03C1EF2C566F5616EAE258DEA71E0B763,"CDL-A OTR TRUCK DRIVERS: 52 - 56 CPM (based on experience). Solo OTR Drivers: Average 2,000 Miles Per Week $2,000 Sign On Bonus 100% No Touch Freight Consistent, planned schedule Predictable home time you can count on Paid Vacation Performance Bonuses Top 20% of our OTR Drivers earn $1,500 Weekly Run 28 days out, get 5 days home. It’s the balance experienced drivers want—strong miles and real time off. Team Drivers: $5,000 Sign-On Bonus/split with an average of 5,000 miles per week! $0.72 - $0.…",Truck Driver Company - 1-5mo EXP Required - OTR - Dry Van - $1.5k per week - U.S. Xpress - OTR,35.2566,eyJhbGciOiJIUzI1NiJ9.eyJpIjoiNTc2NDUyMzMwNiIsInMiOiJra2hHQS1SbzhSR2RjS21nODlha1p3In0.n7Qrqb26Ny8uaeiDHCKZF-D5tUE6EyrkwImowbTQjQw,5764523306,"['US', 'New Mexico', 'Sandoval County', 'Panorama Heights']",Adzuna::API::Response::Location,"Panorama Heights, Sandoval County",U.S. Xpress - OTR,Adzuna::API::Response::Company,logistics-warehouse-jobs,Adzuna::API::Response::Category,Logistics & Warehouse Jobs,full_time,
0.0,-122.79071,2026-06-15T13:47:19Z,78000.0,0,Adzuna::API::Response::Job,https://www.adzuna.com/land/ad/5764523371?se=kkhGA-Ro8RGdcKmg89akZw&utm_medium=api&utm_source=abfa41a4&v=BF54AEF6CF231201A5D6D6395FDA1DDEEECD57DC,"CDL-A OTR TRUCK DRIVERS: 52 - 56 CPM (based on experience). Solo OTR Drivers: Average 2,000 Miles Per Week $2,000 Sign On Bonus 100% No Touch Freight Consistent, planned schedule Predictable home time you can count on Paid Vacation Performance Bonuses Top 20% of our OTR Drivers earn $1,500 Weekly Run 28 days out, get 5 days home. It’s the balance experienced drivers want—strong miles and real time off. Team Drivers: $5,000 Sign-On Bonus/split with an average of 5,000 miles per week! $0.72 - $0.…",Truck Driver Company - 1-5mo EXP Required - OTR - Dry Van - $1.5k per week - U.S. Xpress - OTR,42.233539,eyJhbGciOiJIUzI1NiJ9.eyJzIjoia2toR0EtUm84UkdkY0ttZzg5YWtadyIsImkiOiI1NzY0NTIzMzcxIn0.3-45jQikSVRS7QAveNmvjaPfeHi8-4LjrhjSfw0OeLI,5764523371,"['US', 'Oregon', 'Jackson County', 'Talent']",Adzuna::API::Response::Location,"Talent, Jackson County",U.S. Xpress - OTR,Adzuna::API::Response::Company,logistics-warehouse-jobs,Adzuna::API::Response::Category,Logistics & Warehouse Jobs,full_time,
0.0,-122.788845,2026-06-15T13:47:19Z,78000.0,0,Adzuna::API::Response::Job,https://www.adzuna.com/land/ad/5764523370?se=kkhGA-Ro8RGdcKmg89akZw&utm_medium=api&utm_source=abfa41a4&v=368FA02BDA307E49833B6C3A8C95B86F6B00883D,"CDL-A OTR TRUCK DRIVERS: 52 - 56 CPM (based on experience). Solo OTR Drivers: Average 2,000 Miles Per Week $2,000 Sign On Bonus 100% No Touch Freight Consistent, planned schedule Predictable home time you can count on Paid Vacation Performance Bonuses Top 20% of our OTR Drivers earn $1,500 Weekly Run 28 days out, get 5 days home. It’s the balance experienced drivers want—strong miles and real time off. Team Drivers: $5,000 Sign-On Bonus/split with an average of 5,000 miles per week! $0.72 - $0.…",Class A CDL Company Driver - 1-5mo EXP Required - OTR - Dry Van - $1.5k per week - U.S. Xpress - OTR,42.477646,eyJhbGciOiJIUzI1NiJ9.eyJzIjoia2toR0EtUm84UkdkY0ttZzg5YWtadyIsImkiOiI1NzY0NTIzMzcwIn0.DV1M1FROjoyc8lNp8Tw_dMygKrcwtyKdCXYMCOvqlno,5764523370,"['US', 'Oregon', 'Jackson County', 'Eagle Point']",Adzuna::API::Response::Location,"Eagle Point, Jackson County",U.S. Xpress - OTR,Adzuna::API::Response::Company,logistics-warehouse-jobs,Adzuna::API::Response::Category,Logistics & Warehouse Jobs,full_time,
0.0,-111.929229,2026-06-15T13:47:19Z,78000.0,0,Adzuna::API::Response::Job,https://www.adzuna.com/land/ad/5764523285?se=kkhGA-Ro8RGdcKmg89akZw&utm_medium=api&utm_source=abfa41a4&v=F8B8235CA277CC9E8E6671CC543AF4046C7CD33A,"CDL-A OTR TRUCK DRIVERS: 52 - 56 CPM (based on experience). Solo OTR Drivers: Average 2,000 Miles Per Week $2,000 Sign On Bonus 100% No Touch Freight Consistent, planned schedule Predictable home time you can count on Paid Vacation Performance Bonuses Top 20% of our OTR Drivers earn $1,500 Weekly Run 28 days out, get 5 days home. It’s the balance experienced drivers want—strong miles and real time off. Team Drivers: $5,000 Sign-On Bonus/split with an average of 5,000 miles per week! $0.72 - $0.…",CDL-A Company Driver - 1-5mo EXP Required - OTR - Dry Van - $1.5k per week - U.S. Xpress - OTR,41.086796,eyJhbGciOiJIUzI1NiJ9.eyJzIjoia2toR0EtUm84UkdkY0ttZzg5YWtadyIsImkiOiI1NzY0NTIzMjg1In0.yPPOfxXYJNytThdaxp87bTgRo7MpSSxTx01qqK6Vqvs,5764523285,"['US', 'Utah', 'Davis County', 'East Layton']",Adzuna::API::Response::Location,"East Layton, Davis County",U.S. Xpress - OTR,Adzuna::API::Response::Company,logistics-warehouse-jobs,Adzuna::API::Response::Category,Logistics & Warehouse Jobs,full_time,
0.0,-111.522041,2026-06-15T13:47:19Z,78000.0,0,Adzuna::API::Response::Job,https://www.adzuna.com/land/ad/5764523289?se=kkhGA-Ro8RGdcKmg89akZw&utm_medium=api&utm_source=abfa41a4&v=0409C45E865A809AE2B8B5A7CA6F53289C7A78FF,"CDL-A OTR TRUCK DRIVERS: 52 - 56 CPM (based on experience). Solo OTR Drivers: Average 2,000 Miles Per Week $2,000 Sign On Bonus 100% No Touch Freight Consistent, planned schedule Predictable home time you can count on Paid Vacation Performance Bonuses Top 20% of our OTR Drivers earn $1,500 Weekly Run 28 days out, get 5 days home. It’s the balance experienced drivers want—strong miles and real time off. Team Drivers: $5,000 Sign-On Bonus/split with an average of 5,000 miles per week! $0.72 - $0.…",CDL-A Company Driver - 1-5mo EXP Required - OTR - Dry Van - $1.5k per week - U.S. Xpress - OTR,33.404035,eyJhbGciOiJIUzI1NiJ9.eyJzIjoia2toR0EtUm84UkdkY0ttZzg5YWtadyIsImkiOiI1NzY0NTIzMjg5In0.HFDn98C3XdZi-faYfw6mUGb51gePVzDvG0MVL_3nL2U,5764523289,"['US', 'Arizona', 'Pinal County', 'Apache Junction']",Adzuna::API::Response::Location,"Apache Junction, Pinal County",U.S. Xpress - OTR,Adzuna::API::Response::Company,logistics-warehouse-jobs,Adzuna::API::Response::Category,Logistics & Warehouse Jobs,full_time,
0.0,-110.789015,2026-06-15T13:47:19Z,78000.0,0,Adzuna::API::Response::Job,https://www.adzuna.com/land/ad/5764523300?se=kkhGA-Ro8RGdcKmg89akZw&utm_medium=api&utm_source=abfa41a4&v=98732C646D7178C52C1C4F319A1523C21554B21C,"CDL-A OTR TRUCK DRIVERS: 52 - 56 CPM (based on experience). Solo OTR Drivers: Average 2,000 Miles Per Week $2,000 Sign On Bonus 100% No Touch Freight Consistent, planned schedule Predictable home time you can count on Paid Vacation Performance Bonuses Top 20% of our OTR Drivers earn $1,500 Weekly Run 28 days out, get 5 days home. It’s the balance experienced drivers want—strong miles and real time off. Team Drivers: $5,000 Sign-On Bonus/split with an average of 5,000 miles per week! $0.72 - $0.…",Truck Driver Company - 1-5mo EXP Required - OTR - Dry Van - $1.5k per week - U.S. Xpress - OTR,33.402819,eyJhbGciOiJIUzI1NiJ9.eyJzIjoia2toR0EtUm84UkdkY0ttZzg5YWtadyIsImkiOiI1NzY0NTIzMzAwIn0.IvwTicIIWmcOKAGtOXhNak_TRxqGR1MfM1XY5G6nwIE,5764523300,"['US', 'Arizona', 'Gila County', 'Globe']",Adzuna::API::Response::Location,"Globe, Gila County",U.S. Xpress - OTR,Adzuna::API::Response::Company,logistics-warehouse-jobs,Adzuna::API::Response::Category,Logistics & Warehouse Jobs,full_time,
0.0,-106.27968,2026-06-15T13:47:19Z,78000.0,0,Adzuna::API::Response::Job,https://www.adzuna.com/land/ad/5764523324?se=kkhGA-Ro8RGdcKmg89akZw&utm_medium=api&utm_source=abfa41a4&v=4D67B51E4704E04A64FADA24668AF452FD5E8464,"CDL-A OTR TRUCK DRIVERS: 52 - 56 CPM (based on experience). Solo OTR Drivers: Average 2,000 Miles Per Week $2,000 Sign On Bonus 100% No Touch Freight Consistent, planned schedule Predictable home time you can count on Paid Vacation Performance Bonuses Top 20% of our OTR Drivers earn $1,500 Weekly Run 28 days out, get 5 days home. It’s the balance experienced drivers want—strong miles and real time off. Team Drivers: $5,000 Sign-On Bonus/split with an average of 5,000 miles per week! $0.72 - $0.…",CDL-A Company Driver - 1-5mo EXP Required - OTR - Dry Van - $1.5k per week - U.S. Xpress - OTR,35.01576,eyJhbGciOiJIUzI1NiJ9.eyJzIjoia2toR0EtUm84UkdkY0ttZzg5YWtadyIsImkiOiI1NzY0NTIzMzI0In0.lerK4Om5JPhjM3KsBjRmjU_Y2ZtrQCI3KPeNUfJFmCk,5764523324,"['US', 'New Mexico', 'Bernalillo County', 'Escobosa']",Adzuna::API::Response::Location,"Escobosa, Bernalillo County",U.S. Xpress - OTR,Adzuna::API::Response::Company,logistics-warehouse-jobs,Adzuna::API::Response::Category,Logistics & Warehouse Jobs,full_time,
0.0,-123.161572,2026-06-15T13:47:19Z,78000.0,0,Adzuna::API::Response::Job,https://www.adzuna.com/land/ad/5764523382?se=kkhGA-Ro8RGdcKmg89akZw&utm_medium=api&utm_source=abfa41a4&v=FA909D681F5823EC14CD7014F63C9381BD4A0A5E,"CDL-A OTR TRUCK DRIVERS: 52 - 56 CPM (based on experience). Solo OTR Drivers: Average 2,000 Miles Per Week $2,000 Sign On Bonus 100% No Touch Freight Consistent, planned schedule Predictable home time you can count on Paid Vacation Performance Bonuses Top 20% of our OTR Drivers earn $1,500 Weekly Run 28 days out, get 5 days home. It’s the balance experienced drivers want—strong miles and real time off. Team Drivers: $5,000 Sign-On Bonus/split with an average of 5,000 miles per week! $0.72 - $0.…",Class A CDL Company Driver - 1-5mo EXP Required - OTR - Dry Van - $1.5k per week - U.S. Xpress - OTR,42.492145,eyJhbGciOiJIUzI1NiJ9.eyJpIjoiNTc2NDUyMzM4MiIsInMiOiJra2hHQS1SbzhSR2RjS21nODlha1p3In0.E8CJBt6nNKiVYaySE4flRuWXibGbrjYsCDWElzNrYPU,5764523382,"['US', 'Oregon', 'Jackson County', 'Rogue River']",Adzuna::API::Response::Location,"Rogue River, Jackson County",U.S. Xpress - OTR,Adzuna::API::Response::Company,logistics-warehouse-jobs,Adzuna::API::Response::Category,Logistics & Warehouse Jobs,full_time,
0.0,-123.624728,2026-06-15T13:47:19Z,78000.0,0,Adzuna::API::Response::Job,https://www.adzuna.com/land/ad/5764523379?se=kkhGA-Ro8RGdcKmg89akZw&utm_medium=api&utm_source=abfa41a4&v=DDF01FDAF458CBD8E7C793F660CF2B8810103711,"CDL-A OTR TRUCK DRIVERS: 52 - 56 CPM (based on experience). Solo OTR Drivers: Average 2,000 Miles Per Week $2,000 Sign On Bonus 100% No Touch Freight Consistent, planned schedule Predictable home time you can count on Paid Vacation Performance Bonuses Top 20% of our OTR Drivers earn $1,500 Weekly Run 28 days out, get 5 days home. It’s the balance experienced drivers want—strong miles and real time off. Team Drivers: $5,000 Sign-On Bonus/split with an average of 5,000 miles per week! $0.72 - $0.…",Class A CDL Company Driver - 1-5mo EXP Required - OTR - Dry Van - $1.5k per week - U.S. Xpress - OTR,42.13961,eyJhbGciOiJIUzI1NiJ9.eyJzIjoia2toR0EtUm84UkdkY0ttZzg5YWtadyIsImkiOiI1NzY0NTIzMzc5In0.LhW5nOB9CcH8OeORN6PDNOlL-Iik3FAqe46_V8hW_Ig,5764523379,"['US', 'Oregon', 'Josephine County', 'Cave Junction']",Adzuna::API::Response::Location,"Cave Junction, Josephine County",U.S. Xpress - OTR,Adzuna::API::Response::Company,logistics-warehouse-jobs,Adzuna::API::Response::Category,Logistics & Warehouse Jobs,full_time,
0.0,-109.699335,2026-06-15T13:47:19Z,78000.0,0,Adzuna::API::Response::Job,https://www.adzuna.com/land/ad/5764523297?se=kkhGA-Ro8RGdcKmg89akZw&utm_medium=api&utm_source=abfa41a4&v=58D09429B7126F02C6A849B7F278DAB51A15FD83,"CDL-A OTR TRUCK DRIVERS: 52 - 56 CPM (based on experience). Solo OTR Drivers: Average 2,000 Miles Per Week $2,000 Sign On Bonus 100% No Touch Freight Consistent, planned schedule Predictable home time you can count on Paid Vacation Performance Bonuses Top 20% of our OTR Drivers earn $1,500 Weekly Run 28 days out, get 5 days home. It’s the balance experienced drivers want—strong miles and real time off. Team Drivers: $5,000 Sign-On Bonus/split with an average of 5,000 miles per week! $0.72 - $0.…",Class A CDL Company Driver - 1-5mo EXP Required - OTR - Dry Van - $1.5k per week - U.S. Xpress - OTR,32.800275,eyJhbGciOiJIUzI1NiJ9.eyJzIjoia2toR0EtUm84UkdkY0ttZzg5YWtadyIsImkiOiI1NzY0NTIzMjk3In0.1YJS91IAr2Byo3A5YMFoxUk_bk6apyFXVc89om2BqMU,5764523297,"['US', 'Arizona', 'Graham County', 'Safford']",Adzuna::API::Response::Location,"Safford, Graham County",U.S. Xpress - OTR,Adzuna::API::Response::Company,logistics-warehouse-jobs,Adzuna::API::Response::Category,Logistics & Warehouse Jobs,full_time,
0.0,-106.79382,2026-06-15T13:47:19Z,78000.0,0,Adzuna::API::Response::Job,https://www.adzuna.com/land/ad/5764523322?se=kkhGA-Ro8RGdcKmg89akZw&utm_medium=api&utm_source=abfa41a4&v=E2389BC539D9D87A136FECB7FB33D353D5D8B89F,"CDL-A OTR TRUCK DRIVERS: 52 - 56 CPM (based on experience). Solo OTR Drivers: Average 2,000 Miles Per Week $2,000 Sign On Bonus 100% No Touch Freight Consistent, planned schedule Predictable home time you can count on Paid Vacation Performance Bonuses Top 20% of our OTR Drivers earn $1,500 Weekly Run 28 days out, get 5 days home. It’s the balance experienced drivers want—strong miles and real time off. Team Drivers: $5,000 Sign-On Bonus/split with an average of 5,000 miles per week! $0.72 - $0.…",Truck Driver Company - 1-5mo EXP Required - OTR - Dry Van - $1.5k per week - U.S. Xpress - OTR,34.00632,eyJhbGciOiJIUzI1NiJ9.eyJpIjoiNTc2NDUyMzMyMiIsInMiOiJra2hHQS1SbzhSR2RjS21nODlha1p3In0.9GfeL_iwFybv_ePm0Hh8L0i897JKON9tgh4-PQbD5zQ,5764523322,"['US', 'New Mexico', 'Socorro County', 'Luis Lopez']",Adzuna::API::Response::Location,"Luis Lopez, Socorro County",U.S. Xpress - OTR,Adzuna::API::Response::Company,logistics-warehouse-jobs,Adzuna::API::Response::Category,Logistics & Warehouse Jobs,full_time,
0.0,-115.27638,2026-06-15T13:47:19Z,78000.0,0,Adzuna::API::Response::Job,https://www.adzuna.com/land/ad/5764523357?se=kkhGA-Ro8RGdcKmg89akZw&utm_medium=api&utm_source=abfa41a4&v=26B57E69A571489E97902EBFF022F8798AB4FFDA,"CDL-A OTR TRUCK DRIVERS: 52 - 56 CPM (based on experience). Solo OTR Drivers: Average 2,000 Miles Per Week $2,000 Sign On Bonus 100% No Touch Freight Consistent, planned schedule Predictable home time you can count on Paid Vacation Performance Bonuses Top 20% of our OTR Drivers earn $1,500 Weekly Run 28 days out, get 5 days home. It’s the balance experienced drivers want—strong miles and real time off. Team Drivers: $5,000 Sign-On Bonus/split with an average of 5,000 miles per week! $0.72 - $0.…",Class A CDL Company Driver - 1-5mo EXP Required - OTR - Dry Van - $1.5k per week - U.S. Xpress - OTR,41.05614,eyJhbGciOiJIUzI1NiJ9.eyJzIjoia2toR0EtUm84UkdkY0ttZzg5YWtadyIsImkiOiI1NzY0NTIzMzU3In0.VuA7-ifhEJhvQvPhB7wKXXmaN1sW8i0Jpb1kxjn1Zbs,5764523357,"['US', 'Nevada', 'Elko County', 'Halleck']",Adzuna::API::Response::Location,"Halleck, Elko County",U.S. Xpress - OTR,Adzuna::API::Response::Company,logistics-warehouse-jobs,Adzuna::API::Response::Category,Logistics & Warehouse Jobs,full_time,
0.0,-117.749155,2026-06-15T13:47:19Z,78000.0,0,Adzuna::API::Response::Job,https://www.adzuna.com/land/ad/5764523335?se=kkhGA-Ro8RGdcKmg89akZw&utm_medium=api&utm_source=abfa41a4&v=4E9D0499AB2723062DF88F1A526DF0DE789FBD5F,"CDL-A OTR TRUCK DRIVERS: 52 - 56 CPM (based on experience). Solo OTR Drivers: Average 2,000 Miles Per Week $2,000 Sign On Bonus 100% No Touch Freight Consistent, planned schedule Predictable home time you can count on Paid Vacation Performance Bonuses Top 20% of our OTR Drivers earn $1,500 Weekly Run 28 days out, get 5 days home. It’s the balance experienced drivers want—strong miles and real time off. Team Drivers: $5,000 Sign-On Bonus/split with an average of 5,000 miles per week! $0.72 - $0.…",Class A CDL Company Driver - 1-5mo EXP Required - OTR - Dry Van - $1.5k per week - U.S. Xpress - OTR,40.963031,eyJhbGciOiJIUzI1NiJ9.eyJzIjoia2toR0EtUm84UkdkY0ttZzg5YWtadyIsImkiOiI1NzY0NTIzMzM1In0.aVElG7yL-KUv1wpKLljEJ2McedYElGOhX2xJON1kwOc,5764523335,"['US', 'Nevada', 'Humboldt County', 'Grass Valley']",Adzuna::API::Response::Location,"Grass Valley, Humboldt County",U.S. Xpress - OTR,Adzuna::API::Response::Company,logistics-warehouse-jobs,Adzuna::API::Response::Category,Logistics & Warehouse Jobs,full_time,
0.0,-111.543997,2026-06-15T13:47:19Z,78000.0,0,Adzuna::API::Response::Job,https://www.adzuna.com/land/ad/5764523291?se=kkhGA-Ro8RGdcKmg89akZw&utm_medium=api&utm_source=abfa41a4&v=366BE3F025E5AB7F5648E1257FE93FFC40D893C6,"CDL-A OTR TRUCK DRIVERS: 52 - 56 CPM (based on experience). Solo OTR Drivers: Average 2,000 Miles Per Week $2,000 Sign On Bonus 100% No Touch Freight Consistent, planned schedule Predictable home time you can count on Paid Vacation Performance Bonuses Top 20% of our OTR Drivers earn $1,500 Weekly Run 28 days out, get 5 days home. It’s the balance experienced drivers want—strong miles and real time off. Team Drivers: $5,000 Sign-On Bonus/split with an average of 5,000 miles per week! $0.72 - $0.…",Class A CDL Company Driver - 1-5mo EXP Required - OTR - Dry Van - $1.5k per week - U.S. Xpress - OTR,33.238103,eyJhbGciOiJIUzI1NiJ9.eyJzIjoia2toR0EtUm84UkdkY0ttZzg5YWtadyIsImkiOiI1NzY0NTIzMjkxIn0.EccJinhKFrD7X3d98pXDt6y5Qdol0Ru4zXmGXBgVLb4,5764523291,"['US', 'Arizona', 'Pinal County', 'San Tan Valley']",Adzuna::API::Response::Location,"San Tan Valley, Pinal County",U.S. Xpress - OTR,Adzuna::API::Response::Company,logistics-warehouse-jobs,Adzuna::API::Response::Category,Logistics & Warehouse Jobs,full_time,
0.0,-106.198601,2026-06-15T13:47:19Z,78000.0,0,Adzuna::API::Response::Job,https://www.adzuna.com/land/ad/5764523316?se=kkhGA-Ro8RGdcKmg89akZw&utm_medium=api&utm_source=abfa41a4&v=44BA45F85D9A7937B254B8FA4977E81EC193E3D3,"CDL-A OTR TRUCK DRIVERS: 52 - 56 CPM (based on experience). Solo OTR Drivers: Average 2,000 Miles Per Week $2,000 Sign On Bonus 100% No Touch Freight Consistent, planned schedule Predictable home time you can count on Paid Vacation Performance Bonuses Top 20% of our OTR Drivers earn $1,500 Weekly Run 28 days out, get 5 days home. It’s the balance experienced drivers want—strong miles and real time off. Team Drivers: $5,000 Sign-On Bonus/split with an average of 5,000 miles per week! $0.72 - $0.…",Truck Driver Company - 1-5mo EXP Required - OTR - Dry Van - $1.5k per week - U.S. Xpress - OTR,35.075325,eyJhbGciOiJIUzI1NiJ9.eyJzIjoia2toR0EtUm84UkdkY0ttZzg5YWtadyIsImkiOiI1NzY0NTIzMzE2In0.XHZqyst2E1vCnfIYKRc0tRVy_9uJyQ2wLF8CfzAf-BY,5764523316,"['US', 'New Mexico', 'Santa Fe County', 'Edgewood']",Adzuna::API::Response::Location,"Edgewood, Santa Fe County",U.S. Xpress - OTR,Adzuna::API::Response::Company,logistics-warehouse-jobs,Adzuna::API::Response::Category,Logistics & Warehouse Jobs,full_time,
0.0,-117.749155,2026-06-15T13:47:19Z,78000.0,0,Adzuna::API::Response::Job,https://www.adzuna.com/land/ad/5764523331?se=kkhGA-Ro8RGdcKmg89akZw&utm_medium=api&utm_source=abfa41a4&v=2AC66117F31BBE65070ADD217FE17E3483F710AE,"CDL-A OTR TRUCK DRIVERS: 52 - 56 CPM (based on experience). Solo OTR Drivers: Average 2,000 Miles Per Week $2,000 Sign On Bonus 100% No Touch Freight Consistent, planned schedule Predictable home time you can count on Paid Vacation Performance Bonuses Top 20% of our OTR Drivers earn $1,500 Weekly Run 28 days out, get 5 days home. It’s the balance experienced drivers want—strong miles and real time off. Team Drivers: $5,000 Sign-On Bonus/split with an average of 5,000 miles per week! $0.72 - $0.…",CDL-A Company Driver - 1-5mo EXP Required - OTR - Dry Van - $1.5k per week - U.S. Xpress - OTR,40.963031,eyJhbGciOiJIUzI1NiJ9.eyJzIjoia2toR0EtUm84UkdkY0ttZzg5YWtadyIsImkiOiI1NzY0NTIzMzMxIn0.0MtqPzP0KryyIefmBcrlqeGiyTiy_q8jXsK_cLTem68,5764523331,"['US', 'Nevada', 'Humboldt County', 'Grass Valley']",Adzuna::API::Response::Location,"Grass Valley, Humboldt County",U.S. Xpress - OTR,Adzuna::API::Response::Company,logistics-warehouse-jobs,Adzuna::API::Response::Category,Logistics & Warehouse Jobs,full_time,
0.0,-122.1209,2026-06-15T13:47:19Z,78000.0,0,Adzuna::API::Response::Job,https://www.adzuna.com/land/ad/5764523381?se=kkhGA-Ro8RGdcKmg89akZw&utm_medium=api&utm_source=abfa41a4&v=3749E84DAA750660910C399BF0B20F413B655AF2,"CDL-A OTR TRUCK DRIVERS: 52 - 56 CPM (based on experience). Solo OTR Drivers: Average 2,000 Miles Per Week $2,000 Sign On Bonus 100% No Touch Freight Consistent, planned schedule Predictable home time you can count on Paid Vacation Performance Bonuses Top 20% of our OTR Drivers earn $1,500 Weekly Run 28 days out, get 5 days home. It’s the balance experienced drivers want—strong miles and real time off. Team Drivers: $5,000 Sign-On Bonus/split with an average of 5,000 miles per week! $0.72 - $0.…",Class A CDL Company Driver - 1-5mo EXP Required - OTR - Dry Van - $1.5k per week - U.S. Xpress - OTR,47.6829,eyJhbGciOiJIUzI1NiJ9.eyJzIjoia2toR0EtUm84UkdkY0ttZzg5YWtadyIsImkiOiI1NzY0NTIzMzgxIn0.Zko2xYRkk5-rXNCdDBKECnG7jAgHP9EzVKI2TO3rVa8,5764523381,"['US', 'Washington', 'King County', 'Redmond']",Adzuna::API::Response::Location,"Redmond, King County",U.S. Xpress - OTR,Adzuna::API::Response::Company,logistics-warehouse-jobs,Adzuna::API::Response::Category,Logistics & Warehouse Jobs,full_time,
0.0,-114.41028,2026-06-15T13:47:19Z,78000.0,0,Adzuna::API::Response::Job,https://www.adzuna.com/land/ad/5764523298?se=kkhGA-Ro8RGdcKmg89akZw&utm_medium=api&utm_source=abfa41a4&v=53C313EB213D5AB948A3691F06D431C618EC02FF,"CDL-A OTR TRUCK DRIVERS: 52 - 56 CPM (based on experience). Solo OTR Drivers: Average 2,000 Miles Per Week $2,000 Sign On Bonus 100% No Touch Freight Consistent, planned schedule Predictable home time you can count on Paid Vacation Performance Bonuses Top 20% of our OTR Drivers earn $1,500 Weekly Run 28 days out, get 5 days home. It’s the balance experienced drivers want—strong miles and real time off. Team Drivers: $5,000 Sign-On Bonus/split with an average of 5,000 miles per week! $0.72 - $0.…",Class A CDL Company Driver - 1-5mo EXP Required - OTR - Dry Van - $1.5k per week - U.S. Xpress - OTR,36.57948,eyJhbGciOiJIUzI1NiJ9.eyJpIjoiNTc2NDUyMzI5OCIsInMiOiJra2hHQS1SbzhSR2RjS21nODlha1p3In0.bsIkSazX3vLi2nHCM5A43DI6M2Cp8UwVgOmfTTiNX64,5764523298,"['US', 'Nevada', 'Clark County', 'Coyote Springs']",Adzuna::API::Response::Location,"Coyote Springs, Clark County",U.S. Xpress - OTR,Adzuna::API::Response::Company,logistics-warehouse-jobs,Adzuna::API::Response::Category,Logistics & Warehouse Jobs,full_time,
0.0,-122.788845,2026-06-15T13:47:19Z,78000.0,0,Adzuna::API::Response::Job,https://www.adzuna.com/land/ad/5764523365?se=kkhGA-Ro8RGdcKmg89akZw&utm_medium=api&utm_source=abfa41a4&v=1A34DEC675797490A872DC80C6D8D68A71375AE0,"CDL-A OTR TRUCK DRIVERS: 52 - 56 CPM (based on experience). Solo OTR Drivers: Average 2,000 Miles Per Week $2,000 Sign On Bonus 100% No Touch Freight Consistent, planned schedule Predictable home time you can count on Paid Vacation Performance Bonuses Top 20% of our OTR Drivers earn $1,500 Weekly Run 28 days out, get 5 days home. It’s the balance experienced drivers want—strong miles and real time off. Team Drivers: $5,000 Sign-On Bonus/split with an average of 5,000 miles per week! $0.72 - $0.…",CDL-A Company Driver - 1-5mo EXP Required - OTR - Dry Van - $1.5k per week - U.S. Xpress - OTR,42.477646,eyJhbGciOiJIUzI1NiJ9.eyJzIjoia2toR0EtUm84UkdkY0ttZzg5YWtadyIsImkiOiI1NzY0NTIzMzY1In0.HYrvYbZkmRhLo-ChwKeOyqllribERrRhoBYLn8e-mDA,5764523365,"['US', 'Oregon', 'Jackson County', 'Eagle Point']",Adzuna::API::Response::Location,"Eagle Point, Jackson County",U.S. Xpress - OTR,Adzuna::API::Response::Company,logistics-warehouse-jobs,Adzuna::API::Response::Category,Logistics & Warehouse Jobs,full_time,
0.0,-110.789015,2026-06-15T13:47:19Z,78000.0,0,Adzuna::API::Response::Job,https://www.adzuna.com/land/ad/5764523303?se=kkhGA-Ro8RGdcKmg89akZw&utm_medium=api&utm_source=abfa41a4&v=69C0B9656DAAFD85FCCBF5A3889928E878471807,"CDL-A OTR TRUCK DRIVERS: 52 - 56 CPM (based on experience). Solo OTR Drivers: Average 2,000 Miles Per Week $2,000 Sign On Bonus 100% No Touch Freight Consistent, planned schedule Predictable home time you can count on Paid Vacation Performance Bonuses Top 20% of our OTR Drivers earn $1,500 Weekly Run 28 days out, get 5 days home. It’s the balance experienced drivers want—strong miles and real time off. Team Drivers: $5,000 Sign-On Bonus/split with an average of 5,000 miles per week! $0.72 - $0.…",CDL-A Company Driver - 1-5mo EXP Required - OTR - Dry Van - $1.5k per week - U.S. Xpress - OTR,33.402819,eyJhbGciOiJIUzI1NiJ9.eyJzIjoia2toR0EtUm84UkdkY0ttZzg5YWtadyIsImkiOiI1NzY0NTIzMzAzIn0.7TTr89WTALtf_8V6acmZO1OjBAmh5aGyTUa5e6aN99g,5764523303,"['US', 'Arizona', 'Gila County', 'Globe']",Adzuna::API::Response::Location,"Globe, Gila County",U.S. Xpress - OTR,Adzuna::API::Response::Company,logistics-warehouse-jobs,Adzuna::API::Response::Category,Logistics & Warehouse Jobs,full_time,
0.0,-106.620955,2026-06-15T13:47:19Z,78000.0,0,Adzuna::API::Response::Job,https://www.adzuna.com/land/ad/5764523332?se=kkhGA-Ro8RGdcKmg89akZw&utm_medium=api&utm_source=abfa41a4&v=AF7295256401634C37D674763B5173FBA611D48B,"CDL-A OTR TRUCK DRIVERS: 52 - 56 CPM (based on experience). Solo OTR Drivers: Average 2,000 Miles Per Week $2,000 Sign On Bonus 100% No Touch Freight Consistent, planned schedule Predictable home time you can count on Paid Vacation Performance Bonuses Top 20% of our OTR Drivers earn $1,500 Weekly Run 28 days out, get 5 days home. It’s the balance experienced drivers want—strong miles and real time off. Team Drivers: $5,000 Sign-On Bonus/split with an average of 5,000 miles per week! $0.72 - $0.…",CDL-A Company Driver - 1-5mo EXP Required - OTR - Dry Van - $1.5k per week - U.S. Xpress - OTR,35.23344,eyJhbGciOiJIUzI1NiJ9.eyJpIjoiNTc2NDUyMzMzMiIsInMiOiJra2hHQS1SbzhSR2RjS21nODlha1p3In0.p8kxmrTV-l5iY46tR3hN5AWWyBC8ibsRfFVOKV28sHQ,5764523332,"['US', 'New Mexico', 'Sandoval County', 'Corrales']",Adzuna::API::Response::Location,"Corrales, Sandoval County",U.S. Xpress - OTR,Adzuna::API::Response::Company,logistics-warehouse-jobs,Adzuna::API::Response::Category,Logistics & Warehouse Jobs,full_time,
0.0,-123.348321,2026-06-15T13:47:19Z,78000.0,0,Adzuna::API::Response::Job,https://www.adzuna.com/land/ad/5764523359?se=kkhGA-Ro8RGdcKmg89akZw&utm_medium=api&utm_source=abfa41a4&v=0F3F92C87D0FFF6EE0B0BFC3BCE4B852B22BBE3B,"CDL-A OTR TRUCK DRIVERS: 52 - 56 CPM (based on experience). Solo OTR Drivers: Average 2,000 Miles Per Week $2,000 Sign On Bonus 100% No Touch Freight Consistent, planned schedule Predictable home time you can count on Paid Vacation Performance Bonuses Top 20% of our OTR Drivers earn $1,500 Weekly Run 28 days out, get 5 days home. It’s the balance experienced drivers want—strong miles and real time off. Team Drivers: $5,000 Sign-On Bonus/split with an average of 5,000 miles per week! $0.72 - $0.…",CDL-A Company Driver - 1-5mo EXP Required - OTR - Dry Van - $1.5k per week - U.S. Xpress - OTR,42.4663,eyJhbGciOiJIUzI1NiJ9.eyJpIjoiNTc2NDUyMzM1OSIsInMiOiJra2hHQS1SbzhSR2RjS21nODlha1p3In0.ScDcU2hE4Xj0KqMZzIXRsIdNayD4BpOkSjaqDJLea94,5764523359,"['US', 'Oregon', 'Josephine County', 'Merlin']",Adzuna::API::Response::Location,"Merlin, Josephine County",U.S. Xpress - OTR,Adzuna::API::Response::Company,logistics-warehouse-jobs,Adzuna::API::Response::Category,Logistics & Warehouse Jobs,full_time,
0.0,-122.921507,2026-06-15T13:47:19Z,78000.0,0,Adzuna::API::Response::Job,https://www.adzuna.com/land/ad/5764523362?se=kkhGA-Ro8RGdcKmg89akZw&utm_medium=api&utm_source=abfa41a4&v=367D25145D473C05DAAB72FA76627D212E443A8A,"CDL-A OTR TRUCK DRIVERS: 52 - 56 CPM (based on experience). Solo OTR Drivers: Average 2,000 Miles Per Week $2,000 Sign On Bonus 100% No Touch Freight Consistent, planned schedule Predictable home time you can count on Paid Vacation Performance Bonuses Top 20% of our OTR Drivers earn $1,500 Weekly Run 28 days out, get 5 days home. It’s the balance experienced drivers want—strong miles and real time off. Team Drivers: $5,000 Sign-On Bonus/split with an average of 5,000 miles per week! $0.72 - $0.…",CDL-A Company Driver - 1-5mo EXP Required - OTR - Dry Van - $1.5k per week - U.S. Xpress - OTR,42.386002,eyJhbGciOiJIUzI1NiJ9.eyJzIjoia2toR0EtUm84UkdkY0ttZzg5YWtadyIsImkiOiI1NzY0NTIzMzYyIn0.FBvQi_kB7IdjCODhstOqDwo6WDpa7II4qko6Nz_Rf8o,5764523362,"['US', 'Oregon', 'Jackson County', 'Central Point']",Adzuna::API::Response::Location,"Central Point, Jackson County",U.S. Xpress - OTR,Adzuna::API::Response::Company,logistics-warehouse-jobs,Adzuna::API::Response::Category,Logistics & Warehouse Jobs,full_time,
0.0,-117.37708,2026-06-15T13:47:19Z,78000.0,0,Adzuna::API::Response::Job,https://www.adzuna.com/land/ad/5764523349?se=kkhGA-Ro8RGdcKmg89akZw&utm_medium=api&utm_source=abfa41a4&v=3677B4C0627BE691554CE09B9FDB6139A782CA01,"CDL-A OTR TRUCK DRIVERS: 52 - 56 CPM (based on experience). Solo OTR Drivers: Average 2,000 Miles Per Week $2,000 Sign On Bonus 100% No Touch Freight Consistent, planned schedule Predictable home time you can count on Paid Vacation Performance Bonuses Top 20% of our OTR Drivers earn $1,500 Weekly Run 28 days out, get 5 days home. It’s the balance experienced drivers want—strong miles and real time off. Team Drivers: $5,000 Sign-On Bonus/split with an average of 5,000 miles per week! $0.72 - $0.…",CDL-A Company Driver - 1-5mo EXP Required - OTR - Dry Van - $1.5k per week - U.S. Xpress - OTR,41.004659,eyJhbGciOiJIUzI1NiJ9.eyJpIjoiNTc2NDUyMzM0OSIsInMiOiJra2hHQS1SbzhSR2RjS21nODlha1p3In0.Q6DkT1jPUTphiWKS5jnJ9KrNwnPzKxcx8sBrTBPXRIU,5764523349,"['US', 'Nevada', 'Humboldt County', 'Golconda']",Adzuna::API::Response::Location,"Golconda, Humboldt County",U.S. Xpress - OTR,Adzuna::API::Response::Company,logistics-warehouse-jobs,Adzuna::API::Response::Category,Logistics & Warehouse Jobs,full_time,
0.0,-106.620955,2026-06-15T13:47:19Z,78000.0,0,Adzuna::API::Response::Job,https://www.adzuna.com/land/ad/5764523330?se=kkhGA-Ro8RGdcKmg89akZw&utm_medium=api&utm_source=abfa41a4&v=E5D6F7ED72B55B374F3D20D0D2D90A87DA15C43D,"CDL-A OTR TRUCK DRIVERS: 52 - 56 CPM (based on experience). Solo OTR Drivers: Average 2,000 Miles Per Week $2,000 Sign On Bonus 100% No Touch Freight Consistent, planned schedule Predictable home time you can count on Paid Vacation Performance Bonuses Top 20% of our OTR Drivers earn $1,500 Weekly Run 28 days out, get 5 days home. It’s the balance experienced drivers want—strong miles and real time off. Team Drivers: $5,000 Sign-On Bonus/split with an average of 5,000 miles per week! $0.72 - $0.…",Truck Driver Company - 1-5mo EXP Required - OTR - Dry Van - $1.5k per week - U.S. Xpress - OTR,35.23344,eyJhbGciOiJIUzI1NiJ9.eyJzIjoia2toR0EtUm84UkdkY0ttZzg5YWtadyIsImkiOiI1NzY0NTIzMzMwIn0.1TIOnjOAkwM93YMFK8GAbmn2VXrdjFokkWbgDwHLgzE,5764523330,"['US', 'New Mexico', 'Sandoval County', 'Corrales']",Adzuna::API::Response::Location,"Corrales, Sandoval County",U.S. Xpress - OTR,Adzuna::API::Response::Company,logistics-warehouse-jobs,Adzuna::API::Response::Category,Logistics & Warehouse Jobs,full_time,
0.0,-106.79382,2026-06-15T13:47:19Z,78000.0,0,Adzuna::API::Response::Job,https://www.adzuna.com/land/ad/5764523319?se=0hUfBORo8RGdcKmg89akZw&utm_medium=api&utm_source=abfa41a4&v=A12EE7B59B562EE98ED41805BE37E3345B403DDD,"CDL-A OTR TRUCK DRIVERS: 52 - 56 CPM (based on experience). Solo OTR Drivers: Average 2,000 Miles Per Week $2,000 Sign On Bonus 100% No Touch Freight Consistent, planned schedule Predictable home time you can count on Paid Vacation Performance Bonuses Top 20% of our OTR Drivers earn $1,500 Weekly Run 28 days out, get 5 days home. It’s the balance experienced drivers want—strong miles and real time off. Team Drivers: $5,000 Sign-On Bonus/split with an average of 5,000 miles per week! $0.72 - $0.…",CDL-A Company Driver - 1-5mo EXP Required - OTR - Dry Van - $1.5k per week - U.S. Xpress - OTR,34.00632,eyJhbGciOiJIUzI1NiJ9.eyJpIjoiNTc2NDUyMzMxOSIsInMiOiIwaFVmQk9SbzhSR2RjS21nODlha1p3In0.cJyiEip9-pS_yjBjqceuCp8UENDKYj4-y80cE6zp_kE,5764523319,"['US', 'New Mexico', 'Socorro County', 'Luis Lopez']",Adzuna::API::Response::Location,"Luis Lopez, Socorro County",U.S. Xpress - OTR,Adzuna::API::Response::Company,logistics-warehouse-jobs,Adzuna::API::Response::Category,Logistics & Warehouse Jobs,full_time,
0.0,-106.79382,2026-06-15T13:47:19Z,78000.0,0,Adzuna::API::Response::Job,https://www.adzuna.com/land/ad/5764523326?se=0hUfBORo8RGdcKmg89akZw&utm_medium=api&utm_source=abfa41a4&v=FA13A4FAA4F1B133E401CAA03B0B352BCFB78304,"CDL-A OTR TRUCK DRIVERS: 52 - 56 CPM (based on experience). Solo OTR Drivers: Average 2,000 Miles Per Week $2,000 Sign On Bonus 100% No Touch Freight Consistent, planned schedule Predictable home time you can count on Paid Vacation Performance Bonuses Top 20% of our OTR Drivers earn $1,500 Weekly Run 28 days out, get 5 days home. It’s the balance experienced drivers want—strong miles and real time off. Team Drivers: $5,000 Sign-On Bonus/split with an average of 5,000 miles per week! $0.72 - $0.…",Class A CDL Company Driver - 1-5mo EXP Required - OTR - Dry Van - $1.5k per week - U.S. Xpress - OTR,34.00632,eyJhbGciOiJIUzI1NiJ9.eyJzIjoiMGhVZkJPUm84UkdkY0ttZzg5YWtadyIsImkiOiI1NzY0NTIzMzI2In0.Y8ynyxsgMohbGHzhpq-IwCU40BR9SMSMoAjimz9p9Pg,5764523326,"['US', 'New Mexico', 'Socorro County', 'Luis Lopez']",Adzuna::API::Response::Location,"Luis Lopez, Socorro County",U.S. Xpress - OTR,Adzuna::API::Response::Company,logistics-warehouse-jobs,Adzuna::API::Response::Category,Logistics & Warehouse Jobs,full_time,
0.0,-114.957237,2026-06-15T13:47:19Z,78000.0,0,Adzuna::API::Response::Job,https://www.adzuna.com/land/ad/5764523343?se=0hUfBORo8RGdcKmg89akZw&utm_medium=api&utm_source=abfa41a4&v=4E5E5C7705EE7D422C0DAE8305B1620F4955A1A3,"CDL-A OTR TRUCK DRIVERS: 52 - 56 CPM (based on experience). Solo OTR Drivers: Average 2,000 Miles Per Week $2,000 Sign On Bonus 100% No Touch Freight Consistent, planned schedule Predictable home time you can count on Paid Vacation Performance Bonuses Top 20% of our OTR Drivers earn $1,500 Weekly Run 28 days out, get 5 days home. It’s the balance experienced drivers want—strong miles and real time off. Team Drivers: $5,000 Sign-On Bonus/split with an average of 5,000 miles per week! $0.72 - $0.…",Class A CDL Company Driver - 1-5mo EXP Required - OTR - Dry Van - $1.5k per week - U.S. Xpress - OTR,41.11555,eyJhbGciOiJIUzI1NiJ9.eyJpIjoiNTc2NDUyMzM0MyIsInMiOiIwaFVmQk9SbzhSR2RjS21nODlha1p3In0.hAJBjK0ZWcLixApsutNtYDqqPIT8rgr6U_9cXc0lqX8,5764523343,"['US', 'Nevada', 'Elko County', 'Wells']",Adzuna::API::Response::Location,"Wells, Elko County",U.S. Xpress - OTR,Adzuna::API::Response::Company,logistics-warehouse-jobs,Adzuna::API::Response::Category,Logistics & Warehouse Jobs,full_time,
0.0,-106.27968,2026-06-15T13:47:19Z,78000.0,0,Adzuna::API::Response::Job,https://www.adzuna.com/land/ad/5764523336?se=0hUfBORo8RGdcKmg89akZw&utm_medium=api&utm_source=abfa41a4&v=FB7DDDD08A716C62D6295705C37CC0EE118054F3,"CDL-A OTR TRUCK DRIVERS: 52 - 56 CPM (based on experience). Solo OTR Drivers: Average 2,000 Miles Per Week $2,000 Sign On Bonus 100% No Touch Freight Consistent, planned schedule Predictable home time you can count on Paid Vacation Performance Bonuses Top 20% of our OTR Drivers earn $1,500 Weekly Run 28 days out, get 5 days home. It’s the balance experienced drivers want—strong miles and real time off. Team Drivers: $5,000 Sign-On Bonus/split with an average of 5,000 miles per week! $0.72 - $0.…",Class A CDL Company Driver - 1-5mo EXP Required - OTR - Dry Van - $1.5k per week - U.S. Xpress - OTR,35.01576,eyJhbGciOiJIUzI1NiJ9.eyJpIjoiNTc2NDUyMzMzNiIsInMiOiIwaFVmQk9SbzhSR2RjS21nODlha1p3In0.7HwPC8XriCcTjNxWw4Iuu_9_iJG4ZNY-1BgzRBpXD3k,5764523336,"['US', 'New Mexico', 'Bernalillo County', 'Escobosa']",Adzuna::API::Response::Location,"Escobosa, Bernalillo County",U.S. Xpress - OTR,Adzuna::API::Response::Company,logistics-warehouse-jobs,Adzuna::API::Response::Category,Logistics & Warehouse Jobs,full_time,
0.0,-117.946596,2026-06-15T13:47:19Z,78000.0,0,Adzuna::API::Response::Job,https://www.adzuna.com/land/ad/5764523351?se=0hUfBORo8RGdcKmg89akZw&utm_medium=api&utm_source=abfa41a4&v=1B4BE89568085D459C517B747F78AAE67E554783,"CDL-A OTR TRUCK DRIVERS: 52 - 56 CPM (based on experience). Solo OTR Drivers: Average 2,000 Miles Per Week $2,000 Sign On Bonus 100% No Touch Freight Consistent, planned schedule Predictable home time you can count on Paid Vacation Performance Bonuses Top 20% of our OTR Drivers earn $1,500 Weekly Run 28 days out, get 5 days home. It’s the balance experienced drivers want—strong miles and real time off. Team Drivers: $5,000 Sign-On Bonus/split with an average of 5,000 miles per week! $0.72 - $0.…",CDL-A Company Driver - 1-5mo EXP Required - OTR - Dry Van - $1.5k per week - U.S. Xpress - OTR,41.641729,eyJhbGciOiJIUzI1NiJ9.eyJzIjoiMGhVZkJPUm84UkdkY0ttZzg5YWtadyIsImkiOiI1NzY0NTIzMzUxIn0.XYFsvM3nGUwQ5hxkEBETmXJ7ZZenZZFC-1vf_kEbikM,5764523351,"['US', 'Nevada', 'Humboldt County', 'Orovada']",Adzuna::API::Response::Location,"Orovada, Humboldt County",U.S. Xpress - OTR,Adzuna::API::Response::Company,logistics-warehouse-jobs,Adzuna::API::Response::Category,Logistics & Warehouse Jobs,full_time,
0.0,-115.432252,2026-06-15T13:47:19Z,78000.0,0,Adzuna::API::Response::Job,https://www.adzuna.com/land/ad/5764523344?se=0hUfBORo8RGdcKmg89akZw&utm_medium=api&utm_source=abfa41a4&v=8D97FF492D8A5D0BA45C327B6B5009C6F118906B,"CDL-A OTR TRUCK DRIVERS: 52 - 56 CPM (based on experience). Solo OTR Drivers: Average 2,000 Miles Per Week $2,000 Sign On Bonus 100% No Touch Freight Consistent, planned schedule Predictable home time you can count on Paid Vacation Performance Bonuses Top 20% of our OTR Drivers earn $1,500 Weekly Run 28 days out, get 5 days home. It’s the balance experienced drivers want—strong miles and real time off. Team Drivers: $5,000 Sign-On Bonus/split with an average of 5,000 miles per week! $0.72 - $0.…",Class A CDL Company Driver - 1-5mo EXP Required - OTR - Dry Van - $1.5k per week - U.S. Xpress - OTR,40.749782,eyJhbGciOiJIUzI1NiJ9.eyJpIjoiNTc2NDUyMzM0NCIsInMiOiIwaFVmQk9SbzhSR2RjS21nODlha1p3In0.i3ilooUpN0yRtNtRla5Z4y20XDRXCNQjlIMy7r2lBU8,5764523344,"['US', 'Nevada', 'Elko County', 'Spring Creek']",Adzuna::API::Response::Location,"Spring Creek, Elko County",U.S. Xpress - OTR,Adzuna::API::Response::Company,logistics-warehouse-jobs,Adzuna::API::Response::Category,Logistics & Warehouse Jobs,full_time,
0.0,-115.614995,2026-06-15T13:47:19Z,78000.0,0,Adzuna::API::Response::Job,https://www.adzuna.com/land/ad/5764523333?se=0hUfBORo8RGdcKmg89akZw&utm_medium=api&utm_source=abfa41a4&v=8AEF79C67115A758DB0A2755CCFF6B983D4252A1,"CDL-A OTR TRUCK DRIVERS: 52 - 56 CPM (based on experience). Solo OTR Drivers: Average 2,000 Miles Per Week $2,000 Sign On Bonus 100% No Touch Freight Consistent, planned schedule Predictable home time you can count on Paid Vacation Performance Bonuses Top 20% of our OTR Drivers earn $1,500 Weekly Run 28 days out, get 5 days home. It’s the balance experienced drivers want—strong miles and real time off. Team Drivers: $5,000 Sign-On Bonus/split with an average of 5,000 miles per week! $0.72 - $0.…",CDL-A Company Driver - 1-5mo EXP Required - OTR - Dry Van - $1.5k per week - U.S. Xpress - OTR,40.745274,eyJhbGciOiJIUzI1NiJ9.eyJpIjoiNTc2NDUyMzMzMyIsInMiOiIwaFVmQk9SbzhSR2RjS21nODlha1p3In0.Huyu8WKwbS-Lb-Js05FN2n85XZcI2d43j-DD8m56Leg,5764523333,"['US', 'Nevada', 'Elko County', 'Spring Creek']",Adzuna::API::Response::Location,"Spring Creek, Elko County",U.S. Xpress - OTR,Adzuna::API::Response::Company,logistics-warehouse-jobs,Adzuna::API::Response::Category,Logistics & Warehouse Jobs,full_time,
0.0,-110.641069,2026-06-15T13:47:19Z,78000.0,0,Adzuna::API::Response::Job,https://www.adzuna.com/land/ad/5764523304?se=0hUfBORo8RGdcKmg89akZw&utm_medium=api&utm_source=abfa41a4&v=B9F0ECAA6FA5BBF99A1EB6BD6573485B68936B9B,"CDL-A OTR TRUCK DRIVERS: 52 - 56 CPM (based on experience). Solo OTR Drivers: Average 2,000 Miles Per Week $2,000 Sign On Bonus 100% No Touch Freight Consistent, planned schedule Predictable home time you can count on Paid Vacation Performance Bonuses Top 20% of our OTR Drivers earn $1,500 Weekly Run 28 days out, get 5 days home. It’s the balance experienced drivers want—strong miles and real time off. Team Drivers: $5,000 Sign-On Bonus/split with an average of 5,000 miles per week! $0.72 - $0.…",CDL-A Company Driver - 1-5mo EXP Required - OTR - Dry Van - $1.5k per week - U.S. Xpress - OTR,35.125374,eyJhbGciOiJIUzI1NiJ9.eyJzIjoiMGhVZkJPUm84UkdkY0ttZzg5YWtadyIsImkiOiI1NzY0NTIzMzA0In0.f2760u_nRi_6UA7JQOc0GzZNb8UP3jjtiRtobPnaSE0,5764523304,"['US', 'Arizona', 'Navajo County', 'Winslow']",Adzuna::API::Response::Location,"Winslow, Navajo County",U.S. Xpress - OTR,Adzuna::API::Response::Company,logistics-warehouse-jobs,Adzuna::API::Response::Category,Logistics & Warehouse Jobs,full_time,
0.0,-107.835356,2026-06-15T13:47:19Z,78000.0,0,Adzuna::API::Response::Job,https://www.adzuna.com/land/ad/5764523315?se=0hUfBORo8RGdcKmg89akZw&utm_medium=api&utm_source=abfa41a4&v=71F40AC1C07E7B193DE2A001E6072475AC874F87,"CDL-A OTR TRUCK DRIVERS: 52 - 56 CPM (based on experience). Solo OTR Drivers: Average 2,000 Miles Per Week $2,000 Sign On Bonus 100% No Touch Freight Consistent, planned schedule Predictable home time you can count on Paid Vacation Performance Bonuses Top 20% of our OTR Drivers earn $1,500 Weekly Run 28 days out, get 5 days home. It’s the balance experienced drivers want—strong miles and real time off. Team Drivers: $5,000 Sign-On Bonus/split with an average of 5,000 miles per week! $0.72 - $0.…",Truck Driver Company - 1-5mo EXP Required - OTR - Dry Van - $1.5k per week - U.S. Xpress - OTR,35.167263,eyJhbGciOiJIUzI1NiJ9.eyJzIjoiMGhVZkJPUm84UkdkY0ttZzg5YWtadyIsImkiOiI1NzY0NTIzMzE1In0.9BH32vMefEc2JjbslfaByQkkdBVFJBptJ5a_U0qsMZ0,5764523315,"['US', 'New Mexico', 'Cibola County', 'Grants']",Adzuna::API::Response::Location,"Grants, Cibola County",U.S. Xpress - OTR,Adzuna::API::Response::Company,logistics-warehouse-jobs,Adzuna::API::Response::Category,Logistics & Warehouse Jobs,full_time,
0.0,-115.614995,2026-06-15T13:47:19Z,78000.0,0,Adzuna::API::Response::Job,https://www.adzuna.com/land/ad/5764523337?se=0hUfBORo8RGdcKmg89akZw&utm_medium=api&utm_source=abfa41a4&v=74891E86BFE8D8B3163F09526BAEFA8BC0DE53C0,"CDL-A OTR TRUCK DRIVERS: 52 - 56 CPM (based on experience). Solo OTR Drivers: Average 2,000 Miles Per Week $2,000 Sign On Bonus 100% No Touch Freight Consistent, planned schedule Predictable home time you can count on Paid Vacation Performance Bonuses Top 20% of our OTR Drivers earn $1,500 Weekly Run 28 days out, get 5 days home. It’s the balance experienced drivers want—strong miles and real time off. Team Drivers: $5,000 Sign-On Bonus/split with an average of 5,000 miles per week! $0.72 - $0.…",Truck Driver Company - 1-5mo EXP Required - OTR - Dry Van - $1.5k per week - U.S. Xpress - OTR,40.745274,eyJhbGciOiJIUzI1NiJ9.eyJpIjoiNTc2NDUyMzMzNyIsInMiOiIwaFVmQk9SbzhSR2RjS21nODlha1p3In0.8M45UnVJFiC_noNvXH-Pj16kQCd_RWyLRUs1dcw4OeY,5764523337,"['US', 'Nevada', 'Elko County', 'Spring Creek']",Adzuna::API::Response::Location,"Spring Creek, Elko County",U.S. Xpress - OTR,Adzuna::API::Response::Company,logistics-warehouse-jobs,Adzuna::API::Response::Category,Logistics & Warehouse Jobs,full_time,
0.0,-106.620955,2026-06-15T13:47:19Z,78000.0,0,Adzuna::API::Response::Job,https://www.adzuna.com/land/ad/5764523328?se=0hUfBORo8RGdcKmg89akZw&utm_medium=api&utm_source=abfa41a4&v=CEC98FC2D3D92B91BA3DB990B68C6156E84EC955,"CDL-A OTR TRUCK DRIVERS: 52 - 56 CPM (based on experience). Solo OTR Drivers: Average 2,000 Miles Per Week $2,000 Sign On Bonus 100% No Touch Freight Consistent, planned schedule Predictable home time you can count on Paid Vacation Performance Bonuses Top 20% of our OTR Drivers earn $1,500 Weekly Run 28 days out, get 5 days home. It’s the balance experienced drivers want—strong miles and real time off. Team Drivers: $5,000 Sign-On Bonus/split with an average of 5,000 miles per week! $0.72 - $0.…",Class A CDL Company Driver - 1-5mo EXP Required - OTR - Dry Van - $1.5k per week - U.S. Xpress - OTR,35.23344,eyJhbGciOiJIUzI1NiJ9.eyJzIjoiMGhVZkJPUm84UkdkY0ttZzg5YWtadyIsImkiOiI1NzY0NTIzMzI4In0.XXOzrxaDlhYlxy81CEH5Zsramm53wdV_eY1VobK9eVU,5764523328,"['US', 'New Mexico', 'Sandoval County', 'Corrales']",Adzuna::API::Response::Location,"Corrales, Sandoval County",U.S. Xpress - OTR,Adzuna::API::Response::Company,logistics-warehouse-jobs,Adzuna::API::Response::Category,Logistics & Warehouse Jobs,full_time,
0.0,-114.4833,2026-06-15T13:47:19Z,78000.0,0,Adzuna::API::Response::Job,https://www.adzuna.com/land/ad/5764523295?se=0hUfBORo8RGdcKmg89akZw&utm_medium=api&utm_source=abfa41a4&v=BF71FF49AD98EEBB51E03EDA4425640886059884,"CDL-A OTR TRUCK DRIVERS: 52 - 56 CPM (based on experience). Solo OTR Drivers: Average 2,000 Miles Per Week $2,000 Sign On Bonus 100% No Touch Freight Consistent, planned schedule Predictable home time you can count on Paid Vacation Performance Bonuses Top 20% of our OTR Drivers earn $1,500 Weekly Run 28 days out, get 5 days home. It’s the balance experienced drivers want—strong miles and real time off. Team Drivers: $5,000 Sign-On Bonus/split with an average of 5,000 miles per week! $0.72 - $0.…",Class A CDL Company Driver - 1-5mo EXP Required - OTR - Dry Van - $1.5k per week - U.S. Xpress - OTR,36.59658,eyJhbGciOiJIUzI1NiJ9.eyJzIjoiMGhVZkJPUm84UkdkY0ttZzg5YWtadyIsImkiOiI1NzY0NTIzMjk1In0.sFdghRLYyvbV7UqxDLE1adglIBD5P5BPytgzd1pp4K8,5764523295,"['US', 'Nevada', 'Clark County', 'Moapa Valley']",Adzuna::API::Response::Location,"Moapa Valley, Clark County",U.S. Xpress - OTR,Adzuna::API::Response::Company,logistics-warehouse-jobs,Adzuna::API::Response::Category,Logistics & Warehouse Jobs,full_time,
0.0,-111.645277,2026-06-15T13:47:19Z,78000.0,0,Adzuna::API::Response::Job,https://www.adzuna.com/land/ad/5764523286?se=0hUfBORo8RGdcKmg89akZw&utm_medium=api&utm_source=abfa41a4&v=4545FB01AB603D361D9DE49002A8DF5F3AE1DE44,"CDL-A OTR TRUCK DRIVERS: 52 - 56 CPM (based on experience). Solo OTR Drivers: Average 2,000 Miles Per Week $2,000 Sign On Bonus 100% No Touch Freight Consistent, planned schedule Predictable home time you can count on Paid Vacation Performance Bonuses Top 20% of our OTR Drivers earn $1,500 Weekly Run 28 days out, get 5 days home. It’s the balance experienced drivers want—strong miles and real time off. Team Drivers: $5,000 Sign-On Bonus/split with an average of 5,000 miles per week! $0.72 - $0.…",Truck Driver Company - 1-5mo EXP Required - OTR - Dry Van - $1.5k per week - U.S. Xpress - OTR,33.44104,eyJhbGciOiJIUzI1NiJ9.eyJpIjoiNTc2NDUyMzI4NiIsInMiOiIwaFVmQk9SbzhSR2RjS21nODlha1p3In0._TqpKGH3dShNrJDu9z_n4b0k6Pnmg95ZxqWyAVn0DV8,5764523286,"['US', 'Arizona', 'Pinal County', 'Apache Junction']",Adzuna::API::Response::Location,"Apache Junction, Pinal County",U.S. Xpress - OTR,Adzuna::API::Response::Company,logistics-warehouse-jobs,Adzuna::API::Response::Category,Logistics & Warehouse Jobs,full_time,
0.0,-116.105977,2026-06-15T13:47:19Z,78000.0,0,Adzuna::API::Response::Job,https://www.adzuna.com/land/ad/5764523339?se=0hUfBORo8RGdcKmg89akZw&utm_medium=api&utm_source=abfa41a4&v=38C1303729298B57F3AA2E519B4B82B33D54ED3D,"CDL-A OTR TRUCK DRIVERS: 52 - 56 CPM (based on experience). Solo OTR Drivers: Average 2,000 Miles Per Week $2,000 Sign On Bonus 100% No Touch Freight Consistent, planned schedule Predictable home time you can count on Paid Vacation Performance Bonuses Top 20% of our OTR Drivers earn $1,500 Weekly Run 28 days out, get 5 days home. It’s the balance experienced drivers want—strong miles and real time off. Team Drivers: $5,000 Sign-On Bonus/split with an average of 5,000 miles per week! $0.72 - $0.…",CDL-A Company Driver - 1-5mo EXP Required - OTR - Dry Van - $1.5k per week - U.S. Xpress - OTR,40.715728,eyJhbGciOiJIUzI1NiJ9.eyJpIjoiNTc2NDUyMzMzOSIsInMiOiIwaFVmQk9SbzhSR2RjS21nODlha1p3In0.wBsE1mCvYwartOQnZGQDoE7d1stWYqSBBzKpKx5QhH8,5764523339,"['US', 'Nevada', 'Elko County', 'Carlin']",Adzuna::API::Response::Location,"Carlin, Elko County",U.S. Xpress - OTR,Adzuna::API::Response::Company,logistics-warehouse-jobs,Adzuna::API::Response::Category,Logistics & Warehouse Jobs,full_time,
0.0,-123.348321,2026-06-15T13:47:19Z,78000.0,0,Adzuna::API::Response::Job,https://www.adzuna.com/land/ad/5764523364?se=0hUfBORo8RGdcKmg89akZw&utm_medium=api&utm_source=abfa41a4&v=B018E5390795314A46DB334A33D929EAA16C91D4,"CDL-A OTR TRUCK DRIVERS: 52 - 56 CPM (based on experience). Solo OTR Drivers: Average 2,000 Miles Per Week $2,000 Sign On Bonus 100% No Touch Freight Consistent, planned schedule Predictable home time you can count on Paid Vacation Performance Bonuses Top 20% of our OTR Drivers earn $1,500 Weekly Run 28 days out, get 5 days home. It’s the balance experienced drivers want—strong miles and real time off. Team Drivers: $5,000 Sign-On Bonus/split with an average of 5,000 miles per week! $0.72 - $0.…",Truck Driver Company - 1-5mo EXP Required - OTR - Dry Van - $1.5k per week - U.S. Xpress - OTR,42.4663,eyJhbGciOiJIUzI1NiJ9.eyJpIjoiNTc2NDUyMzM2NCIsInMiOiIwaFVmQk9SbzhSR2RjS21nODlha1p3In0.YgN-ywZUmVOfzAg8CuZP9N3Bj13UqKSKTPDbLVGrH5w,5764523364,"['US', 'Oregon', 'Josephine County', 'Merlin']",Adzuna::API::Response::Location,"Merlin, Josephine County",U.S. Xpress - OTR,Adzuna::API::Response::Company,logistics-warehouse-jobs,Adzuna::API::Response::Category,Logistics & Warehouse Jobs,full_time,
0.0,-116.105977,2026-06-15T13:47:19Z,78000.0,0,Adzuna::API::Response::Job,https://www.adzuna.com/land/ad/5764523347?se=0hUfBORo8RGdcKmg89akZw&utm_medium=api&utm_source=abfa41a4&v=8F723C1E49198EF157AD2A7FEA12872AEA5E93AA,"CDL-A OTR TRUCK DRIVERS: 52 - 56 CPM (based on experience). Solo OTR Drivers: Average 2,000 Miles Per Week $2,000 Sign On Bonus 100% No Touch Freight Consistent, planned schedule Predictable home time you can count on Paid Vacation Performance Bonuses Top 20% of our OTR Drivers earn $1,500 Weekly Run 28 days out, get 5 days home. It’s the balance experienced drivers want—strong miles and real time off. Team Drivers: $5,000 Sign-On Bonus/split with an average of 5,000 miles per week! $0.72 - $0.…",Truck Driver Company - 1-5mo EXP Required - OTR - Dry Van - $1.5k per week - U.S. Xpress - OTR,40.715728,eyJhbGciOiJIUzI1NiJ9.eyJpIjoiNTc2NDUyMzM0NyIsInMiOiIwaFVmQk9SbzhSR2RjS21nODlha1p3In0.7VoxY7jtjFRbWekVSBixaSZP9BCQT_JLUtYUNRE1CKA,5764523347,"['US', 'Nevada', 'Elko County', 'Carlin']",Adzuna::API::Response::Location,"Carlin, Elko County",U.S. Xpress - OTR,Adzuna::API::Response::Company,logistics-warehouse-jobs,Adzuna::API::Response::Category,Logistics & Warehouse Jobs,full_time,
0.0,-106.38792,2026-06-15T13:47:19Z,78000.0,0,Adzuna::API::Response::Job,https://www.adzuna.com/land/ad/5764523325?se=0hUfBORo8RGdcKmg89akZw&utm_medium=api&utm_source=abfa41a4&v=936A3109A75E676DC6631A6C70FBC7A74BF3E701,"CDL-A OTR TRUCK DRIVERS: 52 - 56 CPM (based on experience). Solo OTR Drivers: Average 2,000 Miles Per Week $2,000 Sign On Bonus 100% No Touch Freight Consistent, planned schedule Predictable home time you can count on Paid Vacation Performance Bonuses Top 20% of our OTR Drivers earn $1,500 Weekly Run 28 days out, get 5 days home. It’s the balance experienced drivers want—strong miles and real time off. Team Drivers: $5,000 Sign-On Bonus/split with an average of 5,000 miles per week! $0.72 - $0.…",CDL-A Company Driver - 1-5mo EXP Required - OTR - Dry Van - $1.5k per week - U.S. Xpress - OTR,35.2749,eyJhbGciOiJIUzI1NiJ9.eyJzIjoiMGhVZkJPUm84UkdkY0ttZzg5YWtadyIsImkiOiI1NzY0NTIzMzI1In0.0WeCEt67bWV_RauXMsUHj-Mjyk8rE4cOHGm_3EDfLns,5764523325,"['US', 'New Mexico', 'Sandoval County', 'Placitas']",Adzuna::API::Response::Location,"Placitas, Sandoval County",U.S. Xpress - OTR,Adzuna::API::Response::Company,logistics-warehouse-jobs,Adzuna::API::Response::Category,Logistics & Warehouse Jobs,full_time,
0.0,-106.68666,2026-06-15T13:47:19Z,78000.0,0,Adzuna::API::Response::Job,https://www.adzuna.com/land/ad/5764523309?se=0hUfBORo8RGdcKmg89akZw&utm_medium=api&utm_source=abfa41a4&v=B2FA03B294CA07383AC24864FD88A31DD484EE9D,"CDL-A OTR TRUCK DRIVERS: 52 - 56 CPM (based on experience). Solo OTR Drivers: Average 2,000 Miles Per Week $2,000 Sign On Bonus 100% No Touch Freight Consistent, planned schedule Predictable home time you can count on Paid Vacation Performance Bonuses Top 20% of our OTR Drivers earn $1,500 Weekly Run 28 days out, get 5 days home. It’s the balance experienced drivers want—strong miles and real time off. Team Drivers: $5,000 Sign-On Bonus/split with an average of 5,000 miles per week! $0.72 - $0.…",Truck Driver Company - 1-5mo EXP Required - OTR - Dry Van - $1.5k per week - U.S. Xpress - OTR,34.61034,eyJhbGciOiJIUzI1NiJ9.eyJpIjoiNTc2NDUyMzMwOSIsInMiOiIwaFVmQk9SbzhSR2RjS21nODlha1p3In0.cQsvG0KD3ib14NBUeXDmzLgv40GfZOUwUC3LIT6RFfE,5764523309,"['US', 'New Mexico', 'Valencia County', 'Los Trujillos']",Adzuna::API::Response::Location,"Los Trujillos, Valencia County",U.S. Xpress - OTR,Adzuna::API::Response::Company,logistics-warehouse-jobs,Adzuna::API::Response::Category,Logistics & Warehouse Jobs,full_time,
0.0,-123.624728,2026-06-15T13:47:19Z,78000.0,0,Adzuna::API::Response::Job,https://www.adzuna.com/land/ad/5764523376?se=0hUfBORo8RGdcKmg89akZw&utm_medium=api&utm_source=abfa41a4&v=EC6F9C053A1D7B4D1313FD6F58A90415429C64AB,"CDL-A OTR TRUCK DRIVERS: 52 - 56 CPM (based on experience). Solo OTR Drivers: Average 2,000 Miles Per Week $2,000 Sign On Bonus 100% No Touch Freight Consistent, planned schedule Predictable home time you can count on Paid Vacation Performance Bonuses Top 20% of our OTR Drivers earn $1,500 Weekly Run 28 days out, get 5 days home. It’s the balance experienced drivers want—strong miles and real time off. Team Drivers: $5,000 Sign-On Bonus/split with an average of 5,000 miles per week! $0.72 - $0.…",Truck Driver Company - 1-5mo EXP Required - OTR - Dry Van - $1.5k per week - U.S. Xpress - OTR,42.13961,eyJhbGciOiJIUzI1NiJ9.eyJpIjoiNTc2NDUyMzM3NiIsInMiOiIwaFVmQk9SbzhSR2RjS21nODlha1p3In0.Yz_HlIAYBtXigSpNFTTPc4SSSS3wv9swCmVMEg_K5yI,5764523376,"['US', 'Oregon', 'Josephine County', 'Cave Junction']",Adzuna::API::Response::Location,"Cave Junction, Josephine County",U.S. Xpress - OTR,Adzuna::API::Response::Company,logistics-warehouse-jobs,Adzuna::API::Response::Category,Logistics & Warehouse Jobs,full_time,
0.0,-122.921507,2026-06-15T13:47:19Z,78000.0,0,Adzuna::API::Response::Job,https://www.adzuna.com/land/ad/5764523366?se=0hUfBORo8RGdcKmg89akZw&utm_medium=api&utm_source=abfa41a4&v=55EA783CAB69946B7AEA78879653A617248B3B79,"CDL-A OTR TRUCK DRIVERS: 52 - 56 CPM (based on experience). Solo OTR Drivers: Average 2,000 Miles Per Week $2,000 Sign On Bonus 100% No Touch Freight Consistent, planned schedule Predictable home time you can count on Paid Vacation Performance Bonuses Top 20% of our OTR Drivers earn $1,500 Weekly Run 28 days out, get 5 days home. It’s the balance experienced drivers want—strong miles and real time off. Team Drivers: $5,000 Sign-On Bonus/split with an average of 5,000 miles per week! $0.72 - $0.…",Class A CDL Company Driver - 1-5mo EXP Required - OTR - Dry Van - $1.5k per week - U.S. Xpress - OTR,42.386002,eyJhbGciOiJIUzI1NiJ9.eyJpIjoiNTc2NDUyMzM2NiIsInMiOiIwaFVmQk9SbzhSR2RjS21nODlha1p3In0.ZEbYqYAuIhATzmcKLolXQeg1cPwrr1qzu1V8MCq8xBw,5764523366,"['US', 'Oregon', 'Jackson County', 'Central Point']",Adzuna::API::Response::Location,"Central Point, Jackson County",U.S. Xpress - OTR,Adzuna::API::Response::Company,logistics-warehouse-jobs,Adzuna::API::Response::Category,Logistics & Warehouse Jobs,full_time,
0.0,-115.27638,2026-06-15T13:47:19Z,78000.0,0,Adzuna::API::Response::Job,https://www.adzuna.com/land/ad/5764523356?se=0hUfBORo8RGdcKmg89akZw&utm_medium=api&utm_source=abfa41a4&v=A018D32C97D51DF8AFCFCE9A776B3106401D1EFC,"CDL-A OTR TRUCK DRIVERS: 52 - 56 CPM (based on experience). Solo OTR Drivers: Average 2,000 Miles Per Week $2,000 Sign On Bonus 100% No Touch Freight Consistent, planned schedule Predictable home time you can count on Paid Vacation Performance Bonuses Top 20% of our OTR Drivers earn $1,500 Weekly Run 28 days out, get 5 days home. It’s the balance experienced drivers want—strong miles and real time off. Team Drivers: $5,000 Sign-On Bonus/split with an average of 5,000 miles per week! $0.72 - $0.…",CDL-A Company Driver - 1-5mo EXP Required - OTR - Dry Van - $1.5k per week - U.S. Xpress - OTR,41.05614,eyJhbGciOiJIUzI1NiJ9.eyJzIjoiMGhVZkJPUm84UkdkY0ttZzg5YWtadyIsImkiOiI1NzY0NTIzMzU2In0.WU8VS3XQTE4yAHECc_FcOiibMtRp6riiVelhLq7l9b8,5764523356,"['US', 'Nevada', 'Elko County', 'Halleck']",Adzuna::API::Response::Location,"Halleck, Elko County",U.S. Xpress - OTR,Adzuna::API::Response::Company,logistics-warehouse-jobs,Adzuna::API::Response::Category,Logistics & Warehouse Jobs,full_time,
0.0,-110.641069,2026-06-15T13:47:19Z,78000.0,0,Adzuna::API::Response::Job,https://www.adzuna.com/land/ad/5764523321?se=0hUfBORo8RGdcKmg89akZw&utm_medium=api&utm_source=abfa41a4&v=CB9559E373CB4626C941926B285F61CE06E720B3,"CDL-A OTR TRUCK DRIVERS: 52 - 56 CPM (based on experience). Solo OTR Drivers: Average 2,000 Miles Per Week $2,000 Sign On Bonus 100% No Touch Freight Consistent, planned schedule Predictable home time you can count on Paid Vacation Performance Bonuses Top 20% of our OTR Drivers earn $1,500 Weekly Run 28 days out, get 5 days home. It’s the balance experienced drivers want—strong miles and real time off. Team Drivers: $5,000 Sign-On Bonus/split with an average of 5,000 miles per week! $0.72 - $0.…",Truck Driver Company - 1-5mo EXP Required - OTR - Dry Van - $1.5k per week - U.S. Xpress - OTR,35.125374,eyJhbGciOiJIUzI1NiJ9.eyJpIjoiNTc2NDUyMzMyMSIsInMiOiIwaFVmQk9SbzhSR2RjS21nODlha1p3In0.hdkHqfzUOoF_uJ9O758zhimU5eEUb1WjAcnq_erSJE4,5764523321,"['US', 'Arizona', 'Navajo County', 'Winslow']",Adzuna::API::Response::Location,"Winslow, Navajo County",U.S. Xpress - OTR,Adzuna::API::Response::Company,logistics-warehouse-jobs,Adzuna::API::Response::Category,Logistics & Warehouse Jobs,full_time,
0.0,-116.372622,2026-06-15T13:47:18Z,78000.0,0,Adzuna::API::Response::Job,https://www.adzuna.com/land/ad/5764523197?se=0hUfBORo8RGdcKmg89akZw&utm_medium=api&utm_source=abfa41a4&v=01503CDCAB0AC34C4F0CA98D29F972BC76E0D17B,"CDL-A OTR TRUCK DRIVERS: 52 - 56 CPM (based on experience). Solo OTR Drivers: Average 2,000 Miles Per Week $2,000 Sign On Bonus 100% No Touch Freight Consistent, planned schedule Predictable home time you can count on Paid Vacation Performance Bonuses Top 20% of our OTR Drivers earn $1,500 Weekly Run 28 days out, get 5 days home. It’s the balance experienced drivers want—strong miles and real time off. Team Drivers: $5,000 Sign-On Bonus/split with an average of 5,000 miles per week! $0.72 - $0.…",CDL-A Company Driver - 1-5mo EXP Required - OTR - Dry Van - $1.5k per week - U.S. Xpress - OTR,43.489691,eyJhbGciOiJIUzI1NiJ9.eyJpIjoiNTc2NDUyMzE5NyIsInMiOiIwaFVmQk9SbzhSR2RjS21nODlha1p3In0.F4zrSBk4IfJwrvzgU5HOrhihOZAwv0l9LhZb1bABmLI,5764523197,"['US', 'Idaho', 'Ada County', 'Mora']",Adzuna::API::Response::Location,"Mora, Ada County",U.S. Xpress - OTR,Adzuna::API::Response::Company,logistics-warehouse-jobs,Adzuna::API::Response::Category,Logistics & Warehouse Jobs,full_time,
0.0,-117.088034,2026-06-15T13:47:18Z,78000.0,0,Adzuna::API::Response::Job,https://www.adzuna.com/land/ad/5764523215?se=0hUfBORo8RGdcKmg89akZw&utm_medium=api&utm_source=abfa41a4&v=00E02D6C5F46BEB43B681C4ED2A5AED3926F93F6,"CDL-A OTR TRUCK DRIVERS: 52 - 56 CPM (based on experience). Solo OTR Drivers: Average 2,000 Miles Per Week $2,000 Sign On Bonus 100% No Touch Freight Consistent, planned schedule Predictable home time you can count on Paid Vacation Performance Bonuses Top 20% of our OTR Drivers earn $1,500 Weekly Run 28 days out, get 5 days home. It’s the balance experienced drivers want—strong miles and real time off. Team Drivers: $5,000 Sign-On Bonus/split with an average of 5,000 miles per week! $0.72 - $0.…",Truck Driver Company - 1-5mo EXP Required - OTR - Dry Van - $1.5k per week - U.S. Xpress - OTR,46.908262,eyJhbGciOiJIUzI1NiJ9.eyJpIjoiNTc2NDUyMzIxNSIsInMiOiIwaFVmQk9SbzhSR2RjS21nODlha1p3In0.j1QORAf3Fg38XmcqFZT8zZ4JsXLEfQu8oCMUAZp8ELk,5764523215,"['US', 'Washington', 'Whitman County', 'Palouse']",Adzuna::API::Response::Location,"Palouse, Whitman County",U.S. Xpress - OTR,Adzuna::API::Response::Company,logistics-warehouse-jobs,Adzuna::API::Response::Category,Logistics & Warehouse Jobs,full_time,
0.0,-116.374834,2026-06-15T13:47:18Z,78000.0,0,Adzuna::API::Response::Job,https://www.adzuna.com/land/ad/5764523193?se=0hUfBORo8RGdcKmg89akZw&utm_medium=api&utm_source=abfa41a4&v=E6DC6A862172668E6EDABC89857E2368F2D4DD07,"CDL-A OTR TRUCK DRIVERS: 52 - 56 CPM (based on experience). Solo OTR Drivers: Average 2,000 Miles Per Week $2,000 Sign On Bonus 100% No Touch Freight Consistent, planned schedule Predictable home time you can count on Paid Vacation Performance Bonuses Top 20% of our OTR Drivers earn $1,500 Weekly Run 28 days out, get 5 days home. It’s the balance experienced drivers want—strong miles and real time off. Team Drivers: $5,000 Sign-On Bonus/split with an average of 5,000 miles per week! $0.72 - $0.…",Class A CDL Company Driver - 1-5mo EXP Required - OTR - Dry Van - $1.5k per week - U.S. Xpress - OTR,46.056239,eyJhbGciOiJIUzI1NiJ9.eyJzIjoiMGhVZkJPUm84UkdkY0ttZzg5YWtadyIsImkiOiI1NzY0NTIzMTkzIn0.DiJprqz3cByt7a8VzuWQjGaTwuU22Cxmtj03iBJQx6U,5764523193,"['US', 'Idaho', 'Idaho County', 'Cottonwood']",Adzuna::API::Response::Location,"Cottonwood, Idaho County",U.S. Xpress - OTR,Adzuna::API::Response::Company,logistics-warehouse-jobs,Adzuna::API::Response::Category,Logistics & Warehouse Jobs,full_time,
0.0,-111.6735,2026-06-15T13:47:18Z,78000.0,0,Adzuna::API::Response::Job,https://www.adzuna.com/land/ad/5764523238?se=0hUfBORo8RGdcKmg89akZw&utm_medium=api&utm_source=abfa41a4&v=9B65D3D725D587EECB44F35E132E0EE35DBB52C5,"CDL-A OTR TRUCK DRIVERS: 52 - 56 CPM (based on experience). Solo OTR Drivers: Average 2,000 Miles Per Week $2,000 Sign On Bonus 100% No Touch Freight Consistent, planned schedule Predictable home time you can count on Paid Vacation Performance Bonuses Top 20% of our OTR Drivers earn $1,500 Weekly Run 28 days out, get 5 days home. It’s the balance experienced drivers want—strong miles and real time off. Team Drivers: $5,000 Sign-On Bonus/split with an average of 5,000 miles per week! $0.72 - $0.…",CDL-A Company Driver - 1-5mo EXP Required - OTR - Dry Van - $1.5k per week - U.S. Xpress - OTR,40.113,eyJhbGciOiJIUzI1NiJ9.eyJpIjoiNTc2NDUyMzIzOCIsInMiOiIwaFVmQk9SbzhSR2RjS21nODlha1p3In0.Gf5SDcb4uUiT6AZaA00GDp0vNqFYVyp2MdGRea2vJbI,5764523238,"['US', 'Utah', 'Utah County', 'Spanish Fork']",Adzuna::API::Response::Location,"Spanish Fork, Utah County",U.S. Xpress - OTR,Adzuna::API::Response::Company,logistics-warehouse-jobs,Adzuna::API::Response::Category,Logistics & Warehouse Jobs,full_time,
0.0,-116.546542,2026-06-15T13:47:18Z,78000.0,0,Adzuna::API::Response::Job,https://www.adzuna.com/land/ad/5764523223?se=0hUfBORo8RGdcKmg89akZw&utm_medium=api&utm_source=abfa41a4&v=D1C39B1DE9E6EAB3D2346418285186E68D2A45F8,"CDL-A OTR TRUCK DRIVERS: 52 - 56 CPM (based on experience). Solo OTR Drivers: Average 2,000 Miles Per Week $2,000 Sign On Bonus 100% No Touch Freight Consistent, planned schedule Predictable home time you can count on Paid Vacation Performance Bonuses Top 20% of our OTR Drivers earn $1,500 Weekly Run 28 days out, get 5 days home. It’s the balance experienced drivers want—strong miles and real time off. Team Drivers: $5,000 Sign-On Bonus/split with an average of 5,000 miles per week! $0.72 - $0.…",Class A CDL Company Driver - 1-5mo EXP Required - OTR - Dry Van - $1.5k per week - U.S. Xpress - OTR,46.794861,eyJhbGciOiJIUzI1NiJ9.eyJzIjoiMGhVZkJPUm84UkdkY0ttZzg5YWtadyIsImkiOiI1NzY0NTIzMjIzIn0.mn7oaS-l3ZI4WBjQI_cY9XQGlB9dBINW47yhql6Psic,5764523223,"['US', 'Idaho', 'Latah County', 'Deary']",Adzuna::API::Response::Location,"Deary, Latah County",U.S. Xpress - OTR,Adzuna::API::Response::Company,logistics-warehouse-jobs,Adzuna::API::Response::Category,Logistics & Warehouse Jobs,full_time,
0.0,-117.609965,2026-06-15T13:47:18Z,78000.0,0,Adzuna::API::Response::Job,https://www.adzuna.com/land/ad/5764523218?se=0hUfBORo8RGdcKmg89akZw&utm_medium=api&utm_source=abfa41a4&v=000EF2CC79DFAA4C3FFE496FA709B19F1D7B8FED,"CDL-A OTR TRUCK DRIVERS: 52 - 56 CPM (based on experience). Solo OTR Drivers: Average 2,000 Miles Per Week $2,000 Sign On Bonus 100% No Touch Freight Consistent, planned schedule Predictable home time you can count on Paid Vacation Performance Bonuses Top 20% of our OTR Drivers earn $1,500 Weekly Run 28 days out, get 5 days home. It’s the balance experienced drivers want—strong miles and real time off. Team Drivers: $5,000 Sign-On Bonus/split with an average of 5,000 miles per week! $0.72 - $0.…",Truck Driver Company - 1-5mo EXP Required - OTR - Dry Van - $1.5k per week - U.S. Xpress - OTR,47.097074,eyJhbGciOiJIUzI1NiJ9.eyJpIjoiNTc2NDUyMzIxOCIsInMiOiIwaFVmQk9SbzhSR2RjS21nODlha1p3In0.aywakc4ojE8a55BUDnmn9VK3yE65Ae8WwZA99Rq2n_s,5764523218,"['US', 'Washington', 'Whitman County', 'Endicott']",Adzuna::API::Response::Location,"Endicott, Whitman County",U.S. Xpress - OTR,Adzuna::API::Response::Company,logistics-warehouse-jobs,Adzuna::API::Response::Category,Logistics & Warehouse Jobs,full_time,
0.0,-111.602596,2026-06-15T13:47:18Z,78000.0,0,Adzuna::API::Response::Job,https://www.adzuna.com/land/ad/5764523252?se=0hUfBORo8RGdcKmg89akZw&utm_medium=api&utm_source=abfa41a4&v=7D5000B3959ABF38095F08759EEE87F3FE384D2F,"CDL-A OTR TRUCK DRIVERS: 52 - 56 CPM (based on experience). Solo OTR Drivers: Average 2,000 Miles Per Week $2,000 Sign On Bonus 100% No Touch Freight Consistent, planned schedule Predictable home time you can count on Paid Vacation Performance Bonuses Top 20% of our OTR Drivers earn $1,500 Weekly Run 28 days out, get 5 days home. It’s the balance experienced drivers want—strong miles and real time off. Team Drivers: $5,000 Sign-On Bonus/split with an average of 5,000 miles per week! $0.72 - $0.…",Class A CDL Company Driver - 1-5mo EXP Required - OTR - Dry Van - $1.5k per week - U.S. Xpress - OTR,40.161841,eyJhbGciOiJIUzI1NiJ9.eyJzIjoiMGhVZkJPUm84UkdkY0ttZzg5YWtadyIsImkiOiI1NzY0NTIzMjUyIn0.JBU6BYVTAzlqZ9Yv7RKQJjFwexuV2TEEvujxJaC08n8,5764523252,"['US', 'Utah', 'Utah County', 'Mapleton']",Adzuna::API::Response::Location,"Mapleton, Utah County",U.S. Xpress - OTR,Adzuna::API::Response::Company,logistics-warehouse-jobs,Adzuna::API::Response::Category,Logistics & Warehouse Jobs,full_time,
0.0,-111.936136,2026-06-15T13:47:18Z,78000.0,0,Adzuna::API::Response::Job,https://www.adzuna.com/land/ad/5764523263?se=0hUfBORo8RGdcKmg89akZw&utm_medium=api&utm_source=abfa41a4&v=AFC17C1971D2D83E7383BF849AF755C658B86EAF,"CDL-A OTR TRUCK DRIVERS: 52 - 56 CPM (based on experience). Solo OTR Drivers: Average 2,000 Miles Per Week $2,000 Sign On Bonus 100% No Touch Freight Consistent, planned schedule Predictable home time you can count on Paid Vacation Performance Bonuses Top 20% of our OTR Drivers earn $1,500 Weekly Run 28 days out, get 5 days home. It’s the balance experienced drivers want—strong miles and real time off. Team Drivers: $5,000 Sign-On Bonus/split with an average of 5,000 miles per week! $0.72 - $0.…",Truck Driver Company - 1-5mo EXP Required - OTR - Dry Van - $1.5k per week - U.S. Xpress - OTR,41.029456,eyJhbGciOiJIUzI1NiJ9.eyJpIjoiNTc2NDUyMzI2MyIsInMiOiIwaFVmQk9SbzhSR2RjS21nODlha1p3In0.GoAjfVqFOBrT6-WwGwlHANVlvdSio9sqqRKfXVQMNgg,5764523263,"['US', 'Utah', 'Davis County', 'Kaysville']",Adzuna::API::Response::Location,"Kaysville, Davis County",U.S. Xpress - OTR,Adzuna::API::Response::Company,logistics-warehouse-jobs,Adzuna::API::Response::Category,Logistics & Warehouse Jobs,full_time,
0.0,-111.864519,2026-06-15T13:47:18Z,78000.0,0,Adzuna::API::Response::Job,https://www.adzuna.com/land/ad/5764523226?se=0hUfBORo8RGdcKmg89akZw&utm_medium=api&utm_source=abfa41a4&v=999E1BF92A6E3C1D22890737B96A03B841C94E70,"CDL-A OTR TRUCK DRIVERS: 52 - 56 CPM (based on experience). Solo OTR Drivers: Average 2,000 Miles Per Week $2,000 Sign On Bonus 100% No Touch Freight Consistent, planned schedule Predictable home time you can count on Paid Vacation Performance Bonuses Top 20% of our OTR Drivers earn $1,500 Weekly Run 28 days out, get 5 days home. It’s the balance experienced drivers want—strong miles and real time off. Team Drivers: $5,000 Sign-On Bonus/split with an average of 5,000 miles per week! $0.72 - $0.…",Truck Driver Company - 1-5mo EXP Required - OTR - Dry Van - $1.5k per week - U.S. Xpress - OTR,40.405807,eyJhbGciOiJIUzI1NiJ9.eyJpIjoiNTc2NDUyMzIyNiIsInMiOiIwaFVmQk9SbzhSR2RjS21nODlha1p3In0.VjoF_0cgO7a8sVBIOU3TrcCsLh3hS1vtcUGNgH5Xr6M,5764523226,"['US', 'Utah', 'Utah County', 'Cedar Pass']",Adzuna::API::Response::Location,"Cedar Pass, Utah County",U.S. Xpress - OTR,Adzuna::API::Response::Company,logistics-warehouse-jobs,Adzuna::API::Response::Category,Logistics & Warehouse Jobs,full_time,
0.0,-116.356156,2026-06-15T13:47:18Z,78000.0,0,Adzuna::API::Response::Job,https://www.adzuna.com/land/ad/5764523206?se=0hUfBORo8RGdcKmg89akZw&utm_medium=api&utm_source=abfa41a4&v=6145AAB0F7ABE8EF635D29ABDDB406D9531B2692,"CDL-A OTR TRUCK DRIVERS: 52 - 56 CPM (based on experience). Solo OTR Drivers: Average 2,000 Miles Per Week $2,000 Sign On Bonus 100% No Touch Freight Consistent, planned schedule Predictable home time you can count on Paid Vacation Performance Bonuses Top 20% of our OTR Drivers earn $1,500 Weekly Run 28 days out, get 5 days home. It’s the balance experienced drivers want—strong miles and real time off. Team Drivers: $5,000 Sign-On Bonus/split with an average of 5,000 miles per week! $0.72 - $0.…",Class A CDL Company Driver - 1-5mo EXP Required - OTR - Dry Van - $1.5k per week - U.S. Xpress - OTR,43.701157,eyJhbGciOiJIUzI1NiJ9.eyJzIjoiMGhVZkJPUm84UkdkY0ttZzg5YWtadyIsImkiOiI1NzY0NTIzMjA2In0.2gGHMeaVB0_CfwVS-j-OhfQUfjwXaRgssYythLM9SXU,5764523206,"['US', 'Idaho', 'Ada County', 'Eagle']",Adzuna::API::Response::Location,"Eagle, Ada County",U.S. Xpress - OTR,Adzuna::API::Response::Company,logistics-warehouse-jobs,Adzuna::API::Response::Category,Logistics & Warehouse Jobs,full_time,
0.0,-111.6735,2026-06-15T13:47:18Z,78000.0,0,Adzuna::API::Response::Job,https://www.adzuna.com/land/ad/5764523237?se=0hUfBORo8RGdcKmg89akZw&utm_medium=api&utm_source=abfa41a4&v=9E1F195C2F7E0B4C4B267ECDC1508B0DC3AC3C87,"CDL-A OTR TRUCK DRIVERS: 52 - 56 CPM (based on experience). Solo OTR Drivers: Average 2,000 Miles Per Week $2,000 Sign On Bonus 100% No Touch Freight Consistent, planned schedule Predictable home time you can count on Paid Vacation Performance Bonuses Top 20% of our OTR Drivers earn $1,500 Weekly Run 28 days out, get 5 days home. It’s the balance experienced drivers want—strong miles and real time off. Team Drivers: $5,000 Sign-On Bonus/split with an average of 5,000 miles per week! $0.72 - $0.…",Truck Driver Company - 1-5mo EXP Required - OTR - Dry Van - $1.5k per week - U.S. Xpress - OTR,40.113,eyJhbGciOiJIUzI1NiJ9.eyJpIjoiNTc2NDUyMzIzNyIsInMiOiIwaFVmQk9SbzhSR2RjS21nODlha1p3In0.zEl6FRxWkA8oHrf2500FJbTz4RJa8HP3uHg4BqbPd94,5764523237,"['US', 'Utah', 'Utah County', 'Spanish Fork']",Adzuna::API::Response::Location,"Spanish Fork, Utah County",U.S. Xpress - OTR,Adzuna::API::Response::Company,logistics-warehouse-jobs,Adzuna::API::Response::Category,Logistics & Warehouse Jobs,full_time,
0.0,-111.987261,2026-06-15T13:47:18Z,78000.0,0,Adzuna::API::Response::Job,https://www.adzuna.com/land/ad/5764523246?se=0hUfBORo8RGdcKmg89akZw&utm_medium=api&utm_source=abfa41a4&v=565629B50A6A86684A992B8CA7C069A2B3496130,"CDL-A OTR TRUCK DRIVERS: 52 - 56 CPM (based on experience). Solo OTR Drivers: Average 2,000 Miles Per Week $2,000 Sign On Bonus 100% No Touch Freight Consistent, planned schedule Predictable home time you can count on Paid Vacation Performance Bonuses Top 20% of our OTR Drivers earn $1,500 Weekly Run 28 days out, get 5 days home. It’s the balance experienced drivers want—strong miles and real time off. Team Drivers: $5,000 Sign-On Bonus/split with an average of 5,000 miles per week! $0.72 - $0.…",CDL-A Company Driver - 1-5mo EXP Required - OTR - Dry Van - $1.5k per week - U.S. Xpress - OTR,40.346316,eyJhbGciOiJIUzI1NiJ9.eyJzIjoiMGhVZkJPUm84UkdkY0ttZzg5YWtadyIsImkiOiI1NzY0NTIzMjQ2In0.c6G20O8T8mr9zAdVkb2R23d-9X4B4-k84OEp_JNubCs,5764523246,"['US', 'Utah', 'Utah County', 'Lehi']",Adzuna::API::Response::Location,"Lehi, Utah County",U.S. Xpress - OTR,Adzuna::API::Response::Company,logistics-warehouse-jobs,Adzuna::API::Response::Category,Logistics & Warehouse Jobs,full_time,
0.0,-114.41028,2026-06-15T13:47:18Z,78000.0,0,Adzuna::API::Response::Job,https://www.adzuna.com/land/ad/5764523281?se=0hUfBORo8RGdcKmg89akZw&utm_medium=api&utm_source=abfa41a4&v=9FA0A58E845E4E4DC30B61195CA14748A1DCB6B5,"CDL-A OTR TRUCK DRIVERS: 52 - 56 CPM (based on experience). Solo OTR Drivers: Average 2,000 Miles Per Week $2,000 Sign On Bonus 100% No Touch Freight Consistent, planned schedule Predictable home time you can count on Paid Vacation Performance Bonuses Top 20% of our OTR Drivers earn $1,500 Weekly Run 28 days out, get 5 days home. It’s the balance experienced drivers want—strong miles and real time off. Team Drivers: $5,000 Sign-On Bonus/split with an average of 5,000 miles per week! $0.72 - $0.…",Truck Driver Company - 1-5mo EXP Required - OTR - Dry Van - $1.5k per week - U.S. Xpress - OTR,36.57948,eyJhbGciOiJIUzI1NiJ9.eyJpIjoiNTc2NDUyMzI4MSIsInMiOiIwaFVmQk9SbzhSR2RjS21nODlha1p3In0.fQxBmP0dIW8U094TPooQb_23OLPhE_n1AhxzzCO1dFQ,5764523281,"['US', 'Nevada', 'Clark County', 'Coyote Springs']",Adzuna::API::Response::Location,"Coyote Springs, Clark County",U.S. Xpress - OTR,Adzuna::API::Response::Company,logistics-warehouse-jobs,Adzuna::API::Response::Category,Logistics & Warehouse Jobs,full_time,
0.0,-113.66566,2026-06-15T13:47:18Z,78000.0,0,Adzuna::API::Response::Job,https://www.adzuna.com/land/ad/5764523274?se=0hUfBORo8RGdcKmg89akZw&utm_medium=api&utm_source=abfa41a4&v=D3A28FC4C7A93F25C18C463E506EBD93DA16637C,"CDL-A OTR TRUCK DRIVERS: 52 - 56 CPM (based on experience). Solo OTR Drivers: Average 2,000 Miles Per Week $2,000 Sign On Bonus 100% No Touch Freight Consistent, planned schedule Predictable home time you can count on Paid Vacation Performance Bonuses Top 20% of our OTR Drivers earn $1,500 Weekly Run 28 days out, get 5 days home. It’s the balance experienced drivers want—strong miles and real time off. Team Drivers: $5,000 Sign-On Bonus/split with an average of 5,000 miles per week! $0.72 - $0.…",Class A CDL Company Driver - 1-5mo EXP Required - OTR - Dry Van - $1.5k per week - U.S. Xpress - OTR,37.166273,eyJhbGciOiJIUzI1NiJ9.eyJzIjoiMGhVZkJPUm84UkdkY0ttZzg5YWtadyIsImkiOiI1NzY0NTIzMjc0In0.hzPfH1wPbLIR7NtIcQ4kuLJVCyTjKe6Wq8qZpREt3xM,5764523274,"['US', 'Utah', 'Washington County', 'Ivins']",Adzuna::API::Response::Location,"Ivins, Washington County",U.S. Xpress - OTR,Adzuna::API::Response::Company,logistics-warehouse-jobs,Adzuna::API::Response::Category,Logistics & Warehouse Jobs,full_time,
0.0,-111.743617,2026-06-15T13:47:18Z,78000.0,0,Adzuna::API::Response::Job,https://www.adzuna.com/land/ad/5764523228?se=0hUfBORo8RGdcKmg89akZw&utm_medium=api&utm_source=abfa41a4&v=A68DB9769A52E452DA0872FD3E03363967BFA467,"CDL-A OTR TRUCK DRIVERS: 52 - 56 CPM (based on experience). Solo OTR Drivers: Average 2,000 Miles Per Week $2,000 Sign On Bonus 100% No Touch Freight Consistent, planned schedule Predictable home time you can count on Paid Vacation Performance Bonuses Top 20% of our OTR Drivers earn $1,500 Weekly Run 28 days out, get 5 days home. It’s the balance experienced drivers want—strong miles and real time off. Team Drivers: $5,000 Sign-On Bonus/split with an average of 5,000 miles per week! $0.72 - $0.…",Truck Driver Company - 1-5mo EXP Required - OTR - Dry Van - $1.5k per week - U.S. Xpress - OTR,40.379954,eyJhbGciOiJIUzI1NiJ9.eyJzIjoiMGhVZkJPUm84UkdkY0ttZzg5YWtadyIsImkiOiI1NzY0NTIzMjI4In0.-Wdl_XT-sExOOKD7fT4Whxf31TMLnBxCcIsX9RpsSGo,5764523228,"['US', 'Utah', 'Utah County', 'Pleasant Grove']",Adzuna::API::Response::Location,"Pleasant Grove, Utah County",U.S. Xpress - OTR,Adzuna::API::Response::Company,logistics-warehouse-jobs,Adzuna::API::Response::Category,Logistics & Warehouse Jobs,full_time,
0.0,-116.906752,2026-06-15T13:47:18Z,78000.0,0,Adzuna::API::Response::Job,https://www.adzuna.com/land/ad/5764523208?se=0hUfBORo8RGdcKmg89akZw&utm_medium=api&utm_source=abfa41a4&v=4835F4A8D31155533FF92BE18F256CE8DC0DB8B7,"CDL-A OTR TRUCK DRIVERS: 52 - 56 CPM (based on experience). Solo OTR Drivers: Average 2,000 Miles Per Week $2,000 Sign On Bonus 100% No Touch Freight Consistent, planned schedule Predictable home time you can count on Paid Vacation Performance Bonuses Top 20% of our OTR Drivers earn $1,500 Weekly Run 28 days out, get 5 days home. It’s the balance experienced drivers want—strong miles and real time off. Team Drivers: $5,000 Sign-On Bonus/split with an average of 5,000 miles per week! $0.72 - $0.…",CDL-A Company Driver - 1-5mo EXP Required - OTR - Dry Van - $1.5k per week - U.S. Xpress - OTR,46.935688,eyJhbGciOiJIUzI1NiJ9.eyJzIjoiMGhVZkJPUm84UkdkY0ttZzg5YWtadyIsImkiOiI1NzY0NTIzMjA4In0.oYPig-L_0gZs-gOcTGAUUQ5YYKHrS-6W_YMxuAg7Pf0,5764523208,"['US', 'Idaho', 'Latah County', 'Potlatch']",Adzuna::API::Response::Location,"Potlatch, Latah County",U.S. Xpress - OTR,Adzuna::API::Response::Company,logistics-warehouse-jobs,Adzuna::API::Response::Category,Logistics & Warehouse Jobs,full_time,
0.0,-111.72214,2026-06-15T13:47:18Z,78000.0,0,Adzuna::API::Response::Job,https://www.adzuna.com/land/ad/5764523264?se=0hUfBORo8RGdcKmg89akZw&utm_medium=api&utm_source=abfa41a4&v=CEBA1C8D6C80B2F988ADA4C94740DAA8CDC80595,"CDL-A OTR TRUCK DRIVERS: 52 - 56 CPM (based on experience). Solo OTR Drivers: Average 2,000 Miles Per Week $2,000 Sign On Bonus 100% No Touch Freight Consistent, planned schedule Predictable home time you can count on Paid Vacation Performance Bonuses Top 20% of our OTR Drivers earn $1,500 Weekly Run 28 days out, get 5 days home. It’s the balance experienced drivers want—strong miles and real time off. Team Drivers: $5,000 Sign-On Bonus/split with an average of 5,000 miles per week! $0.72 - $0.…",Truck Driver Company - 1-5mo EXP Required - OTR - Dry Van - $1.5k per week - U.S. Xpress - OTR,41.072999,eyJhbGciOiJIUzI1NiJ9.eyJzIjoiMGhVZkJPUm84UkdkY0ttZzg5YWtadyIsImkiOiI1NzY0NTIzMjY0In0.Bm6fNJrSsJA1y1YCqDsDqjyNPJUJeBropD7xvokOkRI,5764523264,"['US', 'Utah', 'Morgan County', 'Stoddard']",Adzuna::API::Response::Location,"Stoddard, Morgan County",U.S. Xpress - OTR,Adzuna::API::Response::Company,logistics-warehouse-jobs,Adzuna::API::Response::Category,Logistics & Warehouse Jobs,full_time,
0.0,-111.987261,2026-06-15T13:47:18Z,78000.0,0,Adzuna::API::Response::Job,https://www.adzuna.com/land/ad/5764523250?se=0hUfBORo8RGdcKmg89akZw&utm_medium=api&utm_source=abfa41a4&v=C4552506172D22EA7A235E13AC0607651C912FBA,"CDL-A OTR TRUCK DRIVERS: 52 - 56 CPM (based on experience). Solo OTR Drivers: Average 2,000 Miles Per Week $2,000 Sign On Bonus 100% No Touch Freight Consistent, planned schedule Predictable home time you can count on Paid Vacation Performance Bonuses Top 20% of our OTR Drivers earn $1,500 Weekly Run 28 days out, get 5 days home. It’s the balance experienced drivers want—strong miles and real time off. Team Drivers: $5,000 Sign-On Bonus/split with an average of 5,000 miles per week! $0.72 - $0.…",Truck Driver Company - 1-5mo EXP Required - OTR - Dry Van - $1.5k per week - U.S. Xpress - OTR,40.346316,eyJhbGciOiJIUzI1NiJ9.eyJpIjoiNTc2NDUyMzI1MCIsInMiOiIwaFVmQk9SbzhSR2RjS21nODlha1p3In0.2JyB6Uo2ndhQbl-1ZX7-l_nyE5c5Mqp_VUtkK5nUke4,5764523250,"['US', 'Utah', 'Utah County', 'Lehi']",Adzuna::API::Response::Location,"Lehi, Utah County",U.S. Xpress - OTR,Adzuna::API::Response::Company,logistics-warehouse-jobs,Adzuna::API::Response::Category,Logistics & Warehouse Jobs,full_time,
0.0,-114.773903,2026-06-15T13:47:18Z,78000.0,0,Adzuna::API::Response::Job,https://www.adzuna.com/land/ad/5764523248?se=0hUfBORo8RGdcKmg89akZw&utm_medium=api&utm_source=abfa41a4&v=AFC352047BC93BD399BE0647D07CEA6127F338DD,"CDL-A OTR TRUCK DRIVERS: 52 - 56 CPM (based on experience). Solo OTR Drivers: Average 2,000 Miles Per Week $2,000 Sign On Bonus 100% No Touch Freight Consistent, planned schedule Predictable home time you can count on Paid Vacation Performance Bonuses Top 20% of our OTR Drivers earn $1,500 Weekly Run 28 days out, get 5 days home. It’s the balance experienced drivers want—strong miles and real time off. Team Drivers: $5,000 Sign-On Bonus/split with an average of 5,000 miles per week! $0.72 - $0.…",Truck Driver Company - 1-5mo EXP Required - OTR - Dry Van - $1.5k per week - U.S. Xpress - OTR,42.596892,eyJhbGciOiJIUzI1NiJ9.eyJpIjoiNTc2NDUyMzI0OCIsInMiOiIwaFVmQk9SbzhSR2RjS21nODlha1p3In0.ltqnfdwKv_QsdMHAnLRtS28_gdq0JJvCxLqQXVhhbRo,5764523248,"['US', 'Idaho', 'Twin Falls County', 'Buhl']",Adzuna::API::Response::Location,"Buhl, Twin Falls County",U.S. Xpress - OTR,Adzuna::API::Response::Company,logistics-warehouse-jobs,Adzuna::API::Response::Category,Logistics & Warehouse Jobs,full_time,
0.0,-111.864519,2026-06-15T13:47:18Z,78000.0,0,Adzuna::API::Response::Job,https://www.adzuna.com/land/ad/5764523227?se=0hUfBORo8RGdcKmg89akZw&utm_medium=api&utm_source=abfa41a4&v=1D4E929E2A98A87AC9C152DC7A92F397D6032499,"CDL-A OTR TRUCK DRIVERS: 52 - 56 CPM (based on experience). Solo OTR Drivers: Average 2,000 Miles Per Week $2,000 Sign On Bonus 100% No Touch Freight Consistent, planned schedule Predictable home time you can count on Paid Vacation Performance Bonuses Top 20% of our OTR Drivers earn $1,500 Weekly Run 28 days out, get 5 days home. It’s the balance experienced drivers want—strong miles and real time off. Team Drivers: $5,000 Sign-On Bonus/split with an average of 5,000 miles per week! $0.72 - $0.…",CDL-A Company Driver - 1-5mo EXP Required - OTR - Dry Van - $1.5k per week - U.S. Xpress - OTR,40.405807,eyJhbGciOiJIUzI1NiJ9.eyJzIjoiMGhVZkJPUm84UkdkY0ttZzg5YWtadyIsImkiOiI1NzY0NTIzMjI3In0.nV0CWe3PmD8AhXTp9NAdoUzAvk-fkg8-NYem1J9Eks8,5764523227,"['US', 'Utah', 'Utah County', 'Cedar Pass']",Adzuna::API::Response::Location,"Cedar Pass, Utah County",U.S. Xpress - OTR,Adzuna::API::Response::Company,logistics-warehouse-jobs,Adzuna::API::Response::Category,Logistics & Warehouse Jobs,full_time,
0.0,-114.4833,2026-06-15T13:47:18Z,78000.0,0,Adzuna::API::Response::Job,https://www.adzuna.com/land/ad/5764523283?se=0hUfBORo8RGdcKmg89akZw&utm_medium=api&utm_source=abfa41a4&v=995DD1751065221C8D6FCDF96E4EDBAD8BD60901,"CDL-A OTR TRUCK DRIVERS: 52 - 56 CPM (based on experience). Solo OTR Drivers: Average 2,000 Miles Per Week $2,000 Sign On Bonus 100% No Touch Freight Consistent, planned schedule Predictable home time you can count on Paid Vacation Performance Bonuses Top 20% of our OTR Drivers earn $1,500 Weekly Run 28 days out, get 5 days home. It’s the balance experienced drivers want—strong miles and real time off. Team Drivers: $5,000 Sign-On Bonus/split with an average of 5,000 miles per week! $0.72 - $0.…",CDL-A Company Driver - 1-5mo EXP Required - OTR - Dry Van - $1.5k per week - U.S. Xpress - OTR,36.59658,eyJhbGciOiJIUzI1NiJ9.eyJpIjoiNTc2NDUyMzI4MyIsInMiOiIwaFVmQk9SbzhSR2RjS21nODlha1p3In0.AKBLILvv-1bV4CfEMCM57jwaLqfeaz7EG7hxBf5Vo58,5764523283,"['US', 'Nevada', 'Clark County', 'Moapa Valley']",Adzuna::API::Response::Location,"Moapa Valley, Clark County",U.S. Xpress - OTR,Adzuna::API::Response::Company,logistics-warehouse-jobs,Adzuna::API::Response::Category,Logistics & Warehouse Jobs,full_time,
0.0,-117.088034,2026-06-15T13:47:18Z,78000.0,0,Adzuna::API::Response::Job,https://www.adzuna.com/land/ad/5764523213?se=0hUfBORo8RGdcKmg89akZw&utm_medium=api&utm_source=abfa41a4&v=867458F2800259693709092DF2511235230858DF,"CDL-A OTR TRUCK DRIVERS: 52 - 56 CPM (based on experience). Solo OTR Drivers: Average 2,000 Miles Per Week $2,000 Sign On Bonus 100% No Touch Freight Consistent, planned schedule Predictable home time you can count on Paid Vacation Performance Bonuses Top 20% of our OTR Drivers earn $1,500 Weekly Run 28 days out, get 5 days home. It’s the balance experienced drivers want—strong miles and real time off. Team Drivers: $5,000 Sign-On Bonus/split with an average of 5,000 miles per week! $0.72 - $0.…",Class A CDL Company Driver - 1-5mo EXP Required - OTR - Dry Van - $1.5k per week - U.S. Xpress - OTR,46.908262,eyJhbGciOiJIUzI1NiJ9.eyJpIjoiNTc2NDUyMzIxMyIsInMiOiIwaFVmQk9SbzhSR2RjS21nODlha1p3In0.NF2OUfOOIJh3urTfD446Mv5TaK9BAODa9b9j8EHDMJ8,5764523213,"['US', 'Washington', 'Whitman County', 'Palouse']",Adzuna::API::Response::Location,"Palouse, Whitman County",U.S. Xpress - OTR,Adzuna::API::Response::Company,logistics-warehouse-jobs,Adzuna::API::Response::Category,Logistics & Warehouse Jobs,full_time,
0.0,-111.6735,2026-06-15T13:47:18Z,78000.0,0,Adzuna::API::Response::Job,https://www.adzuna.com/land/ad/5764523240?se=0hUfBORo8RGdcKmg89akZw&utm_medium=api&utm_source=abfa41a4&v=87938255388B1F2C2D675BA6C0CF362F3239596C,"CDL-A OTR TRUCK DRIVERS: 52 - 56 CPM (based on experience). Solo OTR Drivers: Average 2,000 Miles Per Week $2,000 Sign On Bonus 100% No Touch Freight Consistent, planned schedule Predictable home time you can count on Paid Vacation Performance Bonuses Top 20% of our OTR Drivers earn $1,500 Weekly Run 28 days out, get 5 days home. It’s the balance experienced drivers want—strong miles and real time off. Team Drivers: $5,000 Sign-On Bonus/split with an average of 5,000 miles per week! $0.72 - $0.…",Class A CDL Company Driver - 1-5mo EXP Required - OTR - Dry Van - $1.5k per week - U.S. Xpress - OTR,40.113,eyJhbGciOiJIUzI1NiJ9.eyJzIjoiMGhVZkJPUm84UkdkY0ttZzg5YWtadyIsImkiOiI1NzY0NTIzMjQwIn0.cGhssXnjt_EFYCAcnMwz6MBtEBY3GR6YwPlQBEoldRM,5764523240,"['US', 'Utah', 'Utah County', 'Spanish Fork']",Adzuna::API::Response::Location,"Spanish Fork, Utah County",U.S. Xpress - OTR,Adzuna::API::Response::Company,logistics-warehouse-jobs,Adzuna::API::Response::Category,Logistics & Warehouse Jobs,full_time,
0.0,-111.795943,2026-06-15T13:47:18Z,78000.0,0,Adzuna::API::Response::Job,https://www.adzuna.com/land/ad/5764523236?se=0hUfBORo8RGdcKmg89akZw&utm_medium=api&utm_source=abfa41a4&v=56302E267EB7A60DD97804A619B975FF688E0084,"CDL-A OTR TRUCK DRIVERS: 52 - 56 CPM (based on experience). Solo OTR Drivers: Average 2,000 Miles Per Week $2,000 Sign On Bonus 100% No Touch Freight Consistent, planned schedule Predictable home time you can count on Paid Vacation Performance Bonuses Top 20% of our OTR Drivers earn $1,500 Weekly Run 28 days out, get 5 days home. It’s the balance experienced drivers want—strong miles and real time off. Team Drivers: $5,000 Sign-On Bonus/split with an average of 5,000 miles per week! $0.72 - $0.…",Class A CDL Company Driver - 1-5mo EXP Required - OTR - Dry Van - $1.5k per week - U.S. Xpress - OTR,40.401064,eyJhbGciOiJIUzI1NiJ9.eyJpIjoiNTc2NDUyMzIzNiIsInMiOiIwaFVmQk9SbzhSR2RjS21nODlha1p3In0.vOUUbca0pcD3jyZ03a-DbF4xgDxi0ZGWmbjhPoNBoSE,5764523236,"['US', 'Utah', 'Utah County', 'Timpanogos']",Adzuna::API::Response::Location,"Timpanogos, Utah County",U.S. Xpress - OTR,Adzuna::API::Response::Company,logistics-warehouse-jobs,Adzuna::API::Response::Category,Logistics & Warehouse Jobs,full_time,
0.0,-111.929229,2026-06-15T13:47:18Z,78000.0,0,Adzuna::API::Response::Job,https://www.adzuna.com/land/ad/5764523261?se=0hUfBORo8RGdcKmg89akZw&utm_medium=api&utm_source=abfa41a4&v=A3AD6C9D02C535BF351BB6C56AC8FC45E1B73F19,"CDL-A OTR TRUCK DRIVERS: 52 - 56 CPM (based on experience). Solo OTR Drivers: Average 2,000 Miles Per Week $2,000 Sign On Bonus 100% No Touch Freight Consistent, planned schedule Predictable home time you can count on Paid Vacation Performance Bonuses Top 20% of our OTR Drivers earn $1,500 Weekly Run 28 days out, get 5 days home. It’s the balance experienced drivers want—strong miles and real time off. Team Drivers: $5,000 Sign-On Bonus/split with an average of 5,000 miles per week! $0.72 - $0.…",Truck Driver Company - 1-5mo EXP Required - OTR - Dry Van - $1.5k per week - U.S. Xpress - OTR,41.086796,eyJhbGciOiJIUzI1NiJ9.eyJpIjoiNTc2NDUyMzI2MSIsInMiOiIwaFVmQk9SbzhSR2RjS21nODlha1p3In0.3LVfhI5t5aCtd9oo0NC2Tim_l73NESZ3MXzdZi-ZhDY,5764523261,"['US', 'Utah', 'Davis County', 'East Layton']",Adzuna::API::Response::Location,"East Layton, Davis County",U.S. Xpress - OTR,Adzuna::API::Response::Company,logistics-warehouse-jobs,Adzuna::API::Response::Category,Logistics & Warehouse Jobs,full_time,
0.0,-111.63391,2026-06-15T13:47:18Z,78000.0,0,Adzuna::API::Response::Job,https://www.adzuna.com/land/ad/5764523279?se=0hUfBORo8RGdcKmg89akZw&utm_medium=api&utm_source=abfa41a4&v=8F21CDD421014D44DA88C30B799CDB11749A68A3,"CDL-A OTR TRUCK DRIVERS: 52 - 56 CPM (based on experience). Solo OTR Drivers: Average 2,000 Miles Per Week $2,000 Sign On Bonus 100% No Touch Freight Consistent, planned schedule Predictable home time you can count on Paid Vacation Performance Bonuses Top 20% of our OTR Drivers earn $1,500 Weekly Run 28 days out, get 5 days home. It’s the balance experienced drivers want—strong miles and real time off. Team Drivers: $5,000 Sign-On Bonus/split with an average of 5,000 miles per week! $0.72 - $0.…",CDL-A Company Driver - 1-5mo EXP Required - OTR - Dry Van - $1.5k per week - U.S. Xpress - OTR,33.222878,eyJhbGciOiJIUzI1NiJ9.eyJzIjoiMGhVZkJPUm84UkdkY0ttZzg5YWtadyIsImkiOiI1NzY0NTIzMjc5In0.Y8vV4U-VUpRJTBdTJ6L75Mj7sEQfXc5ej0AahbZkd-0,5764523279,"['US', 'Arizona', 'Maricopa County', 'Queen Creek']",Adzuna::API::Response::Location,"Queen Creek, Maricopa County",U.S. Xpress - OTR,Adzuna::API::Response::Company,logistics-warehouse-jobs,Adzuna::API::Response::Category,Logistics & Warehouse Jobs,full_time,
0.0,-112.10532,2026-06-15T13:47:18Z,78000.0,0,Adzuna::API::Response::Job,https://www.adzuna.com/land/ad/5764523266?se=0hUfBORo8RGdcKmg89akZw&utm_medium=api&utm_source=abfa41a4&v=95F4A6C476EF37E026A9F66B6518EC8FA5C3C59B,"CDL-A OTR TRUCK DRIVERS: 52 - 56 CPM (based on experience). Solo OTR Drivers: Average 2,000 Miles Per Week $2,000 Sign On Bonus 100% No Touch Freight Consistent, planned schedule Predictable home time you can count on Paid Vacation Performance Bonuses Top 20% of our OTR Drivers earn $1,500 Weekly Run 28 days out, get 5 days home. It’s the balance experienced drivers want—strong miles and real time off. Team Drivers: $5,000 Sign-On Bonus/split with an average of 5,000 miles per week! $0.72 - $0.…",Class A CDL Company Driver - 1-5mo EXP Required - OTR - Dry Van - $1.5k per week - U.S. Xpress - OTR,41.17908,eyJhbGciOiJIUzI1NiJ9.eyJzIjoiMGhVZkJPUm84UkdkY0ttZzg5YWtadyIsImkiOiI1NzY0NTIzMjY2In0.j8WeW5EvfGLeOVIk4gs9UR_d8ldjbmvWswYGYe82d_U,5764523266,"['US', 'Utah', 'Weber County', 'Kanesville']",Adzuna::API::Response::Location,"Kanesville, Weber County",U.S. Xpress - OTR,Adzuna::API::Response::Company,logistics-warehouse-jobs,Adzuna::API::Response::Category,Logistics & Warehouse Jobs,full_time,
0.0,-116.511528,2026-06-15T13:47:18Z,78000.0,0,Adzuna::API::Response::Job,https://www.adzuna.com/land/ad/5764523210?se=0hUfBORo8RGdcKmg89akZw&utm_medium=api&utm_source=abfa41a4&v=50A25130801083743C88F8981AD12D75F888DAAE,"CDL-A OTR TRUCK DRIVERS: 52 - 56 CPM (based on experience). Solo OTR Drivers: Average 2,000 Miles Per Week $2,000 Sign On Bonus 100% No Touch Freight Consistent, planned schedule Predictable home time you can count on Paid Vacation Performance Bonuses Top 20% of our OTR Drivers earn $1,500 Weekly Run 28 days out, get 5 days home. It’s the balance experienced drivers want—strong miles and real time off. Team Drivers: $5,000 Sign-On Bonus/split with an average of 5,000 miles per week! $0.72 - $0.…",Class A CDL Company Driver - 1-5mo EXP Required - OTR - Dry Van - $1.5k per week - U.S. Xpress - OTR,43.878214,eyJhbGciOiJIUzI1NiJ9.eyJpIjoiNTc2NDUyMzIxMCIsInMiOiIwaFVmQk9SbzhSR2RjS21nODlha1p3In0.ixinRG76ihJUuJ3J7tA_xV7VWq04PrIIW0dmg3tPxxI,5764523210,"['US', 'Idaho', 'Gem County', 'Emmett']",Adzuna::API::Response::Location,"Emmett, Gem County",U.S. Xpress - OTR,Adzuna::API::Response::Company,logistics-warehouse-jobs,Adzuna::API::Response::Category,Logistics & Warehouse Jobs,full_time,
0.0,-116.393756,2026-06-15T13:47:18Z,78000.0,0,Adzuna::API::Response::Job,https://www.adzuna.com/land/ad/5764523203?se=ptH8BORo8RGmpfo0sbJdLA&utm_medium=api&utm_source=abfa41a4&v=93E82F5BBE8D9128B28BA4686735EB42EC2BDD82,"CDL-A OTR TRUCK DRIVERS: 52 - 56 CPM (based on experience). Solo OTR Drivers: Average 2,000 Miles Per Week $2,000 Sign On Bonus 100% No Touch Freight Consistent, planned schedule Predictable home time you can count on Paid Vacation Performance Bonuses Top 20% of our OTR Drivers earn $1,500 Weekly Run 28 days out, get 5 days home. It’s the balance experienced drivers want—strong miles and real time off. Team Drivers: $5,000 Sign-On Bonus/split with an average of 5,000 miles per week! $0.72 - $0.…",Truck Driver Company - 1-5mo EXP Required - OTR - Dry Van - $1.5k per week - U.S. Xpress - OTR,43.593652,eyJhbGciOiJIUzI1NiJ9.eyJpIjoiNTc2NDUyMzIwMyIsInMiOiJwdEg4Qk9SbzhSR21wZm8wc2JKZExBIn0.i0Kv0nHXd9PNQoEMSLWbz1yHT_Tz6C519EwSS-An_Dg,5764523203,"['US', 'Idaho', 'Ada County', 'Meridian']",Adzuna::API::Response::Location,"Meridian, Ada County",U.S. Xpress - OTR,Adzuna::API::Response::Company,logistics-warehouse-jobs,Adzuna::API::Response::Category,Logistics & Warehouse Jobs,full_time,
0.0,-111.743617,2026-06-15T13:47:18Z,78000.0,0,Adzuna::API::Response::Job,https://www.adzuna.com/land/ad/5764523229?se=ptH8BORo8RGmpfo0sbJdLA&utm_medium=api&utm_source=abfa41a4&v=8706A0916321E87C5F045F293DEE01E4CEA831E0,"CDL-A OTR TRUCK DRIVERS: 52 - 56 CPM (based on experience). Solo OTR Drivers: Average 2,000 Miles Per Week $2,000 Sign On Bonus 100% No Touch Freight Consistent, planned schedule Predictable home time you can count on Paid Vacation Performance Bonuses Top 20% of our OTR Drivers earn $1,500 Weekly Run 28 days out, get 5 days home. It’s the balance experienced drivers want—strong miles and real time off. Team Drivers: $5,000 Sign-On Bonus/split with an average of 5,000 miles per week! $0.72 - $0.…",CDL-A Company Driver - 1-5mo EXP Required - OTR - Dry Van - $1.5k per week - U.S. Xpress - OTR,40.379954,eyJhbGciOiJIUzI1NiJ9.eyJpIjoiNTc2NDUyMzIyOSIsInMiOiJwdEg4Qk9SbzhSR21wZm8wc2JKZExBIn0.T08zcOGxjAcq5XNMhvrXpk-SgTTxwJPCQn6rBpkDyqI,5764523229,"['US', 'Utah', 'Utah County', 'Pleasant Grove']",Adzuna::API::Response::Location,"Pleasant Grove, Utah County",U.S. Xpress - OTR,Adzuna::API::Response::Company,logistics-warehouse-jobs,Adzuna::API::Response::Category,Logistics & Warehouse Jobs,full_time,
0.0,-116.99397,2026-06-15T13:47:18Z,78000.0,0,Adzuna::API::Response::Job,https://www.adzuna.com/land/ad/5764523221?se=ptH8BORo8RGmpfo0sbJdLA&utm_medium=api&utm_source=abfa41a4&v=FFDB4142C5DBEBF68259B4A01A392145439805E7,"CDL-A OTR TRUCK DRIVERS: 52 - 56 CPM (based on experience). Solo OTR Drivers: Average 2,000 Miles Per Week $2,000 Sign On Bonus 100% No Touch Freight Consistent, planned schedule Predictable home time you can count on Paid Vacation Performance Bonuses Top 20% of our OTR Drivers earn $1,500 Weekly Run 28 days out, get 5 days home. It’s the balance experienced drivers want—strong miles and real time off. Team Drivers: $5,000 Sign-On Bonus/split with an average of 5,000 miles per week! $0.72 - $0.…",CDL-A Company Driver - 1-5mo EXP Required - OTR - Dry Van - $1.5k per week - U.S. Xpress - OTR,44.04198,eyJhbGciOiJIUzI1NiJ9.eyJpIjoiNTc2NDUyMzIyMSIsInMiOiJwdEg4Qk9SbzhSR21wZm8wc2JKZExBIn0.cRa1HWLDUjg2nvRKhLN8k7W5gXWK3C0ngFDRaDgIpsE,5764523221,"['US', 'Oregon', 'Malheur County', 'Ontario']",Adzuna::API::Response::Location,"Ontario, Malheur County",U.S. Xpress - OTR,Adzuna::API::Response::Company,logistics-warehouse-jobs,Adzuna::API::Response::Category,Logistics & Warehouse Jobs,full_time,
0.0,-111.743617,2026-06-15T13:47:18Z,78000.0,0,Adzuna::API::Response::Job,https://www.adzuna.com/land/ad/5764523233?se=ptH8BORo8RGmpfo0sbJdLA&utm_medium=api&utm_source=abfa41a4&v=50AD04928D168A5061532771D6B0AAB3E0A938BD,"CDL-A OTR TRUCK DRIVERS: 52 - 56 CPM (based on experience). Solo OTR Drivers: Average 2,000 Miles Per Week $2,000 Sign On Bonus 100% No Touch Freight Consistent, planned schedule Predictable home time you can count on Paid Vacation Performance Bonuses Top 20% of our OTR Drivers earn $1,500 Weekly Run 28 days out, get 5 days home. It’s the balance experienced drivers want—strong miles and real time off. Team Drivers: $5,000 Sign-On Bonus/split with an average of 5,000 miles per week! $0.72 - $0.…",Class A CDL Company Driver - 1-5mo EXP Required - OTR - Dry Van - $1.5k per week - U.S. Xpress - OTR,40.379954,eyJhbGciOiJIUzI1NiJ9.eyJzIjoicHRIOEJPUm84UkdtcGZvMHNiSmRMQSIsImkiOiI1NzY0NTIzMjMzIn0.uKgCyA-RLyvk0ZPW0X1yg1o1YCuguD5EXqhI5WWDdf8,5764523233,"['US', 'Utah', 'Utah County', 'Pleasant Grove']",Adzuna::API::Response::Location,"Pleasant Grove, Utah County",U.S. Xpress - OTR,Adzuna::API::Response::Company,logistics-warehouse-jobs,Adzuna::API::Response::Category,Logistics & Warehouse Jobs,full_time,
0.0,-116.590441,2026-06-15T13:47:18Z,78000.0,0,Adzuna::API::Response::Job,https://www.adzuna.com/land/ad/5764523194?se=ptH8BORo8RGmpfo0sbJdLA&utm_medium=api&utm_source=abfa41a4&v=A9AEE7177410C0C463B871B551DE36D4A70F5C17,"CDL-A OTR TRUCK DRIVERS: 52 - 56 CPM (based on experience). Solo OTR Drivers: Average 2,000 Miles Per Week $2,000 Sign On Bonus 100% No Touch Freight Consistent, planned schedule Predictable home time you can count on Paid Vacation Performance Bonuses Top 20% of our OTR Drivers earn $1,500 Weekly Run 28 days out, get 5 days home. It’s the balance experienced drivers want—strong miles and real time off. Team Drivers: $5,000 Sign-On Bonus/split with an average of 5,000 miles per week! $0.72 - $0.…",CDL-A Company Driver - 1-5mo EXP Required - OTR - Dry Van - $1.5k per week - U.S. Xpress - OTR,43.582376,eyJhbGciOiJIUzI1NiJ9.eyJzIjoicHRIOEJPUm84UkdtcGZvMHNiSmRMQSIsImkiOiI1NzY0NTIzMTk0In0.WDDgdK2XiiA4ZZ9IHcK5hXkJHfNJQIyfAC2oUQF3JnY,5764523194,"['US', 'Idaho', 'Canyon County', 'Nampa']",Adzuna::API::Response::Location,"Nampa, Canyon County",U.S. Xpress - OTR,Adzuna::API::Response::Company,logistics-warehouse-jobs,Adzuna::API::Response::Category,Logistics & Warehouse Jobs,full_time,
0.0,-111.63391,2026-06-15T13:47:18Z,78000.0,0,Adzuna::API::Response::Job,https://www.adzuna.com/land/ad/5764523280?se=ptH8BORo8RGmpfo0sbJdLA&utm_medium=api&utm_source=abfa41a4&v=3D1EE13CADA069BE25AD778F3C60C67EF593ACA3,"CDL-A OTR TRUCK DRIVERS: 52 - 56 CPM (based on experience). Solo OTR Drivers: Average 2,000 Miles Per Week $2,000 Sign On Bonus 100% No Touch Freight Consistent, planned schedule Predictable home time you can count on Paid Vacation Performance Bonuses Top 20% of our OTR Drivers earn $1,500 Weekly Run 28 days out, get 5 days home. It’s the balance experienced drivers want—strong miles and real time off. Team Drivers: $5,000 Sign-On Bonus/split with an average of 5,000 miles per week! $0.72 - $0.…",Truck Driver Company - 1-5mo EXP Required - OTR - Dry Van - $1.5k per week - U.S. Xpress - OTR,33.222878,eyJhbGciOiJIUzI1NiJ9.eyJzIjoicHRIOEJPUm84UkdtcGZvMHNiSmRMQSIsImkiOiI1NzY0NTIzMjgwIn0.dopljOlVEQOqwEe0qxRQoYIWo4QsggNSfRE4aCd558o,5764523280,"['US', 'Arizona', 'Maricopa County', 'Queen Creek']",Adzuna::API::Response::Location,"Queen Creek, Maricopa County",U.S. Xpress - OTR,Adzuna::API::Response::Company,logistics-warehouse-jobs,Adzuna::API::Response::Category,Logistics & Warehouse Jobs,full_time,
0.0,-113.66566,2026-06-15T13:47:18Z,78000.0,0,Adzuna::API::Response::Job,https://www.adzuna.com/land/ad/5764523270?se=ptH8BORo8RGmpfo0sbJdLA&utm_medium=api&utm_source=abfa41a4&v=8677E6875CF15A8BE2DC2EC066BBF61D2E20CAC0,"CDL-A OTR TRUCK DRIVERS: 52 - 56 CPM (based on experience). Solo OTR Drivers: Average 2,000 Miles Per Week $2,000 Sign On Bonus 100% No Touch Freight Consistent, planned schedule Predictable home time you can count on Paid Vacation Performance Bonuses Top 20% of our OTR Drivers earn $1,500 Weekly Run 28 days out, get 5 days home. It’s the balance experienced drivers want—strong miles and real time off. Team Drivers: $5,000 Sign-On Bonus/split with an average of 5,000 miles per week! $0.72 - $0.…",Truck Driver Company - 1-5mo EXP Required - OTR - Dry Van - $1.5k per week - U.S. Xpress - OTR,37.166273,eyJhbGciOiJIUzI1NiJ9.eyJzIjoicHRIOEJPUm84UkdtcGZvMHNiSmRMQSIsImkiOiI1NzY0NTIzMjcwIn0.CWzUoAuwUHr5wqnA5lTTOj7rC1daMsd_Bb0jg7njWtU,5764523270,"['US', 'Utah', 'Washington County', 'Ivins']",Adzuna::API::Response::Location,"Ivins, Washington County",U.S. Xpress - OTR,Adzuna::API::Response::Company,logistics-warehouse-jobs,Adzuna::API::Response::Category,Logistics & Warehouse Jobs,full_time,
0.0,-116.546542,2026-06-15T13:47:18Z,78000.0,0,Adzuna::API::Response::Job,https://www.adzuna.com/land/ad/5764523216?se=ptH8BORo8RGmpfo0sbJdLA&utm_medium=api&utm_source=abfa41a4&v=39CB36187195FD1467265DAD0B634B3D1D065D44,"CDL-A OTR TRUCK DRIVERS: 52 - 56 CPM (based on experience). Solo OTR Drivers: Average 2,000 Miles Per Week $2,000 Sign On Bonus 100% No Touch Freight Consistent, planned schedule Predictable home time you can count on Paid Vacation Performance Bonuses Top 20% of our OTR Drivers earn $1,500 Weekly Run 28 days out, get 5 days home. It’s the balance experienced drivers want—strong miles and real time off. Team Drivers: $5,000 Sign-On Bonus/split with an average of 5,000 miles per week! $0.72 - $0.…",CDL-A Company Driver - 1-5mo EXP Required - OTR - Dry Van - $1.5k per week - U.S. Xpress - OTR,46.794861,eyJhbGciOiJIUzI1NiJ9.eyJzIjoicHRIOEJPUm84UkdtcGZvMHNiSmRMQSIsImkiOiI1NzY0NTIzMjE2In0.UIVHLdCpw2cW39Qa0ut84zzw7XZM1yvLZeGFp4JyJPI,5764523216,"['US', 'Idaho', 'Latah County', 'Deary']",Adzuna::API::Response::Location,"Deary, Latah County",U.S. Xpress - OTR,Adzuna::API::Response::Company,logistics-warehouse-jobs,Adzuna::API::Response::Category,Logistics & Warehouse Jobs,full_time,
0.0,-116.393756,2026-06-15T13:47:18Z,78000.0,0,Adzuna::API::Response::Job,https://www.adzuna.com/land/ad/5764523198?se=ptH8BORo8RGmpfo0sbJdLA&utm_medium=api&utm_source=abfa41a4&v=341CFC2195FFA89AB3AF19EA9627806FE2F81071,"CDL-A OTR TRUCK DRIVERS: 52 - 56 CPM (based on experience). Solo OTR Drivers: Average 2,000 Miles Per Week $2,000 Sign On Bonus 100% No Touch Freight Consistent, planned schedule Predictable home time you can count on Paid Vacation Performance Bonuses Top 20% of our OTR Drivers earn $1,500 Weekly Run 28 days out, get 5 days home. It’s the balance experienced drivers want—strong miles and real time off. Team Drivers: $5,000 Sign-On Bonus/split with an average of 5,000 miles per week! $0.72 - $0.…",Class A CDL Company Driver - 1-5mo EXP Required - OTR - Dry Van - $1.5k per week - U.S. Xpress - OTR,43.593652,eyJhbGciOiJIUzI1NiJ9.eyJpIjoiNTc2NDUyMzE5OCIsInMiOiJwdEg4Qk9SbzhSR21wZm8wc2JKZExBIn0.OyCQA4M4fvNNb7h3yJPY_OffB2GDeAezvhDk9l7u21Y,5764523198,"['US', 'Idaho', 'Ada County', 'Meridian']",Adzuna::API::Response::Location,"Meridian, Ada County",U.S. Xpress - OTR,Adzuna::API::Response::Company,logistics-warehouse-jobs,Adzuna::API::Response::Category,Logistics & Warehouse Jobs,full_time,
0.0,-116.356156,2026-06-15T13:47:18Z,78000.0,0,Adzuna::API::Response::Job,https://www.adzuna.com/land/ad/5764523201?se=ptH8BORo8RGmpfo0sbJdLA&utm_medium=api&utm_source=abfa41a4&v=17588EA88338748BC3EBD46E6F6C4721E59AAF28,"CDL-A OTR TRUCK DRIVERS: 52 - 56 CPM (based on experience). Solo OTR Drivers: Average 2,000 Miles Per Week $2,000 Sign On Bonus 100% No Touch Freight Consistent, planned schedule Predictable home time you can count on Paid Vacation Performance Bonuses Top 20% of our OTR Drivers earn $1,500 Weekly Run 28 days out, get 5 days home. It’s the balance experienced drivers want—strong miles and real time off. Team Drivers: $5,000 Sign-On Bonus/split with an average of 5,000 miles per week! $0.72 - $0.…",CDL-A Company Driver - 1-5mo EXP Required - OTR - Dry Van - $1.5k per week - U.S. Xpress - OTR,43.701157,eyJhbGciOiJIUzI1NiJ9.eyJpIjoiNTc2NDUyMzIwMSIsInMiOiJwdEg4Qk9SbzhSR21wZm8wc2JKZExBIn0.xRNYCVP196_KyHP1SSf1PL9nh5-_NCTJf583OhU76F0,5764523201,"['US', 'Idaho', 'Ada County', 'Eagle']",Adzuna::API::Response::Location,"Eagle, Ada County",U.S. Xpress - OTR,Adzuna::API::Response::Company,logistics-warehouse-jobs,Adzuna::API::Response::Category,Logistics & Warehouse Jobs,full_time,
0.0,-116.388534,2026-06-15T13:47:18Z,78000.0,0,Adzuna::API::Response::Job,https://www.adzuna.com/land/ad/5764523222?se=ptH8BORo8RGmpfo0sbJdLA&utm_medium=api&utm_source=abfa41a4&v=39A96032FAC93FB6D7E2A61C8449BABECDA531E1,"CDL-A OTR TRUCK DRIVERS: 52 - 56 CPM (based on experience). Solo OTR Drivers: Average 2,000 Miles Per Week $2,000 Sign On Bonus 100% No Touch Freight Consistent, planned schedule Predictable home time you can count on Paid Vacation Performance Bonuses Top 20% of our OTR Drivers earn $1,500 Weekly Run 28 days out, get 5 days home. It’s the balance experienced drivers want—strong miles and real time off. Team Drivers: $5,000 Sign-On Bonus/split with an average of 5,000 miles per week! $0.72 - $0.…",Class A CDL Company Driver - 1-5mo EXP Required - OTR - Dry Van - $1.5k per week - U.S. Xpress - OTR,47.10938,eyJhbGciOiJIUzI1NiJ9.eyJzIjoicHRIOEJPUm84UkdtcGZvMHNiSmRMQSIsImkiOiI1NzY0NTIzMjIyIn0.rFYARr1w96s4THYr47CI_DZyccM8-ajM0t5LX2AFaNI,5764523222,"['US', 'Idaho', 'Benewah County', 'Saint Maries']",Adzuna::API::Response::Location,"Saint Maries, Benewah County",U.S. Xpress - OTR,Adzuna::API::Response::Company,logistics-warehouse-jobs,Adzuna::API::Response::Category,Logistics & Warehouse Jobs,full_time,
0.0,-112.044304,2026-06-15T13:47:18Z,78000.0,0,Adzuna::API::Response::Job,https://www.adzuna.com/land/ad/5764523249?se=ptH8BORo8RGmpfo0sbJdLA&utm_medium=api&utm_source=abfa41a4&v=89B352FBFF4806AF5AC65978AD28E65F0772C850,"CDL-A OTR TRUCK DRIVERS: 52 - 56 CPM (based on experience). Solo OTR Drivers: Average 2,000 Miles Per Week $2,000 Sign On Bonus 100% No Touch Freight Consistent, planned schedule Predictable home time you can count on Paid Vacation Performance Bonuses Top 20% of our OTR Drivers earn $1,500 Weekly Run 28 days out, get 5 days home. It’s the balance experienced drivers want—strong miles and real time off. Team Drivers: $5,000 Sign-On Bonus/split with an average of 5,000 miles per week! $0.72 - $0.…",CDL-A Company Driver - 1-5mo EXP Required - OTR - Dry Van - $1.5k per week - U.S. Xpress - OTR,41.171532,eyJhbGciOiJIUzI1NiJ9.eyJpIjoiNTc2NDUyMzI0OSIsInMiOiJwdEg4Qk9SbzhSR21wZm8wc2JKZExBIn0.IQZgPl5yGYU3TOCTj_xZhRMBnwJKLeD1txhr54XCqQU,5764523249,"['US', 'Utah', 'Weber County', 'Roy']",Adzuna::API::Response::Location,"Roy, Weber County",U.S. Xpress - OTR,Adzuna::API::Response::Company,logistics-warehouse-jobs,Adzuna::API::Response::Category,Logistics & Warehouse Jobs,full_time,
0.0,-112.044304,2026-06-15T13:47:18Z,78000.0,0,Adzuna::API::Response::Job,https://www.adzuna.com/land/ad/5764523254?se=ptH8BORo8RGmpfo0sbJdLA&utm_medium=api&utm_source=abfa41a4&v=D718F7949BBA4A2C21A12D44CA1CBC94BD58A89C,"CDL-A OTR TRUCK DRIVERS: 52 - 56 CPM (based on experience). Solo OTR Drivers: Average 2,000 Miles Per Week $2,000 Sign On Bonus 100% No Touch Freight Consistent, planned schedule Predictable home time you can count on Paid Vacation Performance Bonuses Top 20% of our OTR Drivers earn $1,500 Weekly Run 28 days out, get 5 days home. It’s the balance experienced drivers want—strong miles and real time off. Team Drivers: $5,000 Sign-On Bonus/split with an average of 5,000 miles per week! $0.72 - $0.…",Class A CDL Company Driver - 1-5mo EXP Required - OTR - Dry Van - $1.5k per week - U.S. Xpress - OTR,41.171532,eyJhbGciOiJIUzI1NiJ9.eyJpIjoiNTc2NDUyMzI1NCIsInMiOiJwdEg4Qk9SbzhSR21wZm8wc2JKZExBIn0.UQn1UQv5M6j9sq9hL5_5hAxd5TFYVVfPYbwLwka727o,5764523254,"['US', 'Utah', 'Weber County', 'Roy']",Adzuna::API::Response::Location,"Roy, Weber County",U.S. Xpress - OTR,Adzuna::API::Response::Company,logistics-warehouse-jobs,Adzuna::API::Response::Category,Logistics & Warehouse Jobs,full_time,
0.0,-111.63391,2026-06-15T13:47:18Z,78000.0,0,Adzuna::API::Response::Job,https://www.adzuna.com/land/ad/5764523282?se=ptH8BORo8RGmpfo0sbJdLA&utm_medium=api&utm_source=abfa41a4&v=75A38D3E8AE6A8A2B4A3D3EC5B0E03407C3EB83C,"CDL-A OTR TRUCK DRIVERS: 52 - 56 CPM (based on experience). Solo OTR Drivers: Average 2,000 Miles Per Week $2,000 Sign On Bonus 100% No Touch Freight Consistent, planned schedule Predictable home time you can count on Paid Vacation Performance Bonuses Top 20% of our OTR Drivers earn $1,500 Weekly Run 28 days out, get 5 days home. It’s the balance experienced drivers want—strong miles and real time off. Team Drivers: $5,000 Sign-On Bonus/split with an average of 5,000 miles per week! $0.72 - $0.…",Class A CDL Company Driver - 1-5mo EXP Required - OTR - Dry Van - $1.5k per week - U.S. Xpress - OTR,33.222878,eyJhbGciOiJIUzI1NiJ9.eyJzIjoicHRIOEJPUm84UkdtcGZvMHNiSmRMQSIsImkiOiI1NzY0NTIzMjgyIn0.YaxNJIuF3i1fA3JoiAOaFlrjB6fzhAqthZPvfZmCvZI,5764523282,"['US', 'Arizona', 'Maricopa County', 'Queen Creek']",Adzuna::API::Response::Location,"Queen Creek, Maricopa County",U.S. Xpress - OTR,Adzuna::API::Response::Company,logistics-warehouse-jobs,Adzuna::API::Response::Category,Logistics & Warehouse Jobs,full_time,
0.0,-111.936136,2026-06-15T13:47:18Z,78000.0,0,Adzuna::API::Response::Job,https://www.adzuna.com/land/ad/5764523253?se=ptH8BORo8RGmpfo0sbJdLA&utm_medium=api&utm_source=abfa41a4&v=B22535A1FACE15ADD8252779EB90F0CBB6CBCA5B,"CDL-A OTR TRUCK DRIVERS: 52 - 56 CPM (based on experience). Solo OTR Drivers: Average 2,000 Miles Per Week $2,000 Sign On Bonus 100% No Touch Freight Consistent, planned schedule Predictable home time you can count on Paid Vacation Performance Bonuses Top 20% of our OTR Drivers earn $1,500 Weekly Run 28 days out, get 5 days home. It’s the balance experienced drivers want—strong miles and real time off. Team Drivers: $5,000 Sign-On Bonus/split with an average of 5,000 miles per week! $0.72 - $0.…",CDL-A Company Driver - 1-5mo EXP Required - OTR - Dry Van - $1.5k per week - U.S. Xpress - OTR,41.029456,eyJhbGciOiJIUzI1NiJ9.eyJpIjoiNTc2NDUyMzI1MyIsInMiOiJwdEg4Qk9SbzhSR21wZm8wc2JKZExBIn0.IkLE826s-bMqJ-0ebfz_uuXQ6WHVG8MPQnqnPF7cQLc,5764523253,"['US', 'Utah', 'Davis County', 'Kaysville']",Adzuna::API::Response::Location,"Kaysville, Davis County",U.S. Xpress - OTR,Adzuna::API::Response::Company,logistics-warehouse-jobs,Adzuna::API::Response::Category,Logistics & Warehouse Jobs,full_time,
0.0,-111.681014,2026-06-15T13:47:18Z,78000.0,0,Adzuna::API::Response::Job,https://www.adzuna.com/land/ad/5764523244?se=ptH8BORo8RGmpfo0sbJdLA&utm_medium=api&utm_source=abfa41a4&v=C2D29075F83B688558015C9B14DB425027BF9DCF,"CDL-A OTR TRUCK DRIVERS: 52 - 56 CPM (based on experience). Solo OTR Drivers: Average 2,000 Miles Per Week $2,000 Sign On Bonus 100% No Touch Freight Consistent, planned schedule Predictable home time you can count on Paid Vacation Performance Bonuses Top 20% of our OTR Drivers earn $1,500 Weekly Run 28 days out, get 5 days home. It’s the balance experienced drivers want—strong miles and real time off. Team Drivers: $5,000 Sign-On Bonus/split with an average of 5,000 miles per week! $0.72 - $0.…",Truck Driver Company - 1-5mo EXP Required - OTR - Dry Van - $1.5k per week - U.S. Xpress - OTR,40.233506,eyJhbGciOiJIUzI1NiJ9.eyJzIjoicHRIOEJPUm84UkdtcGZvMHNiSmRMQSIsImkiOiI1NzY0NTIzMjQ0In0.kprkzFglYg6RcggaodE_2RGsBMJuSbrjV4Ja9kEYsu8,5764523244,"['US', 'Utah', 'Utah County', 'Lakeview']",Adzuna::API::Response::Location,"Lakeview, Utah County",U.S. Xpress - OTR,Adzuna::API::Response::Company,logistics-warehouse-jobs,Adzuna::API::Response::Category,Logistics & Warehouse Jobs,full_time,
0.0,-112.0751,2026-06-15T13:47:18Z,78000.0,0,Adzuna::API::Response::Job,https://www.adzuna.com/land/ad/5764523256?se=ptH8BORo8RGmpfo0sbJdLA&utm_medium=api&utm_source=abfa41a4&v=9A91C0767DB2B8B316523CDBAB7D6080FB3EAEC9,"CDL-A OTR TRUCK DRIVERS: 52 - 56 CPM (based on experience). Solo OTR Drivers: Average 2,000 Miles Per Week $2,000 Sign On Bonus 100% No Touch Freight Consistent, planned schedule Predictable home time you can count on Paid Vacation Performance Bonuses Top 20% of our OTR Drivers earn $1,500 Weekly Run 28 days out, get 5 days home. It’s the balance experienced drivers want—strong miles and real time off. Team Drivers: $5,000 Sign-On Bonus/split with an average of 5,000 miles per week! $0.72 - $0.…",CDL-A Company Driver - 1-5mo EXP Required - OTR - Dry Van - $1.5k per week - U.S. Xpress - OTR,41.0811,eyJhbGciOiJIUzI1NiJ9.eyJzIjoicHRIOEJPUm84UkdtcGZvMHNiSmRMQSIsImkiOiI1NzY0NTIzMjU2In0.8yAL_mJW6zAbsCFmnV6iVIMlT-a_RqeYE_pz3JdVnOI,5764523256,"['US', 'Utah', 'Davis County', 'Syracuse']",Adzuna::API::Response::Location,"Syracuse, Davis County",U.S. Xpress - OTR,Adzuna::API::Response::Company,logistics-warehouse-jobs,Adzuna::API::Response::Category,Logistics & Warehouse Jobs,full_time,
0.0,-113.284596,2026-06-15T13:47:18Z,78000.0,0,Adzuna::API::Response::Job,https://www.adzuna.com/land/ad/5764523275?se=ptH8BORo8RGmpfo0sbJdLA&utm_medium=api&utm_source=abfa41a4&v=5FE71D06244E0D3F5673D1719A2AA284E888130B,"CDL-A OTR TRUCK DRIVERS: 52 - 56 CPM (based on experience). Solo OTR Drivers: Average 2,000 Miles Per Week $2,000 Sign On Bonus 100% No Touch Freight Consistent, planned schedule Predictable home time you can count on Paid Vacation Performance Bonuses Top 20% of our OTR Drivers earn $1,500 Weekly Run 28 days out, get 5 days home. It’s the balance experienced drivers want—strong miles and real time off. Team Drivers: $5,000 Sign-On Bonus/split with an average of 5,000 miles per week! $0.72 - $0.…",CDL-A Company Driver - 1-5mo EXP Required - OTR - Dry Van - $1.5k per week - U.S. Xpress - OTR,37.249308,eyJhbGciOiJIUzI1NiJ9.eyJpIjoiNTc2NDUyMzI3NSIsInMiOiJwdEg4Qk9SbzhSR21wZm8wc2JKZExBIn0.trHHsIusVGFlzDUCsk5LLGGSuB42FSW0cgL76sndvIE,5764523275,"['US', 'Utah', 'Washington County', 'La Verkin']",Adzuna::API::Response::Location,"La Verkin, Washington County",U.S. Xpress - OTR,Adzuna::API::Response::Company,logistics-warehouse-jobs,Adzuna::API::Response::Category,Logistics & Warehouse Jobs,full_time,
0.0,-112.044304,2026-06-15T13:47:18Z,78000.0,0,Adzuna::API::Response::Job,https://www.adzuna.com/land/ad/5764523251?se=ptH8BORo8RGmpfo0sbJdLA&utm_medium=api&utm_source=abfa41a4&v=571DE416EC948E02371838AA0FED1C2372A45F63,"CDL-A OTR TRUCK DRIVERS: 52 - 56 CPM (based on experience). Solo OTR Drivers: Average 2,000 Miles Per Week $2,000 Sign On Bonus 100% No Touch Freight Consistent, planned schedule Predictable home time you can count on Paid Vacation Performance Bonuses Top 20% of our OTR Drivers earn $1,500 Weekly Run 28 days out, get 5 days home. It’s the balance experienced drivers want—strong miles and real time off. Team Drivers: $5,000 Sign-On Bonus/split with an average of 5,000 miles per week! $0.72 - $0.…",Truck Driver Company - 1-5mo EXP Required - OTR - Dry Van - $1.5k per week - U.S. Xpress - OTR,41.171532,eyJhbGciOiJIUzI1NiJ9.eyJpIjoiNTc2NDUyMzI1MSIsInMiOiJwdEg4Qk9SbzhSR21wZm8wc2JKZExBIn0.EehbATFO5eVdk-YIY23NGhdOVUr7rOzF_2XLtpuw7NI,5764523251,"['US', 'Utah', 'Weber County', 'Roy']",Adzuna::API::Response::Location,"Roy, Weber County",U.S. Xpress - OTR,Adzuna::API::Response::Company,logistics-warehouse-jobs,Adzuna::API::Response::Category,Logistics & Warehouse Jobs,full_time,
0.0,-112.187004,2026-06-15T13:47:17Z,78000.0,0,Adzuna::API::Response::Job,https://www.adzuna.com/land/ad/5764523116?se=ptH8BORo8RGmpfo0sbJdLA&utm_medium=api&utm_source=abfa41a4&v=562FD59B0224DB260A59DC67474F50553031D161,"CDL-A OTR TRUCK DRIVERS: 52 - 56 CPM (based on experience). Solo OTR Drivers: Average 2,000 Miles Per Week $2,000 Sign On Bonus 100% No Touch Freight Consistent, planned schedule Predictable home time you can count on Paid Vacation Performance Bonuses Top 20% of our OTR Drivers earn $1,500 Weekly Run 28 days out, get 5 days home. It’s the balance experienced drivers want—strong miles and real time off. Team Drivers: $5,000 Sign-On Bonus/split with an average of 5,000 miles per week! $0.72 - $0.…",CDL-A Company Driver - 1-5mo EXP Required - OTR - Dry Van - $1.5k per week - U.S. Xpress - OTR,41.70456,eyJhbGciOiJIUzI1NiJ9.eyJpIjoiNTc2NDUyMzExNiIsInMiOiJwdEg4Qk9SbzhSR21wZm8wc2JKZExBIn0.PucwZzo7HwlZq3TO_h4315-9C6xmyk2yZL7T6FN_Q6E,5764523116,"['US', 'Utah', 'Box Elder County', 'Tremonton']",Adzuna::API::Response::Location,"Tremonton, Box Elder County",U.S. Xpress - OTR,Adzuna::API::Response::Company,logistics-warehouse-jobs,Adzuna::API::Response::Category,Logistics & Warehouse Jobs,full_time,
0.0,-113.788716,2026-06-15T13:47:17Z,78000.0,0,Adzuna::API::Response::Job,https://www.adzuna.com/land/ad/5764523154?se=ptH8BORo8RGmpfo0sbJdLA&utm_medium=api&utm_source=abfa41a4&v=8C771D67823FB57AB78B15B082BE785875322330,"CDL-A OTR TRUCK DRIVERS: 52 - 56 CPM (based on experience). Solo OTR Drivers: Average 2,000 Miles Per Week $2,000 Sign On Bonus 100% No Touch Freight Consistent, planned schedule Predictable home time you can count on Paid Vacation Performance Bonuses Top 20% of our OTR Drivers earn $1,500 Weekly Run 28 days out, get 5 days home. It’s the balance experienced drivers want—strong miles and real time off. Team Drivers: $5,000 Sign-On Bonus/split with an average of 5,000 miles per week! $0.72 - $0.…",Truck Driver Company - 1-5mo EXP Required - OTR - Dry Van - $1.5k per week - U.S. Xpress - OTR,42.51795,eyJhbGciOiJIUzI1NiJ9.eyJzIjoicHRIOEJPUm84UkdtcGZvMHNiSmRMQSIsImkiOiI1NzY0NTIzMTU0In0.xHYUXaAFnl5SFE29ftJo725e2zlrDR3X2dKelrp_jJU,5764523154,"['US', 'Idaho', 'Cassia County', 'Burley']",Adzuna::API::Response::Location,"Burley, Cassia County",U.S. Xpress - OTR,Adzuna::API::Response::Company,logistics-warehouse-jobs,Adzuna::API::Response::Category,Logistics & Warehouse Jobs,full_time,
0.0,-111.874454,2026-06-15T13:47:17Z,78000.0,0,Adzuna::API::Response::Job,https://www.adzuna.com/land/ad/5764523128?se=ptH8BORo8RGmpfo0sbJdLA&utm_medium=api&utm_source=abfa41a4&v=B6FDAA7F974E06864E0938D53BDF2B441CCAFC8A,"CDL-A OTR TRUCK DRIVERS: 52 - 56 CPM (based on experience). Solo OTR Drivers: Average 2,000 Miles Per Week $2,000 Sign On Bonus 100% No Touch Freight Consistent, planned schedule Predictable home time you can count on Paid Vacation Performance Bonuses Top 20% of our OTR Drivers earn $1,500 Weekly Run 28 days out, get 5 days home. It’s the balance experienced drivers want—strong miles and real time off. Team Drivers: $5,000 Sign-On Bonus/split with an average of 5,000 miles per week! $0.72 - $0.…",Truck Driver Company - 1-5mo EXP Required - OTR - Dry Van - $1.5k per week - U.S. Xpress - OTR,40.876216,eyJhbGciOiJIUzI1NiJ9.eyJpIjoiNTc2NDUyMzEyOCIsInMiOiJwdEg4Qk9SbzhSR21wZm8wc2JKZExBIn0.HLyPAvww31HZCYYuhWjF5RIRaRnD0vuQCDFt0NiPU-M,5764523128,"['US', 'Utah', 'Davis County', 'Bountiful']",Adzuna::API::Response::Location,"Bountiful, Davis County",U.S. Xpress - OTR,Adzuna::API::Response::Company,logistics-warehouse-jobs,Adzuna::API::Response::Category,Logistics & Warehouse Jobs,full_time,
0.0,-112.02167,2026-06-15T13:47:17Z,78000.0,0,Adzuna::API::Response::Job,https://www.adzuna.com/land/ad/5764523102?se=ptH8BORo8RGmpfo0sbJdLA&utm_medium=api&utm_source=abfa41a4&v=50D4A9EAB1D87FB8B143EC8D265A79B29911F5B9,"CDL-A OTR TRUCK DRIVERS: 52 - 56 CPM (based on experience). Solo OTR Drivers: Average 2,000 Miles Per Week $2,000 Sign On Bonus 100% No Touch Freight Consistent, planned schedule Predictable home time you can count on Paid Vacation Performance Bonuses Top 20% of our OTR Drivers earn $1,500 Weekly Run 28 days out, get 5 days home. It’s the balance experienced drivers want—strong miles and real time off. Team Drivers: $5,000 Sign-On Bonus/split with an average of 5,000 miles per week! $0.72 - $0.…",CDL-A Company Driver - 1-5mo EXP Required - OTR - Dry Van - $1.5k per week - U.S. Xpress - OTR,41.505171,eyJhbGciOiJIUzI1NiJ9.eyJpIjoiNTc2NDUyMzEwMiIsInMiOiJwdEg4Qk9SbzhSR21wZm8wc2JKZExBIn0.habqGiEWkdUSTGM14IGhNNUspkUzs7UXj75PGE4vlzY,5764523102,"['US', 'Utah', 'Box Elder County', 'Bushnell']",Adzuna::API::Response::Location,"Bushnell, Box Elder County",U.S. Xpress - OTR,Adzuna::API::Response::Company,logistics-warehouse-jobs,Adzuna::API::Response::Category,Logistics & Warehouse Jobs,full_time,
0.0,-114.716354,2026-06-15T13:47:17Z,78000.0,0,Adzuna::API::Response::Job,https://www.adzuna.com/land/ad/5764523172?se=ptH8BORo8RGmpfo0sbJdLA&utm_medium=api&utm_source=abfa41a4&v=AE4DC52153DA455A40A0777352AED9013C3CC4C8,"CDL-A OTR TRUCK DRIVERS: 52 - 56 CPM (based on experience). Solo OTR Drivers: Average 2,000 Miles Per Week $2,000 Sign On Bonus 100% No Touch Freight Consistent, planned schedule Predictable home time you can count on Paid Vacation Performance Bonuses Top 20% of our OTR Drivers earn $1,500 Weekly Run 28 days out, get 5 days home. It’s the balance experienced drivers want—strong miles and real time off. Team Drivers: $5,000 Sign-On Bonus/split with an average of 5,000 miles per week! $0.72 - $0.…",Class A CDL Company Driver - 1-5mo EXP Required - OTR - Dry Van - $1.5k per week - U.S. Xpress - OTR,42.936258,eyJhbGciOiJIUzI1NiJ9.eyJpIjoiNTc2NDUyMzE3MiIsInMiOiJwdEg4Qk9SbzhSR21wZm8wc2JKZExBIn0.Yp8Yr20gueQGgox_NFD24ncQhNB_2d9MrqMAeGtFt5A,5764523172,"['US', 'Idaho', 'Gooding County', 'Gooding']",Adzuna::API::Response::Location,"Gooding, Gooding County",U.S. Xpress - OTR,Adzuna::API::Response::Company,logistics-warehouse-jobs,Adzuna::API::Response::Category,Logistics & Warehouse Jobs,full_time,
0.0,-111.837987,2026-06-15T13:47:17Z,78000.0,0,Adzuna::API::Response::Job,https://www.adzuna.com/land/ad/5764523125?se=ptH8BORo8RGmpfo0sbJdLA&utm_medium=api&utm_source=abfa41a4&v=01C4F75DA5353BD4C38440F6754E9F4FA2C7EFF4,"CDL-A OTR TRUCK DRIVERS: 52 - 56 CPM (based on experience). Solo OTR Drivers: Average 2,000 Miles Per Week $2,000 Sign On Bonus 100% No Touch Freight Consistent, planned schedule Predictable home time you can count on Paid Vacation Performance Bonuses Top 20% of our OTR Drivers earn $1,500 Weekly Run 28 days out, get 5 days home. It’s the balance experienced drivers want—strong miles and real time off. Team Drivers: $5,000 Sign-On Bonus/split with an average of 5,000 miles per week! $0.72 - $0.…",Class A CDL Company Driver - 1-5mo EXP Required - OTR - Dry Van - $1.5k per week - U.S. Xpress - OTR,41.631562,eyJhbGciOiJIUzI1NiJ9.eyJzIjoicHRIOEJPUm84UkdtcGZvMHNiSmRMQSIsImkiOiI1NzY0NTIzMTI1In0.0M9k9sHnicBF5kYOOazImj8NsLFu36pV_-K0tkFpHSc,5764523125,"['US', 'Utah', 'Cache County', 'Hyrum']",Adzuna::API::Response::Location,"Hyrum, Cache County",U.S. Xpress - OTR,Adzuna::API::Response::Company,logistics-warehouse-jobs,Adzuna::API::Response::Category,Logistics & Warehouse Jobs,full_time,
0.0,-111.874454,2026-06-15T13:47:17Z,78000.0,0,Adzuna::API::Response::Job,https://www.adzuna.com/land/ad/5764523132?se=ptH8BORo8RGmpfo0sbJdLA&utm_medium=api&utm_source=abfa41a4&v=9B750CBF3B87BAFCAF08A62C41C15BA21652D254,"CDL-A OTR TRUCK DRIVERS: 52 - 56 CPM (based on experience). Solo OTR Drivers: Average 2,000 Miles Per Week $2,000 Sign On Bonus 100% No Touch Freight Consistent, planned schedule Predictable home time you can count on Paid Vacation Performance Bonuses Top 20% of our OTR Drivers earn $1,500 Weekly Run 28 days out, get 5 days home. It’s the balance experienced drivers want—strong miles and real time off. Team Drivers: $5,000 Sign-On Bonus/split with an average of 5,000 miles per week! $0.72 - $0.…",CDL-A Company Driver - 1-5mo EXP Required - OTR - Dry Van - $1.5k per week - U.S. Xpress - OTR,40.876216,eyJhbGciOiJIUzI1NiJ9.eyJpIjoiNTc2NDUyMzEzMiIsInMiOiJwdEg4Qk9SbzhSR21wZm8wc2JKZExBIn0.yfifbY-2kIkpAEoU_0AnqF_Xjiaf7vsmJG8QW4XhefM,5764523132,"['US', 'Utah', 'Davis County', 'Bountiful']",Adzuna::API::Response::Location,"Bountiful, Davis County",U.S. Xpress - OTR,Adzuna::API::Response::Company,logistics-warehouse-jobs,Adzuna::API::Response::Category,Logistics & Warehouse Jobs,full_time,
0.0,-109.56462,2026-06-15T13:47:17Z,78000.0,0,Adzuna::API::Response::Job,https://www.adzuna.com/land/ad/5764523115?se=ptH8BORo8RGmpfo0sbJdLA&utm_medium=api&utm_source=abfa41a4&v=82930C33F764F0ABA4C55CB03BD331816B75EDC2,"CDL-A OTR TRUCK DRIVERS: 52 - 56 CPM (based on experience). Solo OTR Drivers: Average 2,000 Miles Per Week $2,000 Sign On Bonus 100% No Touch Freight Consistent, planned schedule Predictable home time you can count on Paid Vacation Performance Bonuses Top 20% of our OTR Drivers earn $1,500 Weekly Run 28 days out, get 5 days home. It’s the balance experienced drivers want—strong miles and real time off. Team Drivers: $5,000 Sign-On Bonus/split with an average of 5,000 miles per week! $0.72 - $0.…",CDL-A Company Driver - 1-5mo EXP Required - OTR - Dry Van - $1.5k per week - U.S. Xpress - OTR,41.67012,eyJhbGciOiJIUzI1NiJ9.eyJzIjoicHRIOEJPUm84UkdtcGZvMHNiSmRMQSIsImkiOiI1NzY0NTIzMTE1In0.1Qqk_0Svkxs8Lu6SYMRiqY_7fExOgT2Z1FdIXs1UnSY,5764523115,"['US', 'Wyoming', 'Sweetwater County', 'Green River']",Adzuna::API::Response::Location,"Green River, Sweetwater County",U.S. Xpress - OTR,Adzuna::API::Response::Company,logistics-warehouse-jobs,Adzuna::API::Response::Category,Logistics & Warehouse Jobs,full_time,
0.0,-112.084842,2026-06-15T13:47:17Z,78000.0,0,Adzuna::API::Response::Job,https://www.adzuna.com/land/ad/5764523147?se=ptH8BORo8RGmpfo0sbJdLA&utm_medium=api&utm_source=abfa41a4&v=99B8A2BF3418A299B762D4AE074E3CEA746CD424,"CDL-A OTR TRUCK DRIVERS: 52 - 56 CPM (based on experience). Solo OTR Drivers: Average 2,000 Miles Per Week $2,000 Sign On Bonus 100% No Touch Freight Consistent, planned schedule Predictable home time you can count on Paid Vacation Performance Bonuses Top 20% of our OTR Drivers earn $1,500 Weekly Run 28 days out, get 5 days home. It’s the balance experienced drivers want—strong miles and real time off. Team Drivers: $5,000 Sign-On Bonus/split with an average of 5,000 miles per week! $0.72 - $0.…",Class A CDL Company Driver - 1-5mo EXP Required - OTR - Dry Van - $1.5k per week - U.S. Xpress - OTR,40.69998,eyJhbGciOiJIUzI1NiJ9.eyJpIjoiNTc2NDUyMzE0NyIsInMiOiJwdEg4Qk9SbzhSR21wZm8wc2JKZExBIn0.GVXhCNGu7qZ1P_yAKSw-nMLUPfjWHFQUnfqu-WC16WY,5764523147,"['US', 'Utah', 'Salt Lake County', 'Magna']",Adzuna::API::Response::Location,"Magna, Salt Lake County",U.S. Xpress - OTR,Adzuna::API::Response::Company,logistics-warehouse-jobs,Adzuna::API::Response::Category,Logistics & Warehouse Jobs,full_time,
0.0,-112.025051,2026-06-15T13:47:17Z,78000.0,0,Adzuna::API::Response::Job,https://www.adzuna.com/land/ad/5764523133?se=ptH8BORo8RGmpfo0sbJdLA&utm_medium=api&utm_source=abfa41a4&v=BD389FDF34AB4B770D6DD6D14143F5C14B798282,"CDL-A OTR TRUCK DRIVERS: 52 - 56 CPM (based on experience). Solo OTR Drivers: Average 2,000 Miles Per Week $2,000 Sign On Bonus 100% No Touch Freight Consistent, planned schedule Predictable home time you can count on Paid Vacation Performance Bonuses Top 20% of our OTR Drivers earn $1,500 Weekly Run 28 days out, get 5 days home. It’s the balance experienced drivers want—strong miles and real time off. Team Drivers: $5,000 Sign-On Bonus/split with an average of 5,000 miles per week! $0.72 - $0.…",Class A CDL Company Driver - 1-5mo EXP Required - OTR - Dry Van - $1.5k per week - U.S. Xpress - OTR,40.611822,eyJhbGciOiJIUzI1NiJ9.eyJpIjoiNTc2NDUyMzEzMyIsInMiOiJwdEg4Qk9SbzhSR21wZm8wc2JKZExBIn0.X8KsOYXDiLtQERywRvhtdccasdOdicDTTxbAQgq_H0E,5764523133,"['US', 'Utah', 'Salt Lake County', 'West Valley City']",Adzuna::API::Response::Location,"West Valley City, Salt Lake County",U.S. Xpress - OTR,Adzuna::API::Response::Company,logistics-warehouse-jobs,Adzuna::API::Response::Category,Logistics & Warehouse Jobs,full_time,
0.0,-114.609517,2026-06-15T13:47:17Z,78000.0,0,Adzuna::API::Response::Job,https://www.adzuna.com/land/ad/5764523173?se=ptH8BORo8RGmpfo0sbJdLA&utm_medium=api&utm_source=abfa41a4&v=B41DB5AFA0FA49B4243257F06E7AB5F6BF3C1732,"CDL-A OTR TRUCK DRIVERS: 52 - 56 CPM (based on experience). Solo OTR Drivers: Average 2,000 Miles Per Week $2,000 Sign On Bonus 100% No Touch Freight Consistent, planned schedule Predictable home time you can count on Paid Vacation Performance Bonuses Top 20% of our OTR Drivers earn $1,500 Weekly Run 28 days out, get 5 days home. It’s the balance experienced drivers want—strong miles and real time off. Team Drivers: $5,000 Sign-On Bonus/split with an average of 5,000 miles per week! $0.72 - $0.…",Truck Driver Company - 1-5mo EXP Required - OTR - Dry Van - $1.5k per week - U.S. Xpress - OTR,42.568068,eyJhbGciOiJIUzI1NiJ9.eyJzIjoicHRIOEJPUm84UkdtcGZvMHNiSmRMQSIsImkiOiI1NzY0NTIzMTczIn0.mzJqa424m1o1-YgRhAR5w-gVgiTHhTNJvsjtZBbcC_g,5764523173,"['US', 'Idaho', 'Twin Falls County', 'Filer']",Adzuna::API::Response::Location,"Filer, Twin Falls County",U.S. Xpress - OTR,Adzuna::API::Response::Company,logistics-warehouse-jobs,Adzuna::API::Response::Category,Logistics & Warehouse Jobs,full_time,
0.0,-116.374834,2026-06-15T13:47:17Z,78000.0,0,Adzuna::API::Response::Job,https://www.adzuna.com/land/ad/5764523189?se=ptH8BORo8RGmpfo0sbJdLA&utm_medium=api&utm_source=abfa41a4&v=D6672107B87746685EFC1B0C731B7C7873276AB1,"CDL-A OTR TRUCK DRIVERS: 52 - 56 CPM (based on experience). Solo OTR Drivers: Average 2,000 Miles Per Week $2,000 Sign On Bonus 100% No Touch Freight Consistent, planned schedule Predictable home time you can count on Paid Vacation Performance Bonuses Top 20% of our OTR Drivers earn $1,500 Weekly Run 28 days out, get 5 days home. It’s the balance experienced drivers want—strong miles and real time off. Team Drivers: $5,000 Sign-On Bonus/split with an average of 5,000 miles per week! $0.72 - $0.…",CDL-A Company Driver - 1-5mo EXP Required - OTR - Dry Van - $1.5k per week - U.S. Xpress - OTR,46.056239,eyJhbGciOiJIUzI1NiJ9.eyJzIjoicHRIOEJPUm84UkdtcGZvMHNiSmRMQSIsImkiOiI1NzY0NTIzMTg5In0.vPjLif0Xaj8iGoaxQGvOVTgylHhiW8pl0gtHuZt1G24,5764523189,"['US', 'Idaho', 'Idaho County', 'Cottonwood']",Adzuna::API::Response::Location,"Cottonwood, Idaho County",U.S. Xpress - OTR,Adzuna::API::Response::Company,logistics-warehouse-jobs,Adzuna::API::Response::Category,Logistics & Warehouse Jobs,full_time,
0.0,-111.837987,2026-06-15T13:47:17Z,78000.0,0,Adzuna::API::Response::Job,https://www.adzuna.com/land/ad/5764523120?se=ptH8BORo8RGmpfo0sbJdLA&utm_medium=api&utm_source=abfa41a4&v=74C76C2FFE4372893306C6260748F537CEC9B791,"CDL-A OTR TRUCK DRIVERS: 52 - 56 CPM (based on experience). Solo OTR Drivers: Average 2,000 Miles Per Week $2,000 Sign On Bonus 100% No Touch Freight Consistent, planned schedule Predictable home time you can count on Paid Vacation Performance Bonuses Top 20% of our OTR Drivers earn $1,500 Weekly Run 28 days out, get 5 days home. It’s the balance experienced drivers want—strong miles and real time off. Team Drivers: $5,000 Sign-On Bonus/split with an average of 5,000 miles per week! $0.72 - $0.…",Truck Driver Company - 1-5mo EXP Required - OTR - Dry Van - $1.5k per week - U.S. Xpress - OTR,41.631562,eyJhbGciOiJIUzI1NiJ9.eyJpIjoiNTc2NDUyMzEyMCIsInMiOiJwdEg4Qk9SbzhSR21wZm8wc2JKZExBIn0.6D8UUc75Vcl0EBqcbbeEbBKrbbhVp96Wvseov3NzCOc,5764523120,"['US', 'Utah', 'Cache County', 'Hyrum']",Adzuna::API::Response::Location,"Hyrum, Cache County",U.S. Xpress - OTR,Adzuna::API::Response::Company,logistics-warehouse-jobs,Adzuna::API::Response::Category,Logistics & Warehouse Jobs,full_time,
0.0,-116.029392,2026-06-15T13:47:17Z,78000.0,0,Adzuna::API::Response::Job,https://www.adzuna.com/land/ad/5764523184?se=ptH8BORo8RGmpfo0sbJdLA&utm_medium=api&utm_source=abfa41a4&v=CB204171C5CB3E24BBE45846DCA09BD0A9C28D80,"CDL-A OTR TRUCK DRIVERS: 52 - 56 CPM (based on experience). Solo OTR Drivers: Average 2,000 Miles Per Week $2,000 Sign On Bonus 100% No Touch Freight Consistent, planned schedule Predictable home time you can count on Paid Vacation Performance Bonuses Top 20% of our OTR Drivers earn $1,500 Weekly Run 28 days out, get 5 days home. It’s the balance experienced drivers want—strong miles and real time off. Team Drivers: $5,000 Sign-On Bonus/split with an average of 5,000 miles per week! $0.72 - $0.…",CDL-A Company Driver - 1-5mo EXP Required - OTR - Dry Van - $1.5k per week - U.S. Xpress - OTR,46.224842,eyJhbGciOiJIUzI1NiJ9.eyJpIjoiNTc2NDUyMzE4NCIsInMiOiJwdEg4Qk9SbzhSR21wZm8wc2JKZExBIn0.fOXm1pw_cZL8fWvgFS1-J3i_Xc_KnDEVxm3_8N8oxvA,5764523184,"['US', 'Idaho', 'Lewis County', 'Kamiah']",Adzuna::API::Response::Location,"Kamiah, Lewis County",U.S. Xpress - OTR,Adzuna::API::Response::Company,logistics-warehouse-jobs,Adzuna::API::Response::Category,Logistics & Warehouse Jobs,full_time,
0.0,-109.56462,2026-06-15T13:47:17Z,78000.0,0,Adzuna::API::Response::Job,https://www.adzuna.com/land/ad/5764523114?se=ptH8BORo8RGmpfo0sbJdLA&utm_medium=api&utm_source=abfa41a4&v=E7492922FF130E5A206DFEADAF29E7C2E00C6E91,"CDL-A OTR TRUCK DRIVERS: 52 - 56 CPM (based on experience). Solo OTR Drivers: Average 2,000 Miles Per Week $2,000 Sign On Bonus 100% No Touch Freight Consistent, planned schedule Predictable home time you can count on Paid Vacation Performance Bonuses Top 20% of our OTR Drivers earn $1,500 Weekly Run 28 days out, get 5 days home. It’s the balance experienced drivers want—strong miles and real time off. Team Drivers: $5,000 Sign-On Bonus/split with an average of 5,000 miles per week! $0.72 - $0.…",Truck Driver Company - 1-5mo EXP Required - OTR - Dry Van - $1.5k per week - U.S. Xpress - OTR,41.67012,eyJhbGciOiJIUzI1NiJ9.eyJzIjoicHRIOEJPUm84UkdtcGZvMHNiSmRMQSIsImkiOiI1NzY0NTIzMTE0In0.6DWV6YHLmDIGZgcVRsKn9DX1SYhgRHAchyL9yRlHGuU,5764523114,"['US', 'Wyoming', 'Sweetwater County', 'Green River']",Adzuna::API::Response::Location,"Green River, Sweetwater County",U.S. Xpress - OTR,Adzuna::API::Response::Company,logistics-warehouse-jobs,Adzuna::API::Response::Category,Logistics & Warehouse Jobs,full_time,
0.0,-112.084842,2026-06-15T13:47:17Z,78000.0,0,Adzuna::API::Response::Job,https://www.adzuna.com/land/ad/5764523139?se=ptH8BORo8RGmpfo0sbJdLA&utm_medium=api&utm_source=abfa41a4&v=4A0A6EE237F6C94C3AF9C2AA50DB10BB51E8C8A0,"CDL-A OTR TRUCK DRIVERS: 52 - 56 CPM (based on experience). Solo OTR Drivers: Average 2,000 Miles Per Week $2,000 Sign On Bonus 100% No Touch Freight Consistent, planned schedule Predictable home time you can count on Paid Vacation Performance Bonuses Top 20% of our OTR Drivers earn $1,500 Weekly Run 28 days out, get 5 days home. It’s the balance experienced drivers want—strong miles and real time off. Team Drivers: $5,000 Sign-On Bonus/split with an average of 5,000 miles per week! $0.72 - $0.…",CDL-A Company Driver - 1-5mo EXP Required - OTR - Dry Van - $1.5k per week - U.S. Xpress - OTR,40.69998,eyJhbGciOiJIUzI1NiJ9.eyJzIjoicHRIOEJPUm84UkdtcGZvMHNiSmRMQSIsImkiOiI1NzY0NTIzMTM5In0.rL39nCv8S6GN6gctEgVVi0G1xh567xso0ztne8UwvlI,5764523139,"['US', 'Utah', 'Salt Lake County', 'Magna']",Adzuna::API::Response::Location,"Magna, Salt Lake County",U.S. Xpress - OTR,Adzuna::API::Response::Company,logistics-warehouse-jobs,Adzuna::API::Response::Category,Logistics & Warehouse Jobs,full_time,
0.0,-116.119357,2026-06-15T13:47:17Z,78000.0,0,Adzuna::API::Response::Job,https://www.adzuna.com/land/ad/5764523177?se=ptH8BORo8RGmpfo0sbJdLA&utm_medium=api&utm_source=abfa41a4&v=ABB0EC1C6C8E895A84554C06BCE907E4E69CD1C9,"CDL-A OTR TRUCK DRIVERS: 52 - 56 CPM (based on experience). Solo OTR Drivers: Average 2,000 Miles Per Week $2,000 Sign On Bonus 100% No Touch Freight Consistent, planned schedule Predictable home time you can count on Paid Vacation Performance Bonuses Top 20% of our OTR Drivers earn $1,500 Weekly Run 28 days out, get 5 days home. It’s the balance experienced drivers want—strong miles and real time off. Team Drivers: $5,000 Sign-On Bonus/split with an average of 5,000 miles per week! $0.72 - $0.…",CDL-A Company Driver - 1-5mo EXP Required - OTR - Dry Van - $1.5k per week - U.S. Xpress - OTR,45.930526,eyJhbGciOiJIUzI1NiJ9.eyJzIjoicHRIOEJPUm84UkdtcGZvMHNiSmRMQSIsImkiOiI1NzY0NTIzMTc3In0.2I4pmJ015HG9s0k9NKjjimMRIX7U_TKCaTMFiMfPCPE,5764523177,"['US', 'Idaho', 'Idaho County', 'Grangeville']",Adzuna::API::Response::Location,"Grangeville, Idaho County",U.S. Xpress - OTR,Adzuna::API::Response::Company,logistics-warehouse-jobs,Adzuna::API::Response::Category,Logistics & Warehouse Jobs,full_time,
0.0,-114.716354,2026-06-15T13:47:17Z,78000.0,0,Adzuna::API::Response::Job,https://www.adzuna.com/land/ad/5764523160?se=ptH8BORo8RGmpfo0sbJdLA&utm_medium=api&utm_source=abfa41a4&v=FE4FA17B647DF99408E9ED8439E2311DD52E8FFD,"CDL-A OTR TRUCK DRIVERS: 52 - 56 CPM (based on experience). Solo OTR Drivers: Average 2,000 Miles Per Week $2,000 Sign On Bonus 100% No Touch Freight Consistent, planned schedule Predictable home time you can count on Paid Vacation Performance Bonuses Top 20% of our OTR Drivers earn $1,500 Weekly Run 28 days out, get 5 days home. It’s the balance experienced drivers want—strong miles and real time off. Team Drivers: $5,000 Sign-On Bonus/split with an average of 5,000 miles per week! $0.72 - $0.…",CDL-A Company Driver - 1-5mo EXP Required - OTR - Dry Van - $1.5k per week - U.S. Xpress - OTR,42.936258,eyJhbGciOiJIUzI1NiJ9.eyJpIjoiNTc2NDUyMzE2MCIsInMiOiJwdEg4Qk9SbzhSR21wZm8wc2JKZExBIn0.tsvRP4ThnQIiL_yR8Q7r4Y_H_LZ3Zx_JaXL_c7FFI1E,5764523160,"['US', 'Idaho', 'Gooding County', 'Gooding']",Adzuna::API::Response::Location,"Gooding, Gooding County",U.S. Xpress - OTR,Adzuna::API::Response::Company,logistics-warehouse-jobs,Adzuna::API::Response::Category,Logistics & Warehouse Jobs,full_time,
0.0,-112.31862,2026-06-15T13:47:17Z,78000.0,0,Adzuna::API::Response::Job,https://www.adzuna.com/land/ad/5764523122?se=ptH8BORo8RGmpfo0sbJdLA&utm_medium=api&utm_source=abfa41a4&v=F14CDC64AF076C6FBAA546B398E525D85FC68796,"CDL-A OTR TRUCK DRIVERS: 52 - 56 CPM (based on experience). Solo OTR Drivers: Average 2,000 Miles Per Week $2,000 Sign On Bonus 100% No Touch Freight Consistent, planned schedule Predictable home time you can count on Paid Vacation Performance Bonuses Top 20% of our OTR Drivers earn $1,500 Weekly Run 28 days out, get 5 days home. It’s the balance experienced drivers want—strong miles and real time off. Team Drivers: $5,000 Sign-On Bonus/split with an average of 5,000 miles per week! $0.72 - $0.…",CDL-A Company Driver - 1-5mo EXP Required - OTR - Dry Van - $1.5k per week - U.S. Xpress - OTR,40.57128,eyJhbGciOiJIUzI1NiJ9.eyJzIjoicHRIOEJPUm84UkdtcGZvMHNiSmRMQSIsImkiOiI1NzY0NTIzMTIyIn0.eqeDSIl3qxVheR1sxhWKBTrZlg3bO_-PKTZqJ829R5U,5764523122,"['US', 'Utah', 'Tooele County', 'Pine Canyon']",Adzuna::API::Response::Location,"Pine Canyon, Tooele County",U.S. Xpress - OTR,Adzuna::API::Response::Company,logistics-warehouse-jobs,Adzuna::API::Response::Category,Logistics & Warehouse Jobs,full_time,
0.0,-116.374834,2026-06-15T13:47:17Z,78000.0,0,Adzuna::API::Response::Job,https://www.adzuna.com/land/ad/5764523191?se=ptH8BORo8RGmpfo0sbJdLA&utm_medium=api&utm_source=abfa41a4&v=867E5702EB9889C1753DA6C2DCADCEDCF54073B9,"CDL-A OTR TRUCK DRIVERS: 52 - 56 CPM (based on experience). Solo OTR Drivers: Average 2,000 Miles Per Week $2,000 Sign On Bonus 100% No Touch Freight Consistent, planned schedule Predictable home time you can count on Paid Vacation Performance Bonuses Top 20% of our OTR Drivers earn $1,500 Weekly Run 28 days out, get 5 days home. It’s the balance experienced drivers want—strong miles and real time off. Team Drivers: $5,000 Sign-On Bonus/split with an average of 5,000 miles per week! $0.72 - $0.…",Truck Driver Company - 1-5mo EXP Required - OTR - Dry Van - $1.5k per week - U.S. Xpress - OTR,46.056239,eyJhbGciOiJIUzI1NiJ9.eyJpIjoiNTc2NDUyMzE5MSIsInMiOiJwdEg4Qk9SbzhSR21wZm8wc2JKZExBIn0.ZCDxipMmh8kHzL6yx2v-zAuMcu7j2a3JwBVJ48erldo,5764523191,"['US', 'Idaho', 'Idaho County', 'Cottonwood']",Adzuna::API::Response::Location,"Cottonwood, Idaho County",U.S. Xpress - OTR,Adzuna::API::Response::Company,logistics-warehouse-jobs,Adzuna::API::Response::Category,Logistics & Warehouse Jobs,full_time,
0.0,-116.119357,2026-06-15T13:47:17Z,78000.0,0,Adzuna::API::Response::Job,https://www.adzuna.com/land/ad/5764523188?se=ptH8BORo8RGmpfo0sbJdLA&utm_medium=api&utm_source=abfa41a4&v=8F11A76C6DB1753359420FD1CA3931DDCD978E64,"CDL-A OTR TRUCK DRIVERS: 52 - 56 CPM (based on experience). Solo OTR Drivers: Average 2,000 Miles Per Week $2,000 Sign On Bonus 100% No Touch Freight Consistent, planned schedule Predictable home time you can count on Paid Vacation Performance Bonuses Top 20% of our OTR Drivers earn $1,500 Weekly Run 28 days out, get 5 days home. It’s the balance experienced drivers want—strong miles and real time off. Team Drivers: $5,000 Sign-On Bonus/split with an average of 5,000 miles per week! $0.72 - $0.…",Class A CDL Company Driver - 1-5mo EXP Required - OTR - Dry Van - $1.5k per week - U.S. Xpress - OTR,45.930526,eyJhbGciOiJIUzI1NiJ9.eyJpIjoiNTc2NDUyMzE4OCIsInMiOiJwdEg4Qk9SbzhSR21wZm8wc2JKZExBIn0.8cUoi0Nvw6vIyCiR8Vy6rCJBao4vc_bZjPnuJAdSkJ4,5764523188,"['US', 'Idaho', 'Idaho County', 'Grangeville']",Adzuna::API::Response::Location,"Grangeville, Idaho County",U.S. Xpress - OTR,Adzuna::API::Response::Company,logistics-warehouse-jobs,Adzuna::API::Response::Category,Logistics & Warehouse Jobs,full_time,
0.0,-116.119357,2026-06-15T13:47:17Z,78000.0,0,Adzuna::API::Response::Job,https://www.adzuna.com/land/ad/5764523180?se=ptH8BORo8RGmpfo0sbJdLA&utm_medium=api&utm_source=abfa41a4&v=F114ACDA2D97BD56D41502FFA177D984D9817FF5,"CDL-A OTR TRUCK DRIVERS: 52 - 56 CPM (based on experience). Solo OTR Drivers: Average 2,000 Miles Per Week $2,000 Sign On Bonus 100% No Touch Freight Consistent, planned schedule Predictable home time you can count on Paid Vacation Performance Bonuses Top 20% of our OTR Drivers earn $1,500 Weekly Run 28 days out, get 5 days home. It’s the balance experienced drivers want—strong miles and real time off. Team Drivers: $5,000 Sign-On Bonus/split with an average of 5,000 miles per week! $0.72 - $0.…",Truck Driver Company - 1-5mo EXP Required - OTR - Dry Van - $1.5k per week - U.S. Xpress - OTR,45.930526,eyJhbGciOiJIUzI1NiJ9.eyJpIjoiNTc2NDUyMzE4MCIsInMiOiJwdEg4Qk9SbzhSR21wZm8wc2JKZExBIn0.9AIn7y18iHMcbn7m11pjHBQoA4hAHu3Tgq7lINCfgM0,5764523180,"['US', 'Idaho', 'Idaho County', 'Grangeville']",Adzuna::API::Response::Location,"Grangeville, Idaho County",U.S. Xpress - OTR,Adzuna::API::Response::Company,logistics-warehouse-jobs,Adzuna::API::Response::Category,Logistics & Warehouse Jobs,full_time,
0.0,-113.762744,2026-06-15T13:47:17Z,78000.0,0,Adzuna::API::Response::Job,https://www.adzuna.com/land/ad/5764523169?se=ptH8BORo8RGmpfo0sbJdLA&utm_medium=api&utm_source=abfa41a4&v=56555C6D23ADDC36D522ED019F8EE04E741865B1,"CDL-A OTR TRUCK DRIVERS: 52 - 56 CPM (based on experience). Solo OTR Drivers: Average 2,000 Miles Per Week $2,000 Sign On Bonus 100% No Touch Freight Consistent, planned schedule Predictable home time you can count on Paid Vacation Performance Bonuses Top 20% of our OTR Drivers earn $1,500 Weekly Run 28 days out, get 5 days home. It’s the balance experienced drivers want—strong miles and real time off. Team Drivers: $5,000 Sign-On Bonus/split with an average of 5,000 miles per week! $0.72 - $0.…",Truck Driver Company - 1-5mo EXP Required - OTR - Dry Van - $1.5k per week - U.S. Xpress - OTR,42.561039,eyJhbGciOiJIUzI1NiJ9.eyJpIjoiNTc2NDUyMzE2OSIsInMiOiJwdEg4Qk9SbzhSR21wZm8wc2JKZExBIn0.xZXXRFMGOu7pCbbOsDmkCGOZAyrllkd_5PGFlSZ9Qb4,5764523169,"['US', 'Idaho', 'Minidoka County', 'Heyburn']",Adzuna::API::Response::Location,"Heyburn, Minidoka County",U.S. Xpress - OTR,Adzuna::API::Response::Company,logistics-warehouse-jobs,Adzuna::API::Response::Category,Logistics & Warehouse Jobs,full_time,
0.0,-113.762744,2026-06-15T13:47:17Z,78000.0,0,Adzuna::API::Response::Job,https://www.adzuna.com/land/ad/5764523182?se=ptH8BORo8RGmpfo0sbJdLA&utm_medium=api&utm_source=abfa41a4&v=B8ABDFE738D139C900927061DFAF0540D0586D2F,"CDL-A OTR TRUCK DRIVERS: 52 - 56 CPM (based on experience). Solo OTR Drivers: Average 2,000 Miles Per Week $2,000 Sign On Bonus 100% No Touch Freight Consistent, planned schedule Predictable home time you can count on Paid Vacation Performance Bonuses Top 20% of our OTR Drivers earn $1,500 Weekly Run 28 days out, get 5 days home. It’s the balance experienced drivers want—strong miles and real time off. Team Drivers: $5,000 Sign-On Bonus/split with an average of 5,000 miles per week! $0.72 - $0.…",CDL-A Company Driver - 1-5mo EXP Required - OTR - Dry Van - $1.5k per week - U.S. Xpress - OTR,42.561039,eyJhbGciOiJIUzI1NiJ9.eyJpIjoiNTc2NDUyMzE4MiIsInMiOiJwdEg4Qk9SbzhSR21wZm8wc2JKZExBIn0.LVU7nNHms4-vMUk0BiYhSN4nx8aH3AGdP7VnFjJop3k,5764523182,"['US', 'Idaho', 'Minidoka County', 'Heyburn']",Adzuna::API::Response::Location,"Heyburn, Minidoka County",U.S. Xpress - OTR,Adzuna::API::Response::Company,logistics-warehouse-jobs,Adzuna::API::Response::Category,Logistics & Warehouse Jobs,full_time,
0.0,-109.56462,2026-06-15T13:47:17Z,78000.0,0,Adzuna::API::Response::Job,https://www.adzuna.com/land/ad/5764523119?se=ptH8BORo8RGmpfo0sbJdLA&utm_medium=api&utm_source=abfa41a4&v=C2180E0D343B82B7C27A81788E67A591C258A4F3,"CDL-A OTR TRUCK DRIVERS: 52 - 56 CPM (based on experience). Solo OTR Drivers: Average 2,000 Miles Per Week $2,000 Sign On Bonus 100% No Touch Freight Consistent, planned schedule Predictable home time you can count on Paid Vacation Performance Bonuses Top 20% of our OTR Drivers earn $1,500 Weekly Run 28 days out, get 5 days home. It’s the balance experienced drivers want—strong miles and real time off. Team Drivers: $5,000 Sign-On Bonus/split with an average of 5,000 miles per week! $0.72 - $0.…",Class A CDL Company Driver - 1-5mo EXP Required - OTR - Dry Van - $1.5k per week - U.S. Xpress - OTR,41.67012,eyJhbGciOiJIUzI1NiJ9.eyJpIjoiNTc2NDUyMzExOSIsInMiOiJwdEg4Qk9SbzhSR21wZm8wc2JKZExBIn0._3txhnLfniNUqSWZuxqE51T7uHQ6xKeUrBw4MgtwrQo,5764523119,"['US', 'Wyoming', 'Sweetwater County', 'Green River']",Adzuna::API::Response::Location,"Green River, Sweetwater County",U.S. Xpress - OTR,Adzuna::API::Response::Company,logistics-warehouse-jobs,Adzuna::API::Response::Category,Logistics & Warehouse Jobs,full_time,
0.0,-109.22,2026-06-15T13:47:17Z,78000.0,0,Adzuna::API::Response::Job,https://www.adzuna.com/land/ad/5764523103?se=ptH8BORo8RGmpfo0sbJdLA&utm_medium=api&utm_source=abfa41a4&v=4EA1D2774EAB946AEF541BE5CD73A4AF5FC3A823,"CDL-A OTR TRUCK DRIVERS: 52 - 56 CPM (based on experience). Solo OTR Drivers: Average 2,000 Miles Per Week $2,000 Sign On Bonus 100% No Touch Freight Consistent, planned schedule Predictable home time you can count on Paid Vacation Performance Bonuses Top 20% of our OTR Drivers earn $1,500 Weekly Run 28 days out, get 5 days home. It’s the balance experienced drivers want—strong miles and real time off. Team Drivers: $5,000 Sign-On Bonus/split with an average of 5,000 miles per week! $0.72 - $0.…",CDL-A Company Driver - 1-5mo EXP Required - OTR - Dry Van - $1.5k per week - U.S. Xpress - OTR,41.59,eyJhbGciOiJIUzI1NiJ9.eyJpIjoiNTc2NDUyMzEwMyIsInMiOiJwdEg4Qk9SbzhSR21wZm8wc2JKZExBIn0.SEqPCeyyssodpT0rUQ929SJ9lKxcNzl_LlvFqIYseoA,5764523103,"['US', 'Wyoming', 'Sweetwater County', 'Rock Springs']",Adzuna::API::Response::Location,"Rock Springs, Sweetwater County",U.S. Xpress - OTR,Adzuna::API::Response::Company,logistics-warehouse-jobs,Adzuna::API::Response::Category,Logistics & Warehouse Jobs,full_time,
0.0,-105.605605,2026-06-15T13:47:17Z,78000.0,0,Adzuna::API::Response::Job,https://www.adzuna.com/land/ad/5764523101?se=ptH8BORo8RGmpfo0sbJdLA&utm_medium=api&utm_source=abfa41a4&v=5345340CC0F2CCDCB21F17A32BB6099524467F94,"CDL-A OTR TRUCK DRIVERS: 52 - 56 CPM (based on experience). Solo OTR Drivers: Average 2,000 Miles Per Week $2,000 Sign On Bonus 100% No Touch Freight Consistent, planned schedule Predictable home time you can count on Paid Vacation Performance Bonuses Top 20% of our OTR Drivers earn $1,500 Weekly Run 28 days out, get 5 days home. It’s the balance experienced drivers want—strong miles and real time off. Team Drivers: $5,000 Sign-On Bonus/split with an average of 5,000 miles per week! $0.72 - $0.…",CDL-A Company Driver - 1-5mo EXP Required - OTR - Dry Van - $1.5k per week - U.S. Xpress - OTR,36.456301,eyJhbGciOiJIUzI1NiJ9.eyJpIjoiNTc2NDUyMzEwMSIsInMiOiJwdEg4Qk9SbzhSR21wZm8wc2JKZExBIn0.KWRp2JQpT_Uur_x5ExQxKzkBrrhLvOsT0zkyfq8qq5Q,5764523101,"['US', 'New Mexico', 'Taos County', 'Des Montes']",Adzuna::API::Response::Location,"Des Montes, Taos County",U.S. Xpress - OTR,Adzuna::API::Response::Company,logistics-warehouse-jobs,Adzuna::API::Response::Category,Logistics & Warehouse Jobs,full_time,
0.0,-108.738499,2026-06-15T13:47:17Z,78000.0,0,Adzuna::API::Response::Job,https://www.adzuna.com/land/ad/5764523113?se=ptH8BORo8RGmpfo0sbJdLA&utm_medium=api&utm_source=abfa41a4&v=27F62EF9449996CADA0492390B9B5E5D3A7A94AF,"CDL-A OTR TRUCK DRIVERS: 52 - 56 CPM (based on experience). Solo OTR Drivers: Average 2,000 Miles Per Week $2,000 Sign On Bonus 100% No Touch Freight Consistent, planned schedule Predictable home time you can count on Paid Vacation Performance Bonuses Top 20% of our OTR Drivers earn $1,500 Weekly Run 28 days out, get 5 days home. It’s the balance experienced drivers want—strong miles and real time off. Team Drivers: $5,000 Sign-On Bonus/split with an average of 5,000 miles per week! $0.72 - $0.…",Truck Driver Company - 1-5mo EXP Required - OTR - Dry Van - $1.5k per week - U.S. Xpress - OTR,42.855875,eyJhbGciOiJIUzI1NiJ9.eyJpIjoiNTc2NDUyMzExMyIsInMiOiJwdEg4Qk9SbzhSR21wZm8wc2JKZExBIn0.Zavs6I-bVJEH9zfSjHW0lVPrtVOfNjz2F_N5MEBoIdw,5764523113,"['US', 'Wyoming', 'Fremont County', 'Lander']",Adzuna::API::Response::Location,"Lander, Fremont County",U.S. Xpress - OTR,Adzuna::API::Response::Company,logistics-warehouse-jobs,Adzuna::API::Response::Category,Logistics & Warehouse Jobs,full_time,
0.0,-114.773903,2026-06-15T13:47:17Z,78000.0,0,Adzuna::API::Response::Job,https://www.adzuna.com/land/ad/5764523161?se=ptH8BORo8RGmpfo0sbJdLA&utm_medium=api&utm_source=abfa41a4&v=8810F9B7E88D36646D139E5765CD200769201BD3,"CDL-A OTR TRUCK DRIVERS: 52 - 56 CPM (based on experience). Solo OTR Drivers: Average 2,000 Miles Per Week $2,000 Sign On Bonus 100% No Touch Freight Consistent, planned schedule Predictable home time you can count on Paid Vacation Performance Bonuses Top 20% of our OTR Drivers earn $1,500 Weekly Run 28 days out, get 5 days home. It’s the balance experienced drivers want—strong miles and real time off. Team Drivers: $5,000 Sign-On Bonus/split with an average of 5,000 miles per week! $0.72 - $0.…",Class A CDL Company Driver - 1-5mo EXP Required - OTR - Dry Van - $1.5k per week - U.S. Xpress - OTR,42.596892,eyJhbGciOiJIUzI1NiJ9.eyJzIjoicHRIOEJPUm84UkdtcGZvMHNiSmRMQSIsImkiOiI1NzY0NTIzMTYxIn0.CvOkIXIdG5h3aQlvhUobn89r5c6kSLeqJp73zMtoIq0,5764523161,"['US', 'Idaho', 'Twin Falls County', 'Buhl']",Adzuna::API::Response::Location,"Buhl, Twin Falls County",U.S. Xpress - OTR,Adzuna::API::Response::Company,logistics-warehouse-jobs,Adzuna::API::Response::Category,Logistics & Warehouse Jobs,full_time,
0.0,-111.874454,2026-06-15T13:47:17Z,78000.0,0,Adzuna::API::Response::Job,https://www.adzuna.com/land/ad/5764523129?se=ptH8BORo8RGmpfo0sbJdLA&utm_medium=api&utm_source=abfa41a4&v=B45E471CFDA0D64CA39D62D641800D88F3E49293,"CDL-A OTR TRUCK DRIVERS: 52 - 56 CPM (based on experience). Solo OTR Drivers: Average 2,000 Miles Per Week $2,000 Sign On Bonus 100% No Touch Freight Consistent, planned schedule Predictable home time you can count on Paid Vacation Performance Bonuses Top 20% of our OTR Drivers earn $1,500 Weekly Run 28 days out, get 5 days home. It’s the balance experienced drivers want—strong miles and real time off. Team Drivers: $5,000 Sign-On Bonus/split with an average of 5,000 miles per week! $0.72 - $0.…",Class A CDL Company Driver - 1-5mo EXP Required - OTR - Dry Van - $1.5k per week - U.S. Xpress - OTR,40.876216,eyJhbGciOiJIUzI1NiJ9.eyJzIjoicHRIOEJPUm84UkdtcGZvMHNiSmRMQSIsImkiOiI1NzY0NTIzMTI5In0.WctP132F-EvRWc4SUGjDBMnrAHit99VlAwLfLYKaLrk,5764523129,"['US', 'Utah', 'Davis County', 'Bountiful']",Adzuna::API::Response::Location,"Bountiful, Davis County",U.S. Xpress - OTR,Adzuna::API::Response::Company,logistics-warehouse-jobs,Adzuna::API::Response::Category,Logistics & Warehouse Jobs,full_time,
0.0,-111.942632,2026-06-15T13:47:17Z,78000.0,0,Adzuna::API::Response::Job,https://www.adzuna.com/land/ad/5764523126?se=ptH8BORo8RGmpfo0sbJdLA&utm_medium=api&utm_source=abfa41a4&v=733A886CCCA305F26E8B10710487AEA9BBA5615D,"CDL-A OTR TRUCK DRIVERS: 52 - 56 CPM (based on experience). Solo OTR Drivers: Average 2,000 Miles Per Week $2,000 Sign On Bonus 100% No Touch Freight Consistent, planned schedule Predictable home time you can count on Paid Vacation Performance Bonuses Top 20% of our OTR Drivers earn $1,500 Weekly Run 28 days out, get 5 days home. It’s the balance experienced drivers want—strong miles and real time off. Team Drivers: $5,000 Sign-On Bonus/split with an average of 5,000 miles per week! $0.72 - $0.…",Truck Driver Company - 1-5mo EXP Required - OTR - Dry Van - $1.5k per week - U.S. Xpress - OTR,40.704637,eyJhbGciOiJIUzI1NiJ9.eyJzIjoicHRIOEJPUm84UkdtcGZvMHNiSmRMQSIsImkiOiI1NzY0NTIzMTI2In0.jXUPAe-JkV2Tv0zmlJx_JYx_m6MtDcXosfVx8xQNLPw,5764523126,"['US', 'Utah', 'Salt Lake County', 'Granger']",Adzuna::API::Response::Location,"Granger, Salt Lake County",U.S. Xpress - OTR,Adzuna::API::Response::Company,logistics-warehouse-jobs,Adzuna::API::Response::Category,Logistics & Warehouse Jobs,full_time,
0.0,-113.788716,2026-06-15T13:47:17Z,78000.0,0,Adzuna::API::Response::Job,https://www.adzuna.com/land/ad/5764523152?se=ngnvBeRo8RGjKJIWHOfiKg&utm_medium=api&utm_source=abfa41a4&v=F9CC18B4AB199363C4783865AF2A08695492B5DC,"CDL-A OTR TRUCK DRIVERS: 52 - 56 CPM (based on experience). Solo OTR Drivers: Average 2,000 Miles Per Week $2,000 Sign On Bonus 100% No Touch Freight Consistent, planned schedule Predictable home time you can count on Paid Vacation Performance Bonuses Top 20% of our OTR Drivers earn $1,500 Weekly Run 28 days out, get 5 days home. It’s the balance experienced drivers want—strong miles and real time off. Team Drivers: $5,000 Sign-On Bonus/split with an average of 5,000 miles per week! $0.72 - $0.…",Class A CDL Company Driver - 1-5mo EXP Required - OTR - Dry Van - $1.5k per week - U.S. Xpress - OTR,42.51795,eyJhbGciOiJIUzI1NiJ9.eyJpIjoiNTc2NDUyMzE1MiIsInMiOiJuZ252QmVSbzhSR2pLSklXSE9maUtnIn0.S77_P5EM2G0ze2SKgu2Ou1RAmYL2CvKd0snsNDJ2TKQ,5764523152,"['US', 'Idaho', 'Cassia County', 'Burley']",Adzuna::API::Response::Location,"Burley, Cassia County",U.S. Xpress - OTR,Adzuna::API::Response::Company,logistics-warehouse-jobs,Adzuna::API::Response::Category,Logistics & Warehouse Jobs,full_time,
0.0,-112.021897,2026-06-15T13:47:17Z,78000.0,0,Adzuna::API::Response::Job,https://www.adzuna.com/land/ad/5764523130?se=ngnvBeRo8RGjKJIWHOfiKg&utm_medium=api&utm_source=abfa41a4&v=213089BA011B6D45ACA66641E10D736A74634F6C,"CDL-A OTR TRUCK DRIVERS: 52 - 56 CPM (based on experience). Solo OTR Drivers: Average 2,000 Miles Per Week $2,000 Sign On Bonus 100% No Touch Freight Consistent, planned schedule Predictable home time you can count on Paid Vacation Performance Bonuses Top 20% of our OTR Drivers earn $1,500 Weekly Run 28 days out, get 5 days home. It’s the balance experienced drivers want—strong miles and real time off. Team Drivers: $5,000 Sign-On Bonus/split with an average of 5,000 miles per week! $0.72 - $0.…",Truck Driver Company - 1-5mo EXP Required - OTR - Dry Van - $1.5k per week - U.S. Xpress - OTR,40.504891,eyJhbGciOiJIUzI1NiJ9.eyJzIjoibmdudkJlUm84UkdqS0pJV0hPZmlLZyIsImkiOiI1NzY0NTIzMTMwIn0.cpsipZWBgcHyz0IFjaSLzWgTXYu4c_c8D2yVJJM0O5s,5764523130,"['US', 'Utah', 'Salt Lake County', 'Herriman']",Adzuna::API::Response::Location,"Herriman, Salt Lake County",U.S. Xpress - OTR,Adzuna::API::Response::Company,logistics-warehouse-jobs,Adzuna::API::Response::Category,Logistics & Warehouse Jobs,full_time,
0.0,-112.025051,2026-06-15T13:47:17Z,78000.0,0,Adzuna::API::Response::Job,https://www.adzuna.com/land/ad/5764523140?se=ngnvBeRo8RGjKJIWHOfiKg&utm_medium=api&utm_source=abfa41a4&v=015E39775EE29C6B4733863140C894AABD03C4E9,"CDL-A OTR TRUCK DRIVERS: 52 - 56 CPM (based on experience). Solo OTR Drivers: Average 2,000 Miles Per Week $2,000 Sign On Bonus 100% No Touch Freight Consistent, planned schedule Predictable home time you can count on Paid Vacation Performance Bonuses Top 20% of our OTR Drivers earn $1,500 Weekly Run 28 days out, get 5 days home. It’s the balance experienced drivers want—strong miles and real time off. Team Drivers: $5,000 Sign-On Bonus/split with an average of 5,000 miles per week! $0.72 - $0.…",CDL-A Company Driver - 1-5mo EXP Required - OTR - Dry Van - $1.5k per week - U.S. Xpress - OTR,40.611822,eyJhbGciOiJIUzI1NiJ9.eyJzIjoibmdudkJlUm84UkdqS0pJV0hPZmlLZyIsImkiOiI1NzY0NTIzMTQwIn0.GVxSYuFjbWz1Kg8NY8odAG7uTdKBOkCccaX8kTPQIGA,5764523140,"['US', 'Utah', 'Salt Lake County', 'West Valley City']",Adzuna::API::Response::Location,"West Valley City, Salt Lake County",U.S. Xpress - OTR,Adzuna::API::Response::Company,logistics-warehouse-jobs,Adzuna::API::Response::Category,Logistics & Warehouse Jobs,full_time,
0.0,-111.8865,2026-06-15T13:47:17Z,78000.0,0,Adzuna::API::Response::Job,https://www.adzuna.com/land/ad/5764523143?se=ngnvBeRo8RGjKJIWHOfiKg&utm_medium=api&utm_source=abfa41a4&v=DB70E0D79DF74EA61E325783922E6375BACC73D1,"CDL-A OTR TRUCK DRIVERS: 52 - 56 CPM (based on experience). Solo OTR Drivers: Average 2,000 Miles Per Week $2,000 Sign On Bonus 100% No Touch Freight Consistent, planned schedule Predictable home time you can count on Paid Vacation Performance Bonuses Top 20% of our OTR Drivers earn $1,500 Weekly Run 28 days out, get 5 days home. It’s the balance experienced drivers want—strong miles and real time off. Team Drivers: $5,000 Sign-On Bonus/split with an average of 5,000 miles per week! $0.72 - $0.…",Truck Driver Company - 1-5mo EXP Required - OTR - Dry Van - $1.5k per week - U.S. Xpress - OTR,40.5732,eyJhbGciOiJIUzI1NiJ9.eyJpIjoiNTc2NDUyMzE0MyIsInMiOiJuZ252QmVSbzhSR2pLSklXSE9maUtnIn0.WUlz_IahEsOCb8ljCZVMb2-u9gZs_uUSbTPkoYGeuvY,5764523143,"['US', 'Utah', 'Salt Lake County', 'Sandy']",Adzuna::API::Response::Location,"Sandy, Salt Lake County",U.S. Xpress - OTR,Adzuna::API::Response::Company,logistics-warehouse-jobs,Adzuna::API::Response::Category,Logistics & Warehouse Jobs,full_time,
0.0,-116.029392,2026-06-15T13:47:17Z,78000.0,0,Adzuna::API::Response::Job,https://www.adzuna.com/land/ad/5764523181?se=ngnvBeRo8RGjKJIWHOfiKg&utm_medium=api&utm_source=abfa41a4&v=504CB1811DD7391321591A35A046FE82B3EDC115,"CDL-A OTR TRUCK DRIVERS: 52 - 56 CPM (based on experience). Solo OTR Drivers: Average 2,000 Miles Per Week $2,000 Sign On Bonus 100% No Touch Freight Consistent, planned schedule Predictable home time you can count on Paid Vacation Performance Bonuses Top 20% of our OTR Drivers earn $1,500 Weekly Run 28 days out, get 5 days home. It’s the balance experienced drivers want—strong miles and real time off. Team Drivers: $5,000 Sign-On Bonus/split with an average of 5,000 miles per week! $0.72 - $0.…",Truck Driver Company - 1-5mo EXP Required - OTR - Dry Van - $1.5k per week - U.S. Xpress - OTR,46.224842,eyJhbGciOiJIUzI1NiJ9.eyJpIjoiNTc2NDUyMzE4MSIsInMiOiJuZ252QmVSbzhSR2pLSklXSE9maUtnIn0.NZbeia1yZCICuqEwz-jJJ1g8XgI_6x9kkxQpafXArfg,5764523181,"['US', 'Idaho', 'Lewis County', 'Kamiah']",Adzuna::API::Response::Location,"Kamiah, Lewis County",U.S. Xpress - OTR,Adzuna::API::Response::Company,logistics-warehouse-jobs,Adzuna::API::Response::Category,Logistics & Warehouse Jobs,full_time,
0.0,-111.881551,2026-06-15T13:47:17Z,78000.0,0,Adzuna::API::Response::Job,https://www.adzuna.com/land/ad/5764523137?se=ngnvBeRo8RGjKJIWHOfiKg&utm_medium=api&utm_source=abfa41a4&v=BF0559BC1A36A27B85C60DB7A633C1A8735B8C9B,"CDL-A OTR TRUCK DRIVERS: 52 - 56 CPM (based on experience). Solo OTR Drivers: Average 2,000 Miles Per Week $2,000 Sign On Bonus 100% No Touch Freight Consistent, planned schedule Predictable home time you can count on Paid Vacation Performance Bonuses Top 20% of our OTR Drivers earn $1,500 Weekly Run 28 days out, get 5 days home. It’s the balance experienced drivers want—strong miles and real time off. Team Drivers: $5,000 Sign-On Bonus/split with an average of 5,000 miles per week! $0.72 - $0.…",Truck Driver Company - 1-5mo EXP Required - OTR - Dry Van - $1.5k per week - U.S. Xpress - OTR,40.614915,eyJhbGciOiJIUzI1NiJ9.eyJzIjoibmdudkJlUm84UkdqS0pJV0hPZmlLZyIsImkiOiI1NzY0NTIzMTM3In0.RxXR-t-NYhCPIL6auA2dwYkNTn8IKlBwAyRN5HZn9t8,5764523137,"['US', 'Utah', 'Salt Lake County', 'Cushing']",Adzuna::API::Response::Location,"Cushing, Salt Lake County",U.S. Xpress - OTR,Adzuna::API::Response::Company,logistics-warehouse-jobs,Adzuna::API::Response::Category,Logistics & Warehouse Jobs,full_time,
0.0,-111.947235,2026-06-15T13:47:17Z,78000.0,0,Adzuna::API::Response::Job,https://www.adzuna.com/land/ad/5764523118?se=ngnvBeRo8RGjKJIWHOfiKg&utm_medium=api&utm_source=abfa41a4&v=4A1B24D7596B30AB592D73E2863BB5B33079DA09,"CDL-A OTR TRUCK DRIVERS: 52 - 56 CPM (based on experience). Solo OTR Drivers: Average 2,000 Miles Per Week $2,000 Sign On Bonus 100% No Touch Freight Consistent, planned schedule Predictable home time you can count on Paid Vacation Performance Bonuses Top 20% of our OTR Drivers earn $1,500 Weekly Run 28 days out, get 5 days home. It’s the balance experienced drivers want—strong miles and real time off. Team Drivers: $5,000 Sign-On Bonus/split with an average of 5,000 miles per week! $0.72 - $0.…",Truck Driver Company - 1-5mo EXP Required - OTR - Dry Van - $1.5k per week - U.S. Xpress - OTR,40.511674,eyJhbGciOiJIUzI1NiJ9.eyJpIjoiNTc2NDUyMzExOCIsInMiOiJuZ252QmVSbzhSR2pLSklXSE9maUtnIn0.EBR3z7SmjEMh2gVY9CESsc6oryu0gY42R3McTx2P6H8,5764523118,"['US', 'Utah', 'Salt Lake County', 'Riverton']",Adzuna::API::Response::Location,"Riverton, Salt Lake County",U.S. Xpress - OTR,Adzuna::API::Response::Company,logistics-warehouse-jobs,Adzuna::API::Response::Category,Logistics & Warehouse Jobs,full_time,
0.0,-114.368488,2026-06-15T13:47:17Z,78000.0,0,Adzuna::API::Response::Job,https://www.adzuna.com/land/ad/5764523156?se=ngnvBeRo8RGjKJIWHOfiKg&utm_medium=api&utm_source=abfa41a4&v=9D029B1A7B415412ED836D754CB825646DE978ED,"CDL-A OTR TRUCK DRIVERS: 52 - 56 CPM (based on experience). Solo OTR Drivers: Average 2,000 Miles Per Week $2,000 Sign On Bonus 100% No Touch Freight Consistent, planned schedule Predictable home time you can count on Paid Vacation Performance Bonuses Top 20% of our OTR Drivers earn $1,500 Weekly Run 28 days out, get 5 days home. It’s the balance experienced drivers want—strong miles and real time off. Team Drivers: $5,000 Sign-On Bonus/split with an average of 5,000 miles per week! $0.72 - $0.…",Truck Driver Company - 1-5mo EXP Required - OTR - Dry Van - $1.5k per week - U.S. Xpress - OTR,42.527998,eyJhbGciOiJIUzI1NiJ9.eyJpIjoiNTc2NDUyMzE1NiIsInMiOiJuZ252QmVSbzhSR2pLSklXSE9maUtnIn0.x8Po6qpVK30FQ-TG7n8qDMrIdgKSN5V8pKTJxbrr01U,5764523156,"['US', 'Idaho', 'Twin Falls County', 'Kimberly']",Adzuna::API::Response::Location,"Kimberly, Twin Falls County",U.S. Xpress - OTR,Adzuna::API::Response::Company,logistics-warehouse-jobs,Adzuna::API::Response::Category,Logistics & Warehouse Jobs,full_time,
0.0,-114.368488,2026-06-15T13:47:17Z,78000.0,0,Adzuna::API::Response::Job,https://www.adzuna.com/land/ad/5764523159?se=ngnvBeRo8RGjKJIWHOfiKg&utm_medium=api&utm_source=abfa41a4&v=A521262A6A1924C8CB0C22DA31B74316B52CE875,"CDL-A OTR TRUCK DRIVERS: 52 - 56 CPM (based on experience). Solo OTR Drivers: Average 2,000 Miles Per Week $2,000 Sign On Bonus 100% No Touch Freight Consistent, planned schedule Predictable home time you can count on Paid Vacation Performance Bonuses Top 20% of our OTR Drivers earn $1,500 Weekly Run 28 days out, get 5 days home. It’s the balance experienced drivers want—strong miles and real time off. Team Drivers: $5,000 Sign-On Bonus/split with an average of 5,000 miles per week! $0.72 - $0.…",CDL-A Company Driver - 1-5mo EXP Required - OTR - Dry Van - $1.5k per week - U.S. Xpress - OTR,42.527998,eyJhbGciOiJIUzI1NiJ9.eyJpIjoiNTc2NDUyMzE1OSIsInMiOiJuZ252QmVSbzhSR2pLSklXSE9maUtnIn0.OqFE8KQ_sEComKfkZ7aMrpYxUosA4VewfCswS16PpiU,5764523159,"['US', 'Idaho', 'Twin Falls County', 'Kimberly']",Adzuna::API::Response::Location,"Kimberly, Twin Falls County",U.S. Xpress - OTR,Adzuna::API::Response::Company,logistics-warehouse-jobs,Adzuna::API::Response::Category,Logistics & Warehouse Jobs,full_time,
0.0,-112.187004,2026-06-15T13:47:17Z,78000.0,0,Adzuna::API::Response::Job,https://www.adzuna.com/land/ad/5764523127?se=ngnvBeRo8RGjKJIWHOfiKg&utm_medium=api&utm_source=abfa41a4&v=D47DD7800EF9EDCE129C648DEFD2858E1D2FA04A,"CDL-A OTR TRUCK DRIVERS: 52 - 56 CPM (based on experience). Solo OTR Drivers: Average 2,000 Miles Per Week $2,000 Sign On Bonus 100% No Touch Freight Consistent, planned schedule Predictable home time you can count on Paid Vacation Performance Bonuses Top 20% of our OTR Drivers earn $1,500 Weekly Run 28 days out, get 5 days home. It’s the balance experienced drivers want—strong miles and real time off. Team Drivers: $5,000 Sign-On Bonus/split with an average of 5,000 miles per week! $0.72 - $0.…",Class A CDL Company Driver - 1-5mo EXP Required - OTR - Dry Van - $1.5k per week - U.S. Xpress - OTR,41.70456,eyJhbGciOiJIUzI1NiJ9.eyJzIjoibmdudkJlUm84UkdqS0pJV0hPZmlLZyIsImkiOiI1NzY0NTIzMTI3In0.S4JZ3xSmadEHxZT4_RznSi3QTz4jMs8KhbMv4A43AHM,5764523127,"['US', 'Utah', 'Box Elder County', 'Tremonton']",Adzuna::API::Response::Location,"Tremonton, Box Elder County",U.S. Xpress - OTR,Adzuna::API::Response::Company,logistics-warehouse-jobs,Adzuna::API::Response::Category,Logistics & Warehouse Jobs,full_time,
0.0,-113.762744,2026-06-15T13:47:17Z,78000.0,0,Adzuna::API::Response::Job,https://www.adzuna.com/land/ad/5764523168?se=ngnvBeRo8RGjKJIWHOfiKg&utm_medium=api&utm_source=abfa41a4&v=379EDAA3D31676AB13BDE5179586B662ED976290,"CDL-A OTR TRUCK DRIVERS: 52 - 56 CPM (based on experience). Solo OTR Drivers: Average 2,000 Miles Per Week $2,000 Sign On Bonus 100% No Touch Freight Consistent, planned schedule Predictable home time you can count on Paid Vacation Performance Bonuses Top 20% of our OTR Drivers earn $1,500 Weekly Run 28 days out, get 5 days home. It’s the balance experienced drivers want—strong miles and real time off. Team Drivers: $5,000 Sign-On Bonus/split with an average of 5,000 miles per week! $0.72 - $0.…",Class A CDL Company Driver - 1-5mo EXP Required - OTR - Dry Van - $1.5k per week - U.S. Xpress - OTR,42.561039,eyJhbGciOiJIUzI1NiJ9.eyJzIjoibmdudkJlUm84UkdqS0pJV0hPZmlLZyIsImkiOiI1NzY0NTIzMTY4In0.bvYXNIA5qF918hIUrd4jhevEJWg9Jn8Oz4uQJr8SfRQ,5764523168,"['US', 'Idaho', 'Minidoka County', 'Heyburn']",Adzuna::API::Response::Location,"Heyburn, Minidoka County",U.S. Xpress - OTR,Adzuna::API::Response::Company,logistics-warehouse-jobs,Adzuna::API::Response::Category,Logistics & Warehouse Jobs,full_time,
0.0,-114.513897,2026-06-15T13:47:17Z,78000.0,0,Adzuna::API::Response::Job,https://www.adzuna.com/land/ad/5764523145?se=ngnvBeRo8RGjKJIWHOfiKg&utm_medium=api&utm_source=abfa41a4&v=2F25182C83440FBFEA2CE645221218B1889730E2,"CDL-A OTR TRUCK DRIVERS: 52 - 56 CPM (based on experience). Solo OTR Drivers: Average 2,000 Miles Per Week $2,000 Sign On Bonus 100% No Touch Freight Consistent, planned schedule Predictable home time you can count on Paid Vacation Performance Bonuses Top 20% of our OTR Drivers earn $1,500 Weekly Run 28 days out, get 5 days home. It’s the balance experienced drivers want—strong miles and real time off. Team Drivers: $5,000 Sign-On Bonus/split with an average of 5,000 miles per week! $0.72 - $0.…",Truck Driver Company - 1-5mo EXP Required - OTR - Dry Van - $1.5k per week - U.S. Xpress - OTR,42.714777,eyJhbGciOiJIUzI1NiJ9.eyJzIjoibmdudkJlUm84UkdqS0pJV0hPZmlLZyIsImkiOiI1NzY0NTIzMTQ1In0.6aC8HcCVfSE-thE2gYzq89w4T5gAs9xwLQc5yMOVybw,5764523145,"['US', 'Idaho', 'Jerome County', 'Jerome']",Adzuna::API::Response::Location,"Jerome, Jerome County",U.S. Xpress - OTR,Adzuna::API::Response::Company,logistics-warehouse-jobs,Adzuna::API::Response::Category,Logistics & Warehouse Jobs,full_time,
0.0,-114.716354,2026-06-15T13:47:17Z,78000.0,0,Adzuna::API::Response::Job,https://www.adzuna.com/land/ad/5764523183?se=ngnvBeRo8RGjKJIWHOfiKg&utm_medium=api&utm_source=abfa41a4&v=39949E79D61E6EA13A6FD0E1C9C465ACF0A62B79,"CDL-A OTR TRUCK DRIVERS: 52 - 56 CPM (based on experience). Solo OTR Drivers: Average 2,000 Miles Per Week $2,000 Sign On Bonus 100% No Touch Freight Consistent, planned schedule Predictable home time you can count on Paid Vacation Performance Bonuses Top 20% of our OTR Drivers earn $1,500 Weekly Run 28 days out, get 5 days home. It’s the balance experienced drivers want—strong miles and real time off. Team Drivers: $5,000 Sign-On Bonus/split with an average of 5,000 miles per week! $0.72 - $0.…",Truck Driver Company - 1-5mo EXP Required - OTR - Dry Van - $1.5k per week - U.S. Xpress - OTR,42.936258,eyJhbGciOiJIUzI1NiJ9.eyJzIjoibmdudkJlUm84UkdqS0pJV0hPZmlLZyIsImkiOiI1NzY0NTIzMTgzIn0.FWndNDK-uJkopvK_9qTPwSdE40Ra8GX-J78HKfQZU1s,5764523183,"['US', 'Idaho', 'Gooding County', 'Gooding']",Adzuna::API::Response::Location,"Gooding, Gooding County",U.S. Xpress - OTR,Adzuna::API::Response::Company,logistics-warehouse-jobs,Adzuna::API::Response::Category,Logistics & Warehouse Jobs,full_time,
0.0,-112.31862,2026-06-15T13:47:17Z,78000.0,0,Adzuna::API::Response::Job,https://www.adzuna.com/land/ad/5764523171?se=ngnvBeRo8RGjKJIWHOfiKg&utm_medium=api&utm_source=abfa41a4&v=D9913EF8853B767C7725004B2AACBE83516D0A58,"CDL-A OTR TRUCK DRIVERS: 52 - 56 CPM (based on experience). Solo OTR Drivers: Average 2,000 Miles Per Week $2,000 Sign On Bonus 100% No Touch Freight Consistent, planned schedule Predictable home time you can count on Paid Vacation Performance Bonuses Top 20% of our OTR Drivers earn $1,500 Weekly Run 28 days out, get 5 days home. It’s the balance experienced drivers want—strong miles and real time off. Team Drivers: $5,000 Sign-On Bonus/split with an average of 5,000 miles per week! $0.72 - $0.…",Truck Driver Company - 1-5mo EXP Required - OTR - Dry Van - $1.5k per week - U.S. Xpress - OTR,40.57128,eyJhbGciOiJIUzI1NiJ9.eyJzIjoibmdudkJlUm84UkdqS0pJV0hPZmlLZyIsImkiOiI1NzY0NTIzMTcxIn0.Ckio-1LN8lsgJZPSwa4OydySvK7bT0naRkUDAGu10uU,5764523171,"['US', 'Utah', 'Tooele County', 'Pine Canyon']",Adzuna::API::Response::Location,"Pine Canyon, Tooele County",U.S. Xpress - OTR,Adzuna::API::Response::Company,logistics-warehouse-jobs,Adzuna::API::Response::Category,Logistics & Warehouse Jobs,full_time,
0.0,-108.72286,2026-06-15T13:47:17Z,78000.0,0,Adzuna::API::Response::Job,https://www.adzuna.com/land/ad/5764523136?se=ngnvBeRo8RGjKJIWHOfiKg&utm_medium=api&utm_source=abfa41a4&v=25FC78969D1BB43A0E43A0436083C791DDCE37C8,"CDL-A OTR TRUCK DRIVERS: 52 - 56 CPM (based on experience). Solo OTR Drivers: Average 2,000 Miles Per Week $2,000 Sign On Bonus 100% No Touch Freight Consistent, planned schedule Predictable home time you can count on Paid Vacation Performance Bonuses Top 20% of our OTR Drivers earn $1,500 Weekly Run 28 days out, get 5 days home. It’s the balance experienced drivers want—strong miles and real time off. Team Drivers: $5,000 Sign-On Bonus/split with an average of 5,000 miles per week! $0.72 - $0.…",CDL-A Company Driver - 1-5mo EXP Required - OTR - Dry Van - $1.5k per week - U.S. Xpress - OTR,36.770876,eyJhbGciOiJIUzI1NiJ9.eyJzIjoibmdudkJlUm84UkdqS0pJV0hPZmlLZyIsImkiOiI1NzY0NTIzMTM2In0.u4KtRi59Fdj6-b2_W_Lt1r1Ef3DVAeMYesRu1QG5aT8,5764523136,"['US', 'New Mexico', 'San Juan County', 'Shiprock']",Adzuna::API::Response::Location,"Shiprock, San Juan County",U.S. Xpress - OTR,Adzuna::API::Response::Company,logistics-warehouse-jobs,Adzuna::API::Response::Category,Logistics & Warehouse Jobs,full_time,
0.0,-104.200791,2026-06-15T13:47:16Z,78000.0,0,Adzuna::API::Response::Job,https://www.adzuna.com/land/ad/5764523003?se=ngnvBeRo8RGjKJIWHOfiKg&utm_medium=api&utm_source=abfa41a4&v=38B436217FAB0B5801E1ACACA2AC01D6CAAA8760,"CDL-A OTR TRUCK DRIVERS: 52 - 56 CPM (based on experience). Solo OTR Drivers: Average 2,000 Miles Per Week $2,000 Sign On Bonus 100% No Touch Freight Consistent, planned schedule Predictable home time you can count on Paid Vacation Performance Bonuses Top 20% of our OTR Drivers earn $1,500 Weekly Run 28 days out, get 5 days home. It’s the balance experienced drivers want—strong miles and real time off. Team Drivers: $5,000 Sign-On Bonus/split with an average of 5,000 miles per week! $0.72 - $0.…",Truck Driver Company - 1-5mo EXP Required - OTR - Dry Van - $1.5k per week - U.S. Xpress - OTR,38.783215,eyJhbGciOiJIUzI1NiJ9.eyJpIjoiNTc2NDUyMzAwMyIsInMiOiJuZ252QmVSbzhSR2pLSklXSE9maUtnIn0.yW3vy8k1boy8QCBdyb1P8ZJHm1_RmXyw36omhcC9AGk,5764523003,"['US', 'Colorado', 'El Paso County', 'Edison']",Adzuna::API::Response::Location,"Edison, El Paso County",U.S. Xpress - OTR,Adzuna::API::Response::Company,logistics-warehouse-jobs,Adzuna::API::Response::Category,Logistics & Warehouse Jobs,full_time,
0.0,-106.103483,2026-06-15T13:47:16Z,78000.0,0,Adzuna::API::Response::Job,https://www.adzuna.com/land/ad/5764523022?se=ngnvBeRo8RGjKJIWHOfiKg&utm_medium=api&utm_source=abfa41a4&v=5003CAD156C9D61ED3FE0F80FA35F72A1629F06E,"CDL-A OTR TRUCK DRIVERS: 52 - 56 CPM (based on experience). Solo OTR Drivers: Average 2,000 Miles Per Week $2,000 Sign On Bonus 100% No Touch Freight Consistent, planned schedule Predictable home time you can count on Paid Vacation Performance Bonuses Top 20% of our OTR Drivers earn $1,500 Weekly Run 28 days out, get 5 days home. It’s the balance experienced drivers want—strong miles and real time off. Team Drivers: $5,000 Sign-On Bonus/split with an average of 5,000 miles per week! $0.72 - $0.…",Class A CDL Company Driver - 1-5mo EXP Required - OTR - Dry Van - $1.5k per week - U.S. Xpress - OTR,39.570063,eyJhbGciOiJIUzI1NiJ9.eyJpIjoiNTc2NDUyMzAyMiIsInMiOiJuZ252QmVSbzhSR2pLSklXSE9maUtnIn0.MgRRKICEEgD8PabvlBRdn7gj8VCovFTK4W0z7QkECOk,5764523022,"['US', 'Colorado', 'Summit County', 'Frisco']",Adzuna::API::Response::Location,"Frisco, Summit County",U.S. Xpress - OTR,Adzuna::API::Response::Company,logistics-warehouse-jobs,Adzuna::API::Response::Category,Logistics & Warehouse Jobs,full_time,
0.0,-107.85416,2026-06-15T13:47:16Z,78000.0,0,Adzuna::API::Response::Job,https://www.adzuna.com/land/ad/5764523059?se=ngnvBeRo8RGjKJIWHOfiKg&utm_medium=api&utm_source=abfa41a4&v=B6C90C74EF841FD6C0A4FE2726F94A39F441308C,"CDL-A OTR TRUCK DRIVERS: 52 - 56 CPM (based on experience). Solo OTR Drivers: Average 2,000 Miles Per Week $2,000 Sign On Bonus 100% No Touch Freight Consistent, planned schedule Predictable home time you can count on Paid Vacation Performance Bonuses Top 20% of our OTR Drivers earn $1,500 Weekly Run 28 days out, get 5 days home. It’s the balance experienced drivers want—strong miles and real time off. Team Drivers: $5,000 Sign-On Bonus/split with an average of 5,000 miles per week! $0.72 - $0.…",Truck Driver Company - 1-5mo EXP Required - OTR - Dry Van - $1.5k per week - U.S. Xpress - OTR,37.311376,eyJhbGciOiJIUzI1NiJ9.eyJpIjoiNTc2NDUyMzA1OSIsInMiOiJuZ252QmVSbzhSR2pLSklXSE9maUtnIn0.AlygFs7pVz_ZYg0gyvm2XqgZq6oAGhUL5H1BoYlPDe0,5764523059,"['US', 'Colorado', 'La Plata County', 'College Heights Durango']",Adzuna::API::Response::Location,"College Heights Durango, La Plata County",U.S. Xpress - OTR,Adzuna::API::Response::Company,logistics-warehouse-jobs,Adzuna::API::Response::Category,Logistics & Warehouse Jobs,full_time,
0.0,-104.78886,2026-06-15T13:47:16Z,78000.0,0,Adzuna::API::Response::Job,https://www.adzuna.com/land/ad/5764523041?se=ngnvBeRo8RGjKJIWHOfiKg&utm_medium=api&utm_source=abfa41a4&v=09857AE1628D0549458609E3811D0306797CEF0B,"CDL-A OTR TRUCK DRIVERS: 52 - 56 CPM (based on experience). Solo OTR Drivers: Average 2,000 Miles Per Week $2,000 Sign On Bonus 100% No Touch Freight Consistent, planned schedule Predictable home time you can count on Paid Vacation Performance Bonuses Top 20% of our OTR Drivers earn $1,500 Weekly Run 28 days out, get 5 days home. It’s the balance experienced drivers want—strong miles and real time off. Team Drivers: $5,000 Sign-On Bonus/split with an average of 5,000 miles per week! $0.72 - $0.…",Class A CDL Company Driver - 1-5mo EXP Required - OTR - Dry Van - $1.5k per week - U.S. Xpress - OTR,38.3466,eyJhbGciOiJIUzI1NiJ9.eyJzIjoibmdudkJlUm84UkdqS0pJV0hPZmlLZyIsImkiOiI1NzY0NTIzMDQxIn0.zxArq5zKCgSHd9bw_xnXUIdHpCa-5Us5QX-cOaKhIsc,5764523041,"['US', 'Colorado', 'Pueblo County', 'Pueblo West']",Adzuna::API::Response::Location,"Pueblo West, Pueblo County",U.S. Xpress - OTR,Adzuna::API::Response::Company,logistics-warehouse-jobs,Adzuna::API::Response::Category,Logistics & Warehouse Jobs,full_time,
0.0,-104.78886,2026-06-15T13:47:16Z,78000.0,0,Adzuna::API::Response::Job,https://www.adzuna.com/land/ad/5764523038?se=ngnvBeRo8RGjKJIWHOfiKg&utm_medium=api&utm_source=abfa41a4&v=3E810CD24EDF0FB5AAF459B195FC4BEE9504E0E1,"CDL-A OTR TRUCK DRIVERS: 52 - 56 CPM (based on experience). Solo OTR Drivers: Average 2,000 Miles Per Week $2,000 Sign On Bonus 100% No Touch Freight Consistent, planned schedule Predictable home time you can count on Paid Vacation Performance Bonuses Top 20% of our OTR Drivers earn $1,500 Weekly Run 28 days out, get 5 days home. It’s the balance experienced drivers want—strong miles and real time off. Team Drivers: $5,000 Sign-On Bonus/split with an average of 5,000 miles per week! $0.72 - $0.…",CDL-A Company Driver - 1-5mo EXP Required - OTR - Dry Van - $1.5k per week - U.S. Xpress - OTR,38.3466,eyJhbGciOiJIUzI1NiJ9.eyJzIjoibmdudkJlUm84UkdqS0pJV0hPZmlLZyIsImkiOiI1NzY0NTIzMDM4In0.dPReqVphNOjCn80sYl9bsiawLProGBPXqDZblzCU-eE,5764523038,"['US', 'Colorado', 'Pueblo County', 'Pueblo West']",Adzuna::API::Response::Location,"Pueblo West, Pueblo County",U.S. Xpress - OTR,Adzuna::API::Response::Company,logistics-warehouse-jobs,Adzuna::API::Response::Category,Logistics & Warehouse Jobs,full_time,
0.0,-107.596317,2026-06-15T13:47:16Z,78000.0,0,Adzuna::API::Response::Job,https://www.adzuna.com/land/ad/5764523073?se=ngnvBeRo8RGjKJIWHOfiKg&utm_medium=api&utm_source=abfa41a4&v=7AAAB48F07FF79D0CCBAF584A53AF61EF8D9B0E9,"CDL-A OTR TRUCK DRIVERS: 52 - 56 CPM (based on experience). Solo OTR Drivers: Average 2,000 Miles Per Week $2,000 Sign On Bonus 100% No Touch Freight Consistent, planned schedule Predictable home time you can count on Paid Vacation Performance Bonuses Top 20% of our OTR Drivers earn $1,500 Weekly Run 28 days out, get 5 days home. It’s the balance experienced drivers want—strong miles and real time off. Team Drivers: $5,000 Sign-On Bonus/split with an average of 5,000 miles per week! $0.72 - $0.…",CDL-A Company Driver - 1-5mo EXP Required - OTR - Dry Van - $1.5k per week - U.S. Xpress - OTR,37.27532,eyJhbGciOiJIUzI1NiJ9.eyJpIjoiNTc2NDUyMzA3MyIsInMiOiJuZ252QmVSbzhSR2pLSklXSE9maUtnIn0.Xi6f4eAk3ZeOuktGT-lm3WI2SdiVw8Zud2NeEvtbXwM,5764523073,"['US', 'Colorado', 'La Plata County', 'Bayfield']",Adzuna::API::Response::Location,"Bayfield, La Plata County",U.S. Xpress - OTR,Adzuna::API::Response::Company,logistics-warehouse-jobs,Adzuna::API::Response::Category,Logistics & Warehouse Jobs,full_time,
0.0,-106.103483,2026-06-15T13:47:16Z,78000.0,0,Adzuna::API::Response::Job,https://www.adzuna.com/land/ad/5764523020?se=ngnvBeRo8RGjKJIWHOfiKg&utm_medium=api&utm_source=abfa41a4&v=A3B20C77CAC0501FACFCB6015A5A6B1F48256310,"CDL-A OTR TRUCK DRIVERS: 52 - 56 CPM (based on experience). Solo OTR Drivers: Average 2,000 Miles Per Week $2,000 Sign On Bonus 100% No Touch Freight Consistent, planned schedule Predictable home time you can count on Paid Vacation Performance Bonuses Top 20% of our OTR Drivers earn $1,500 Weekly Run 28 days out, get 5 days home. It’s the balance experienced drivers want—strong miles and real time off. Team Drivers: $5,000 Sign-On Bonus/split with an average of 5,000 miles per week! $0.72 - $0.…",CDL-A Company Driver - 1-5mo EXP Required - OTR - Dry Van - $1.5k per week - U.S. Xpress - OTR,39.570063,eyJhbGciOiJIUzI1NiJ9.eyJzIjoibmdudkJlUm84UkdqS0pJV0hPZmlLZyIsImkiOiI1NzY0NTIzMDIwIn0.mPlDdkPaPXcjB692LBWRyjA9hyyQrUksbVqoFVseVZs,5764523020,"['US', 'Colorado', 'Summit County', 'Frisco']",Adzuna::API::Response::Location,"Frisco, Summit County",U.S. Xpress - OTR,Adzuna::API::Response::Company,logistics-warehouse-jobs,Adzuna::API::Response::Category,Logistics & Warehouse Jobs,full_time,
0.0,-107.85416,2026-06-15T13:47:16Z,78000.0,0,Adzuna::API::Response::Job,https://www.adzuna.com/land/ad/5764523061?se=ngnvBeRo8RGjKJIWHOfiKg&utm_medium=api&utm_source=abfa41a4&v=6A0CB384833D47AE7EEDEB4B354A5AFBEE604C24,"CDL-A OTR TRUCK DRIVERS: 52 - 56 CPM (based on experience). Solo OTR Drivers: Average 2,000 Miles Per Week $2,000 Sign On Bonus 100% No Touch Freight Consistent, planned schedule Predictable home time you can count on Paid Vacation Performance Bonuses Top 20% of our OTR Drivers earn $1,500 Weekly Run 28 days out, get 5 days home. It’s the balance experienced drivers want—strong miles and real time off. Team Drivers: $5,000 Sign-On Bonus/split with an average of 5,000 miles per week! $0.72 - $0.…",Class A CDL Company Driver - 1-5mo EXP Required - OTR - Dry Van - $1.5k per week - U.S. Xpress - OTR,37.311376,eyJhbGciOiJIUzI1NiJ9.eyJzIjoibmdudkJlUm84UkdqS0pJV0hPZmlLZyIsImkiOiI1NzY0NTIzMDYxIn0.iKhHjoRmG9D-crQNZ6Pk2iFI8MhwvgnBGISGrOdwtI0,5764523061,"['US', 'Colorado', 'La Plata County', 'College Heights Durango']",Adzuna::API::Response::Location,"College Heights Durango, La Plata County",U.S. Xpress - OTR,Adzuna::API::Response::Company,logistics-warehouse-jobs,Adzuna::API::Response::Category,Logistics & Warehouse Jobs,full_time,
0.0,-105.006953,2026-06-15T13:47:16Z,78000.0,0,Adzuna::API::Response::Job,https://www.adzuna.com/land/ad/5764523042?se=ngnvBeRo8RGjKJIWHOfiKg&utm_medium=api&utm_source=abfa41a4&v=9693E42E102C745813BB751007F249871E327975,"CDL-A OTR TRUCK DRIVERS: 52 - 56 CPM (based on experience). Solo OTR Drivers: Average 2,000 Miles Per Week $2,000 Sign On Bonus 100% No Touch Freight Consistent, planned schedule Predictable home time you can count on Paid Vacation Performance Bonuses Top 20% of our OTR Drivers earn $1,500 Weekly Run 28 days out, get 5 days home. It’s the balance experienced drivers want—strong miles and real time off. Team Drivers: $5,000 Sign-On Bonus/split with an average of 5,000 miles per week! $0.72 - $0.…",CDL-A Company Driver - 1-5mo EXP Required - OTR - Dry Van - $1.5k per week - U.S. Xpress - OTR,38.432612,eyJhbGciOiJIUzI1NiJ9.eyJpIjoiNTc2NDUyMzA0MiIsInMiOiJuZ252QmVSbzhSR2pLSklXSE9maUtnIn0.zZN6A_MyYvGD__jf_xTuwnZqCyYnxeRrmq1ALSWeHi4,5764523042,"['US', 'Colorado', 'Fremont County', 'Penrose']",Adzuna::API::Response::Location,"Penrose, Fremont County",U.S. Xpress - OTR,Adzuna::API::Response::Company,logistics-warehouse-jobs,Adzuna::API::Response::Category,Logistics & Warehouse Jobs,full_time,
0.0,-104.932376,2026-06-15T13:47:16Z,78000.0,0,Adzuna::API::Response::Job,https://www.adzuna.com/land/ad/5764523028?se=ngnvBeRo8RGjKJIWHOfiKg&utm_medium=api&utm_source=abfa41a4&v=C239E572E1AF7144238AD7299357B2C954718B4D,"CDL-A OTR TRUCK DRIVERS: 52 - 56 CPM (based on experience). Solo OTR Drivers: Average 2,000 Miles Per Week $2,000 Sign On Bonus 100% No Touch Freight Consistent, planned schedule Predictable home time you can count on Paid Vacation Performance Bonuses Top 20% of our OTR Drivers earn $1,500 Weekly Run 28 days out, get 5 days home. It’s the balance experienced drivers want—strong miles and real time off. Team Drivers: $5,000 Sign-On Bonus/split with an average of 5,000 miles per week! $0.72 - $0.…",Truck Driver Company - 1-5mo EXP Required - OTR - Dry Van - $1.5k per week - U.S. Xpress - OTR,40.335103,eyJhbGciOiJIUzI1NiJ9.eyJzIjoibmdudkJlUm84UkdqS0pJV0hPZmlLZyIsImkiOiI1NzY0NTIzMDI4In0.9yLT31C4cohA4SD5-zNkRGYjhjRloDxngKGzLoNQK2I,5764523028,"['US', 'Colorado', 'Weld County', 'Johnstown']",Adzuna::API::Response::Location,"Johnstown, Weld County",U.S. Xpress - OTR,Adzuna::API::Response::Company,logistics-warehouse-jobs,Adzuna::API::Response::Category,Logistics & Warehouse Jobs,full_time,
0.0,-104.908285,2026-06-15T13:47:16Z,78000.0,0,Adzuna::API::Response::Job,https://www.adzuna.com/land/ad/5764523071?se=ngnvBeRo8RGjKJIWHOfiKg&utm_medium=api&utm_source=abfa41a4&v=1AFF17702FE5F345F3FE7B5326A67F71C648183F,"CDL-A OTR TRUCK DRIVERS: 52 - 56 CPM (based on experience). Solo OTR Drivers: Average 2,000 Miles Per Week $2,000 Sign On Bonus 100% No Touch Freight Consistent, planned schedule Predictable home time you can count on Paid Vacation Performance Bonuses Top 20% of our OTR Drivers earn $1,500 Weekly Run 28 days out, get 5 days home. It’s the balance experienced drivers want—strong miles and real time off. Team Drivers: $5,000 Sign-On Bonus/split with an average of 5,000 miles per week! $0.72 - $0.…",Truck Driver Company - 1-5mo EXP Required - OTR - Dry Van - $1.5k per week - U.S. Xpress - OTR,38.856212,eyJhbGciOiJIUzI1NiJ9.eyJpIjoiNTc2NDUyMzA3MSIsInMiOiJuZ252QmVSbzhSR2pLSklXSE9maUtnIn0.1ZT0JC6CWZfvYKIHHRJsjvTPeNQpcGZXkx8SIQlVkuY,5764523071,"['US', 'Colorado', 'El Paso County', 'Crystal Hills']",Adzuna::API::Response::Location,"Crystal Hills, El Paso County",U.S. Xpress - OTR,Adzuna::API::Response::Company,logistics-warehouse-jobs,Adzuna::API::Response::Category,Logistics & Warehouse Jobs,full_time,
0.0,-106.077979,2026-06-15T13:47:16Z,78000.0,0,Adzuna::API::Response::Job,https://www.adzuna.com/land/ad/5764523016?se=ngnvBeRo8RGjKJIWHOfiKg&utm_medium=api&utm_source=abfa41a4&v=05F14B5E8CB78E9023622BBED4D665ECB590CF9A,"CDL-A OTR TRUCK DRIVERS: 52 - 56 CPM (based on experience). Solo OTR Drivers: Average 2,000 Miles Per Week $2,000 Sign On Bonus 100% No Touch Freight Consistent, planned schedule Predictable home time you can count on Paid Vacation Performance Bonuses Top 20% of our OTR Drivers earn $1,500 Weekly Run 28 days out, get 5 days home. It’s the balance experienced drivers want—strong miles and real time off. Team Drivers: $5,000 Sign-On Bonus/split with an average of 5,000 miles per week! $0.72 - $0.…",CDL-A Company Driver - 1-5mo EXP Required - OTR - Dry Van - $1.5k per week - U.S. Xpress - OTR,39.63263,eyJhbGciOiJIUzI1NiJ9.eyJzIjoibmdudkJlUm84UkdqS0pJV0hPZmlLZyIsImkiOiI1NzY0NTIzMDE2In0.UWUj1hi2MCkNw5DOhTkuB1dp_bh7SvcU_aIdPP9Jksg,5764523016,"['US', 'Colorado', 'Summit County', 'Silverthorne']",Adzuna::API::Response::Location,"Silverthorne, Summit County",U.S. Xpress - OTR,Adzuna::API::Response::Company,logistics-warehouse-jobs,Adzuna::API::Response::Category,Logistics & Warehouse Jobs,full_time,
0.0,-105.19812,2026-06-15T13:47:16Z,78000.0,0,Adzuna::API::Response::Job,https://www.adzuna.com/land/ad/5764523093?se=ngnvBeRo8RGjKJIWHOfiKg&utm_medium=api&utm_source=abfa41a4&v=FAD40F868AED7D7025FDB9C0D786F075574E3A20,"CDL-A OTR TRUCK DRIVERS: 52 - 56 CPM (based on experience). Solo OTR Drivers: Average 2,000 Miles Per Week $2,000 Sign On Bonus 100% No Touch Freight Consistent, planned schedule Predictable home time you can count on Paid Vacation Performance Bonuses Top 20% of our OTR Drivers earn $1,500 Weekly Run 28 days out, get 5 days home. It’s the balance experienced drivers want—strong miles and real time off. Team Drivers: $5,000 Sign-On Bonus/split with an average of 5,000 miles per week! $0.72 - $0.…",Class A CDL Company Driver - 1-5mo EXP Required - OTR - Dry Van - $1.5k per week - U.S. Xpress - OTR,35.5902,eyJhbGciOiJIUzI1NiJ9.eyJzIjoibmdudkJlUm84UkdqS0pJV0hPZmlLZyIsImkiOiI1NzY0NTIzMDkzIn0.d85LdmHeKQ82dQZEVO40sE-6izMPRYnMKi8Y0_L-8EU,5764523093,"['US', 'New Mexico', 'San Miguel County', 'West Las Vegas']",Adzuna::API::Response::Location,"West Las Vegas, San Miguel County",U.S. Xpress - OTR,Adzuna::API::Response::Company,logistics-warehouse-jobs,Adzuna::API::Response::Category,Logistics & Warehouse Jobs,full_time,
0.0,-109.650987,2026-06-15T13:47:16Z,78000.0,0,Adzuna::API::Response::Job,https://www.adzuna.com/land/ad/5764523083?se=ngnvBeRo8RGjKJIWHOfiKg&utm_medium=api&utm_source=abfa41a4&v=6A260C40913E9F9A7832C7C4CB7CE072CB578E3A,"CDL-A OTR TRUCK DRIVERS: 52 - 56 CPM (based on experience). Solo OTR Drivers: Average 2,000 Miles Per Week $2,000 Sign On Bonus 100% No Touch Freight Consistent, planned schedule Predictable home time you can count on Paid Vacation Performance Bonuses Top 20% of our OTR Drivers earn $1,500 Weekly Run 28 days out, get 5 days home. It’s the balance experienced drivers want—strong miles and real time off. Team Drivers: $5,000 Sign-On Bonus/split with an average of 5,000 miles per week! $0.72 - $0.…",CDL-A Company Driver - 1-5mo EXP Required - OTR - Dry Van - $1.5k per week - U.S. Xpress - OTR,35.669099,eyJhbGciOiJIUzI1NiJ9.eyJpIjoiNTc2NDUyMzA4MyIsInMiOiJuZ252QmVSbzhSR2pLSklXSE9maUtnIn0.riQ9YTFh2mGurff8Z-DAMfOC6SQNwfRN2lEZ6ub1gmE,5764523083,"['US', 'Arizona', 'Apache County', 'Cornfields']",Adzuna::API::Response::Location,"Cornfields, Apache County",U.S. Xpress - OTR,Adzuna::API::Response::Company,logistics-warehouse-jobs,Adzuna::API::Response::Category,Logistics & Warehouse Jobs,full_time,
0.0,-104.50731,2026-06-15T13:47:16Z,78000.0,0,Adzuna::API::Response::Job,https://www.adzuna.com/land/ad/5764523056?se=ngnvBeRo8RGjKJIWHOfiKg&utm_medium=api&utm_source=abfa41a4&v=B905F42902EBC5A147332BD5BC32287B5721080B,"CDL-A OTR TRUCK DRIVERS: 52 - 56 CPM (based on experience). Solo OTR Drivers: Average 2,000 Miles Per Week $2,000 Sign On Bonus 100% No Touch Freight Consistent, planned schedule Predictable home time you can count on Paid Vacation Performance Bonuses Top 20% of our OTR Drivers earn $1,500 Weekly Run 28 days out, get 5 days home. It’s the balance experienced drivers want—strong miles and real time off. Team Drivers: $5,000 Sign-On Bonus/split with an average of 5,000 miles per week! $0.72 - $0.…",Class A CDL Company Driver - 1-5mo EXP Required - OTR - Dry Van - $1.5k per week - U.S. Xpress - OTR,37.16798,eyJhbGciOiJIUzI1NiJ9.eyJzIjoibmdudkJlUm84UkdqS0pJV0hPZmlLZyIsImkiOiI1NzY0NTIzMDU2In0.jA5u_HsZGFM7X5yq8-kckhsy3LiGM-_pLhgnoWdvdS8,5764523056,"['US', 'Colorado', 'Las Animas County', 'Trinidad']",Adzuna::API::Response::Location,"Trinidad, Las Animas County",U.S. Xpress - OTR,Adzuna::API::Response::Company,logistics-warehouse-jobs,Adzuna::API::Response::Category,Logistics & Warehouse Jobs,full_time,
0.0,-103.808595,2026-06-15T13:47:16Z,78000.0,0,Adzuna::API::Response::Job,https://www.adzuna.com/land/ad/5764523025?se=ngnvBeRo8RGjKJIWHOfiKg&utm_medium=api&utm_source=abfa41a4&v=5737124442F5CD1FA65EFA2E363BBED2E3FA531C,"CDL-A OTR TRUCK DRIVERS: 52 - 56 CPM (based on experience). Solo OTR Drivers: Average 2,000 Miles Per Week $2,000 Sign On Bonus 100% No Touch Freight Consistent, planned schedule Predictable home time you can count on Paid Vacation Performance Bonuses Top 20% of our OTR Drivers earn $1,500 Weekly Run 28 days out, get 5 days home. It’s the balance experienced drivers want—strong miles and real time off. Team Drivers: $5,000 Sign-On Bonus/split with an average of 5,000 miles per week! $0.72 - $0.…",CDL-A Company Driver - 1-5mo EXP Required - OTR - Dry Van - $1.5k per week - U.S. Xpress - OTR,40.254672,eyJhbGciOiJIUzI1NiJ9.eyJzIjoibmdudkJlUm84UkdqS0pJV0hPZmlLZyIsImkiOiI1NzY0NTIzMDI1In0.WLmmhc6uXvjIxIBlag3hjyBkfL5Jys95pjV2gJKgYiQ,5764523025,"['US', 'Colorado', 'Morgan County', 'Fort Morgan']",Adzuna::API::Response::Location,"Fort Morgan, Morgan County",U.S. Xpress - OTR,Adzuna::API::Response::Company,logistics-warehouse-jobs,Adzuna::API::Response::Category,Logistics & Warehouse Jobs,full_time,
0.0,-105.006953,2026-06-15T13:47:16Z,78000.0,0,Adzuna::API::Response::Job,https://www.adzuna.com/land/ad/5764523046?se=ngnvBeRo8RGjKJIWHOfiKg&utm_medium=api&utm_source=abfa41a4&v=8C9D5CC9544A91F5BD97884CA0C94DC3748E2761,"CDL-A OTR TRUCK DRIVERS: 52 - 56 CPM (based on experience). Solo OTR Drivers: Average 2,000 Miles Per Week $2,000 Sign On Bonus 100% No Touch Freight Consistent, planned schedule Predictable home time you can count on Paid Vacation Performance Bonuses Top 20% of our OTR Drivers earn $1,500 Weekly Run 28 days out, get 5 days home. It’s the balance experienced drivers want—strong miles and real time off. Team Drivers: $5,000 Sign-On Bonus/split with an average of 5,000 miles per week! $0.72 - $0.…",Class A CDL Company Driver - 1-5mo EXP Required - OTR - Dry Van - $1.5k per week - U.S. Xpress - OTR,38.432612,eyJhbGciOiJIUzI1NiJ9.eyJpIjoiNTc2NDUyMzA0NiIsInMiOiJuZ252QmVSbzhSR2pLSklXSE9maUtnIn0.36WVPI945tTRsgk9SMuQK0CNJUA3Nm7pxv4AOo1TpIs,5764523046,"['US', 'Colorado', 'Fremont County', 'Penrose']",Adzuna::API::Response::Location,"Penrose, Fremont County",U.S. Xpress - OTR,Adzuna::API::Response::Company,logistics-warehouse-jobs,Adzuna::API::Response::Category,Logistics & Warehouse Jobs,full_time,
0.0,-104.83986,2026-06-15T13:47:16Z,78000.0,0,Adzuna::API::Response::Job,https://www.adzuna.com/land/ad/5764523033?se=ngnvBeRo8RGjKJIWHOfiKg&utm_medium=api&utm_source=abfa41a4&v=3F0CF586D280ACD6F7194AB99B6679A21F936F55,"CDL-A OTR TRUCK DRIVERS: 52 - 56 CPM (based on experience). Solo OTR Drivers: Average 2,000 Miles Per Week $2,000 Sign On Bonus 100% No Touch Freight Consistent, planned schedule Predictable home time you can count on Paid Vacation Performance Bonuses Top 20% of our OTR Drivers earn $1,500 Weekly Run 28 days out, get 5 days home. It’s the balance experienced drivers want—strong miles and real time off. Team Drivers: $5,000 Sign-On Bonus/split with an average of 5,000 miles per week! $0.72 - $0.…",Class A CDL Company Driver - 1-5mo EXP Required - OTR - Dry Van - $1.5k per week - U.S. Xpress - OTR,41.12454,eyJhbGciOiJIUzI1NiJ9.eyJzIjoibmdudkJlUm84UkdqS0pJV0hPZmlLZyIsImkiOiI1NzY0NTIzMDMzIn0.Bc77eAFxkZWrvEFdmOS-TX7sgJIx-sVn6HYoBikdvBA,5764523033,"['US', 'Wyoming', 'Laramie County', 'Cheyenne']",Adzuna::API::Response::Location,"Cheyenne, Laramie County",U.S. Xpress - OTR,Adzuna::API::Response::Company,logistics-warehouse-jobs,Adzuna::API::Response::Category,Logistics & Warehouse Jobs,full_time,
0.0,-105.605605,2026-06-15T13:47:16Z,78000.0,0,Adzuna::API::Response::Job,https://www.adzuna.com/land/ad/5764523097?se=ngnvBeRo8RGjKJIWHOfiKg&utm_medium=api&utm_source=abfa41a4&v=3FA0A048BB59E81084CB483531AD6EC9072CE1CA,"CDL-A OTR TRUCK DRIVERS: 52 - 56 CPM (based on experience). Solo OTR Drivers: Average 2,000 Miles Per Week $2,000 Sign On Bonus 100% No Touch Freight Consistent, planned schedule Predictable home time you can count on Paid Vacation Performance Bonuses Top 20% of our OTR Drivers earn $1,500 Weekly Run 28 days out, get 5 days home. It’s the balance experienced drivers want—strong miles and real time off. Team Drivers: $5,000 Sign-On Bonus/split with an average of 5,000 miles per week! $0.72 - $0.…",Class A CDL Company Driver - 1-5mo EXP Required - OTR - Dry Van - $1.5k per week - U.S. Xpress - OTR,36.456301,eyJhbGciOiJIUzI1NiJ9.eyJzIjoibmdudkJlUm84UkdqS0pJV0hPZmlLZyIsImkiOiI1NzY0NTIzMDk3In0.KA3pcJRpC3E3SzG9M0GMYbI8MDsI_cAyLg6pO9FkyUI,5764523097,"['US', 'New Mexico', 'Taos County', 'Des Montes']",Adzuna::API::Response::Location,"Des Montes, Taos County",U.S. Xpress - OTR,Adzuna::API::Response::Company,logistics-warehouse-jobs,Adzuna::API::Response::Category,Logistics & Warehouse Jobs,full_time,
0.0,-105.36036,2026-06-15T13:47:16Z,78000.0,0,Adzuna::API::Response::Job,https://www.adzuna.com/land/ad/5764523054?se=ngnvBeRo8RGjKJIWHOfiKg&utm_medium=api&utm_source=abfa41a4&v=F37475184485903F8AC3884C297387FE04D2F5FE,"CDL-A OTR TRUCK DRIVERS: 52 - 56 CPM (based on experience). Solo OTR Drivers: Average 2,000 Miles Per Week $2,000 Sign On Bonus 100% No Touch Freight Consistent, planned schedule Predictable home time you can count on Paid Vacation Performance Bonuses Top 20% of our OTR Drivers earn $1,500 Weekly Run 28 days out, get 5 days home. It’s the balance experienced drivers want—strong miles and real time off. Team Drivers: $5,000 Sign-On Bonus/split with an average of 5,000 miles per week! $0.72 - $0.…",Truck Driver Company - 1-5mo EXP Required - OTR - Dry Van - $1.5k per week - U.S. Xpress - OTR,38.44938,eyJhbGciOiJIUzI1NiJ9.eyJzIjoibmdudkJlUm84UkdqS0pJV0hPZmlLZyIsImkiOiI1NzY0NTIzMDU0In0.nTsJ96bEAaFgzfytW-grQhXhMoS2YfrKvD518ucaOIM,5764523054,"['US', 'Colorado', 'Fremont County', 'Buckskin Joe']",Adzuna::API::Response::Location,"Buckskin Joe, Fremont County",U.S. Xpress - OTR,Adzuna::API::Response::Company,logistics-warehouse-jobs,Adzuna::API::Response::Category,Logistics & Warehouse Jobs,full_time,
0.0,-106.077979,2026-06-15T13:47:16Z,78000.0,0,Adzuna::API::Response::Job,https://www.adzuna.com/land/ad/5764523058?se=ngnvBeRo8RGjKJIWHOfiKg&utm_medium=api&utm_source=abfa41a4&v=E0E5197004C3587083FF14090281684CF0592B24,"CDL-A OTR TRUCK DRIVERS: 52 - 56 CPM (based on experience). Solo OTR Drivers: Average 2,000 Miles Per Week $2,000 Sign On Bonus 100% No Touch Freight Consistent, planned schedule Predictable home time you can count on Paid Vacation Performance Bonuses Top 20% of our OTR Drivers earn $1,500 Weekly Run 28 days out, get 5 days home. It’s the balance experienced drivers want—strong miles and real time off. Team Drivers: $5,000 Sign-On Bonus/split with an average of 5,000 miles per week! $0.72 - $0.…",Truck Driver Company - 1-5mo EXP Required - OTR - Dry Van - $1.5k per week - U.S. Xpress - OTR,39.63263,eyJhbGciOiJIUzI1NiJ9.eyJzIjoibmdudkJlUm84UkdqS0pJV0hPZmlLZyIsImkiOiI1NzY0NTIzMDU4In0.pcybt8SL-PwFYDkmpejAdmTC3Geqo4MnfGYmK6sRzTg,5764523058,"['US', 'Colorado', 'Summit County', 'Silverthorne']",Adzuna::API::Response::Location,"Silverthorne, Summit County",U.S. Xpress - OTR,Adzuna::API::Response::Company,logistics-warehouse-jobs,Adzuna::API::Response::Category,Logistics & Warehouse Jobs,full_time,
0.0,-104.50731,2026-06-15T13:47:16Z,78000.0,0,Adzuna::API::Response::Job,https://www.adzuna.com/land/ad/5764523043?se=ngnvBeRo8RGjKJIWHOfiKg&utm_medium=api&utm_source=abfa41a4&v=A100F938F480CC24D7803A79A4DC463A0280826D,"CDL-A OTR TRUCK DRIVERS: 52 - 56 CPM (based on experience). Solo OTR Drivers: Average 2,000 Miles Per Week $2,000 Sign On Bonus 100% No Touch Freight Consistent, planned schedule Predictable home time you can count on Paid Vacation Performance Bonuses Top 20% of our OTR Drivers earn $1,500 Weekly Run 28 days out, get 5 days home. It’s the balance experienced drivers want—strong miles and real time off. Team Drivers: $5,000 Sign-On Bonus/split with an average of 5,000 miles per week! $0.72 - $0.…",Truck Driver Company - 1-5mo EXP Required - OTR - Dry Van - $1.5k per week - U.S. Xpress - OTR,37.16798,eyJhbGciOiJIUzI1NiJ9.eyJzIjoibmdudkJlUm84UkdqS0pJV0hPZmlLZyIsImkiOiI1NzY0NTIzMDQzIn0.QdWzghtCPEwKD15ZuZEPzDENENAqduw2kux-lvktODo,5764523043,"['US', 'Colorado', 'Las Animas County', 'Trinidad']",Adzuna::API::Response::Location,"Trinidad, Las Animas County",U.S. Xpress - OTR,Adzuna::API::Response::Company,logistics-warehouse-jobs,Adzuna::API::Response::Category,Logistics & Warehouse Jobs,full_time,
0.0,-106.014518,2026-06-15T13:47:16Z,78000.0,0,Adzuna::API::Response::Job,https://www.adzuna.com/land/ad/5764523027?se=ngnvBeRo8RGjKJIWHOfiKg&utm_medium=api&utm_source=abfa41a4&v=BBE6B4718F565DA8B67392117474FAC398D91DB9,"CDL-A OTR TRUCK DRIVERS: 52 - 56 CPM (based on experience). Solo OTR Drivers: Average 2,000 Miles Per Week $2,000 Sign On Bonus 100% No Touch Freight Consistent, planned schedule Predictable home time you can count on Paid Vacation Performance Bonuses Top 20% of our OTR Drivers earn $1,500 Weekly Run 28 days out, get 5 days home. It’s the balance experienced drivers want—strong miles and real time off. Team Drivers: $5,000 Sign-On Bonus/split with an average of 5,000 miles per week! $0.72 - $0.…",Truck Driver Company - 1-5mo EXP Required - OTR - Dry Van - $1.5k per week - U.S. Xpress - OTR,39.615285,eyJhbGciOiJIUzI1NiJ9.eyJpIjoiNTc2NDUyMzAyNyIsInMiOiJuZ252QmVSbzhSR2pLSklXSE9maUtnIn0.dZHW58V_m_ZWxhiqXZTX1yh6xAL3x1I84Yk_7gNK3qk,5764523027,"['US', 'Colorado', 'Summit County', 'Dillon']",Adzuna::API::Response::Location,"Dillon, Summit County",U.S. Xpress - OTR,Adzuna::API::Response::Company,logistics-warehouse-jobs,Adzuna::API::Response::Category,Logistics & Warehouse Jobs,full_time,
0.0,-108.743733,2026-06-15T13:47:16Z,78000.0,0,Adzuna::API::Response::Job,https://www.adzuna.com/land/ad/5764523052?se=ngnvBeRo8RGjKJIWHOfiKg&utm_medium=api&utm_source=abfa41a4&v=194045A263142BF9006D257358E70DA9EC9DEA1E,"CDL-A OTR TRUCK DRIVERS: 52 - 56 CPM (based on experience). Solo OTR Drivers: Average 2,000 Miles Per Week $2,000 Sign On Bonus 100% No Touch Freight Consistent, planned schedule Predictable home time you can count on Paid Vacation Performance Bonuses Top 20% of our OTR Drivers earn $1,500 Weekly Run 28 days out, get 5 days home. It’s the balance experienced drivers want—strong miles and real time off. Team Drivers: $5,000 Sign-On Bonus/split with an average of 5,000 miles per week! $0.72 - $0.…",CDL-A Company Driver - 1-5mo EXP Required - OTR - Dry Van - $1.5k per week - U.S. Xpress - OTR,35.517211,eyJhbGciOiJIUzI1NiJ9.eyJzIjoibmdudkJlUm84UkdqS0pJV0hPZmlLZyIsImkiOiI1NzY0NTIzMDUyIn0.ETRY4IQCgKR7vROkFfNasQ_LVQc9ozHIfkwECy9tOUY,5764523052,"['US', 'New Mexico', 'McKinley County', 'Gallup']",Adzuna::API::Response::Location,"Gallup, McKinley County",U.S. Xpress - OTR,Adzuna::API::Response::Company,logistics-warehouse-jobs,Adzuna::API::Response::Category,Logistics & Warehouse Jobs,full_time,
0.0,-108.001722,2026-06-15T13:47:16Z,78000.0,0,Adzuna::API::Response::Job,https://www.adzuna.com/land/ad/5764523063?se=ngnvBeRo8RGjKJIWHOfiKg&utm_medium=api&utm_source=abfa41a4&v=772ABA9C682D20171D79F7CEBB0F451CEC9A1DD5,"CDL-A OTR TRUCK DRIVERS: 52 - 56 CPM (based on experience). Solo OTR Drivers: Average 2,000 Miles Per Week $2,000 Sign On Bonus 100% No Touch Freight Consistent, planned schedule Predictable home time you can count on Paid Vacation Performance Bonuses Top 20% of our OTR Drivers earn $1,500 Weekly Run 28 days out, get 5 days home. It’s the balance experienced drivers want—strong miles and real time off. Team Drivers: $5,000 Sign-On Bonus/split with an average of 5,000 miles per week! $0.72 - $0.…",Class A CDL Company Driver - 1-5mo EXP Required - OTR - Dry Van - $1.5k per week - U.S. Xpress - OTR,36.829771,eyJhbGciOiJIUzI1NiJ9.eyJzIjoibmdudkJlUm84UkdqS0pJV0hPZmlLZyIsImkiOiI1NzY0NTIzMDYzIn0.hCfQWwHs9USv5zKJ8Oz9SwuShWO6B36GNN1HRv39qsc,5764523063,"['US', 'New Mexico', 'San Juan County', 'Aztec']",Adzuna::API::Response::Location,"Aztec, San Juan County",U.S. Xpress - OTR,Adzuna::API::Response::Company,logistics-warehouse-jobs,Adzuna::API::Response::Category,Logistics & Warehouse Jobs,full_time,
0.0,-108.59414,2026-06-15T13:47:16Z,78000.0,0,Adzuna::API::Response::Job,https://www.adzuna.com/land/ad/5764523060?se=ngnvBeRo8RGjKJIWHOfiKg&utm_medium=api&utm_source=abfa41a4&v=8A6545C9EE6F9E65A147B5A0CFD02A58726EF643,"CDL-A OTR TRUCK DRIVERS: 52 - 56 CPM (based on experience). Solo OTR Drivers: Average 2,000 Miles Per Week $2,000 Sign On Bonus 100% No Touch Freight Consistent, planned schedule Predictable home time you can count on Paid Vacation Performance Bonuses Top 20% of our OTR Drivers earn $1,500 Weekly Run 28 days out, get 5 days home. It’s the balance experienced drivers want—strong miles and real time off. Team Drivers: $5,000 Sign-On Bonus/split with an average of 5,000 miles per week! $0.72 - $0.…",CDL-A Company Driver - 1-5mo EXP Required - OTR - Dry Van - $1.5k per week - U.S. Xpress - OTR,37.351751,eyJhbGciOiJIUzI1NiJ9.eyJzIjoibmdudkJlUm84UkdqS0pJV0hPZmlLZyIsImkiOiI1NzY0NTIzMDYwIn0.hCmrlgmGRIZd2dlW6A-c-ZV39MSUNdd-1ENyQkGpQQk,5764523060,"['US', 'Colorado', 'Montezuma County', 'Cortez']",Adzuna::API::Response::Location,"Cortez, Montezuma County",U.S. Xpress - OTR,Adzuna::API::Response::Company,logistics-warehouse-jobs,Adzuna::API::Response::Category,Logistics & Warehouse Jobs,full_time,
0.0,-104.64858,2026-06-15T13:47:16Z,78000.0,0,Adzuna::API::Response::Job,https://www.adzuna.com/land/ad/5764523091?se=ngnvBeRo8RGjKJIWHOfiKg&utm_medium=api&utm_source=abfa41a4&v=1ECB0D83B5109CA244C3677D92625C6BFD8906CF,"CDL-A OTR TRUCK DRIVERS: 52 - 56 CPM (based on experience). Solo OTR Drivers: Average 2,000 Miles Per Week $2,000 Sign On Bonus 100% No Touch Freight Consistent, planned schedule Predictable home time you can count on Paid Vacation Performance Bonuses Top 20% of our OTR Drivers earn $1,500 Weekly Run 28 days out, get 5 days home. It’s the balance experienced drivers want—strong miles and real time off. Team Drivers: $5,000 Sign-On Bonus/split with an average of 5,000 miles per week! $0.72 - $0.…",Truck Driver Company - 1-5mo EXP Required - OTR - Dry Van - $1.5k per week - U.S. Xpress - OTR,36.8706,eyJhbGciOiJIUzI1NiJ9.eyJzIjoibmdudkJlUm84UkdqS0pJV0hPZmlLZyIsImkiOiI1NzY0NTIzMDkxIn0._f2jKwynPX8tUPuiC_52UVVb9dJxlMueFCIwSE06Qts,5764523091,"['US', 'New Mexico', 'Colfax County', 'Raton']",Adzuna::API::Response::Location,"Raton, Colfax County",U.S. Xpress - OTR,Adzuna::API::Response::Company,logistics-warehouse-jobs,Adzuna::API::Response::Category,Logistics & Warehouse Jobs,full_time,
0.0,-105.74238,2026-06-15T13:47:16Z,78000.0,0,Adzuna::API::Response::Job,https://www.adzuna.com/land/ad/5764523039?se=ngnvBeRo8RGjKJIWHOfiKg&utm_medium=api&utm_source=abfa41a4&v=2435FDDAE48A0270AF38D6733D202DB0D308A9B8,"CDL-A OTR TRUCK DRIVERS: 52 - 56 CPM (based on experience). Solo OTR Drivers: Average 2,000 Miles Per Week $2,000 Sign On Bonus 100% No Touch Freight Consistent, planned schedule Predictable home time you can count on Paid Vacation Performance Bonuses Top 20% of our OTR Drivers earn $1,500 Weekly Run 28 days out, get 5 days home. It’s the balance experienced drivers want—strong miles and real time off. Team Drivers: $5,000 Sign-On Bonus/split with an average of 5,000 miles per week! $0.72 - $0.…",Truck Driver Company - 1-5mo EXP Required - OTR - Dry Van - $1.5k per week - U.S. Xpress - OTR,41.3631,eyJhbGciOiJIUzI1NiJ9.eyJpIjoiNTc2NDUyMzAzOSIsInMiOiJuZ252QmVSbzhSR2pLSklXSE9maUtnIn0.x3wPBZrT2yJiOj7fCU-sOU769GWULNEtXO1cIrcJfwY,5764523039,"['US', 'Wyoming', 'Albany County', 'Laramie']",Adzuna::API::Response::Location,"Laramie, Albany County",U.S. Xpress - OTR,Adzuna::API::Response::Company,logistics-warehouse-jobs,Adzuna::API::Response::Category,Logistics & Warehouse Jobs,full_time,
0.0,-108.743733,2026-06-15T13:47:16Z,78000.0,0,Adzuna::API::Response::Job,https://www.adzuna.com/land/ad/5764523055?se=ngnvBeRo8RGjKJIWHOfiKg&utm_medium=api&utm_source=abfa41a4&v=22FB4F6FD2F49F450FC2787A5F23ADF54089E904,"CDL-A OTR TRUCK DRIVERS: 52 - 56 CPM (based on experience). Solo OTR Drivers: Average 2,000 Miles Per Week $2,000 Sign On Bonus 100% No Touch Freight Consistent, planned schedule Predictable home time you can count on Paid Vacation Performance Bonuses Top 20% of our OTR Drivers earn $1,500 Weekly Run 28 days out, get 5 days home. It’s the balance experienced drivers want—strong miles and real time off. Team Drivers: $5,000 Sign-On Bonus/split with an average of 5,000 miles per week! $0.72 - $0.…",Truck Driver Company - 1-5mo EXP Required - OTR - Dry Van - $1.5k per week - U.S. Xpress - OTR,35.517211,eyJhbGciOiJIUzI1NiJ9.eyJpIjoiNTc2NDUyMzA1NSIsInMiOiJuZ252QmVSbzhSR2pLSklXSE9maUtnIn0.nod9cA3vrUiBJNvpuWixUs1FFpSSB-4qABVlc4haWDw,5764523055,"['US', 'New Mexico', 'McKinley County', 'Gallup']",Adzuna::API::Response::Location,"Gallup, McKinley County",U.S. Xpress - OTR,Adzuna::API::Response::Company,logistics-warehouse-jobs,Adzuna::API::Response::Category,Logistics & Warehouse Jobs,full_time,
0.0,-106.014518,2026-06-15T13:47:16Z,78000.0,0,Adzuna::API::Response::Job,https://www.adzuna.com/land/ad/5764523014?se=ngnvBeRo8RGjKJIWHOfiKg&utm_medium=api&utm_source=abfa41a4&v=2D4FC5FF038B566A2AAF33D026FA5DEE6A8959CC,"CDL-A OTR TRUCK DRIVERS: 52 - 56 CPM (based on experience). Solo OTR Drivers: Average 2,000 Miles Per Week $2,000 Sign On Bonus 100% No Touch Freight Consistent, planned schedule Predictable home time you can count on Paid Vacation Performance Bonuses Top 20% of our OTR Drivers earn $1,500 Weekly Run 28 days out, get 5 days home. It’s the balance experienced drivers want—strong miles and real time off. Team Drivers: $5,000 Sign-On Bonus/split with an average of 5,000 miles per week! $0.72 - $0.…",Class A CDL Company Driver - 1-5mo EXP Required - OTR - Dry Van - $1.5k per week - U.S. Xpress - OTR,39.615285,eyJhbGciOiJIUzI1NiJ9.eyJzIjoibmdudkJlUm84UkdqS0pJV0hPZmlLZyIsImkiOiI1NzY0NTIzMDE0In0.dYuAXJgFzgkg5Zu5P2yQLY-dZApA6Z9qZ8Qz1iSasBE,5764523014,"['US', 'Colorado', 'Summit County', 'Dillon']",Adzuna::API::Response::Location,"Dillon, Summit County",U.S. Xpress - OTR,Adzuna::API::Response::Company,logistics-warehouse-jobs,Adzuna::API::Response::Category,Logistics & Warehouse Jobs,full_time,
0.0,-104.450737,2026-06-15T13:47:16Z,78000.0,0,Adzuna::API::Response::Job,https://www.adzuna.com/land/ad/5764523010?se=ngnvBeRo8RGjKJIWHOfiKg&utm_medium=api&utm_source=abfa41a4&v=F506C6864FD869B245BD9B1ECB8CEC36BD223D85,"CDL-A OTR TRUCK DRIVERS: 52 - 56 CPM (based on experience). Solo OTR Drivers: Average 2,000 Miles Per Week $2,000 Sign On Bonus 100% No Touch Freight Consistent, planned schedule Predictable home time you can count on Paid Vacation Performance Bonuses Top 20% of our OTR Drivers earn $1,500 Weekly Run 28 days out, get 5 days home. It’s the balance experienced drivers want—strong miles and real time off. Team Drivers: $5,000 Sign-On Bonus/split with an average of 5,000 miles per week! $0.72 - $0.…",Class A CDL Company Driver - 1-5mo EXP Required - OTR - Dry Van - $1.5k per week - U.S. Xpress - OTR,39.328647,eyJhbGciOiJIUzI1NiJ9.eyJpIjoiNTc2NDUyMzAxMCIsInMiOiJuZ252QmVSbzhSR2pLSklXSE9maUtnIn0.R3tmDn2CCl68IwZKJZZL4ihTz62kaQcNOi5Iaf51NUg,5764523010,"['US', 'Colorado', 'Elbert County', 'Kiowa']",Adzuna::API::Response::Location,"Kiowa, Elbert County",U.S. Xpress - OTR,Adzuna::API::Response::Company,logistics-warehouse-jobs,Adzuna::API::Response::Category,Logistics & Warehouse Jobs,full_time,
0.0,-104.67438,2026-06-15T13:47:16Z,78000.0,0,Adzuna::API::Response::Job,https://www.adzuna.com/land/ad/5764523021?se=ngnvBeRo8RGjKJIWHOfiKg&utm_medium=api&utm_source=abfa41a4&v=26D1FA437907F157AD4F31FABE7759862B28D857,"CDL-A OTR TRUCK DRIVERS: 52 - 56 CPM (based on experience). Solo OTR Drivers: Average 2,000 Miles Per Week $2,000 Sign On Bonus 100% No Touch Freight Consistent, planned schedule Predictable home time you can count on Paid Vacation Performance Bonuses Top 20% of our OTR Drivers earn $1,500 Weekly Run 28 days out, get 5 days home. It’s the balance experienced drivers want—strong miles and real time off. Team Drivers: $5,000 Sign-On Bonus/split with an average of 5,000 miles per week! $0.72 - $0.…",Class A CDL Company Driver - 1-5mo EXP Required - OTR - Dry Van - $1.5k per week - U.S. Xpress - OTR,40.42206,eyJhbGciOiJIUzI1NiJ9.eyJpIjoiNTc2NDUyMzAyMSIsInMiOiJuZ252QmVSbzhSR2pLSklXSE9maUtnIn0.Yduq6qnPd5N0c7FBHXEOZwL4i2gmLUxoPN-sJSE8aTs,5764523021,"['US', 'Colorado', 'Weld County', 'Garden']",Adzuna::API::Response::Location,"Garden, Weld County",U.S. Xpress - OTR,Adzuna::API::Response::Company,logistics-warehouse-jobs,Adzuna::API::Response::Category,Logistics & Warehouse Jobs,full_time,
0.0,-106.25982,2026-06-15T13:47:16Z,78000.0,0,Adzuna::API::Response::Job,https://www.adzuna.com/land/ad/5764523079?se=ngnvBeRo8RGjKJIWHOfiKg&utm_medium=api&utm_source=abfa41a4&v=E30D41C98A903D65D83125BECE4B658E0AC6491B,"CDL-A OTR TRUCK DRIVERS: 52 - 56 CPM (based on experience). Solo OTR Drivers: Average 2,000 Miles Per Week $2,000 Sign On Bonus 100% No Touch Freight Consistent, planned schedule Predictable home time you can count on Paid Vacation Performance Bonuses Top 20% of our OTR Drivers earn $1,500 Weekly Run 28 days out, get 5 days home. It’s the balance experienced drivers want—strong miles and real time off. Team Drivers: $5,000 Sign-On Bonus/split with an average of 5,000 miles per week! $0.72 - $0.…",CDL-A Company Driver - 1-5mo EXP Required - OTR - Dry Van - $1.5k per week - U.S. Xpress - OTR,35.84934,eyJhbGciOiJIUzI1NiJ9.eyJzIjoibmdudkJlUm84UkdqS0pJV0hPZmlLZyIsImkiOiI1NzY0NTIzMDc5In0.ARiTC0132HtPGPC8hZc7m1Z4hrebLBpuF6sFMwq65sw,5764523079,"['US', 'New Mexico', 'Los Alamos County', 'White Rock']",Adzuna::API::Response::Location,"White Rock, Los Alamos County",U.S. Xpress - OTR,Adzuna::API::Response::Company,logistics-warehouse-jobs,Adzuna::API::Response::Category,Logistics & Warehouse Jobs,full_time,
0.0,-104.67438,2026-06-15T13:47:16Z,78000.0,0,Adzuna::API::Response::Job,https://www.adzuna.com/land/ad/5764523030?se=ngnvBeRo8RGjKJIWHOfiKg&utm_medium=api&utm_source=abfa41a4&v=64FC6E7E476E10B615AF0069235B4A1DF18928D5,"CDL-A OTR TRUCK DRIVERS: 52 - 56 CPM (based on experience). Solo OTR Drivers: Average 2,000 Miles Per Week $2,000 Sign On Bonus 100% No Touch Freight Consistent, planned schedule Predictable home time you can count on Paid Vacation Performance Bonuses Top 20% of our OTR Drivers earn $1,500 Weekly Run 28 days out, get 5 days home. It’s the balance experienced drivers want—strong miles and real time off. Team Drivers: $5,000 Sign-On Bonus/split with an average of 5,000 miles per week! $0.72 - $0.…",Truck Driver Company - 1-5mo EXP Required - OTR - Dry Van - $1.5k per week - U.S. Xpress - OTR,40.42206,eyJhbGciOiJIUzI1NiJ9.eyJzIjoibmdudkJlUm84UkdqS0pJV0hPZmlLZyIsImkiOiI1NzY0NTIzMDMwIn0.zYsdIkbPt09PBHCh3Dd_NrsKXiUKRYxzlAjyyV_5PrU,5764523030,"['US', 'Colorado', 'Weld County', 'Garden']",Adzuna::API::Response::Location,"Garden, Weld County",U.S. Xpress - OTR,Adzuna::API::Response::Company,logistics-warehouse-jobs,Adzuna::API::Response::Category,Logistics & Warehouse Jobs,full_time,
0.0,-108.59414,2026-06-15T13:47:16Z,78000.0,0,Adzuna::API::Response::Job,https://www.adzuna.com/land/ad/5764523066?se=ngnvBeRo8RGjKJIWHOfiKg&utm_medium=api&utm_source=abfa41a4&v=E30335F071CDB6232313F1317143E09FD80EC599,"CDL-A OTR TRUCK DRIVERS: 52 - 56 CPM (based on experience). Solo OTR Drivers: Average 2,000 Miles Per Week $2,000 Sign On Bonus 100% No Touch Freight Consistent, planned schedule Predictable home time you can count on Paid Vacation Performance Bonuses Top 20% of our OTR Drivers earn $1,500 Weekly Run 28 days out, get 5 days home. It’s the balance experienced drivers want—strong miles and real time off. Team Drivers: $5,000 Sign-On Bonus/split with an average of 5,000 miles per week! $0.72 - $0.…",Truck Driver Company - 1-5mo EXP Required - OTR - Dry Van - $1.5k per week - U.S. Xpress - OTR,37.351751,eyJhbGciOiJIUzI1NiJ9.eyJpIjoiNTc2NDUyMzA2NiIsInMiOiJuZ252QmVSbzhSR2pLSklXSE9maUtnIn0.sCONa6boGE4fPBsbs4QQWt9FYNg8qA_MsI8XatYgN3Q,5764523066,"['US', 'Colorado', 'Montezuma County', 'Cortez']",Adzuna::API::Response::Location,"Cortez, Montezuma County",U.S. Xpress - OTR,Adzuna::API::Response::Company,logistics-warehouse-jobs,Adzuna::API::Response::Category,Logistics & Warehouse Jobs,full_time,
0.0,-104.932376,2026-06-15T13:47:16Z,78000.0,0,Adzuna::API::Response::Job,https://www.adzuna.com/land/ad/5764523026?se=zlbVBuRo8RGdcKmg89akZw&utm_medium=api&utm_source=abfa41a4&v=C767D8C3130D83D2CB8EF356CC2513139E49C079,"CDL-A OTR TRUCK DRIVERS: 52 - 56 CPM (based on experience). Solo OTR Drivers: Average 2,000 Miles Per Week $2,000 Sign On Bonus 100% No Touch Freight Consistent, planned schedule Predictable home time you can count on Paid Vacation Performance Bonuses Top 20% of our OTR Drivers earn $1,500 Weekly Run 28 days out, get 5 days home. It’s the balance experienced drivers want—strong miles and real time off. Team Drivers: $5,000 Sign-On Bonus/split with an average of 5,000 miles per week! $0.72 - $0.…",Class A CDL Company Driver - 1-5mo EXP Required - OTR - Dry Van - $1.5k per week - U.S. Xpress - OTR,40.335103,eyJhbGciOiJIUzI1NiJ9.eyJpIjoiNTc2NDUyMzAyNiIsInMiOiJ6bGJWQnVSbzhSR2RjS21nODlha1p3In0.9RP37DmKMiyU_Lb0-bmWcGV2NKcORv8Sls0gkkxcxwI,5764523026,"['US', 'Colorado', 'Weld County', 'Johnstown']",Adzuna::API::Response::Location,"Johnstown, Weld County",U.S. Xpress - OTR,Adzuna::API::Response::Company,logistics-warehouse-jobs,Adzuna::API::Response::Category,Logistics & Warehouse Jobs,full_time,
0.0,-105.617041,2026-06-15T13:47:16Z,78000.0,0,Adzuna::API::Response::Job,https://www.adzuna.com/land/ad/5764523089?se=zlbVBuRo8RGdcKmg89akZw&utm_medium=api&utm_source=abfa41a4&v=A573B0977EF004292DA0742879C79A6D7CC90984,"CDL-A OTR TRUCK DRIVERS: 52 - 56 CPM (based on experience). Solo OTR Drivers: Average 2,000 Miles Per Week $2,000 Sign On Bonus 100% No Touch Freight Consistent, planned schedule Predictable home time you can count on Paid Vacation Performance Bonuses Top 20% of our OTR Drivers earn $1,500 Weekly Run 28 days out, get 5 days home. It’s the balance experienced drivers want—strong miles and real time off. Team Drivers: $5,000 Sign-On Bonus/split with an average of 5,000 miles per week! $0.72 - $0.…",CDL-A Company Driver - 1-5mo EXP Required - OTR - Dry Van - $1.5k per week - U.S. Xpress - OTR,36.353987,eyJhbGciOiJIUzI1NiJ9.eyJzIjoiemxiVkJ1Um84UkdkY0ttZzg5YWtadyIsImkiOiI1NzY0NTIzMDg5In0.cbUOhSD8lFFqK6K0xGpc_Wq7R1bM02cHDrwdKZYwau4,5764523089,"['US', 'New Mexico', 'Taos County', 'Llano Quemado']",Adzuna::API::Response::Location,"Llano Quemado, Taos County",U.S. Xpress - OTR,Adzuna::API::Response::Company,logistics-warehouse-jobs,Adzuna::API::Response::Category,Logistics & Warehouse Jobs,full_time,
0.0,-107.748375,2026-06-15T13:47:15Z,78000.0,0,Adzuna::API::Response::Job,https://www.adzuna.com/land/ad/5764522950?se=zlbVBuRo8RGdcKmg89akZw&utm_medium=api&utm_source=abfa41a4&v=383E722FA7300F25091A9077CD9B6BBD29BA58F8,"CDL-A OTR TRUCK DRIVERS: 52 - 56 CPM (based on experience). Solo OTR Drivers: Average 2,000 Miles Per Week $2,000 Sign On Bonus 100% No Touch Freight Consistent, planned schedule Predictable home time you can count on Paid Vacation Performance Bonuses Top 20% of our OTR Drivers earn $1,500 Weekly Run 28 days out, get 5 days home. It’s the balance experienced drivers want—strong miles and real time off. Team Drivers: $5,000 Sign-On Bonus/split with an average of 5,000 miles per week! $0.72 - $0.…",CDL-A Company Driver - 1-5mo EXP Required - OTR - Dry Van - $1.5k per week - U.S. Xpress - OTR,32.248327,eyJhbGciOiJIUzI1NiJ9.eyJzIjoiemxiVkJ1Um84UkdkY0ttZzg5YWtadyIsImkiOiI1NzY0NTIyOTUwIn0.kk9dhqISRaFVbqmFbMeHBzLuluoasLxaer3ddNtlKtM,5764522950,"['US', 'New Mexico', 'Luna County', 'Denning']",Adzuna::API::Response::Location,"Denning, Luna County",U.S. Xpress - OTR,Adzuna::API::Response::Company,logistics-warehouse-jobs,Adzuna::API::Response::Category,Logistics & Warehouse Jobs,full_time,
0.0,-104.85034,2026-06-15T13:47:15Z,78000.0,0,Adzuna::API::Response::Job,https://www.adzuna.com/land/ad/5764522990?se=zlbVBuRo8RGdcKmg89akZw&utm_medium=api&utm_source=abfa41a4&v=2570526FB10958D28A5F5DB18AC7E7128C368FC0,"CDL-A OTR TRUCK DRIVERS: 52 - 56 CPM (based on experience). Solo OTR Drivers: Average 2,000 Miles Per Week $2,000 Sign On Bonus 100% No Touch Freight Consistent, planned schedule Predictable home time you can count on Paid Vacation Performance Bonuses Top 20% of our OTR Drivers earn $1,500 Weekly Run 28 days out, get 5 days home. It’s the balance experienced drivers want—strong miles and real time off. Team Drivers: $5,000 Sign-On Bonus/split with an average of 5,000 miles per week! $0.72 - $0.…",CDL-A Company Driver - 1-5mo EXP Required - OTR - Dry Van - $1.5k per week - U.S. Xpress - OTR,39.099353,eyJhbGciOiJIUzI1NiJ9.eyJpIjoiNTc2NDUyMjk5MCIsInMiOiJ6bGJWQnVSbzhSR2RjS21nODlha1p3In0.nLjk-ooV3YEqVhixIXsAz4QovsuYQ7uGihhMFLs8jcM,5764522990,"['US', 'Colorado', 'El Paso County', 'Woodmoor']",Adzuna::API::Response::Location,"Woodmoor, El Paso County",U.S. Xpress - OTR,Adzuna::API::Response::Company,logistics-warehouse-jobs,Adzuna::API::Response::Category,Logistics & Warehouse Jobs,full_time,
0.0,-104.93232,2026-06-15T13:47:15Z,78000.0,0,Adzuna::API::Response::Job,https://www.adzuna.com/land/ad/5764522982?se=zlbVBuRo8RGdcKmg89akZw&utm_medium=api&utm_source=abfa41a4&v=56610270FC5367DCB7AD703B9E6CCF5AFC679EDB,"CDL-A OTR TRUCK DRIVERS: 52 - 56 CPM (based on experience). Solo OTR Drivers: Average 2,000 Miles Per Week $2,000 Sign On Bonus 100% No Touch Freight Consistent, planned schedule Predictable home time you can count on Paid Vacation Performance Bonuses Top 20% of our OTR Drivers earn $1,500 Weekly Run 28 days out, get 5 days home. It’s the balance experienced drivers want—strong miles and real time off. Team Drivers: $5,000 Sign-On Bonus/split with an average of 5,000 miles per week! $0.72 - $0.…",Truck Driver Company - 1-5mo EXP Required - OTR - Dry Van - $1.5k per week - U.S. Xpress - OTR,40.08366,eyJhbGciOiJIUzI1NiJ9.eyJzIjoiemxiVkJ1Um84UkdkY0ttZzg5YWtadyIsImkiOiI1NzY0NTIyOTgyIn0.KQiq9alHHJA15O_uAL61uP5k5JqQZ9YksvJ6RI-Su-g,5764522982,"['US', 'Colorado', 'Weld County', 'Dacono']",Adzuna::API::Response::Location,"Dacono, Weld County",U.S. Xpress - OTR,Adzuna::API::Response::Company,logistics-warehouse-jobs,Adzuna::API::Response::Category,Logistics & Warehouse Jobs,full_time,
0.0,-104.796523,2026-06-15T13:47:15Z,78000.0,0,Adzuna::API::Response::Job,https://www.adzuna.com/land/ad/5764522965?se=zlbVBuRo8RGdcKmg89akZw&utm_medium=api&utm_source=abfa41a4&v=0F34C9B17EEBDA4EC95A27E963E43F22FDCF0786,"CDL-A OTR TRUCK DRIVERS: 52 - 56 CPM (based on experience). Solo OTR Drivers: Average 2,000 Miles Per Week $2,000 Sign On Bonus 100% No Touch Freight Consistent, planned schedule Predictable home time you can count on Paid Vacation Performance Bonuses Top 20% of our OTR Drivers earn $1,500 Weekly Run 28 days out, get 5 days home. It’s the balance experienced drivers want—strong miles and real time off. Team Drivers: $5,000 Sign-On Bonus/split with an average of 5,000 miles per week! $0.72 - $0.…",Truck Driver Company - 1-5mo EXP Required - OTR - Dry Van - $1.5k per week - U.S. Xpress - OTR,39.98246,eyJhbGciOiJIUzI1NiJ9.eyJzIjoiemxiVkJ1Um84UkdkY0ttZzg5YWtadyIsImkiOiI1NzY0NTIyOTY1In0.om2iBkdA4fXTiMKotvIcOUfzHxqmXAfGqVdszLBvj3Q,5764522965,"['US', 'Colorado', 'Adams County', 'Brighton']",Adzuna::API::Response::Location,"Brighton, Adams County",U.S. Xpress - OTR,Adzuna::API::Response::Company,logistics-warehouse-jobs,Adzuna::API::Response::Category,Logistics & Warehouse Jobs,full_time,
0.0,-104.796523,2026-06-15T13:47:15Z,78000.0,0,Adzuna::API::Response::Job,https://www.adzuna.com/land/ad/5764522963?se=zlbVBuRo8RGdcKmg89akZw&utm_medium=api&utm_source=abfa41a4&v=5F39ECC79A9DD4FCBF0CFD7DBE909D40357E9B25,"CDL-A OTR TRUCK DRIVERS: 52 - 56 CPM (based on experience). Solo OTR Drivers: Average 2,000 Miles Per Week $2,000 Sign On Bonus 100% No Touch Freight Consistent, planned schedule Predictable home time you can count on Paid Vacation Performance Bonuses Top 20% of our OTR Drivers earn $1,500 Weekly Run 28 days out, get 5 days home. It’s the balance experienced drivers want—strong miles and real time off. Team Drivers: $5,000 Sign-On Bonus/split with an average of 5,000 miles per week! $0.72 - $0.…",Class A CDL Company Driver - 1-5mo EXP Required - OTR - Dry Van - $1.5k per week - U.S. Xpress - OTR,39.98246,eyJhbGciOiJIUzI1NiJ9.eyJpIjoiNTc2NDUyMjk2MyIsInMiOiJ6bGJWQnVSbzhSR2RjS21nODlha1p3In0.o9D0gnt5BVW30Woav05IHw9KzAqvOk3rwPalHGkUWqA,5764522963,"['US', 'Colorado', 'Adams County', 'Brighton']",Adzuna::API::Response::Location,"Brighton, Adams County",U.S. Xpress - OTR,Adzuna::API::Response::Company,logistics-warehouse-jobs,Adzuna::API::Response::Category,Logistics & Warehouse Jobs,full_time,
0.0,-102.827766,2026-06-15T13:47:15Z,78000.0,0,Adzuna::API::Response::Job,https://www.adzuna.com/land/ad/5764522910?se=zlbVBuRo8RGdcKmg89akZw&utm_medium=api&utm_source=abfa41a4&v=8D7A6BAA66E1E2A1BCE51B35C505959949E53A92,"CDL-A OTR TRUCK DRIVERS: 52 - 56 CPM (based on experience). Solo OTR Drivers: Average 2,000 Miles Per Week $2,000 Sign On Bonus 100% No Touch Freight Consistent, planned schedule Predictable home time you can count on Paid Vacation Performance Bonuses Top 20% of our OTR Drivers earn $1,500 Weekly Run 28 days out, get 5 days home. It’s the balance experienced drivers want—strong miles and real time off. Team Drivers: $5,000 Sign-On Bonus/split with an average of 5,000 miles per week! $0.72 - $0.…",Truck Driver Company - 1-5mo EXP Required - OTR - Dry Van - $1.5k per week - U.S. Xpress - OTR,32.968433,eyJhbGciOiJIUzI1NiJ9.eyJpIjoiNTc2NDUyMjkxMCIsInMiOiJ6bGJWQnVSbzhSR2RjS21nODlha1p3In0.o_IbnsinFhekAYceQlHKA3b_7Q3AcA1_8k9UJFYq3dc,5764522910,"['US', 'Texas', 'Yoakum County', 'Denver City']",Adzuna::API::Response::Location,"Denver City, Yoakum County",U.S. Xpress - OTR,Adzuna::API::Response::Company,logistics-warehouse-jobs,Adzuna::API::Response::Category,Logistics & Warehouse Jobs,full_time,
0.0,-104.945618,2026-06-15T13:47:15Z,78000.0,0,Adzuna::API::Response::Job,https://www.adzuna.com/land/ad/5764522966?se=zlbVBuRo8RGdcKmg89akZw&utm_medium=api&utm_source=abfa41a4&v=2D532FABF93145BC84D0709392ABE5988E55A051,"CDL-A OTR TRUCK DRIVERS: 52 - 56 CPM (based on experience). Solo OTR Drivers: Average 2,000 Miles Per Week $2,000 Sign On Bonus 100% No Touch Freight Consistent, planned schedule Predictable home time you can count on Paid Vacation Performance Bonuses Top 20% of our OTR Drivers earn $1,500 Weekly Run 28 days out, get 5 days home. It’s the balance experienced drivers want—strong miles and real time off. Team Drivers: $5,000 Sign-On Bonus/split with an average of 5,000 miles per week! $0.72 - $0.…",Truck Driver Company - 1-5mo EXP Required - OTR - Dry Van - $1.5k per week - U.S. Xpress - OTR,39.928851,eyJhbGciOiJIUzI1NiJ9.eyJzIjoiemxiVkJ1Um84UkdkY0ttZzg5YWtadyIsImkiOiI1NzY0NTIyOTY2In0.oj89Ebt2JBzMgbjXBpbOXaCdUso4GMBbx0XcMOBZeYQ,5764522966,"['US', 'Colorado', 'Adams County', 'Eastlake']",Adzuna::API::Response::Location,"Eastlake, Adams County",U.S. Xpress - OTR,Adzuna::API::Response::Company,logistics-warehouse-jobs,Adzuna::API::Response::Category,Logistics & Warehouse Jobs,full_time,
0.0,-103.24842,2026-06-15T13:47:15Z,78000.0,0,Adzuna::API::Response::Job,https://www.adzuna.com/land/ad/5764522903?se=zlbVBuRo8RGdcKmg89akZw&utm_medium=api&utm_source=abfa41a4&v=75ACFFB0E1738A249504FDFC7E16E10ADE059F82,"CDL-A OTR TRUCK DRIVERS: 52 - 56 CPM (based on experience). Solo OTR Drivers: Average 2,000 Miles Per Week $2,000 Sign On Bonus 100% No Touch Freight Consistent, planned schedule Predictable home time you can count on Paid Vacation Performance Bonuses Top 20% of our OTR Drivers earn $1,500 Weekly Run 28 days out, get 5 days home. It’s the balance experienced drivers want—strong miles and real time off. Team Drivers: $5,000 Sign-On Bonus/split with an average of 5,000 miles per week! $0.72 - $0.…",Class A CDL Company Driver - 1-5mo EXP Required - OTR - Dry Van - $1.5k per week - U.S. Xpress - OTR,34.40538,eyJhbGciOiJIUzI1NiJ9.eyJzIjoiemxiVkJ1Um84UkdkY0ttZzg5YWtadyIsImkiOiI1NzY0NTIyOTAzIn0.GpqHAQZqqqkY9Y876rqHw7kjcLSb3LzTa-g1pq23SsQ,5764522903,"['US', 'New Mexico', 'Curry County', 'Clovis']",Adzuna::API::Response::Location,"Clovis, Curry County",U.S. Xpress - OTR,Adzuna::API::Response::Company,logistics-warehouse-jobs,Adzuna::API::Response::Category,Logistics & Warehouse Jobs,full_time,
0.0,-105.108637,2026-06-15T13:47:15Z,78000.0,0,Adzuna::API::Response::Job,https://www.adzuna.com/land/ad/5764522987?se=zlbVBuRo8RGdcKmg89akZw&utm_medium=api&utm_source=abfa41a4&v=487C66B1D609EB5EF2AFD332BC0D7F08D7CE2ECA,"CDL-A OTR TRUCK DRIVERS: 52 - 56 CPM (based on experience). Solo OTR Drivers: Average 2,000 Miles Per Week $2,000 Sign On Bonus 100% No Touch Freight Consistent, planned schedule Predictable home time you can count on Paid Vacation Performance Bonuses Top 20% of our OTR Drivers earn $1,500 Weekly Run 28 days out, get 5 days home. It’s the balance experienced drivers want—strong miles and real time off. Team Drivers: $5,000 Sign-On Bonus/split with an average of 5,000 miles per week! $0.72 - $0.…",Class A CDL Company Driver - 1-5mo EXP Required - OTR - Dry Van - $1.5k per week - U.S. Xpress - OTR,40.176677,eyJhbGciOiJIUzI1NiJ9.eyJzIjoiemxiVkJ1Um84UkdkY0ttZzg5YWtadyIsImkiOiI1NzY0NTIyOTg3In0.GR1QARpWQXWCNtQw5gQoAXB_MrQAxSA7lt9ksAs3Xgs,5764522987,"['US', 'Colorado', 'Boulder County', 'Longmont']",Adzuna::API::Response::Location,"Longmont, Boulder County",U.S. Xpress - OTR,Adzuna::API::Response::Company,logistics-warehouse-jobs,Adzuna::API::Response::Category,Logistics & Warehouse Jobs,full_time,
0.0,-105.949068,2026-06-15T13:47:15Z,78000.0,0,Adzuna::API::Response::Job,https://www.adzuna.com/land/ad/5764522940?se=zlbVBuRo8RGdcKmg89akZw&utm_medium=api&utm_source=abfa41a4&v=208464D778E512018A40FDFB1E70A84525707CBD,"CDL-A OTR TRUCK DRIVERS: 52 - 56 CPM (based on experience). Solo OTR Drivers: Average 2,000 Miles Per Week $2,000 Sign On Bonus 100% No Touch Freight Consistent, planned schedule Predictable home time you can count on Paid Vacation Performance Bonuses Top 20% of our OTR Drivers earn $1,500 Weekly Run 28 days out, get 5 days home. It’s the balance experienced drivers want—strong miles and real time off. Team Drivers: $5,000 Sign-On Bonus/split with an average of 5,000 miles per week! $0.72 - $0.…",CDL-A Company Driver - 1-5mo EXP Required - OTR - Dry Van - $1.5k per week - U.S. Xpress - OTR,32.898516,eyJhbGciOiJIUzI1NiJ9.eyJzIjoiemxiVkJ1Um84UkdkY0ttZzg5YWtadyIsImkiOiI1NzY0NTIyOTQwIn0.lIu2ConDjltBTTmkyxblFCrn4sA_6kVH5-HyULhZqxU,5764522940,"['US', 'New Mexico', 'Otero County', 'Alamogordo']",Adzuna::API::Response::Location,"Alamogordo, Otero County",U.S. Xpress - OTR,Adzuna::API::Response::Company,logistics-warehouse-jobs,Adzuna::API::Response::Category,Logistics & Warehouse Jobs,full_time,
0.0,-105.859988,2026-06-15T13:47:15Z,78000.0,0,Adzuna::API::Response::Job,https://www.adzuna.com/land/ad/5764522895?se=zlbVBuRo8RGdcKmg89akZw&utm_medium=api&utm_source=abfa41a4&v=8D8A87A9BD90E5D4D7204C3C8F30F0629ADBEB96,"CDL-A OTR TRUCK DRIVERS: 52 - 56 CPM (based on experience). Solo OTR Drivers: Average 2,000 Miles Per Week $2,000 Sign On Bonus 100% No Touch Freight Consistent, planned schedule Predictable home time you can count on Paid Vacation Performance Bonuses Top 20% of our OTR Drivers earn $1,500 Weekly Run 28 days out, get 5 days home. It’s the balance experienced drivers want—strong miles and real time off. Team Drivers: $5,000 Sign-On Bonus/split with an average of 5,000 miles per week! $0.72 - $0.…",CDL-A Company Driver - 1-5mo EXP Required - OTR - Dry Van - $1.5k per week - U.S. Xpress - OTR,42.867277,eyJhbGciOiJIUzI1NiJ9.eyJpIjoiNTc2NDUyMjg5NSIsInMiOiJ6bGJWQnVSbzhSR2RjS21nODlha1p3In0.KsgCztgwLteUHfIVZWqHQiBtvKxdrVghMMbCENPSrSI,5764522895,"['US', 'Wyoming', 'Converse County', 'Glenrock']",Adzuna::API::Response::Location,"Glenrock, Converse County",U.S. Xpress - OTR,Adzuna::API::Response::Company,logistics-warehouse-jobs,Adzuna::API::Response::Category,Logistics & Warehouse Jobs,full_time,
0.0,-104.574524,2026-06-15T13:47:15Z,78000.0,0,Adzuna::API::Response::Job,https://www.adzuna.com/land/ad/5764522997?se=zlbVBuRo8RGdcKmg89akZw&utm_medium=api&utm_source=abfa41a4&v=537070F28091DAD46A5458D810ACEE8AAFB61DCA,"CDL-A OTR TRUCK DRIVERS: 52 - 56 CPM (based on experience). Solo OTR Drivers: Average 2,000 Miles Per Week $2,000 Sign On Bonus 100% No Touch Freight Consistent, planned schedule Predictable home time you can count on Paid Vacation Performance Bonuses Top 20% of our OTR Drivers earn $1,500 Weekly Run 28 days out, get 5 days home. It’s the balance experienced drivers want—strong miles and real time off. Team Drivers: $5,000 Sign-On Bonus/split with an average of 5,000 miles per week! $0.72 - $0.…",Truck Driver Company - 1-5mo EXP Required - OTR - Dry Van - $1.5k per week - U.S. Xpress - OTR,39.098563,eyJhbGciOiJIUzI1NiJ9.eyJzIjoiemxiVkJ1Um84UkdkY0ttZzg5YWtadyIsImkiOiI1NzY0NTIyOTk3In0.Ql_apPwmReIKSL29pThD8EeAA3EoyzOBZHtx67-DTjs,5764522997,"['US', 'Colorado', 'El Paso County', 'Peyton']",Adzuna::API::Response::Location,"Peyton, El Paso County",U.S. Xpress - OTR,Adzuna::API::Response::Company,logistics-warehouse-jobs,Adzuna::API::Response::Category,Logistics & Warehouse Jobs,full_time,
0.0,-103.71696,2026-06-15T13:47:15Z,78000.0,0,Adzuna::API::Response::Job,https://www.adzuna.com/land/ad/5764522894?se=zlbVBuRo8RGdcKmg89akZw&utm_medium=api&utm_source=abfa41a4&v=05E1439E203620AC603D82BF66DE45263BC7013D,"CDL-A OTR TRUCK DRIVERS: 52 - 56 CPM (based on experience). Solo OTR Drivers: Average 2,000 Miles Per Week $2,000 Sign On Bonus 100% No Touch Freight Consistent, planned schedule Predictable home time you can count on Paid Vacation Performance Bonuses Top 20% of our OTR Drivers earn $1,500 Weekly Run 28 days out, get 5 days home. It’s the balance experienced drivers want—strong miles and real time off. Team Drivers: $5,000 Sign-On Bonus/split with an average of 5,000 miles per week! $0.72 - $0.…",Class A CDL Company Driver - 1-5mo EXP Required - OTR - Dry Van - $1.5k per week - U.S. Xpress - OTR,41.80464,eyJhbGciOiJIUzI1NiJ9.eyJzIjoiemxiVkJ1Um84UkdkY0ttZzg5YWtadyIsImkiOiI1NzY0NTIyODk0In0.v-AwM7BXbnODb_YKNORSq4ESJP33ajzbFi8JOedp92E,5764522894,"['US', 'Nebraska', 'Scotts Bluff County', 'Gering']",Adzuna::API::Response::Location,"Gering, Scotts Bluff County",U.S. Xpress - OTR,Adzuna::API::Response::Company,logistics-warehouse-jobs,Adzuna::API::Response::Category,Logistics & Warehouse Jobs,full_time,
0.0,-103.721223,2026-06-15T13:47:15Z,78000.0,0,Adzuna::API::Response::Job,https://www.adzuna.com/land/ad/5764522918?se=zlbVBuRo8RGdcKmg89akZw&utm_medium=api&utm_source=abfa41a4&v=0A80321E57932BDBDB923ED9C257CFB5F1D36B0F,"CDL-A OTR TRUCK DRIVERS: 52 - 56 CPM (based on experience). Solo OTR Drivers: Average 2,000 Miles Per Week $2,000 Sign On Bonus 100% No Touch Freight Consistent, planned schedule Predictable home time you can count on Paid Vacation Performance Bonuses Top 20% of our OTR Drivers earn $1,500 Weekly Run 28 days out, get 5 days home. It’s the balance experienced drivers want—strong miles and real time off. Team Drivers: $5,000 Sign-On Bonus/split with an average of 5,000 miles per week! $0.72 - $0.…",Truck Driver Company - 1-5mo EXP Required - OTR - Dry Van - $1.5k per week - U.S. Xpress - OTR,35.170973,eyJhbGciOiJIUzI1NiJ9.eyJzIjoiemxiVkJ1Um84UkdkY0ttZzg5YWtadyIsImkiOiI1NzY0NTIyOTE4In0.0L8uVRHRYQy6qFy1DF9TMNaYP_KWORdwehOH_Z1jaAE,5764522918,"['US', 'New Mexico', 'Quay County', 'Tucumcari']",Adzuna::API::Response::Location,"Tucumcari, Quay County",U.S. Xpress - OTR,Adzuna::API::Response::Company,logistics-warehouse-jobs,Adzuna::API::Response::Category,Logistics & Warehouse Jobs,full_time,
0.0,-106.016029,2026-06-15T13:47:15Z,78000.0,0,Adzuna::API::Response::Job,https://www.adzuna.com/land/ad/5764522955?se=zlbVBuRo8RGdcKmg89akZw&utm_medium=api&utm_source=abfa41a4&v=E850DE94A9158E9BBF790AA77432458FD0B7676C,"CDL-A OTR TRUCK DRIVERS: 52 - 56 CPM (based on experience). Solo OTR Drivers: Average 2,000 Miles Per Week $2,000 Sign On Bonus 100% No Touch Freight Consistent, planned schedule Predictable home time you can count on Paid Vacation Performance Bonuses Top 20% of our OTR Drivers earn $1,500 Weekly Run 28 days out, get 5 days home. It’s the balance experienced drivers want—strong miles and real time off. Team Drivers: $5,000 Sign-On Bonus/split with an average of 5,000 miles per week! $0.72 - $0.…",Class A CDL Company Driver - 1-5mo EXP Required - OTR - Dry Van - $1.5k per week - U.S. Xpress - OTR,33.075537,eyJhbGciOiJIUzI1NiJ9.eyJzIjoiemxiVkJ1Um84UkdkY0ttZzg5YWtadyIsImkiOiI1NzY0NTIyOTU1In0.w1nq4Q67dPNYLjueqsC0fsU-gA6D8wMQGrsK_h5x1LM,5764522955,"['US', 'New Mexico', 'Otero County', 'Tularosa']",Adzuna::API::Response::Location,"Tularosa, Otero County",U.S. Xpress - OTR,Adzuna::API::Response::Company,logistics-warehouse-jobs,Adzuna::API::Response::Category,Logistics & Warehouse Jobs,full_time,
0.0,-104.238604,2026-06-15T13:47:15Z,78000.0,0,Adzuna::API::Response::Job,https://www.adzuna.com/land/ad/5764522930?se=zlbVBuRo8RGdcKmg89akZw&utm_medium=api&utm_source=abfa41a4&v=9DF86A4816C86810435E61D86C9BB7039365A7D0,"CDL-A OTR TRUCK DRIVERS: 52 - 56 CPM (based on experience). Solo OTR Drivers: Average 2,000 Miles Per Week $2,000 Sign On Bonus 100% No Touch Freight Consistent, planned schedule Predictable home time you can count on Paid Vacation Performance Bonuses Top 20% of our OTR Drivers earn $1,500 Weekly Run 28 days out, get 5 days home. It’s the balance experienced drivers want—strong miles and real time off. Team Drivers: $5,000 Sign-On Bonus/split with an average of 5,000 miles per week! $0.72 - $0.…",Class A CDL Company Driver - 1-5mo EXP Required - OTR - Dry Van - $1.5k per week - U.S. Xpress - OTR,32.409341,eyJhbGciOiJIUzI1NiJ9.eyJzIjoiemxiVkJ1Um84UkdkY0ttZzg5YWtadyIsImkiOiI1NzY0NTIyOTMwIn0.xjN1wpBRHLt1ENsDpzmQPCrnmdplBnSuxp5lnMGgG3Q,5764522930,"['US', 'New Mexico', 'Eddy County', 'Carlsbad']",Adzuna::API::Response::Location,"Carlsbad, Eddy County",U.S. Xpress - OTR,Adzuna::API::Response::Company,logistics-warehouse-jobs,Adzuna::API::Response::Category,Logistics & Warehouse Jobs,full_time,
0.0,-103.31346,2026-06-15T13:47:15Z,78000.0,0,Adzuna::API::Response::Job,https://www.adzuna.com/land/ad/5764522935?se=zlbVBuRo8RGdcKmg89akZw&utm_medium=api&utm_source=abfa41a4&v=BA9CE5438B0666F7B21C0C532D9E188EEAEC67CF,"CDL-A OTR TRUCK DRIVERS: 52 - 56 CPM (based on experience). Solo OTR Drivers: Average 2,000 Miles Per Week $2,000 Sign On Bonus 100% No Touch Freight Consistent, planned schedule Predictable home time you can count on Paid Vacation Performance Bonuses Top 20% of our OTR Drivers earn $1,500 Weekly Run 28 days out, get 5 days home. It’s the balance experienced drivers want—strong miles and real time off. Team Drivers: $5,000 Sign-On Bonus/split with an average of 5,000 miles per week! $0.72 - $0.…",Class A CDL Company Driver - 1-5mo EXP Required - OTR - Dry Van - $1.5k per week - U.S. Xpress - OTR,32.93112,eyJhbGciOiJIUzI1NiJ9.eyJzIjoiemxiVkJ1Um84UkdkY0ttZzg5YWtadyIsImkiOiI1NzY0NTIyOTM1In0.B1QNmWX3sYZTdK64nyI9SUlGOBvmfnXAJk4y1SadYao,5764522935,"['US', 'New Mexico', 'Lea County', 'Lovington']",Adzuna::API::Response::Location,"Lovington, Lea County",U.S. Xpress - OTR,Adzuna::API::Response::Company,logistics-warehouse-jobs,Adzuna::API::Response::Category,Logistics & Warehouse Jobs,full_time,
0.0,-104.945618,2026-06-15T13:47:15Z,78000.0,0,Adzuna::API::Response::Job,https://www.adzuna.com/land/ad/5764522968?se=zlbVBuRo8RGdcKmg89akZw&utm_medium=api&utm_source=abfa41a4&v=8FEB3E60609F7E25A54CCAE05926CA0BBC7BEB06,"CDL-A OTR TRUCK DRIVERS: 52 - 56 CPM (based on experience). Solo OTR Drivers: Average 2,000 Miles Per Week $2,000 Sign On Bonus 100% No Touch Freight Consistent, planned schedule Predictable home time you can count on Paid Vacation Performance Bonuses Top 20% of our OTR Drivers earn $1,500 Weekly Run 28 days out, get 5 days home. It’s the balance experienced drivers want—strong miles and real time off. Team Drivers: $5,000 Sign-On Bonus/split with an average of 5,000 miles per week! $0.72 - $0.…",Class A CDL Company Driver - 1-5mo EXP Required - OTR - Dry Van - $1.5k per week - U.S. Xpress - OTR,39.928851,eyJhbGciOiJIUzI1NiJ9.eyJzIjoiemxiVkJ1Um84UkdkY0ttZzg5YWtadyIsImkiOiI1NzY0NTIyOTY4In0.gWjZ_5F-p6wzZTv8Yl1W7S-SqjeLxPV3Jkw-WlidJ5E,5764522968,"['US', 'Colorado', 'Adams County', 'Eastlake']",Adzuna::API::Response::Location,"Eastlake, Adams County",U.S. Xpress - OTR,Adzuna::API::Response::Company,logistics-warehouse-jobs,Adzuna::API::Response::Category,Logistics & Warehouse Jobs,full_time,
0.0,-102.827766,2026-06-15T13:47:15Z,78000.0,0,Adzuna::API::Response::Job,https://www.adzuna.com/land/ad/5764522908?se=zlbVBuRo8RGdcKmg89akZw&utm_medium=api&utm_source=abfa41a4&v=BAACFAC081282DA44D07FE53F9C97A3D0376E7D1,"CDL-A OTR TRUCK DRIVERS: 52 - 56 CPM (based on experience). Solo OTR Drivers: Average 2,000 Miles Per Week $2,000 Sign On Bonus 100% No Touch Freight Consistent, planned schedule Predictable home time you can count on Paid Vacation Performance Bonuses Top 20% of our OTR Drivers earn $1,500 Weekly Run 28 days out, get 5 days home. It’s the balance experienced drivers want—strong miles and real time off. Team Drivers: $5,000 Sign-On Bonus/split with an average of 5,000 miles per week! $0.72 - $0.…",CDL-A Company Driver - 1-5mo EXP Required - OTR - Dry Van - $1.5k per week - U.S. Xpress - OTR,32.968433,eyJhbGciOiJIUzI1NiJ9.eyJpIjoiNTc2NDUyMjkwOCIsInMiOiJ6bGJWQnVSbzhSR2RjS21nODlha1p3In0.022OPHApEFvRKkF6glM4LIUfLEsQ5Xf01sCZobu1nRg,5764522908,"['US', 'Texas', 'Yoakum County', 'Denver City']",Adzuna::API::Response::Location,"Denver City, Yoakum County",U.S. Xpress - OTR,Adzuna::API::Response::Company,logistics-warehouse-jobs,Adzuna::API::Response::Category,Logistics & Warehouse Jobs,full_time,
0.0,-105.748261,2026-06-15T13:47:15Z,78000.0,0,Adzuna::API::Response::Job,https://www.adzuna.com/land/ad/5764522945?se=zlbVBuRo8RGdcKmg89akZw&utm_medium=api&utm_source=abfa41a4&v=44BAEAB4E5D5540210629A35582544B0892D4F11,"CDL-A OTR TRUCK DRIVERS: 52 - 56 CPM (based on experience). Solo OTR Drivers: Average 2,000 Miles Per Week $2,000 Sign On Bonus 100% No Touch Freight Consistent, planned schedule Predictable home time you can count on Paid Vacation Performance Bonuses Top 20% of our OTR Drivers earn $1,500 Weekly Run 28 days out, get 5 days home. It’s the balance experienced drivers want—strong miles and real time off. Team Drivers: $5,000 Sign-On Bonus/split with an average of 5,000 miles per week! $0.72 - $0.…",Truck Driver Company - 1-5mo EXP Required - OTR - Dry Van - $1.5k per week - U.S. Xpress - OTR,33.199976,eyJhbGciOiJIUzI1NiJ9.eyJpIjoiNTc2NDUyMjk0NSIsInMiOiJ6bGJWQnVSbzhSR2RjS21nODlha1p3In0.hY553NYJMWMKB53r8y9iTgDaJePgdUPuLmLMvMd0xJg,5764522945,"['US', 'New Mexico', 'Otero County', 'Mescalero']",Adzuna::API::Response::Location,"Mescalero, Otero County",U.S. Xpress - OTR,Adzuna::API::Response::Company,logistics-warehouse-jobs,Adzuna::API::Response::Category,Logistics & Warehouse Jobs,full_time,
0.0,-105.18431,2026-06-15T13:47:15Z,78000.0,0,Adzuna::API::Response::Job,https://www.adzuna.com/land/ad/5764522976?se=zlbVBuRo8RGdcKmg89akZw&utm_medium=api&utm_source=abfa41a4&v=CD660E0400C050699075065D33870478A9690F2D,"CDL-A OTR TRUCK DRIVERS: 52 - 56 CPM (based on experience). Solo OTR Drivers: Average 2,000 Miles Per Week $2,000 Sign On Bonus 100% No Touch Freight Consistent, planned schedule Predictable home time you can count on Paid Vacation Performance Bonuses Top 20% of our OTR Drivers earn $1,500 Weekly Run 28 days out, get 5 days home. It’s the balance experienced drivers want—strong miles and real time off. Team Drivers: $5,000 Sign-On Bonus/split with an average of 5,000 miles per week! $0.72 - $0.…",Truck Driver Company - 1-5mo EXP Required - OTR - Dry Van - $1.5k per week - U.S. Xpress - OTR,39.82496,eyJhbGciOiJIUzI1NiJ9.eyJpIjoiNTc2NDUyMjk3NiIsInMiOiJ6bGJWQnVSbzhSR2RjS21nODlha1p3In0.PLKR85nMLVSM3SUJg0B-QFiDAFRLkB5dWtwzlXBZKb8,5764522976,"['US', 'Colorado', 'Jefferson County', 'Wheat Ridge']",Adzuna::API::Response::Location,"Wheat Ridge, Jefferson County",U.S. Xpress - OTR,Adzuna::API::Response::Company,logistics-warehouse-jobs,Adzuna::API::Response::Category,Logistics & Warehouse Jobs,full_time,
0.0,-105.859988,2026-06-15T13:47:15Z,78000.0,0,Adzuna::API::Response::Job,https://www.adzuna.com/land/ad/5764522897?se=zlbVBuRo8RGdcKmg89akZw&utm_medium=api&utm_source=abfa41a4&v=35A29E541380765EE379D62AC9EB929D9B6B9FF0,"CDL-A OTR TRUCK DRIVERS: 52 - 56 CPM (based on experience). Solo OTR Drivers: Average 2,000 Miles Per Week $2,000 Sign On Bonus 100% No Touch Freight Consistent, planned schedule Predictable home time you can count on Paid Vacation Performance Bonuses Top 20% of our OTR Drivers earn $1,500 Weekly Run 28 days out, get 5 days home. It’s the balance experienced drivers want—strong miles and real time off. Team Drivers: $5,000 Sign-On Bonus/split with an average of 5,000 miles per week! $0.72 - $0.…",Truck Driver Company - 1-5mo EXP Required - OTR - Dry Van - $1.5k per week - U.S. Xpress - OTR,42.867277,eyJhbGciOiJIUzI1NiJ9.eyJpIjoiNTc2NDUyMjg5NyIsInMiOiJ6bGJWQnVSbzhSR2RjS21nODlha1p3In0.RVA64rhTNe6rF6oo_cJJSMW8hQAQcWn3JrfhwyQV5nE,5764522897,"['US', 'Wyoming', 'Converse County', 'Glenrock']",Adzuna::API::Response::Location,"Glenrock, Converse County",U.S. Xpress - OTR,Adzuna::API::Response::Company,logistics-warehouse-jobs,Adzuna::API::Response::Category,Logistics & Warehouse Jobs,full_time,
0.0,-103.71696,2026-06-15T13:47:15Z,78000.0,0,Adzuna::API::Response::Job,https://www.adzuna.com/land/ad/5764522892?se=zlbVBuRo8RGdcKmg89akZw&utm_medium=api&utm_source=abfa41a4&v=103492A95809963B8D30ED55C5B57308FF0E53DA,"CDL-A OTR TRUCK DRIVERS: 52 - 56 CPM (based on experience). Solo OTR Drivers: Average 2,000 Miles Per Week $2,000 Sign On Bonus 100% No Touch Freight Consistent, planned schedule Predictable home time you can count on Paid Vacation Performance Bonuses Top 20% of our OTR Drivers earn $1,500 Weekly Run 28 days out, get 5 days home. It’s the balance experienced drivers want—strong miles and real time off. Team Drivers: $5,000 Sign-On Bonus/split with an average of 5,000 miles per week! $0.72 - $0.…",CDL-A Company Driver - 1-5mo EXP Required - OTR - Dry Van - $1.5k per week - U.S. Xpress - OTR,41.80464,eyJhbGciOiJIUzI1NiJ9.eyJpIjoiNTc2NDUyMjg5MiIsInMiOiJ6bGJWQnVSbzhSR2RjS21nODlha1p3In0.mq-PxB1jH24lw3fZS1V_VfzJMi0UQhwFBB4Xwp0bhWY,5764522892,"['US', 'Nebraska', 'Scotts Bluff County', 'Gering']",Adzuna::API::Response::Location,"Gering, Scotts Bluff County",U.S. Xpress - OTR,Adzuna::API::Response::Company,logistics-warehouse-jobs,Adzuna::API::Response::Category,Logistics & Warehouse Jobs,full_time,
0.0,-104.909877,2026-06-15T13:47:15Z,78000.0,0,Adzuna::API::Response::Job,https://www.adzuna.com/land/ad/5764522992?se=zlbVBuRo8RGdcKmg89akZw&utm_medium=api&utm_source=abfa41a4&v=CCCB05746657B915AAF86AA64F4A917A6D77E5C6,"CDL-A OTR TRUCK DRIVERS: 52 - 56 CPM (based on experience). Solo OTR Drivers: Average 2,000 Miles Per Week $2,000 Sign On Bonus 100% No Touch Freight Consistent, planned schedule Predictable home time you can count on Paid Vacation Performance Bonuses Top 20% of our OTR Drivers earn $1,500 Weekly Run 28 days out, get 5 days home. It’s the balance experienced drivers want—strong miles and real time off. Team Drivers: $5,000 Sign-On Bonus/split with an average of 5,000 miles per week! $0.72 - $0.…",CDL-A Company Driver - 1-5mo EXP Required - OTR - Dry Van - $1.5k per week - U.S. Xpress - OTR,39.223025,eyJhbGciOiJIUzI1NiJ9.eyJzIjoiemxiVkJ1Um84UkdkY0ttZzg5YWtadyIsImkiOiI1NzY0NTIyOTkyIn0.bK-ZchXPvMXssntcvptzCrLti3nOJjkYW7HbwmtNhuo,5764522992,"['US', 'Colorado', 'Douglas County', 'Larkspur']",Adzuna::API::Response::Location,"Larkspur, Douglas County",U.S. Xpress - OTR,Adzuna::API::Response::Company,logistics-warehouse-jobs,Adzuna::API::Response::Category,Logistics & Warehouse Jobs,full_time,
0.0,-104.574524,2026-06-15T13:47:15Z,78000.0,0,Adzuna::API::Response::Job,https://www.adzuna.com/land/ad/5764523000?se=zlbVBuRo8RGdcKmg89akZw&utm_medium=api&utm_source=abfa41a4&v=7F2605513AF46DA9A09C94D2D0D1BFC270E68E18,"CDL-A OTR TRUCK DRIVERS: 52 - 56 CPM (based on experience). Solo OTR Drivers: Average 2,000 Miles Per Week $2,000 Sign On Bonus 100% No Touch Freight Consistent, planned schedule Predictable home time you can count on Paid Vacation Performance Bonuses Top 20% of our OTR Drivers earn $1,500 Weekly Run 28 days out, get 5 days home. It’s the balance experienced drivers want—strong miles and real time off. Team Drivers: $5,000 Sign-On Bonus/split with an average of 5,000 miles per week! $0.72 - $0.…",Class A CDL Company Driver - 1-5mo EXP Required - OTR - Dry Van - $1.5k per week - U.S. Xpress - OTR,39.098563,eyJhbGciOiJIUzI1NiJ9.eyJzIjoiemxiVkJ1Um84UkdkY0ttZzg5YWtadyIsImkiOiI1NzY0NTIzMDAwIn0.WnHOR3EMsyrFNDRhtC3WkuInlxKJxjktxFe-hjLsK04,5764523000,"['US', 'Colorado', 'El Paso County', 'Peyton']",Adzuna::API::Response::Location,"Peyton, El Paso County",U.S. Xpress - OTR,Adzuna::API::Response::Company,logistics-warehouse-jobs,Adzuna::API::Response::Category,Logistics & Warehouse Jobs,full_time,
0.0,-107.187711,2026-06-15T13:47:15Z,78000.0,0,Adzuna::API::Response::Job,https://www.adzuna.com/land/ad/5764522947?se=zlbVBuRo8RGdcKmg89akZw&utm_medium=api&utm_source=abfa41a4&v=504510B4FC1E3AF3C0001C8AD3421C9521746D28,"CDL-A OTR TRUCK DRIVERS: 52 - 56 CPM (based on experience). Solo OTR Drivers: Average 2,000 Miles Per Week $2,000 Sign On Bonus 100% No Touch Freight Consistent, planned schedule Predictable home time you can count on Paid Vacation Performance Bonuses Top 20% of our OTR Drivers earn $1,500 Weekly Run 28 days out, get 5 days home. It’s the balance experienced drivers want—strong miles and real time off. Team Drivers: $5,000 Sign-On Bonus/split with an average of 5,000 miles per week! $0.72 - $0.…",CDL-A Company Driver - 1-5mo EXP Required - OTR - Dry Van - $1.5k per week - U.S. Xpress - OTR,33.14425,eyJhbGciOiJIUzI1NiJ9.eyJzIjoiemxiVkJ1Um84UkdkY0ttZzg5YWtadyIsImkiOiI1NzY0NTIyOTQ3In0.wJRwbIyFXDmdajXYGZ6LP3VqDUN0Q_-sp98yGVOq8lw,5764522947,"['US', 'New Mexico', 'Sierra County', 'Elephant Butte']",Adzuna::API::Response::Location,"Elephant Butte, Sierra County",U.S. Xpress - OTR,Adzuna::API::Response::Company,logistics-warehouse-jobs,Adzuna::API::Response::Category,Logistics & Warehouse Jobs,full_time,
0.0,-102.562738,2026-06-15T13:47:15Z,78000.0,0,Adzuna::API::Response::Job,https://www.adzuna.com/land/ad/5764522925?se=zlbVBuRo8RGdcKmg89akZw&utm_medium=api&utm_source=abfa41a4&v=6B5B1EBF8BA499747047C951F03F083A68A80CA1,"CDL-A OTR TRUCK DRIVERS: 52 - 56 CPM (based on experience). Solo OTR Drivers: Average 2,000 Miles Per Week $2,000 Sign On Bonus 100% No Touch Freight Consistent, planned schedule Predictable home time you can count on Paid Vacation Performance Bonuses Top 20% of our OTR Drivers earn $1,500 Weekly Run 28 days out, get 5 days home. It’s the balance experienced drivers want—strong miles and real time off. Team Drivers: $5,000 Sign-On Bonus/split with an average of 5,000 miles per week! $0.72 - $0.…",Class A CDL Company Driver - 1-5mo EXP Required - OTR - Dry Van - $1.5k per week - U.S. Xpress - OTR,32.941339,eyJhbGciOiJIUzI1NiJ9.eyJpIjoiNTc2NDUyMjkyNSIsInMiOiJ6bGJWQnVSbzhSR2RjS21nODlha1p3In0.rUi_kKZ7Yq5aVHTCe0KxDMOfsV0a_lZQJTBZGKxM84E,5764522925,"['US', 'Texas', 'Gaines County', 'Seagraves']",Adzuna::API::Response::Location,"Seagraves, Gaines County",U.S. Xpress - OTR,Adzuna::API::Response::Company,logistics-warehouse-jobs,Adzuna::API::Response::Category,Logistics & Warehouse Jobs,full_time,
0.0,-104.93232,2026-06-15T13:47:15Z,78000.0,0,Adzuna::API::Response::Job,https://www.adzuna.com/land/ad/5764522985?se=zlbVBuRo8RGdcKmg89akZw&utm_medium=api&utm_source=abfa41a4&v=38B4D4F2C106B7A284A8474507995C5AC87A5207,"CDL-A OTR TRUCK DRIVERS: 52 - 56 CPM (based on experience). Solo OTR Drivers: Average 2,000 Miles Per Week $2,000 Sign On Bonus 100% No Touch Freight Consistent, planned schedule Predictable home time you can count on Paid Vacation Performance Bonuses Top 20% of our OTR Drivers earn $1,500 Weekly Run 28 days out, get 5 days home. It’s the balance experienced drivers want—strong miles and real time off. Team Drivers: $5,000 Sign-On Bonus/split with an average of 5,000 miles per week! $0.72 - $0.…",Class A CDL Company Driver - 1-5mo EXP Required - OTR - Dry Van - $1.5k per week - U.S. Xpress - OTR,40.08366,eyJhbGciOiJIUzI1NiJ9.eyJpIjoiNTc2NDUyMjk4NSIsInMiOiJ6bGJWQnVSbzhSR2RjS21nODlha1p3In0.1LftLLGED228SNBKnT4P8IHWPvbm9kR_W6BEyT9McBs,5764522985,"['US', 'Colorado', 'Weld County', 'Dacono']",Adzuna::API::Response::Location,"Dacono, Weld County",U.S. Xpress - OTR,Adzuna::API::Response::Company,logistics-warehouse-jobs,Adzuna::API::Response::Category,Logistics & Warehouse Jobs,full_time,
0.0,-104.336035,2026-06-15T13:47:15Z,78000.0,0,Adzuna::API::Response::Job,https://www.adzuna.com/land/ad/5764522998?se=zlbVBuRo8RGdcKmg89akZw&utm_medium=api&utm_source=abfa41a4&v=A51414C196606AFE77A5F058351BF12B09B00656,"CDL-A OTR TRUCK DRIVERS: 52 - 56 CPM (based on experience). Solo OTR Drivers: Average 2,000 Miles Per Week $2,000 Sign On Bonus 100% No Touch Freight Consistent, planned schedule Predictable home time you can count on Paid Vacation Performance Bonuses Top 20% of our OTR Drivers earn $1,500 Weekly Run 28 days out, get 5 days home. It’s the balance experienced drivers want—strong miles and real time off. Team Drivers: $5,000 Sign-On Bonus/split with an average of 5,000 miles per week! $0.72 - $0.…",Truck Driver Company - 1-5mo EXP Required - OTR - Dry Van - $1.5k per week - U.S. Xpress - OTR,38.943756,eyJhbGciOiJIUzI1NiJ9.eyJzIjoiemxiVkJ1Um84UkdkY0ttZzg5YWtadyIsImkiOiI1NzY0NTIyOTk4In0.Js2Ajo38hUOk4QlHBhBn08Bqby8LDy9zoqEZMGQ73vw,5764522998,"['US', 'Colorado', 'El Paso County', 'Calhan']",Adzuna::API::Response::Location,"Calhan, El Paso County",U.S. Xpress - OTR,Adzuna::API::Response::Company,logistics-warehouse-jobs,Adzuna::API::Response::Category,Logistics & Warehouse Jobs,full_time,
0.0,-103.007723,2026-06-15T13:47:15Z,78000.0,0,Adzuna::API::Response::Job,https://www.adzuna.com/land/ad/5764522921?se=zlbVBuRo8RGdcKmg89akZw&utm_medium=api&utm_source=abfa41a4&v=D3024342A2E77C54C782009045371A4D9F8AA6AD,"CDL-A OTR TRUCK DRIVERS: 52 - 56 CPM (based on experience). Solo OTR Drivers: Average 2,000 Miles Per Week $2,000 Sign On Bonus 100% No Touch Freight Consistent, planned schedule Predictable home time you can count on Paid Vacation Performance Bonuses Top 20% of our OTR Drivers earn $1,500 Weekly Run 28 days out, get 5 days home. It’s the balance experienced drivers want—strong miles and real time off. Team Drivers: $5,000 Sign-On Bonus/split with an average of 5,000 miles per week! $0.72 - $0.…",Class A CDL Company Driver - 1-5mo EXP Required - OTR - Dry Van - $1.5k per week - U.S. Xpress - OTR,34.386108,eyJhbGciOiJIUzI1NiJ9.eyJpIjoiNTc2NDUyMjkyMSIsInMiOiJ6bGJWQnVSbzhSR2RjS21nODlha1p3In0.B7CAlPOxumW3MU1T_ySt1uar1zyS_GTGvug_z7vk3GE,5764522921,"['US', 'Texas', 'Parmer County', 'Farwell']",Adzuna::API::Response::Location,"Farwell, Parmer County",U.S. Xpress - OTR,Adzuna::API::Response::Company,logistics-warehouse-jobs,Adzuna::API::Response::Category,Logistics & Warehouse Jobs,full_time,
0.0,-103.24842,2026-06-15T13:47:15Z,78000.0,0,Adzuna::API::Response::Job,https://www.adzuna.com/land/ad/5764522904?se=zlbVBuRo8RGdcKmg89akZw&utm_medium=api&utm_source=abfa41a4&v=1A8127A4633EA2C9AE467E70C994BC72EE703E61,"CDL-A OTR TRUCK DRIVERS: 52 - 56 CPM (based on experience). Solo OTR Drivers: Average 2,000 Miles Per Week $2,000 Sign On Bonus 100% No Touch Freight Consistent, planned schedule Predictable home time you can count on Paid Vacation Performance Bonuses Top 20% of our OTR Drivers earn $1,500 Weekly Run 28 days out, get 5 days home. It’s the balance experienced drivers want—strong miles and real time off. Team Drivers: $5,000 Sign-On Bonus/split with an average of 5,000 miles per week! $0.72 - $0.…",CDL-A Company Driver - 1-5mo EXP Required - OTR - Dry Van - $1.5k per week - U.S. Xpress - OTR,34.40538,eyJhbGciOiJIUzI1NiJ9.eyJzIjoiemxiVkJ1Um84UkdkY0ttZzg5YWtadyIsImkiOiI1NzY0NTIyOTA0In0.GMMopgy0fw54mAiHZ7cTQfCzka-g9shx4ijqufPUTRU,5764522904,"['US', 'New Mexico', 'Curry County', 'Clovis']",Adzuna::API::Response::Location,"Clovis, Curry County",U.S. Xpress - OTR,Adzuna::API::Response::Company,logistics-warehouse-jobs,Adzuna::API::Response::Category,Logistics & Warehouse Jobs,full_time,
0.0,-102.734641,2026-06-15T13:47:15Z,78000.0,0,Adzuna::API::Response::Job,https://www.adzuna.com/land/ad/5764522906?se=zlbVBuRo8RGdcKmg89akZw&utm_medium=api&utm_source=abfa41a4&v=4CA316CA29DD4A718F7CEF482CE0BB52F948517A,"CDL-A OTR TRUCK DRIVERS: 52 - 56 CPM (based on experience). Solo OTR Drivers: Average 2,000 Miles Per Week $2,000 Sign On Bonus 100% No Touch Freight Consistent, planned schedule Predictable home time you can count on Paid Vacation Performance Bonuses Top 20% of our OTR Drivers earn $1,500 Weekly Run 28 days out, get 5 days home. It’s the balance experienced drivers want—strong miles and real time off. Team Drivers: $5,000 Sign-On Bonus/split with an average of 5,000 miles per week! $0.72 - $0.…",CDL-A Company Driver - 1-5mo EXP Required - OTR - Dry Van - $1.5k per week - U.S. Xpress - OTR,34.237017,eyJhbGciOiJIUzI1NiJ9.eyJzIjoiemxiVkJ1Um84UkdkY0ttZzg5YWtadyIsImkiOiI1NzY0NTIyOTA2In0.J8vSTaUeReyqHp58NaA0rl29BLjyxhXL-o7DQfFPxpA,5764522906,"['US', 'Texas', 'Bailey County', 'Muleshoe']",Adzuna::API::Response::Location,"Muleshoe, Bailey County",U.S. Xpress - OTR,Adzuna::API::Response::Company,logistics-warehouse-jobs,Adzuna::API::Response::Category,Logistics & Warehouse Jobs,full_time,
0.0,-102.827766,2026-06-15T13:47:15Z,78000.0,0,Adzuna::API::Response::Job,https://www.adzuna.com/land/ad/5764522911?se=zlbVBuRo8RGdcKmg89akZw&utm_medium=api&utm_source=abfa41a4&v=9ACAE08642750E488E5A1565E7DF5A81BDB70392,"CDL-A OTR TRUCK DRIVERS: 52 - 56 CPM (based on experience). Solo OTR Drivers: Average 2,000 Miles Per Week $2,000 Sign On Bonus 100% No Touch Freight Consistent, planned schedule Predictable home time you can count on Paid Vacation Performance Bonuses Top 20% of our OTR Drivers earn $1,500 Weekly Run 28 days out, get 5 days home. It’s the balance experienced drivers want—strong miles and real time off. Team Drivers: $5,000 Sign-On Bonus/split with an average of 5,000 miles per week! $0.72 - $0.…",Class A CDL Company Driver - 1-5mo EXP Required - OTR - Dry Van - $1.5k per week - U.S. Xpress - OTR,32.968433,eyJhbGciOiJIUzI1NiJ9.eyJpIjoiNTc2NDUyMjkxMSIsInMiOiJ6bGJWQnVSbzhSR2RjS21nODlha1p3In0.bDu53YkMGeOPQae82IBmpsalbn9tqdY7WkiWkQ3x8n0,5764522911,"['US', 'Texas', 'Yoakum County', 'Denver City']",Adzuna::API::Response::Location,"Denver City, Yoakum County",U.S. Xpress - OTR,Adzuna::API::Response::Company,logistics-warehouse-jobs,Adzuna::API::Response::Category,Logistics & Warehouse Jobs,full_time,
0.0,-104.975443,2026-06-15T13:47:15Z,78000.0,0,Adzuna::API::Response::Job,https://www.adzuna.com/land/ad/5764522896?se=zlbVBuRo8RGdcKmg89akZw&utm_medium=api&utm_source=abfa41a4&v=7CA3077DC97552233B6F3200CFCC87C4EC191923,"CDL-A OTR TRUCK DRIVERS: 52 - 56 CPM (based on experience). Solo OTR Drivers: Average 2,000 Miles Per Week $2,000 Sign On Bonus 100% No Touch Freight Consistent, planned schedule Predictable home time you can count on Paid Vacation Performance Bonuses Top 20% of our OTR Drivers earn $1,500 Weekly Run 28 days out, get 5 days home. It’s the balance experienced drivers want—strong miles and real time off. Team Drivers: $5,000 Sign-On Bonus/split with an average of 5,000 miles per week! $0.72 - $0.…",CDL-A Company Driver - 1-5mo EXP Required - OTR - Dry Van - $1.5k per week - U.S. Xpress - OTR,42.049824,eyJhbGciOiJIUzI1NiJ9.eyJpIjoiNTc2NDUyMjg5NiIsInMiOiJ6bGJWQnVSbzhSR2RjS21nODlha1p3In0.OBJB21vQJlJ35uvDwCZJbuSloqAJsvcc3a0ypO-Mwlo,5764522896,"['US', 'Wyoming', 'Platte County', 'Wheatland']",Adzuna::API::Response::Location,"Wheatland, Platte County",U.S. Xpress - OTR,Adzuna::API::Response::Company,logistics-warehouse-jobs,Adzuna::API::Response::Category,Logistics & Warehouse Jobs,full_time,
0.0,-102.7242,2026-06-15T13:47:15Z,78000.0,0,Adzuna::API::Response::Job,https://www.adzuna.com/land/ad/5764522917?se=zlbVBuRo8RGdcKmg89akZw&utm_medium=api&utm_source=abfa41a4&v=9E3CF04F3AE628427FEB78D2036D4C37FB7F035E,"CDL-A OTR TRUCK DRIVERS: 52 - 56 CPM (based on experience). Solo OTR Drivers: Average 2,000 Miles Per Week $2,000 Sign On Bonus 100% No Touch Freight Consistent, planned schedule Predictable home time you can count on Paid Vacation Performance Bonuses Top 20% of our OTR Drivers earn $1,500 Weekly Run 28 days out, get 5 days home. It’s the balance experienced drivers want—strong miles and real time off. Team Drivers: $5,000 Sign-On Bonus/split with an average of 5,000 miles per week! $0.72 - $0.…",Class A CDL Company Driver - 1-5mo EXP Required - OTR - Dry Van - $1.5k per week - U.S. Xpress - OTR,34.64358,eyJhbGciOiJIUzI1NiJ9.eyJpIjoiNTc2NDUyMjkxNyIsInMiOiJ6bGJWQnVSbzhSR2RjS21nODlha1p3In0.1iPUp8xsfGfkEVgukFr5IL9r6REilkjOUi3De2JplnI,5764522917,"['US', 'Texas', 'Parker County', 'Friona']",Adzuna::API::Response::Location,"Friona, Parker County",U.S. Xpress - OTR,Adzuna::API::Response::Company,logistics-warehouse-jobs,Adzuna::API::Response::Category,Logistics & Warehouse Jobs,full_time,
0.0,-106.016029,2026-06-15T13:47:15Z,78000.0,0,Adzuna::API::Response::Job,https://www.adzuna.com/land/ad/5764522957?se=zlbVBuRo8RGdcKmg89akZw&utm_medium=api&utm_source=abfa41a4&v=67ECFD132F769A45EAAECD9630BF155907ABE0E4,"CDL-A OTR TRUCK DRIVERS: 52 - 56 CPM (based on experience). Solo OTR Drivers: Average 2,000 Miles Per Week $2,000 Sign On Bonus 100% No Touch Freight Consistent, planned schedule Predictable home time you can count on Paid Vacation Performance Bonuses Top 20% of our OTR Drivers earn $1,500 Weekly Run 28 days out, get 5 days home. It’s the balance experienced drivers want—strong miles and real time off. Team Drivers: $5,000 Sign-On Bonus/split with an average of 5,000 miles per week! $0.72 - $0.…",Truck Driver Company - 1-5mo EXP Required - OTR - Dry Van - $1.5k per week - U.S. Xpress - OTR,33.075537,eyJhbGciOiJIUzI1NiJ9.eyJpIjoiNTc2NDUyMjk1NyIsInMiOiJ6bGJWQnVSbzhSR2RjS21nODlha1p3In0.EJhZj7HjTMFmzXXMHqd9XND9eK23F_A9g2JRqFhgfjw,5764522957,"['US', 'New Mexico', 'Otero County', 'Tularosa']",Adzuna::API::Response::Location,"Tularosa, Otero County",U.S. Xpress - OTR,Adzuna::API::Response::Company,logistics-warehouse-jobs,Adzuna::API::Response::Category,Logistics & Warehouse Jobs,full_time,
0.0,-107.748375,2026-06-15T13:47:15Z,78000.0,0,Adzuna::API::Response::Job,https://www.adzuna.com/land/ad/5764522946?se=zlbVBuRo8RGdcKmg89akZw&utm_medium=api&utm_source=abfa41a4&v=77B133BF8CDA2F8108DF537A266272586F87F6B8,"CDL-A OTR TRUCK DRIVERS: 52 - 56 CPM (based on experience). Solo OTR Drivers: Average 2,000 Miles Per Week $2,000 Sign On Bonus 100% No Touch Freight Consistent, planned schedule Predictable home time you can count on Paid Vacation Performance Bonuses Top 20% of our OTR Drivers earn $1,500 Weekly Run 28 days out, get 5 days home. It’s the balance experienced drivers want—strong miles and real time off. Team Drivers: $5,000 Sign-On Bonus/split with an average of 5,000 miles per week! $0.72 - $0.…",Class A CDL Company Driver - 1-5mo EXP Required - OTR - Dry Van - $1.5k per week - U.S. Xpress - OTR,32.248327,eyJhbGciOiJIUzI1NiJ9.eyJzIjoiemxiVkJ1Um84UkdkY0ttZzg5YWtadyIsImkiOiI1NzY0NTIyOTQ2In0.YhaHXsdpSwusUJbl7tsQX-tQHbI9c5rZfHNLPC61P4I,5764522946,"['US', 'New Mexico', 'Luna County', 'Denning']",Adzuna::API::Response::Location,"Denning, Luna County",U.S. Xpress - OTR,Adzuna::API::Response::Company,logistics-warehouse-jobs,Adzuna::API::Response::Category,Logistics & Warehouse Jobs,full_time,
0.0,-104.803443,2026-06-15T13:47:15Z,78000.0,0,Adzuna::API::Response::Job,https://www.adzuna.com/land/ad/5764522981?se=zlbVBuRo8RGdcKmg89akZw&utm_medium=api&utm_source=abfa41a4&v=49E69306F7481114935F73213038D6D535252C41,"CDL-A OTR TRUCK DRIVERS: 52 - 56 CPM (based on experience). Solo OTR Drivers: Average 2,000 Miles Per Week $2,000 Sign On Bonus 100% No Touch Freight Consistent, planned schedule Predictable home time you can count on Paid Vacation Performance Bonuses Top 20% of our OTR Drivers earn $1,500 Weekly Run 28 days out, get 5 days home. It’s the balance experienced drivers want—strong miles and real time off. Team Drivers: $5,000 Sign-On Bonus/split with an average of 5,000 miles per week! $0.72 - $0.…",CDL-A Company Driver - 1-5mo EXP Required - OTR - Dry Van - $1.5k per week - U.S. Xpress - OTR,40.089185,eyJhbGciOiJIUzI1NiJ9.eyJzIjoiemxiVkJ1Um84UkdkY0ttZzg5YWtadyIsImkiOiI1NzY0NTIyOTgxIn0.O7YjA-3R_PtLPVYBNHwJPqkdJV-hjAslXw_UAVifEMU,5764522981,"['US', 'Colorado', 'Weld County', 'Fort Lupton']",Adzuna::API::Response::Location,"Fort Lupton, Weld County",U.S. Xpress - OTR,Adzuna::API::Response::Company,logistics-warehouse-jobs,Adzuna::API::Response::Category,Logistics & Warehouse Jobs,full_time,
0.0,-105.859988,2026-06-15T13:47:15Z,78000.0,0,Adzuna::API::Response::Job,https://www.adzuna.com/land/ad/5764522901?se=zlbVBuRo8RGdcKmg89akZw&utm_medium=api&utm_source=abfa41a4&v=3997C34FCD03A6E621A3B216A7A145FFD93E0DCA,"CDL-A OTR TRUCK DRIVERS: 52 - 56 CPM (based on experience). Solo OTR Drivers: Average 2,000 Miles Per Week $2,000 Sign On Bonus 100% No Touch Freight Consistent, planned schedule Predictable home time you can count on Paid Vacation Performance Bonuses Top 20% of our OTR Drivers earn $1,500 Weekly Run 28 days out, get 5 days home. It’s the balance experienced drivers want—strong miles and real time off. Team Drivers: $5,000 Sign-On Bonus/split with an average of 5,000 miles per week! $0.72 - $0.…",Class A CDL Company Driver - 1-5mo EXP Required - OTR - Dry Van - $1.5k per week - U.S. Xpress - OTR,42.867277,eyJhbGciOiJIUzI1NiJ9.eyJpIjoiNTc2NDUyMjkwMSIsInMiOiJ6bGJWQnVSbzhSR2RjS21nODlha1p3In0.mdb3_dMT2Nb52loy6fiH8i54dfZGNq8RNlKou5NPpeU,5764522901,"['US', 'Wyoming', 'Converse County', 'Glenrock']",Adzuna::API::Response::Location,"Glenrock, Converse County",U.S. Xpress - OTR,Adzuna::API::Response::Company,logistics-warehouse-jobs,Adzuna::API::Response::Category,Logistics & Warehouse Jobs,full_time,
0.0,-102.734641,2026-06-15T13:47:15Z,78000.0,0,Adzuna::API::Response::Job,https://www.adzuna.com/land/ad/5764522909?se=zlbVBuRo8RGdcKmg89akZw&utm_medium=api&utm_source=abfa41a4&v=5B8364511ACB462064592200EABF404A850C1D56,"CDL-A OTR TRUCK DRIVERS: 52 - 56 CPM (based on experience). Solo OTR Drivers: Average 2,000 Miles Per Week $2,000 Sign On Bonus 100% No Touch Freight Consistent, planned schedule Predictable home time you can count on Paid Vacation Performance Bonuses Top 20% of our OTR Drivers earn $1,500 Weekly Run 28 days out, get 5 days home. It’s the balance experienced drivers want—strong miles and real time off. Team Drivers: $5,000 Sign-On Bonus/split with an average of 5,000 miles per week! $0.72 - $0.…",Class A CDL Company Driver - 1-5mo EXP Required - OTR - Dry Van - $1.5k per week - U.S. Xpress - OTR,34.237017,eyJhbGciOiJIUzI1NiJ9.eyJpIjoiNTc2NDUyMjkwOSIsInMiOiJ6bGJWQnVSbzhSR2RjS21nODlha1p3In0.M66HM0_oy2mZIw1IPEsofwtdr1473wcwipH0eeocsoE,5764522909,"['US', 'Texas', 'Bailey County', 'Muleshoe']",Adzuna::API::Response::Location,"Muleshoe, Bailey County",U.S. Xpress - OTR,Adzuna::API::Response::Company,logistics-warehouse-jobs,Adzuna::API::Response::Category,Logistics & Warehouse Jobs,full_time,
0.0,-104.831095,2026-06-15T13:47:15Z,78000.0,0,Adzuna::API::Response::Job,https://www.adzuna.com/land/ad/5764522969?se=zlbVBuRo8RGdcKmg89akZw&utm_medium=api&utm_source=abfa41a4&v=EADAC4DB4FED20A2AD57C7C8791255AF5FEFF819,"CDL-A OTR TRUCK DRIVERS: 52 - 56 CPM (based on experience). Solo OTR Drivers: Average 2,000 Miles Per Week $2,000 Sign On Bonus 100% No Touch Freight Consistent, planned schedule Predictable home time you can count on Paid Vacation Performance Bonuses Top 20% of our OTR Drivers earn $1,500 Weekly Run 28 days out, get 5 days home. It’s the balance experienced drivers want—strong miles and real time off. Team Drivers: $5,000 Sign-On Bonus/split with an average of 5,000 miles per week! $0.72 - $0.…",CDL-A Company Driver - 1-5mo EXP Required - OTR - Dry Van - $1.5k per week - U.S. Xpress - OTR,39.364504,eyJhbGciOiJIUzI1NiJ9.eyJzIjoiemxiVkJ1Um84UkdkY0ttZzg5YWtadyIsImkiOiI1NzY0NTIyOTY5In0.GPjv4gOFEfcoRaRTGaHzRkORHYQIFye3e8AMD8Pyids,5764522969,"['US', 'Colorado', 'Douglas County', 'Castle Rock']",Adzuna::API::Response::Location,"Castle Rock, Douglas County",U.S. Xpress - OTR,Adzuna::API::Response::Company,logistics-warehouse-jobs,Adzuna::API::Response::Category,Logistics & Warehouse Jobs,full_time,
0.0,-104.975443,2026-06-15T13:47:15Z,78000.0,0,Adzuna::API::Response::Job,https://www.adzuna.com/land/ad/5764522898?se=zlbVBuRo8RGdcKmg89akZw&utm_medium=api&utm_source=abfa41a4&v=3DDAACA3AF37F426AC18DF5ECEC3CC41626E896E,"CDL-A OTR TRUCK DRIVERS: 52 - 56 CPM (based on experience). Solo OTR Drivers: Average 2,000 Miles Per Week $2,000 Sign On Bonus 100% No Touch Freight Consistent, planned schedule Predictable home time you can count on Paid Vacation Performance Bonuses Top 20% of our OTR Drivers earn $1,500 Weekly Run 28 days out, get 5 days home. It’s the balance experienced drivers want—strong miles and real time off. Team Drivers: $5,000 Sign-On Bonus/split with an average of 5,000 miles per week! $0.72 - $0.…",Truck Driver Company - 1-5mo EXP Required - OTR - Dry Van - $1.5k per week - U.S. Xpress - OTR,42.049824,eyJhbGciOiJIUzI1NiJ9.eyJzIjoiemxiVkJ1Um84UkdkY0ttZzg5YWtadyIsImkiOiI1NzY0NTIyODk4In0.R9obCFhk2Gfzad_Fvp-YS3DR57CWlOZCztCDOHsa9F4,5764522898,"['US', 'Wyoming', 'Platte County', 'Wheatland']",Adzuna::API::Response::Location,"Wheatland, Platte County",U.S. Xpress - OTR,Adzuna::API::Response::Company,logistics-warehouse-jobs,Adzuna::API::Response::Category,Logistics & Warehouse Jobs,full_time,
0.0,-105.240941,2026-06-15T13:47:15Z,78000.0,0,Adzuna::API::Response::Job,https://www.adzuna.com/land/ad/5764522961?se=zlbVBuRo8RGdcKmg89akZw&utm_medium=api&utm_source=abfa41a4&v=E1BD07577065FAD7A3579D83C36F2434572D4E8C,"CDL-A OTR TRUCK DRIVERS: 52 - 56 CPM (based on experience). Solo OTR Drivers: Average 2,000 Miles Per Week $2,000 Sign On Bonus 100% No Touch Freight Consistent, planned schedule Predictable home time you can count on Paid Vacation Performance Bonuses Top 20% of our OTR Drivers earn $1,500 Weekly Run 28 days out, get 5 days home. It’s the balance experienced drivers want—strong miles and real time off. Team Drivers: $5,000 Sign-On Bonus/split with an average of 5,000 miles per week! $0.72 - $0.…",CDL-A Company Driver - 1-5mo EXP Required - OTR - Dry Van - $1.5k per week - U.S. Xpress - OTR,39.808316,eyJhbGciOiJIUzI1NiJ9.eyJzIjoiemxiVkJ1Um84UkdkY0ttZzg5YWtadyIsImkiOiI1NzY0NTIyOTYxIn0.MeNUMQx3XID2F0eS-lMvdQxIm1g5ZpuxMv08UNq0JD0,5764522961,"['US', 'Colorado', 'Jefferson County', 'Blackhawk']",Adzuna::API::Response::Location,"Blackhawk, Jefferson County",U.S. Xpress - OTR,Adzuna::API::Response::Company,logistics-warehouse-jobs,Adzuna::API::Response::Category,Logistics & Warehouse Jobs,full_time,
0.0,-105.748261,2026-06-15T13:47:15Z,78000.0,0,Adzuna::API::Response::Job,https://www.adzuna.com/land/ad/5764522944?se=zlbVBuRo8RGdcKmg89akZw&utm_medium=api&utm_source=abfa41a4&v=DB1C2C2FF4F93E1BE204EBD04A6EEC1309E86307,"CDL-A OTR TRUCK DRIVERS: 52 - 56 CPM (based on experience). Solo OTR Drivers: Average 2,000 Miles Per Week $2,000 Sign On Bonus 100% No Touch Freight Consistent, planned schedule Predictable home time you can count on Paid Vacation Performance Bonuses Top 20% of our OTR Drivers earn $1,500 Weekly Run 28 days out, get 5 days home. It’s the balance experienced drivers want—strong miles and real time off. Team Drivers: $5,000 Sign-On Bonus/split with an average of 5,000 miles per week! $0.72 - $0.…",Class A CDL Company Driver - 1-5mo EXP Required - OTR - Dry Van - $1.5k per week - U.S. Xpress - OTR,33.199976,eyJhbGciOiJIUzI1NiJ9.eyJzIjoiemxiVkJ1Um84UkdkY0ttZzg5YWtadyIsImkiOiI1NzY0NTIyOTQ0In0.UzazPDq4vwQSdB8YJME6xjgg2jrVEURZF-QORwvjGfI,5764522944,"['US', 'New Mexico', 'Otero County', 'Mescalero']",Adzuna::API::Response::Location,"Mescalero, Otero County",U.S. Xpress - OTR,Adzuna::API::Response::Company,logistics-warehouse-jobs,Adzuna::API::Response::Category,Logistics & Warehouse Jobs,full_time,
0.0,-105.668345,2026-06-15T13:47:15Z,78000.0,0,Adzuna::API::Response::Job,https://www.adzuna.com/land/ad/5764522938?se=zlbVBuRo8RGdcKmg89akZw&utm_medium=api&utm_source=abfa41a4&v=7E4DA399DCA0E35E7D6B773EE72EFEEA9F86BBA6,"CDL-A OTR TRUCK DRIVERS: 52 - 56 CPM (based on experience). Solo OTR Drivers: Average 2,000 Miles Per Week $2,000 Sign On Bonus 100% No Touch Freight Consistent, planned schedule Predictable home time you can count on Paid Vacation Performance Bonuses Top 20% of our OTR Drivers earn $1,500 Weekly Run 28 days out, get 5 days home. It’s the balance experienced drivers want—strong miles and real time off. Team Drivers: $5,000 Sign-On Bonus/split with an average of 5,000 miles per week! $0.72 - $0.…",CDL-A Company Driver - 1-5mo EXP Required - OTR - Dry Van - $1.5k per week - U.S. Xpress - OTR,33.341816,eyJhbGciOiJIUzI1NiJ9.eyJzIjoiemxiVkJ1Um84UkdkY0ttZzg5YWtadyIsImkiOiI1NzY0NTIyOTM4In0.AiEgAyDZ-f9lGWZDkdHF4YEAE-qAb39UD3VQjFlQu1c,5764522938,"['US', 'New Mexico', 'Lincoln County', 'Ruidoso']",Adzuna::API::Response::Location,"Ruidoso, Lincoln County",U.S. Xpress - OTR,Adzuna::API::Response::Company,logistics-warehouse-jobs,Adzuna::API::Response::Category,Logistics & Warehouse Jobs,full_time,
0.0,-104.93232,2026-06-15T13:47:15Z,78000.0,0,Adzuna::API::Response::Job,https://www.adzuna.com/land/ad/5764522984?se=zlbVBuRo8RGdcKmg89akZw&utm_medium=api&utm_source=abfa41a4&v=D45A1772240803420EA1203A9BCDE0BEE8E3F0C3,"CDL-A OTR TRUCK DRIVERS: 52 - 56 CPM (based on experience). Solo OTR Drivers: Average 2,000 Miles Per Week $2,000 Sign On Bonus 100% No Touch Freight Consistent, planned schedule Predictable home time you can count on Paid Vacation Performance Bonuses Top 20% of our OTR Drivers earn $1,500 Weekly Run 28 days out, get 5 days home. It’s the balance experienced drivers want—strong miles and real time off. Team Drivers: $5,000 Sign-On Bonus/split with an average of 5,000 miles per week! $0.72 - $0.…",CDL-A Company Driver - 1-5mo EXP Required - OTR - Dry Van - $1.5k per week - U.S. Xpress - OTR,40.08366,eyJhbGciOiJIUzI1NiJ9.eyJzIjoiemxiVkJ1Um84UkdkY0ttZzg5YWtadyIsImkiOiI1NzY0NTIyOTg0In0.Z84HFlFgiJIzIL-aDkds3CSi6xqsEB2Q0KsEV-zEDTk,5764522984,"['US', 'Colorado', 'Weld County', 'Dacono']",Adzuna::API::Response::Location,"Dacono, Weld County",U.S. Xpress - OTR,Adzuna::API::Response::Company,logistics-warehouse-jobs,Adzuna::API::Response::Category,Logistics & Warehouse Jobs,full_time,
0.0,-103.721223,2026-06-15T13:47:15Z,78000.0,0,Adzuna::API::Response::Job,https://www.adzuna.com/land/ad/5764522912?se=zlbVBuRo8RGdcKmg89akZw&utm_medium=api&utm_source=abfa41a4&v=3378C66A0590ACB4E37987AF9A1BECE0B4D5F890,"CDL-A OTR TRUCK DRIVERS: 52 - 56 CPM (based on experience). Solo OTR Drivers: Average 2,000 Miles Per Week $2,000 Sign On Bonus 100% No Touch Freight Consistent, planned schedule Predictable home time you can count on Paid Vacation Performance Bonuses Top 20% of our OTR Drivers earn $1,500 Weekly Run 28 days out, get 5 days home. It’s the balance experienced drivers want—strong miles and real time off. Team Drivers: $5,000 Sign-On Bonus/split with an average of 5,000 miles per week! $0.72 - $0.…",CDL-A Company Driver - 1-5mo EXP Required - OTR - Dry Van - $1.5k per week - U.S. Xpress - OTR,35.170973,eyJhbGciOiJIUzI1NiJ9.eyJpIjoiNTc2NDUyMjkxMiIsInMiOiJ6bGJWQnVSbzhSR2RjS21nODlha1p3In0.jcIhacrzBdmcJdlsPWz-SvC0QEn17SHosF_-9QpgtPk,5764522912,"['US', 'New Mexico', 'Quay County', 'Tucumcari']",Adzuna::API::Response::Location,"Tucumcari, Quay County",U.S. Xpress - OTR,Adzuna::API::Response::Company,logistics-warehouse-jobs,Adzuna::API::Response::Category,Logistics & Warehouse Jobs,full_time,
0.0,-105.748261,2026-06-15T13:47:15Z,78000.0,0,Adzuna::API::Response::Job,https://www.adzuna.com/land/ad/5764522942?se=zlbVBuRo8RGdcKmg89akZw&utm_medium=api&utm_source=abfa41a4&v=2EC2CB31958F0B78959D793CA6FD2D791584EB9A,"CDL-A OTR TRUCK DRIVERS: 52 - 56 CPM (based on experience). Solo OTR Drivers: Average 2,000 Miles Per Week $2,000 Sign On Bonus 100% No Touch Freight Consistent, planned schedule Predictable home time you can count on Paid Vacation Performance Bonuses Top 20% of our OTR Drivers earn $1,500 Weekly Run 28 days out, get 5 days home. It’s the balance experienced drivers want—strong miles and real time off. Team Drivers: $5,000 Sign-On Bonus/split with an average of 5,000 miles per week! $0.72 - $0.…",CDL-A Company Driver - 1-5mo EXP Required - OTR - Dry Van - $1.5k per week - U.S. Xpress - OTR,33.199976,eyJhbGciOiJIUzI1NiJ9.eyJpIjoiNTc2NDUyMjk0MiIsInMiOiJ6bGJWQnVSbzhSR2RjS21nODlha1p3In0._4O3HkgUfBVtsk7tp7vLh5CxA3jphrJeet_7S7jgYDk,5764522942,"['US', 'New Mexico', 'Otero County', 'Mescalero']",Adzuna::API::Response::Location,"Mescalero, Otero County",U.S. Xpress - OTR,Adzuna::API::Response::Company,logistics-warehouse-jobs,Adzuna::API::Response::Category,Logistics & Warehouse Jobs,full_time,
