created,redirect_url,title,salary_is_predicted,contract_time,salary_min,adref,description,salary_max,id,__CLASS__,company.display_name,company.__CLASS__,location.area,location.display_name,location.__CLASS__,category.label,category.__CLASS__,category.tag,latitude,longitude,contract_type
2026-08-26T09:48:13Z,https://www.adzuna.com/details/5856858684?utm_medium=api&utm_source=abfa41a4,Medical Laboratory Scientist - Special Functions,1,full_time,83922.12,eyJhbGciOiJIUzI1NiJ9.eyJzIjoieUhsa2FWYWg4UkdaellFUWhEYzRMQSIsImkiOiI1ODU2ODU4Njg0In0.7CnwjJIuFDkSJN1kX86sfqhLnNvgfyuDEJYM2fsOx5Y,"Screen reader users may encounter difficulty with this site. For assistance with applying, please contact hr-accessibleapplication@osu.edu . If you have questions while submitting an application, please review these frequently asked questions . Current Employees and Students: If you are currently employed or enrolled as a student at The Ohio State University, please l og in to Workday to use the internal application process. Welcome to The Ohio State University's career site. We invite you to a…",83922.12,5856858684,Adzuna::API::Response::Job,The Ohio State University,Adzuna::API::Response::Company,['US'],US,Adzuna::API::Response::Location,Scientific & QA Jobs,Adzuna::API::Response::Category,scientific-qa-jobs,,,
2026-08-26T09:48:05Z,https://www.adzuna.com/land/ad/5856858671?se=yHlkaVah8RGZzYEQhDc4LA&utm_medium=api&utm_source=abfa41a4&v=A72E8F06DFB403407E56CA0342566F2383CEC9A0,"Educational Sign Language Interpreter - Tolleson, Arizona",1,,65998.88,eyJhbGciOiJIUzI1NiJ9.eyJpIjoiNTg1Njg1ODY3MSIsInMiOiJ5SGxrYVZhaDhSR1p6WUVRaERjNExBIn0.3nCUFdGvkWNjTBOgtCiaehfX3XbjS_Mt-jyZp0igdw4,"Job Description Job Description Exciting new opportunity for a skilled Sign Language Interpreter to support a high school student in a dynamic educational setting near Tolleson, AZ. This full-time contract role is ideal for someone passionate about fostering inclusive learning and making a difference in students' daily lives. You'll be working one-on-one with a student, ensuring clear and effective communication, and helping to create an accessible classroom environment. Key Qualifications: Val…",65998.88,5856858671,Adzuna::API::Response::Job,Soliant,Adzuna::API::Response::Company,"['US', 'Arizona', 'Maricopa County', 'Tolleson']","Tolleson, Maricopa County",Adzuna::API::Response::Location,Teaching Jobs,Adzuna::API::Response::Category,teaching-jobs,33.450043,-112.259321,
2026-08-26T09:48:04Z,https://www.adzuna.com/land/ad/5856858670?se=yHlkaVah8RGZzYEQhDc4LA&utm_medium=api&utm_source=abfa41a4&v=86E94340EE21E83FB5376958C80A3CA414815C13,Low Voltage Technician,1,,45183.44,eyJhbGciOiJIUzI1NiJ9.eyJzIjoieUhsa2FWYWg4UkdaellFUWhEYzRMQSIsImkiOiI1ODU2ODU4NjcwIn0.98xPzsBX3baC_vdeAt5aPHr6RtRtEl30opKvmpQ44cM,"Job Description Job Description Job Title: Low Voltage Technician Job Description This role supports commercial low voltage projects across multiple facilities in the Cleveland area. You will assist with installing and terminating low voltage cabling, including CAT6, and help complete structured cabling work in active construction environments. This is a short-term assignment expected to last at least one month, with the possibility of additional work depending on project needs. Responsibilitie…",45183.44,5856858670,Adzuna::API::Response::Job,Aerotek,Adzuna::API::Response::Company,"['US', 'Ohio', 'Cuyahoga County', 'Cleveland']","Cleveland, Cuyahoga County",Adzuna::API::Response::Location,Engineering Jobs,Adzuna::API::Response::Category,engineering-jobs,,,
2026-08-26T09:48:04Z,https://www.adzuna.com/land/ad/5856858669?se=yHlkaVah8RGZzYEQhDc4LA&utm_medium=api&utm_source=abfa41a4&v=A70BD16E128F606D10C652CD8A32338B6781DE9C,"Travel IMC RN in Oklahoma City, Oklahoma",1,,24543.87,eyJhbGciOiJIUzI1NiJ9.eyJpIjoiNTg1Njg1ODY2OSIsInMiOiJ5SGxrYVZhaDhSR1p6WUVRaERjNExBIn0.3-VFmup3OzQeV1zRWi0WBG4PT2Jki6t8LHUCOCCKkmI,"Job Description Job Description Responsibilities Intermediate Care Unit RNs (IMCU RNs) treat patients who are suffering from serious conditions, such as diabetes mellitus, electrolyte imbalances, renal failure, liver failure, gastrointestinal bleeds, blood disorders, cancer, sepsis, respiratory distress or multi-system organ failure. IMCU RN job responsibilities include, but are not limited to: Assess each patient’s needs individually and collect relevant data, such as temperature, blood pressu…",24543.87,5856858669,Adzuna::API::Response::Job,Gifted Healthcare,Adzuna::API::Response::Company,"['US', 'Indiana', 'Lawrence County', 'Guthrie']","Guthrie, Lawrence County",Adzuna::API::Response::Location,Healthcare & Nursing Jobs,Adzuna::API::Response::Category,healthcare-nursing-jobs,38.79439,-86.327535,
2026-08-26T09:48:01Z,https://www.adzuna.com/land/ad/5856858663?se=yHlkaVah8RGZzYEQhDc4LA&utm_medium=api&utm_source=abfa41a4&v=33AAAD6B0950F21025E6116A5EBD4E3E71500122,"Travel MedSurg RN in Edmond, Oklahoma",1,,20638.64,eyJhbGciOiJIUzI1NiJ9.eyJzIjoieUhsa2FWYWg4UkdaellFUWhEYzRMQSIsImkiOiI1ODU2ODU4NjYzIn0.vZ7mO217xPQK_wcDyXEzj04WqR__R_EnGVy4ITexHI0,"Job Description Job Description Responsibilities MedSurg RNs provide bedside care for a variety of patients and execute individualized patient assessments to create an individualized plan of care. MedSurg RNs prepare equipment and assist physicians during examination and treatment of patients. MedSurg RN job responsibilities include, but are not limited to: MedSurg RNs prepare, administer, and record prescribed medications Initiate alternative action when adverse symptomology is displayed Chang…",20638.64,5856858663,Adzuna::API::Response::Job,Gifted Healthcare,Adzuna::API::Response::Company,"['US', 'Oklahoma', 'Oklahoma County', 'Oklahoma City']","Oklahoma City, Oklahoma County",Adzuna::API::Response::Location,Healthcare & Nursing Jobs,Adzuna::API::Response::Category,healthcare-nursing-jobs,35.4678,-97.5164,
2026-08-26T09:47:58Z,https://www.adzuna.com/details/5856858660?utm_medium=api&utm_source=abfa41a4,RN - OB,1,part_time,41599.25,eyJhbGciOiJIUzI1NiJ9.eyJzIjoieUhsa2FWYWg4UkdaellFUWhEYzRMQSIsImkiOiI1ODU2ODU4NjYwIn0.oulbGZmZwVrKz_mFWOGBg5jsk1plFlvYtPkomc2W87I,"GetMed Staffing is searching for a strong OB RN to assist our traveler-friendly client. A minimum of 1-2 years of experience is required. Traveling with GetMed Staffing offers the unique opportunity to gain diverse experiences, both personally and professionally. Gain experience that matters.",41599.25,5856858660,Adzuna::API::Response::Job,Adventist Health and Rideout,Adzuna::API::Response::Company,"['US', 'California', 'Yuba County', 'Linda']","Linda, Yuba County",Adzuna::API::Response::Location,Legal Jobs,Adzuna::API::Response::Category,legal-jobs,39.16091,-121.546747,
2026-08-26T09:47:57Z,https://www.adzuna.com/details/5856858653?utm_medium=api&utm_source=abfa41a4,Senior Mechanical Engineer (Medical),1,full_time,96460.94,eyJhbGciOiJIUzI1NiJ9.eyJpIjoiNTg1Njg1ODY1MyIsInMiOiJ5SGxrYVZhaDhSR1p6WUVRaERjNExBIn0.dBcDd9GJaLGKRL9Gn0akDJpjbu-AmwiDvgGlXkcJO2Y,"We're looking for a Senior Mechanical Engineer for Midjourney Medical — from precision electromechanical assemblies up to the large-scale structures and mechanisms that hold everything together and make it move. This role spans the full range of scale: one week you might be refining a compact transducer mount, the next you're architecting a structural frame or designing the motion system that positions hardware within it. This is a hands-on role on a small cross-functional team. You'll take pro…",96460.94,5856858653,Adzuna::API::Response::Job,Midjourney,Adzuna::API::Response::Company,"['US', 'California', 'San Francisco']","San Francisco, California",Adzuna::API::Response::Location,Engineering Jobs,Adzuna::API::Response::Category,engineering-jobs,37.798085,-122.466538,
2026-08-26T09:47:56Z,https://www.adzuna.com/details/5856858649?utm_medium=api&utm_source=abfa41a4,Care Manager,1,full_time,63999.86,eyJhbGciOiJIUzI1NiJ9.eyJzIjoieUhsa2FWYWg4UkdaellFUWhEYzRMQSIsImkiOiI1ODU2ODU4NjQ5In0.61FNg_I_gGd2yXWSAzAo8PhuYaqN6hoHg2kuz1Z0Yfg,"Case Manager/Care Manager Full-Time (FT)-$8,000 Sign-On Bonus! Sign-on bonus offered and a great work-life balance! Community Care is hiring a Case Manager/Care Manager Day Shift for our Family Care Program in Milwaukee, WI. Offering an $8,000 sign-on bonus! This is a Monday through Friday position, 8:00 a.m. to 4:30 p.m.This rewarding opportunity is perfect for someone who enjoys team collaboration, community nursing case management, being part of a mission driven organization and who shares o…",63999.86,5856858649,Adzuna::API::Response::Job,Community Care,Adzuna::API::Response::Company,"['US', 'Wisconsin', 'Milwaukee County', 'Milwaukee']","Milwaukee, Milwaukee County",Adzuna::API::Response::Location,Healthcare & Nursing Jobs,Adzuna::API::Response::Category,healthcare-nursing-jobs,43.043978,-87.899151,
2026-08-26T09:47:55Z,https://www.adzuna.com/details/5856858641?utm_medium=api&utm_source=abfa41a4,Engineering Intern,1,full_time,48683.88,eyJhbGciOiJIUzI1NiJ9.eyJpIjoiNTg1Njg1ODY0MSIsInMiOiJ5SGxrYVZhaDhSR1p6WUVRaERjNExBIn0._uF4Sdtza7Y3AsSm5QBzesEYkV2DF9rnYLewjQkg3Ps,"Description About Us Coleman Company, Inc. is a multidisciplinary civil engineering, planning, landscape architecture, and land surveying firm based in Savannah, GA. We deliver municipal, residential, commercial, and industrial development projects across the Southeast, known for our technical precision, responsive service, and collaborative approach. Coleman has been recognized as one of Zweig Group's Best Firms to Work For and was recently named the Georgia Society of Professional Engineers' …",48683.88,5856858641,Adzuna::API::Response::Job,Coleman Company,Adzuna::API::Response::Company,"['US', 'Georgia', 'Chatham County', 'Garden']","Garden, Chatham County",Adzuna::API::Response::Location,Engineering Jobs,Adzuna::API::Response::Category,engineering-jobs,32.0403,-81.1617,contract
2026-08-26T09:47:55Z,https://www.adzuna.com/details/5856858642?utm_medium=api&utm_source=abfa41a4,Outpatient Registered Nurse - RN - Dialysis,1,full_time,60568.02,eyJhbGciOiJIUzI1NiJ9.eyJpIjoiNTg1Njg1ODY0MiIsInMiOiJ5SGxrYVZhaDhSR1p6WUVRaERjNExBIn0.ypKba8ui9GrGC_EGoVLNqYwAd-VWviwezQtRiEcMqGc,"PURPOSE AND SCOPE: The professional registered nurse Outpatient RN CAP 1 is an entry level designation into the Clinical Advancement Program (CAP). This position is accountable and responsible for the provision and coordination of clinically competent care including assessment, planning, intervention and evaluation for an assigned group of patients. This may include delegation of appropriate tasks to direct patient care staff including but not limited to RNs, LVN/LPNs and Patient Care Technicia…",60568.02,5856858642,Adzuna::API::Response::Job,Fresenius Medical Care,Adzuna::API::Response::Company,"['US', 'Georgia', 'Cobb County', 'Marietta']","Marietta, Cobb County",Adzuna::API::Response::Location,Healthcare & Nursing Jobs,Adzuna::API::Response::Category,healthcare-nursing-jobs,33.895519,-84.590337,
2026-08-26T09:47:54Z,https://www.adzuna.com/details/5856858639?utm_medium=api&utm_source=abfa41a4,Blood Bank Medical Technologist/MLT - Hopewell - Per Diem - Day,1,part_time,109734.77,eyJhbGciOiJIUzI1NiJ9.eyJpIjoiNTg1Njg1ODYzOSIsInMiOiJ5SGxrYVZhaDhSR1p6WUVRaERjNExBIn0.-7n2wzH0YvpMT-9KvE58PjVxq2nWMj0lwmV23tDhoDc,"Capital Health is the region's leader in providing progressive, quality patient care with significant investments in our exceptional physicians, nurses and staff, as well as advanced technology. Capital Health is a dynamic health care resource accredited by the DNV that includes two hospitals, an outpatient center, satellite ED, and an expansive network of primary and specialty care. Capital Health Medical Group is made up of more than 600 physicians and other providers who offer primary and sp…",109734.77,5856858639,Adzuna::API::Response::Job,Capital Health,Adzuna::API::Response::Company,"['US', 'New Jersey', 'Mercer County', 'Hopewell']","Hopewell, Mercer County",Adzuna::API::Response::Location,Scientific & QA Jobs,Adzuna::API::Response::Category,scientific-qa-jobs,40.389273,-74.761828,
2026-08-26T09:47:54Z,https://www.adzuna.com/details/5856858640?utm_medium=api&utm_source=abfa41a4,Title I - Teacher/Family Assistant III - (School Wide) - CIMARRON MEMORIAL HS,1,,49339.04,eyJhbGciOiJIUzI1NiJ9.eyJzIjoieUhsa2FWYWg4UkdaellFUWhEYzRMQSIsImkiOiI1ODU2ODU4NjQwIn0.SYZHRP1Z3bQ2sUKoBRlV3lg2I9VxH6LdHOEBaOC9Jf0,"Please ensure that you have read the job description for the position. https://ccsd.net/employees/resources/pdf/desc/support-staff/0188.pdf Education, Training, and Experience 1. High school graduation or other equivalent (General Educational Development [GED], foreign equivalency, etc.). 2. Minimum of 48 credits from an accredited college or university or a passing score on the Educational Testing Service (ETS) ParaPro assessment. 3. Six (6) months’ school/community work experience related to …",49339.04,5856858640,Adzuna::API::Response::Job,Taleo Social Sourcing/Licensed,Adzuna::API::Response::Company,"['US', 'Nevada', 'Clark County', 'Las Vegas']","Las Vegas, Clark County",Adzuna::API::Response::Location,Teaching Jobs,Adzuna::API::Response::Category,teaching-jobs,35.920884,-115.165201,
2026-08-26T09:47:54Z,https://www.adzuna.com/details/5856858636?utm_medium=api&utm_source=abfa41a4,Store Customer Service Specialist,1,,34752.81,eyJhbGciOiJIUzI1NiJ9.eyJpIjoiNTg1Njg1ODYzNiIsInMiOiJ5SGxrYVZhaDhSR1p6WUVRaERjNExBIn0.vZT7FG-tlAty11GJk-5ysAioTXAjQPaJEXiJq6o-soo,"Description This position is essential to the success of our retail stores. Customer Service Specialists work closely with wholesale and retail customers to determine their needs, answer their questions about Sherwin-Williams products, and recommend the right solutions. Customer Service Specialists are also expected to promptly resolve any customer concerns and ensure maximum client satisfaction as well as stay up-to-date with product features and maintain the high quality and visual standards …",34752.81,5856858636,Adzuna::API::Response::Job,Sherwin-Williams,Adzuna::API::Response::Company,"['US', 'Texas', 'Harris County', 'Houston', 'Kingwood']","Kingwood, Houston",Adzuna::API::Response::Location,Retail Jobs,Adzuna::API::Response::Category,retail-jobs,30.057536,-95.190299,
2026-08-26T09:47:53Z,https://www.adzuna.com/details/5856858632?utm_medium=api&utm_source=abfa41a4,General Cleaner Academy Sport Amarillo,1,,33842.8,eyJhbGciOiJIUzI1NiJ9.eyJpIjoiNTg1Njg1ODYzMiIsInMiOiJ5SGxrYVZhaDhSR1p6WUVRaERjNExBIn0.wrpVW8AIeq3orJpMHLlBdqfd4CpbwV4BABQok2pO_sU,"PRIMARY PURPOSE To perform a variety of cleaning activities in assigned buildings/facilities, keeping in clean, sanitary and orderly condition and to perform other tasks related to the area of assignment. ESSENTIAL RESPONSIBILITIES: High Dusting Using a treated high duster, begin cleaning in a counter clockwise direction around the room - high dust surfaces above shoulder height, i.e., lights above doors, curtain tips, vents and ledges. Cleaning the High Duster: Gently brush in a downward direc…",33842.8,5856858632,Adzuna::API::Response::Job,Bluechip Pros,Adzuna::API::Response::Company,"['US', 'Texas', 'Potter County', 'Amarillo']","Amarillo, Potter County",Adzuna::API::Response::Location,Domestic help & Cleaning Jobs,Adzuna::API::Response::Category,domestic-help-cleaning-jobs,35.20454,-101.840707,
2026-08-26T09:47:51Z,https://www.adzuna.com/details/5856858629?utm_medium=api&utm_source=abfa41a4,Certified: School Counselor,1,full_time,74568.03,eyJhbGciOiJIUzI1NiJ9.eyJzIjoieUhsa2FWYWg4UkdaellFUWhEYzRMQSIsImkiOiI1ODU2ODU4NjI5In0.Z_96qnZzi_mAyVG_W5hhy03T8saAAdYmU9Px7rVbKDI,"Position Type: School-Based Support Staff/ School Counselor Date Posted: 8/24/2026 Location: Verrado High School Closing Date: Until Filled Additional Information: Show/Hide JOB DESCRIPTION ï¿½ SCHOOL COUNSELOR TITLE: School Counselor FTE: 1.0 FLSA STATUS: Exempt WORK CALENDAR: 197 days COMPENSATION: Certified School-Based Support Staff Compensation Guide (Starting $55,430) ESSENTIAL DUTIES AND RESPONSIBILITIES Provide a welcoming atmosphere for students, staff, parents and community Adhere to …",74568.03,5856858629,Adzuna::API::Response::Job,Agua Fria High School District,Adzuna::API::Response::Company,['US'],US,Adzuna::API::Response::Location,Teaching Jobs,Adzuna::API::Response::Category,teaching-jobs,,,
2026-08-26T09:47:49Z,https://www.adzuna.com/details/5856858626?utm_medium=api&utm_source=abfa41a4,Special Education Teacher,1,full_time,62793.84,eyJhbGciOiJIUzI1NiJ9.eyJzIjoieUhsa2FWYWg4UkdaellFUWhEYzRMQSIsImkiOiI1ODU2ODU4NjI2In0.RKc53c2Bo5Yj8_fDdn4E9zF8X1POmBS8n3Pd64FceFo,"Reports to: Campus Principal Wage/Hour Status: Exempt Pay Family: Teacher Hiring Schedule Minimum Salary: Teacher Hiring Schedule Duty Days: 187 days per year Primary Purpose: Provides students with appropriate learning activities and experiences designed to fulfill their potential for intellectual, emotional, physical and social growth. Enables students to develop competencies and skills to function successfully in society. Qualifications: Education and Certification Bachelor’s degree required…",62793.84,5856858626,Adzuna::API::Response::Job,Denton Independent School District,Adzuna::API::Response::Company,"['US', 'Texas', 'Denton County', 'Little Elm']","Little Elm, Denton County",Adzuna::API::Response::Location,Teaching Jobs,Adzuna::API::Response::Category,teaching-jobs,33.162619,-96.937505,
2026-08-26T09:47:47Z,https://www.adzuna.com/details/5856858617?utm_medium=api&utm_source=abfa41a4,In-Store Shopper,1,part_time,46856.21,eyJhbGciOiJIUzI1NiJ9.eyJpIjoiNTg1Njg1ODYxNyIsInMiOiJ5SGxrYVZhaDhSR1p6WUVRaERjNExBIn0.sKNSvLKbldcoP3N7g6RA6Zru-xN5HLnmGRLSq6YPmoE,"Description Click here to see - A Day in the Life - In Store Shopper A Day in the Life: As the In-Store Shopper you will have the opportunity to be the best and select “the best of the best” for our online shoppers. To be successful in the position, you must take pride in your work, care about what is selected for our customers, and be quick on your feet to determine substitute products, if need be. The In-Store Shopper not only helps our online customers but those in our store as well. You’ll …",46856.21,5856858617,Adzuna::API::Response::Job,Albertsons,Adzuna::API::Response::Company,"['US', 'Washington', 'Chelan County', 'Mission Square']","Mission Square, Chelan County",Adzuna::API::Response::Location,Retail Jobs,Adzuna::API::Response::Category,retail-jobs,47.43378,-120.32922,
2026-08-26T09:47:46Z,https://www.adzuna.com/land/ad/5856858613?se=yHlkaVah8RGZzYEQhDc4LA&utm_medium=api&utm_source=abfa41a4&v=D80C2345205EA107C4F4489F6B15732AF07FB172,Aerospace Technician,1,,76721.42,eyJhbGciOiJIUzI1NiJ9.eyJzIjoieUhsa2FWYWg4UkdaellFUWhEYzRMQSIsImkiOiI1ODU2ODU4NjEzIn0.Zg675JbUQJov186RFgqjvKswJ5GSFvsbA2SyDMB2dWM,"Job Description Job Description Job Title: Technician - Aerospace Job Description This role is crucial in the final verification, systems bring-up, and quality delivery of completed UAS airframes. The specialist is responsible for confirming the structural, electrical, and mechanical conformance of each aircraft, performing weight and balance measurements, conducting full system checkouts and engine runs, and preparing/loading aircraft for customer delivery. Responsibilities Work to engineering…",76721.42,5856858613,Adzuna::API::Response::Job,Actalent,Adzuna::API::Response::Company,"['US', 'Alabama', 'Madison County', 'Madison']","Madison, Madison County",Adzuna::API::Response::Location,Engineering Jobs,Adzuna::API::Response::Category,engineering-jobs,34.78047,-86.746666,
2026-08-26T09:47:46Z,https://www.adzuna.com/land/ad/5856858611?se=yHlkaVah8RGZzYEQhDc4LA&utm_medium=api&utm_source=abfa41a4&v=2478CA2658C5E37A805898CEF4A5B7213A28FDD1,"School-Based Registered Nurse (RN) | Waukegan, Illinois",1,,93592.62,eyJhbGciOiJIUzI1NiJ9.eyJzIjoieUhsa2FWYWg4UkdaellFUWhEYzRMQSIsImkiOiI1ODU2ODU4NjExIn0.jRY6A1HnZCIe77SNXBPNX8Ix79VEVaT3P_AZ_OpxjuE,"Job Description Job Description Make a meaningful difference in the lives of elementary students as a dedicated school nurse at a vibrant K–6 campus near Waukegan, IL. This full-time, onsite contract role places you at the heart of a welcoming educational community, where you'll play a vital role in supporting student wellness and contributing to a caring school environment. Key Responsibilities: Deliver compassionate, high-quality nursing care to students in grades K–6. Provide specialized sup…",93592.62,5856858611,Adzuna::API::Response::Job,Sunbelt Staffing,Adzuna::API::Response::Company,"['US', 'Illinois', 'Lake County', 'Waukegan']","Waukegan, Lake County",Adzuna::API::Response::Location,Healthcare & Nursing Jobs,Adzuna::API::Response::Category,healthcare-nursing-jobs,42.352672,-87.862131,
2026-08-26T09:47:45Z,https://www.adzuna.com/details/5856858606?utm_medium=api&utm_source=abfa41a4,Mechanical Engineering Supervisor,1,full_time,116786.33,eyJhbGciOiJIUzI1NiJ9.eyJpIjoiNTg1Njg1ODYwNiIsInMiOiJ5SGxrYVZhaDhSR1p6WUVRaERjNExBIn0.FqiVCrqUMMhoCn7K4AfjuzJtSNf0ro9hTjHy6qYC7os,"We work alongside the best and brightest to do incredibly cool things you wouldn't believe. At Roush, you're part of building the future. Are you someone that has a passion for providing innovated solutions to complex challenges? Do you want to work someplace where creativity and new ideas are encouraged? If so, then keep reading. We fuse technology and engineering to provide product development solutions to customers in a diverse range of industries. Widely recognized for providing engineering…",116786.33,5856858606,Adzuna::API::Response::Job,ROUSH,Adzuna::API::Response::Company,"['US', 'Michigan', 'Wayne County', 'Allen Park']","Allen Park, Wayne County",Adzuna::API::Response::Location,Engineering Jobs,Adzuna::API::Response::Category,engineering-jobs,42.257539,-83.211038,
2026-08-26T09:47:44Z,https://www.adzuna.com/details/5856858599?utm_medium=api&utm_source=abfa41a4,Faculty Physician / Clinician Educator (Chatham Hospital),1,full_time,98913.95,eyJhbGciOiJIUzI1NiJ9.eyJzIjoieUhsa2FWYWg4UkdaellFUWhEYzRMQSIsImkiOiI1ODU2ODU4NTk5In0.sEMoD5KpSC2iBuOo5wx97JwkgRdj5S5F9rYQPHAd0BY,"Position Summary The Department of Family Medicine at the University of North Carolina at Chapel Hill, in association with UNC Health and Chatham Hospital, seeks a Family or Emergency Medicine Physician with broad interests for an exciting clinical position. Clinical time will be focused in staffing the Emergency Department of a teaching hospital located 30 miles outside of Chapel Hill. Chatham Hospital is a 25-bed rural, Critical Access Hospital located in Siler City, NC. This is an amazing op…",98913.95,5856858599,Adzuna::API::Response::Job,UNC-Chapel Hill,Adzuna::API::Response::Company,"['US', 'North Carolina', 'Orange County', 'Chapel Hill']","Chapel Hill, Orange County",Adzuna::API::Response::Location,Healthcare & Nursing Jobs,Adzuna::API::Response::Category,healthcare-nursing-jobs,35.967136,-79.040886,
2026-08-26T09:47:44Z,https://www.adzuna.com/land/ad/5856858598?se=yHlkaVah8RGZzYEQhDc4LA&utm_medium=api&utm_source=abfa41a4&v=411EAFFF2AA3E34C51779672C3060585EBBAD310,RN - Case Manager - Travel,0,,126932.0,eyJhbGciOiJIUzI1NiJ9.eyJpIjoiNTg1Njg1ODU5OCIsInMiOiJ5SGxrYVZhaDhSR1p6WUVRaERjNExBIn0.lyKLfscTArEmdQgmWn9o1QmktsTr1hf5dzz5eGIoFt4,"Job Description Job Description Gross Pay (weekly): $2441.0 Taxable Pay (weekly): 1008.0 Non-taxable Pay (weekly): 1433.0 RN - Case Manager - Travel Shift: 08:00 AM to 04:30 PM Location: Torrance, CA Scheduled Hours : 40 \nCompany Description Protouch Staffing is a trusted staffing partner specializing in connecting skilled professionals with top employers. While we originally focused on healthcare staffing, we’ve expanded into legal and other domains to meet evolving workforce needs across ind…",126932.0,5856858598,Adzuna::API::Response::Job,Protouch Staffing,Adzuna::API::Response::Company,"['US', 'California', 'Los Angeles County', 'Torrance']","Torrance, Los Angeles County",Adzuna::API::Response::Location,HR & Recruitment Jobs,Adzuna::API::Response::Category,hr-jobs,33.829187,-118.316971,
2026-08-26T09:47:44Z,https://www.adzuna.com/land/ad/5856858600?se=yHlkaVah8RGZzYEQhDc4LA&utm_medium=api&utm_source=abfa41a4&v=60A25537F0E063D19F8A23D9C47B8F8AD1B80AE5,Industrial Maintenance Technician 28 To 33 An Hour,1,,42647.82,eyJhbGciOiJIUzI1NiJ9.eyJpIjoiNTg1Njg1ODYwMCIsInMiOiJ5SGxrYVZhaDhSR1p6WUVRaERjNExBIn0.pPb39fAhahC2P2c9SrD-kIW2j3YFyd1DlTNkDcvHViQ,"Job Description Job Description Industrial Maintenance Technician Location: Euclid, OH Pay: Up to $34/hr  $1.50/hr Shift Differential Shifts Available: 2nd Shift: 1:00 PM - 9:00 PM (Monday-Friday) 3rd Shift: 9:00 PM - 5:00 AM (Monday-Friday) About the Role Our client is seeking an experienced Industrial Maintenance Technician to support production operations through troubleshooting, repair, and preventive maintenance of industrial equipment and facility systems. This position is heavily focused…",42647.82,5856858600,Adzuna::API::Response::Job,Aerotek,Adzuna::API::Response::Company,"['US', 'Ohio', 'Cuyahoga County', 'Cleveland']","Cleveland, Cuyahoga County",Adzuna::API::Response::Location,Engineering Jobs,Adzuna::API::Response::Category,engineering-jobs,,,
2026-08-26T09:47:44Z,https://www.adzuna.com/land/ad/5856858597?se=yHlkaVah8RGZzYEQhDc4LA&utm_medium=api&utm_source=abfa41a4&v=2ECC072DB07F998675EE6ED40A7DCAD11AB112F3,"Travel MedSurg RN in Durant, Oklahoma",1,,23067.85,eyJhbGciOiJIUzI1NiJ9.eyJzIjoieUhsa2FWYWg4UkdaellFUWhEYzRMQSIsImkiOiI1ODU2ODU4NTk3In0.F9uhcXJGIGNu7MKVPEC5pXxEuqdpw0rPkR5ZjfmmfWk,"Job Description Job Description Responsibilities MedSurg RNs provide bedside care for a variety of patients and execute individualized patient assessments to create an individualized plan of care. MedSurg RNs prepare equipment and assist physicians during examination and treatment of patients. MedSurg RN job responsibilities include, but are not limited to: MedSurg RNs prepare, administer, and record prescribed medications Initiate alternative action when adverse symptomology is displayed Chang…",23067.85,5856858597,Adzuna::API::Response::Job,Gifted Healthcare,Adzuna::API::Response::Company,"['US', 'Florida', 'Hillsborough County', 'Durant']","Durant, Hillsborough County",Adzuna::API::Response::Location,Healthcare & Nursing Jobs,Adzuna::API::Response::Category,healthcare-nursing-jobs,27.905041,-82.170186,
2026-08-26T09:47:44Z,https://www.adzuna.com/land/ad/5856858603?se=yHlkaVah8RGZzYEQhDc4LA&utm_medium=api&utm_source=abfa41a4&v=0C218156C96265E7A11A9B509E94705740E27E33,Crew Member,1,,27364.19,eyJhbGciOiJIUzI1NiJ9.eyJzIjoieUhsa2FWYWg4UkdaellFUWhEYzRMQSIsImkiOiI1ODU2ODU4NjAzIn0.s4a3ejsq1Tk9UCnvNdu35t2FN6gO-fVA9ufwzu_TnMI,Job Description Job Description JOB DESCRIPTION The Crew Member works productively as part of the restaurant team and performs his or her job responsibilities in such a way that all products the Crew Member makes are of high quality and the customers the Crew Member serves are satisﬁed. The duties and responsibilities described are not a comprehensive list and additional tasks may be assigned from time to time or the scope of the job may change as necessitated by business demands so please disc…,27364.19,5856858603,Adzuna::API::Response::Job,Little Caesars,Adzuna::API::Response::Company,"['US', 'Arizona', 'Greenlee County', 'Duncan']","Duncan, Greenlee County",Adzuna::API::Response::Location,Hospitality & Catering Jobs,Adzuna::API::Response::Category,hospitality-catering-jobs,32.72146,-109.105341,
2026-08-26T09:47:44Z,https://www.adzuna.com/land/ad/5856858601?se=yHlkaVah8RGZzYEQhDc4LA&utm_medium=api&utm_source=abfa41a4&v=056EE6EAA75997A0463F393206065007D780C225,Maintenance Mechanic,1,,48390.78,eyJhbGciOiJIUzI1NiJ9.eyJpIjoiNTg1Njg1ODYwMSIsInMiOiJ5SGxrYVZhaDhSR1p6WUVRaERjNExBIn0.ii_hLCgP6rd9bjiH53qqdULsF_-ytNBg824qqWYvFW8,"Job Description Job Description Maintenance Mechanic 2nd or 3rd Shift Pay up to $37/hr Job Description We are seeking a skilled Maintenance Mechanic to repair and maintain industrial equipment, including boilers, blast furnaces, cranes, gearboxes, mobile equipment, and more. The ideal candidate will be adept at handling power train systems, hydraulic and pneumatic systems, and possess the ability to read and interpret blueprints for repairs. Responsibilities Mechanically repair and troubleshoot…",48390.78,5856858601,Adzuna::API::Response::Job,Aerotek,Adzuna::API::Response::Company,"['US', 'Illinois', 'Cook County', 'Chicago']","Chicago, Cook County",Adzuna::API::Response::Location,Engineering Jobs,Adzuna::API::Response::Category,engineering-jobs,41.877521,-87.611233,
2026-08-26T09:47:44Z,https://www.adzuna.com/land/ad/5856858604?se=yHlkaVah8RGZzYEQhDc4LA&utm_medium=api&utm_source=abfa41a4&v=27E42B158BDE5E6D5D3C61EE3F5DC7089E425E49,Assistant Branch Manager CDL,0,,54080.0,eyJhbGciOiJIUzI1NiJ9.eyJpIjoiNTg1Njg1ODYwNCIsInMiOiJ5SGxrYVZhaDhSR1p6WUVRaERjNExBIn0.Pf-lvk_4QU_rmy2Ri0APdARa32fM7JI7rPOPlvSioZo,"Job Description Job Description Company OverviewSpee Dee Delivery is a family owned and operated company that was started in 1978 by Donald and Sylvia Weeres. Our core business is in standard, next-day, ground delivery. The corporate headquarters and main sort facility is located in St. Cloud, MN. We currently employ over 1,800 employees company wide and over the years we have expanded throughout the Midwest. Job SummaryThe Assistant Branch Manager will support daily branch operations and lead …",62400.0,5856858604,Adzuna::API::Response::Job,Spee-Dee Delivery Service,Adzuna::API::Response::Company,"['US', 'Iowa', 'Des Moines County', 'Dodgeville']","Dodgeville, Des Moines County",Adzuna::API::Response::Location,Logistics & Warehouse Jobs,Adzuna::API::Response::Category,logistics-warehouse-jobs,40.943092,-91.180704,
2026-08-26T09:47:43Z,https://www.adzuna.com/land/ad/5856858595?se=yHlkaVah8RGZzYEQhDc4LA&utm_medium=api&utm_source=abfa41a4&v=50AA7987B622B1E42953F4737484CDCF7B488C31,Manufacturing Systems and Simulation MP&P Engineer,1,,115525.95,eyJhbGciOiJIUzI1NiJ9.eyJzIjoieUhsa2FWYWg4UkdaellFUWhEYzRMQSIsImkiOiI1ODU2ODU4NTk1In0.ErzT0aT4AvRmR0EjV0yCcU21hL3WSYA6rsfFgUaS1ZY,"Job Description At Boeing, we innovate and collaborate to make the world a better place. We’re committed to fostering an environment for every teammate that’s welcoming, respectful and inclusive, with great opportunity for professional growth. Find your future with us. A t Boeing, we innovate and collaborate to make the world a better place. We’re committed to fostering an environment for every teammate that’s welcoming, respectful and inclusive, with great opportunity for professional growth. …",115525.95,5856858595,Adzuna::API::Response::Job,Boeing,Adzuna::API::Response::Company,"['US', 'South Carolina', 'Charleston County', 'Pinehaven']","Pinehaven, Charleston County",Adzuna::API::Response::Location,Engineering Jobs,Adzuna::API::Response::Category,engineering-jobs,32.8542,-79.9899,permanent
2026-08-26T09:47:40Z,https://www.adzuna.com/land/ad/5856858583?se=yHlkaVah8RGZzYEQhDc4LA&utm_medium=api&utm_source=abfa41a4&v=440D5D447C690AEE496B728AD48ED5AF2E24587E,Rail Operator,1,,74906.38,eyJhbGciOiJIUzI1NiJ9.eyJzIjoieUhsa2FWYWg4UkdaellFUWhEYzRMQSIsImkiOiI1ODU2ODU4NTgzIn0.9D2L_EJfbDS2Z-xJc9UdNXp8vyj8njbXXSi2LdWFjqs,"Job Description Job Description Location: Geocycle Chesterfield VA Job Req ID: 17665 Join our amazing team and contribute as a: Rail Operator ABOUT THE ROLE Primarily responsible for driving trains safely from one destination to another within the site responsibilities. WHAT YOU'LL ACCOMPLISH Successful and safe operation of locomotive. Demonstrate a commitment to communicating, improving and adhering to health, safety and environmental policies in all work environments and areas. Promote a cul…",74906.38,5856858583,Adzuna::API::Response::Job,Amrize,Adzuna::API::Response::Company,"['US', 'Iowa', 'Pocahontas County', 'Pocahontas']","Pocahontas, Pocahontas County",Adzuna::API::Response::Location,Engineering Jobs,Adzuna::API::Response::Category,engineering-jobs,42.73,-94.674,
2026-08-26T09:47:40Z,https://www.adzuna.com/land/ad/5856858586?se=yHlkaVah8RGZzYEQhDc4LA&utm_medium=api&utm_source=abfa41a4&v=CE296C2F41E5DFBC1D68AED0EBACC5EFFA025233,HR Aviation And Aerospace Manager,1,,131034.7,eyJhbGciOiJIUzI1NiJ9.eyJpIjoiNTg1Njg1ODU4NiIsInMiOiJ5SGxrYVZhaDhSR1p6WUVRaERjNExBIn0.1Sfn3HuiJ85-mhKPa-RCRQ-HzpXQxeCCftiOVgBhqHk,"Job Description Job Description Job Title: Bilingual Human Resources Manager Job Description The Bilingual Human Resources Manager will lead and build the internal HR function for a growing organization. This role oversees employee relations, recruiting, performance management, benefits administration, compliance, and HR process development while serving as a strategic partner to leadership. The position is ideal for a hands-on HR professional with 5 years of progressive experience who thrives …",131034.7,5856858586,Adzuna::API::Response::Job,Aston Carter,Adzuna::API::Response::Company,"['US', 'Florida', 'Broward County', 'Fort Lauderdale']","Fort Lauderdale, Broward County",Adzuna::API::Response::Location,HR & Recruitment Jobs,Adzuna::API::Response::Category,hr-jobs,26.124272,-80.128901,
2026-08-26T09:47:40Z,https://www.adzuna.com/details/5856858585?utm_medium=api&utm_source=abfa41a4,"Director, Demand Generation",0,full_time,200000.0,eyJhbGciOiJIUzI1NiJ9.eyJzIjoieUhsa2FWYWg4UkdaellFUWhEYzRMQSIsImkiOiI1ODU2ODU4NTg1In0.TUQDhuHxPRsg9i3mZ47FykqrPnRSNG6VhUIcYX5NRrY,"Director, Demand Generation About the Role We are looking for a Director of Demand Generation to build and lead an always-on, signal-driven demand engine that grows marketing led pipeline and revenue, with a clear mandate to make inbound our primary source of pipeline. We see a leader who moves the function beyond forms and MQLs to real-time detection of in-market accounts and buying groups, who creates website traffic, converts that into pipeline, and who uses modern tooling to operate demand …",230000.0,5856858585,Adzuna::API::Response::Job,Aptiv,Adzuna::API::Response::Company,"['US', 'California', 'Contra Costa County', 'Walnut Creek']","Walnut Creek, Contra Costa County",Adzuna::API::Response::Location,"PR, Advertising & Marketing Jobs",Adzuna::API::Response::Category,pr-advertising-marketing-jobs,37.865566,-122.0667,
2026-08-26T09:47:38Z,https://www.adzuna.com/details/5856858571?utm_medium=api&utm_source=abfa41a4,Door Person - The Residences at Rainier Square,0,full_time,43680.0,eyJhbGciOiJIUzI1NiJ9.eyJpIjoiNTg1Njg1ODU3MSIsInMiOiJ5SGxrYVZhaDhSR1p6WUVRaERjNExBIn0.UklEtZvTawe6c4RrO6cVQPr6WjQuLQF-TXHmRUzYpZQ,"ABOUT GREYSTAR Greystar is a leading, fully integrated global real estate platform offering expertise in property management, investment management, development, and construction services in institutional-quality rental housing. Headquartered in Charleston, South Carolina, Greystar manages and operates over $350 billion of real estate in more than 260 markets globally with offices throughout North America, Europe, South America, and the Asia-Pacific region. Greystar is the largest operator of a…",47840.0,5856858571,Adzuna::API::Response::Job,Greystar Management Services,Adzuna::API::Response::Company,"['US', 'Washington', 'King County', 'Seattle']","Seattle, King County",Adzuna::API::Response::Location,Customer Services Jobs,Adzuna::API::Response::Category,customer-services-jobs,47.608492,-122.336407,
2026-08-26T09:47:36Z,https://www.adzuna.com/land/ad/5856858566?se=yHlkaVah8RGZzYEQhDc4LA&utm_medium=api&utm_source=abfa41a4&v=CC55674152E6E74A0089C2AB3D10E719C5F269CA,Registered Nurse,1,,59774.41,eyJhbGciOiJIUzI1NiJ9.eyJpIjoiNTg1Njg1ODU2NiIsInMiOiJ5SGxrYVZhaDhSR1p6WUVRaERjNExBIn0.SSkBJXKtBODR_iB4xdQV1AfDv0jBf2YebJ3NXnb4DbE,"Job Description Job Description Registered Nurse Career Opportunity Encompass Health: Where Nursing Meets Heart, Home, and Healing Are you seeking a nursing career deeply rooted in purpose, close to your heart and home? Encompass Health offers a transformative journey where your expertise as a Registered Nurse becomes an integral part of patients' recoveries. Picture the impact of providing individualized, compassionate care that guides patients along their path to healing. With us, small victo…",59774.41,5856858566,Adzuna::API::Response::Job,Encompass Health Rehabilitation Hospital of Northwest Tucson,Adzuna::API::Response::Company,"['US', 'Arizona', 'Pima County', 'Tucson']","Tucson, Pima County",Adzuna::API::Response::Location,Healthcare & Nursing Jobs,Adzuna::API::Response::Category,healthcare-nursing-jobs,32.214792,-110.971527,
2026-08-26T09:47:35Z,https://www.adzuna.com/details/5856858564?utm_medium=api&utm_source=abfa41a4,Infusion Center Pharmacist,1,full_time,124293.27,eyJhbGciOiJIUzI1NiJ9.eyJpIjoiNTg1Njg1ODU2NCIsInMiOiJ5SGxrYVZhaDhSR1p6WUVRaERjNExBIn0.5hNGQCU3-i6uztZiak_uCbeTxX3Zg4JWOqBKcn63nZM,"Welcome! We’re excited you’re considering an opportunity with us! To apply to this position and be considered, click the Apply button located above this message and complete the application in full. Below, you’ll find other important information about this position. Working with Pharmacy personnel. Compounds the dispense medications and other pharmaceutical supplies using standard procedures to deliver comprehensive professional pharmaceutical service in the modern hospital. Has responsibilitie…",124293.27,5856858564,Adzuna::API::Response::Job,WVU Medicine,Adzuna::API::Response::Company,['US'],US,Adzuna::API::Response::Location,Healthcare & Nursing Jobs,Adzuna::API::Response::Category,healthcare-nursing-jobs,,,contract
2026-08-26T09:47:35Z,https://www.adzuna.com/details/5856858562?utm_medium=api&utm_source=abfa41a4,"Tax Manager, Core Tax Services - Corporate/ASC 740 Focus",0,full_time,120000.0,eyJhbGciOiJIUzI1NiJ9.eyJzIjoieUhsa2FWYWg4UkdaellFUWhEYzRMQSIsImkiOiI1ODU2ODU4NTYyIn0.P0fLnKygLq-A7b3_av5eqageKtIx5CoH2lysS6mZkNA,"Description Job Summary: The Tax Manager, Core Tax Services is responsible for advising clients on the tax implications of their business objectives, evaluating and selecting alternative actions to lessen tax burden and cost of compliance, identifying different methods of complying with tax regulations while acting as the primary client contact for complex tax issues. In this role, the Manager is charged with applying knowledge to understand potential tax issues and recognizing and communicatin…",140000.0,5856858562,Adzuna::API::Response::Job,BDO USA,Adzuna::API::Response::Company,"['US', 'Nebraska', 'Douglas County', 'Benson']","Benson, Douglas County",Adzuna::API::Response::Location,Accounting & Finance Jobs,Adzuna::API::Response::Category,accounting-finance-jobs,41.263881,-96.052103,
2026-08-26T09:47:24Z,https://www.adzuna.com/land/ad/5856858549?se=yHlkaVah8RGZzYEQhDc4LA&utm_medium=api&utm_source=abfa41a4&v=4FDCBC15E295A830220935C42935DE9562E267DD,Entry-Level Structural Engineer | Hybrid (1 Days In Office),1,,83486.99,eyJhbGciOiJIUzI1NiJ9.eyJpIjoiNTg1Njg1ODU0OSIsInMiOiJ5SGxrYVZhaDhSR1p6WUVRaERjNExBIn0.KjNOrGO_63LcZmVRsKLTFDwcuF4FTHsWdEQ3Es0WlXk,"Job Description Job Description Entry‑Level Structural Engineer - Training and Mentorship provided! Launch your structural engineering career with the largest, 1 nuclear engineering firm in the United States and work on projects that truly matter. This is a rare opportunity for a new graduate or early‑career engineer to join a top‑tier engineering organization supporting safe, sustainable, zero‑emission nuclear energy. From day one, you’ll be immersed in real, high‑impact engineering work, lear…",83486.99,5856858549,Adzuna::API::Response::Job,Actalent,Adzuna::API::Response::Company,"['US', 'Illinois', 'Cook County', 'Chicago']","Chicago, Cook County",Adzuna::API::Response::Location,Engineering Jobs,Adzuna::API::Response::Category,engineering-jobs,41.877521,-87.611233,
2026-08-26T09:47:23Z,https://www.adzuna.com/land/ad/5856858545?se=yHlkaVah8RGZzYEQhDc4LA&utm_medium=api&utm_source=abfa41a4&v=C68947B0B7606577154203804B22ABF527F44239,Warehouse Worker,1,,37300.0,eyJhbGciOiJIUzI1NiJ9.eyJzIjoieUhsa2FWYWg4UkdaellFUWhEYzRMQSIsImkiOiI1ODU2ODU4NTQ1In0.IhybK9umQ9GlVRQln97rac9X2unLQKM2XopGsWnmsSA,"Job Description Job Description Warehouse Worker - Poway - 1st Shift - $18/hr Job Description The warehouse worker will engage in various shipping tasks, including unloading and loading trucks, wrapping products, and other material handling duties. The role requires physical activity and attention to detail in a dynamic warehouse setting. Responsibilities Unload and load trucks efficiently. Handle materials by pulling equipment from containers. Palletize products and ensure secure wrapping and …",37300.0,5856858545,Adzuna::API::Response::Job,Aerotek,Adzuna::API::Response::Company,"['US', 'California', 'San Diego County', 'San Diego']","San Diego, San Diego County",Adzuna::API::Response::Location,Logistics & Warehouse Jobs,Adzuna::API::Response::Category,logistics-warehouse-jobs,32.726967,-117.164709,
2026-08-26T09:47:23Z,https://www.adzuna.com/land/ad/5856858546?se=yHlkaVah8RGZzYEQhDc4LA&utm_medium=api&utm_source=abfa41a4&v=2AD5685246A429F8B610238E2705D669F479C35D,Shop Helper,1,,30440.21,eyJhbGciOiJIUzI1NiJ9.eyJzIjoieUhsa2FWYWg4UkdaellFUWhEYzRMQSIsImkiOiI1ODU2ODU4NTQ2In0.xKW6z5pb3pMq7NRwHuW-tkrZdp1Ci6DQ13P0eW14NS0,"Job Description Job Description Hiring a Shop Helper immediately within the Willow Grove, PA area! Apply today to be contacted for consideration . Pay: $18/hr (entry level) Shift: 6am-230pm (daytime) Responsibilities Handle all shipping and receiving activities for inbound and outbound materials, parts, and products. Verify incoming shipments against documentation and ensure outgoing shipments are properly labeled, packaged, and documented. Maintain a clean, safe, and organized work area, inclu…",30440.21,5856858546,Adzuna::API::Response::Job,Aerotek,Adzuna::API::Response::Company,"['US', 'New Jersey', 'Gloucester County', 'Willow Grove']","Willow Grove, Gloucester County",Adzuna::API::Response::Location,Engineering Jobs,Adzuna::API::Response::Category,engineering-jobs,39.554062,-75.082191,
2026-08-26T09:47:22Z,https://www.adzuna.com/land/ad/5856858544?se=yHlkaVah8RGZzYEQhDc4LA&utm_medium=api&utm_source=abfa41a4&v=66079C18BE80A9C7186865C6468BF9CE02D85DF8,Maintenance Mechanic,1,,59282.67,eyJhbGciOiJIUzI1NiJ9.eyJpIjoiNTg1Njg1ODU0NCIsInMiOiJ5SGxrYVZhaDhSR1p6WUVRaERjNExBIn0.5yz3poJ6Oi3uGYZ4XGvfPRK34Z9Qp3pCZFjWzMa1RyM,"Job Description Job Description Job Title: Maintenance Mechanic (2nd and 3rd Shift) Job Description This role focuses on maintaining, troubleshooting, and repairing industrial production equipment, with a strong emphasis on punch presses and related machinery in a fast-paced manufacturing environment. You will support continuous production by performing mechanical, electrical, pneumatic, and hydraulic maintenance, as well as preventive maintenance, to keep equipment operating safely and efficie…",59282.67,5856858544,Adzuna::API::Response::Job,Aerotek,Adzuna::API::Response::Company,"['US', 'California', 'Contra Costa County', 'Antioch']","Antioch, Contra Costa County",Adzuna::API::Response::Location,Engineering Jobs,Adzuna::API::Response::Category,engineering-jobs,38.004921,-121.805789,
2026-08-26T09:47:22Z,https://www.adzuna.com/land/ad/5856858542?se=yHlkaVah8RGZzYEQhDc4LA&utm_medium=api&utm_source=abfa41a4&v=8FD7096C5296C36F12D0A0BEFABED94E6A40815C,"Travel Emergency Room RN in Oklahoma City, Oklahoma",1,,31806.74,eyJhbGciOiJIUzI1NiJ9.eyJpIjoiNTg1Njg1ODU0MiIsInMiOiJ5SGxrYVZhaDhSR1p6WUVRaERjNExBIn0.fV4VZtxz2rbDVlOXp137uQKa-RUj-gpt7bNT5UTx_Ws,"Job Description Job Description Responsibilities Emergency Room RNs (ER RNs) record present symptomology, as well as collect a thorough patient history. The ER RN assesses, plans, implements, and evaluates patient care plans in coordination with other healthcare team members. ER RN job responsibilities include, but are not limited to: Manage care of patients experiencing life-threatening problems and perform triage interventions Work with physicians to assist in exams, diagnostic testing, and t…",31806.74,5856858542,Adzuna::API::Response::Job,Gifted Healthcare,Adzuna::API::Response::Company,"['US', 'Georgia', 'Liberty County', 'Jones']","Jones, Liberty County",Adzuna::API::Response::Location,Healthcare & Nursing Jobs,Adzuna::API::Response::Category,healthcare-nursing-jobs,31.633829,-81.480107,
2026-08-26T09:47:22Z,https://www.adzuna.com/land/ad/5856858538?se=yHlkaVah8RGZzYEQhDc4LA&utm_medium=api&utm_source=abfa41a4&v=335F71F7A3A8BBF02685C55174D038F27723FDE4,Electro-Mechanical Engineering Technician,0,,45760.0,eyJhbGciOiJIUzI1NiJ9.eyJzIjoieUhsa2FWYWg4UkdaellFUWhEYzRMQSIsImkiOiI1ODU2ODU4NTM4In0.NL6ZBjYxBT1GAwGXjNLzyGXO6ftejmnjOzfXesBVnJw,"Job Description Job Description Join a leading manufacturer in semiconductor and display equipment in East Austin, TX, through Adecco, a trusted staffing partner dedicated to connecting talented professionals with innovative companies. This is your chance to jumpstart or elevate your career as an Engineering Technician in a company that values growth, innovation, and the well-being of its employees. Position Overview: As an Electro-Mechanical Engineering Technician, you will play a vital role i…",55120.0,5856858538,Adzuna::API::Response::Job,Adecco,Adzuna::API::Response::Company,"['US', 'South Carolina', 'Georgetown County', 'Georgetown']","Georgetown, Georgetown County",Adzuna::API::Response::Location,Engineering Jobs,Adzuna::API::Response::Category,engineering-jobs,33.376834,-79.294496,
2026-08-26T09:47:22Z,https://www.adzuna.com/land/ad/5856858543?se=yHlkaVah8RGZzYEQhDc4LA&utm_medium=api&utm_source=abfa41a4&v=12514B72A66CB8D9C846FF6EB5AA50BB4023076B,Maintenance Technician,1,,34782.55,eyJhbGciOiJIUzI1NiJ9.eyJpIjoiNTg1Njg1ODU0MyIsInMiOiJ5SGxrYVZhaDhSR1p6WUVRaERjNExBIn0.8dmDJjiJVvheNBuCZdfnTeqnOUgBatAn6L8afFlAPg4,"Job Description Job Description The Liberty Group is immediately hiring experienced Apartment Maintenance Technicians for onsite communities. Pay ranges from $21.00 to $25.00 per hour, depending on experience. STOP — DO NOT APPLY unless you meet ALL required qualifications: 6 months onsite apartment maintenance experience Valid government-issued ID Reliable transportation Own basic tools needed for maintenance work Comfortable completing service requests and apartment turns (make-ready) What yo…",34782.55,5856858543,Adzuna::API::Response::Job,The Liberty Group #zhoum,Adzuna::API::Response::Company,"['US', 'Texas', 'Harris County', 'Spring']","Spring, Harris County",Adzuna::API::Response::Location,Trade & Construction Jobs,Adzuna::API::Response::Category,trade-construction-jobs,30.071907,-95.373125,
2026-08-26T09:47:22Z,https://www.adzuna.com/land/ad/5856858536?se=yHlkaVah8RGZzYEQhDc4LA&utm_medium=api&utm_source=abfa41a4&v=8DCEB2B681341AF455738C1E2A655F78C5EEBF98,Maintenance Technician,1,,41806.62,eyJhbGciOiJIUzI1NiJ9.eyJpIjoiNTg1Njg1ODUzNiIsInMiOiJ5SGxrYVZhaDhSR1p6WUVRaERjNExBIn0._FyG0yaL-Tv_EMCfa1WwwTX2V3swKUbTVRARj-O6FhA,"Job Description Job Description Job Title: Maintenance Technician I Job Description The Maintenance Technician I ensures the efficient and reliable operation of high-speed and complex processing and packaging equipment. This role focuses on troubleshooting, identifying problems, maintaining, testing, installing, and performing mechanical and electrical repairs on all processing and packaging systems, including associated support equipment. Responsibilities Perform skilled journey-level electric…",41806.62,5856858536,Adzuna::API::Response::Job,Aerotek,Adzuna::API::Response::Company,"['US', 'Virginia', 'Loudoun County', 'Dulles']","Dulles, Loudoun County",Adzuna::API::Response::Location,Engineering Jobs,Adzuna::API::Response::Category,engineering-jobs,39.03,-77.5,
2026-08-26T09:47:21Z,https://www.adzuna.com/land/ad/5856858534?se=yHlkaVah8RGZzYEQhDc4LA&utm_medium=api&utm_source=abfa41a4&v=4B09D538F33DA62F1EC317684ADFEE45F6F462D1,Construction Technician,1,,50194.79,eyJhbGciOiJIUzI1NiJ9.eyJzIjoieUhsa2FWYWg4UkdaellFUWhEYzRMQSIsImkiOiI1ODU2ODU4NTM0In0.VH2VIiEvJzrolheEim3172Ub9TJcnAC-edpmRHJHr0I,"Job Description Job Description Job Title: Construction Technician/Labor Job Description We are seeking two dedicated Construction Technicians to join our team in Towson, Maryland. This client-facing role involves the assembly and setup of party and tent rental equipment. Join us in delivering exceptional service and creating memorable events. Responsibilities Load the truck with necessary materials and equipment for the day, including party and tent equipment. Assemble and set up party and ten…",50194.79,5856858534,Adzuna::API::Response::Job,Aerotek,Adzuna::API::Response::Company,"['US', 'Maryland', 'Baltimore County', 'Towson']","Towson, Baltimore County",Adzuna::API::Response::Location,Engineering Jobs,Adzuna::API::Response::Category,engineering-jobs,39.401942,-76.632844,
2026-08-26T09:47:20Z,https://www.adzuna.com/land/ad/5856858532?se=yHlkaVah8RGZzYEQhDc4LA&utm_medium=api&utm_source=abfa41a4&v=9FEF071A2CB95EC6B62AEF3C1337F939EAA03A60,Machine Builder,1,,51850.07,eyJhbGciOiJIUzI1NiJ9.eyJzIjoieUhsa2FWYWg4UkdaellFUWhEYzRMQSIsImkiOiI1ODU2ODU4NTMyIn0.tI429opkeVQA5R1UDaTo28NvPEkKtMTVYVXU9E3TDeU,"Job Description Job Description Job Title: Machine Builder Job Description We are seeking a skilled Machine Builder to join our team. This position operates on the first shift from 7 am to 3:30 pm, Monday through Friday. The role involves significant welding and fabricating, as well as manual machining tasks such as using lathes, mills, and grinders. Responsibilities Build sub-assemblies from piece parts. Construct new machines and rebuild existing machines from sub-assemblies using blueprints,…",51850.07,5856858532,Adzuna::API::Response::Job,Aerotek,Adzuna::API::Response::Company,"['US', 'Illinois', 'Lake County', 'Gurnee']","Gurnee, Lake County",Adzuna::API::Response::Location,Engineering Jobs,Adzuna::API::Response::Category,engineering-jobs,42.3703,-87.902019,
2026-08-26T09:47:17Z,https://www.adzuna.com/land/ad/5856858524?se=yHlkaVah8RGZzYEQhDc4LA&utm_medium=api&utm_source=abfa41a4&v=206D6CE59BF1DE12B2B85A1EBC5759B0FD98E1E3,"Social Worker | Highland, Michigan",1,,68461.16,eyJhbGciOiJIUzI1NiJ9.eyJzIjoieUhsa2FWYWg4UkdaellFUWhEYzRMQSIsImkiOiI1ODU2ODU4NTI0In0.2oWr8Y4v1aqCjZHlkqzXcTyOK0RCdrtAXj4uQr1A9xk,"Job Description Job Description An exciting contract opportunity is available for a dedicated School Social Worker to provide support during a maternity leave from the end of November through February. This assignment entails working with early learners and elementary-aged students across two school settings. You’ll split your time between 0.6 FTE at an early childhood center, assisting GSRP (Great Start Readiness Program) children and those with additional support needs, and 0.4 FTE at an elem…",68461.16,5856858524,Adzuna::API::Response::Job,Soliant,Adzuna::API::Response::Company,"['US', 'Ohio', 'Highland County', 'Highland']","Highland, Highland County",Adzuna::API::Response::Location,Social work Jobs,Adzuna::API::Response::Category,social-work-jobs,39.34451,-83.59742,
2026-08-26T09:47:17Z,https://www.adzuna.com/land/ad/5856858525?se=yHlkaVah8RGZzYEQhDc4LA&utm_medium=api&utm_source=abfa41a4&v=22601DEF47ED2C853E5E83F05CF38E54E0D68F99,Journeyman Electrician,1,,62053.09,eyJhbGciOiJIUzI1NiJ9.eyJzIjoieUhsa2FWYWg4UkdaellFUWhEYzRMQSIsImkiOiI1ODU2ODU4NTI1In0.nrDtmeiKmiFYrc6CuI0tbw9ALdfzjcEDX8fOW9dSl08,"Job Description Job Description Journeyman Electrician - Muskegon, MI Direct Hire Opportunity Flexible Schedule (x3 Day Work Week) Paid Drive Time Job Description We are seeking a skilled Journeyman Electrician to add to our growing team in West Michigan. This individual will be responsible for industrial electrical work involving the installation, maintenance, troubleshooting, and repair of electrical systems and equipment. This position requires strong technical expertise, blueprint reading c…",62053.09,5856858525,Adzuna::API::Response::Job,Aerotek,Adzuna::API::Response::Company,"['US', 'Michigan', 'Muskegon County', 'Muskegon']","Muskegon, Muskegon County",Adzuna::API::Response::Location,Engineering Jobs,Adzuna::API::Response::Category,engineering-jobs,43.237426,-86.253277,
2026-08-26T09:47:15Z,https://www.adzuna.com/details/5856858518?utm_medium=api&utm_source=abfa41a4,Stylist-Seasonal,1,,36301.06,eyJhbGciOiJIUzI1NiJ9.eyJpIjoiNTg1Njg1ODUxOCIsInMiOiJ5SGxrYVZhaDhSR1p6WUVRaERjNExBIn0.oo-seikXh6qoRae2xYYwiFaQAG5JtxK9-Lc9l8tEDlU,"Description Beauty is eternal. It is captured in the way you feel and in the way you look. It is timeless. Every generation needs to feel beautiful. Some things don’t change. Some things should not change. Helping women feel beautiful has been our mission since we first opened our doors in 1937. The fashions have changed but the Windsor dream has not. Icons come and go - from Jacqueline Kennedy, to Princess Diana to the red carpet of today. Throughout it all Windsor has made beauty accessible t…",36301.06,5856858518,Adzuna::API::Response::Job,Windsor Fashions,Adzuna::API::Response::Company,"['US', 'Indiana', 'Vanderburgh County', 'Knight']","Knight, Vanderburgh County",Adzuna::API::Response::Location,Retail Jobs,Adzuna::API::Response::Category,retail-jobs,37.970109,-87.481268,contract
2026-08-26T09:47:14Z,https://www.adzuna.com/details/5856858514?utm_medium=api&utm_source=abfa41a4,RN - 37905659,1,part_time,13393.07,eyJhbGciOiJIUzI1NiJ9.eyJpIjoiNTg1Njg1ODUxNCIsInMiOiJ5SGxrYVZhaDhSR1p6WUVRaERjNExBIn0.6IdmqyFlQUIPoXnl2PAfMHOHLwASc8ixSWDp8CEt4dM,"An OB-GYN registered nurse (RN) provides care to women with hysterectomies, reproductive cancers, hormone disorders, and other obstetrical and gynecological health problems. In addition, he/she will work with patients revolving around their pregnancy and child birth. OB-GYN nurses provide reproductive and gynecological care under a physician’s supervision.",13393.07,5856858514,Adzuna::API::Response::Job,Regional Health Services of Howard County,Adzuna::API::Response::Company,"['US', 'Iowa', 'Howard County', 'Cresco']","Cresco, Howard County",Adzuna::API::Response::Location,Healthcare & Nursing Jobs,Adzuna::API::Response::Category,healthcare-nursing-jobs,43.374573,-92.116028,
2026-08-26T09:47:13Z,https://www.adzuna.com/details/5856858507?utm_medium=api&utm_source=abfa41a4,Customer Service Representative I,1,full_time,52591.2,eyJhbGciOiJIUzI1NiJ9.eyJzIjoieUhsa2FWYWg4UkdaellFUWhEYzRMQSIsImkiOiI1ODU2ODU4NTA3In0.sfxlmfIZ2XRTTt7jmA-QDcYMKp7pOjn-6I1-OxbK4TI,"The position is described below. If you want to apply, click the Apply Now button at the top or bottom of this page. After you click Apply Now and complete your application, you'll be invited to create a profile, which will let you see your application status and any communications. If you already have a profile with us, you can log in to check status. Need Help? If you have a disability and need assistance with the application, you can request a reasonable accommodation. Send an email to Acces…",52591.2,5856858507,Adzuna::API::Response::Job,Truist Bank,Adzuna::API::Response::Company,"['US', 'Florida', 'Orange County', 'Orlando']","Orlando, Orange County",Adzuna::API::Response::Location,Customer Services Jobs,Adzuna::API::Response::Category,customer-services-jobs,28.541666,-81.375686,contract
2026-08-26T09:57:22Z,https://www.adzuna.com/details/5856867092?utm_medium=api&utm_source=abfa41a4,"Regional Truck Driver Company - 1yr EXP Required - Flatbed - $75k - $85k per year - Keim TS, Inc.",0,full_time,75000.0,eyJhbGciOiJIUzI1NiJ9.eyJpIjoiNTg1Njg2NzA5MiIsInMiOiJFZ3FkYWxhaDhSR1FBX2JWTmdKTUVBIn0.a6hH1eCaswToRXLrvTVoTdogJLZeX1TgCPOGRnzWSoY,"Keim is Hiring CDL-A Drivers | Starting Pay @ 63 CPM!. COMPANY DRIVERS At Keim TS, you’ll primarily haul building products, with 60% of the loads preloaded and pretarped—with no Canada and no hazmat. Benefits for Company Driver Trucking Jobs at Keim TS include: Dedicated Home Time Paid Weekly New Equipment Regional or OTR Lanes 60% of loads pre-loaded & 45% pre-tarped We do not slip seat 1800W inverters Start at 68 mph cruise – could be 75 mph! Free rider program Insurance Coeur Health Insuranc…",85000.0,5856867092,Adzuna::API::Response::Job,"Keim TS, Inc.",Adzuna::API::Response::Company,"['US', 'Alabama', 'Calhoun County', 'Blue Mountain']","Blue Mountain, Calhoun County",Adzuna::API::Response::Location,Logistics & Warehouse Jobs,Adzuna::API::Response::Category,logistics-warehouse-jobs,33.720723,-85.833608,
2026-08-26T09:57:22Z,https://www.adzuna.com/details/5856867056?utm_medium=api&utm_source=abfa41a4,"Class A CDL Company Driver - 1yr EXP Required - Regional - Flatbed - $75k - $85k per year - Keim TS, Inc.",0,full_time,75000.0,eyJhbGciOiJIUzI1NiJ9.eyJzIjoiRWdxZGFsYWg4UkdRQV9iVk5nSk1FQSIsImkiOiI1ODU2ODY3MDU2In0.itpXdlGWgIkNsHHuM_w27jJ9TdI58kiwA6UstehLDIs,"Keim is Hiring CDL-A Drivers | Starting Pay @ 63 CPM!. COMPANY DRIVERS At Keim TS, you’ll primarily haul building products, with 60% of the loads preloaded and pretarped—with no Canada and no hazmat. Benefits for Company Driver Trucking Jobs at Keim TS include: Dedicated Home Time Paid Weekly New Equipment Regional or OTR Lanes 60% of loads pre-loaded & 45% pre-tarped We do not slip seat 1800W inverters Start at 68 mph cruise – could be 75 mph! Free rider program Insurance Coeur Health Insuranc…",85000.0,5856867056,Adzuna::API::Response::Job,"Keim TS, Inc.",Adzuna::API::Response::Company,"['US', 'Iowa', 'Black Hawk County', 'Cedar Falls']","Cedar Falls, Black Hawk County",Adzuna::API::Response::Location,Logistics & Warehouse Jobs,Adzuna::API::Response::Category,logistics-warehouse-jobs,42.519609,-92.454976,
2026-08-26T09:57:22Z,https://www.adzuna.com/details/5856867079?utm_medium=api&utm_source=abfa41a4,"Class A CDL Company Driver - 1yr EXP Required - Regional - Flatbed - $75k - $85k per year - Keim TS, Inc.",0,full_time,75000.0,eyJhbGciOiJIUzI1NiJ9.eyJpIjoiNTg1Njg2NzA3OSIsInMiOiJFZ3FkYWxhaDhSR1FBX2JWTmdKTUVBIn0.mKenh1W496kfnTwodRXbqJgFee0i5Sudzobtnxb-qCQ,"Keim is Hiring CDL-A Drivers | Starting Pay @ 63 CPM!. COMPANY DRIVERS At Keim TS, you’ll primarily haul building products, with 60% of the loads preloaded and pretarped—with no Canada and no hazmat. Benefits for Company Driver Trucking Jobs at Keim TS include: Dedicated Home Time Paid Weekly New Equipment Regional or OTR Lanes 60% of loads pre-loaded & 45% pre-tarped We do not slip seat 1800W inverters Start at 68 mph cruise – could be 75 mph! Free rider program Insurance Coeur Health Insuranc…",85000.0,5856867079,Adzuna::API::Response::Job,"Keim TS, Inc.",Adzuna::API::Response::Company,"['US', 'North Carolina', 'Buncombe County', 'Asheville']","Asheville, Buncombe County",Adzuna::API::Response::Location,Logistics & Warehouse Jobs,Adzuna::API::Response::Category,logistics-warehouse-jobs,35.596321,-82.555682,
2026-08-26T09:57:22Z,https://www.adzuna.com/details/5856867060?utm_medium=api&utm_source=abfa41a4,"Class A CDL Company Driver - 1yr EXP Required - Regional - Flatbed - $75k - $85k per year - Keim TS, Inc.",0,full_time,75000.0,eyJhbGciOiJIUzI1NiJ9.eyJzIjoiRWdxZGFsYWg4UkdRQV9iVk5nSk1FQSIsImkiOiI1ODU2ODY3MDYwIn0.0LPubv7LYdBt838kXiMW_-wIxhQjvC9UNxuHsbpQDLM,"Keim is Hiring CDL-A Drivers | Starting Pay @ 63 CPM!. COMPANY DRIVERS At Keim TS, you’ll primarily haul building products, with 60% of the loads preloaded and pretarped—with no Canada and no hazmat. Benefits for Company Driver Trucking Jobs at Keim TS include: Dedicated Home Time Paid Weekly New Equipment Regional or OTR Lanes 60% of loads pre-loaded & 45% pre-tarped We do not slip seat 1800W inverters Start at 68 mph cruise – could be 75 mph! Free rider program Insurance Coeur Health Insuranc…",85000.0,5856867060,Adzuna::API::Response::Job,"Keim TS, Inc.",Adzuna::API::Response::Company,"['US', 'Missouri', 'Jasper County', 'Joplin']","Joplin, Jasper County",Adzuna::API::Response::Location,Logistics & Warehouse Jobs,Adzuna::API::Response::Category,logistics-warehouse-jobs,37.097902,-94.496679,
2026-08-26T09:57:22Z,https://www.adzuna.com/details/5856867106?utm_medium=api&utm_source=abfa41a4,"CDL-A Company Driver - 1yr EXP Required - Regional - Flatbed - $75k - $85k per year - Keim TS, Inc.",0,full_time,75000.0,eyJhbGciOiJIUzI1NiJ9.eyJzIjoiRWdxZGFsYWg4UkdRQV9iVk5nSk1FQSIsImkiOiI1ODU2ODY3MTA2In0.DcLzci7g2pjSk6I1IWC22AxwAaFn9-T-0cmESs9-BL8,"Keim is Hiring CDL-A Drivers | Starting Pay @ 63 CPM!. COMPANY DRIVERS At Keim TS, you’ll primarily haul building products, with 60% of the loads preloaded and pretarped—with no Canada and no hazmat. Benefits for Company Driver Trucking Jobs at Keim TS include: Dedicated Home Time Paid Weekly New Equipment Regional or OTR Lanes 60% of loads pre-loaded & 45% pre-tarped We do not slip seat 1800W inverters Start at 68 mph cruise – could be 75 mph! Free rider program Insurance Coeur Health Insuranc…",85000.0,5856867106,Adzuna::API::Response::Job,"Keim TS, Inc.",Adzuna::API::Response::Company,"['US', 'Illinois', 'Williamson County', 'New Camp']","New Camp, Williamson County",Adzuna::API::Response::Location,Logistics & Warehouse Jobs,Adzuna::API::Response::Category,logistics-warehouse-jobs,37.723768,-88.92658,
2026-08-26T09:57:22Z,https://www.adzuna.com/details/5856867099?utm_medium=api&utm_source=abfa41a4,"Regional Truck Driver Company - 1yr EXP Required - Flatbed - $75k - $85k per year - Keim TS, Inc.",0,full_time,75000.0,eyJhbGciOiJIUzI1NiJ9.eyJzIjoiRWdxZGFsYWg4UkdRQV9iVk5nSk1FQSIsImkiOiI1ODU2ODY3MDk5In0.hxn1oA2Nlxymw_gRJF0CcmwkR1B7MWzxeoAdGq5-krE,"Keim is Hiring CDL-A Drivers | Starting Pay @ 63 CPM!. COMPANY DRIVERS At Keim TS, you’ll primarily haul building products, with 60% of the loads preloaded and pretarped—with no Canada and no hazmat. Benefits for Company Driver Trucking Jobs at Keim TS include: Dedicated Home Time Paid Weekly New Equipment Regional or OTR Lanes 60% of loads pre-loaded & 45% pre-tarped We do not slip seat 1800W inverters Start at 68 mph cruise – could be 75 mph! Free rider program Insurance Coeur Health Insuranc…",85000.0,5856867099,Adzuna::API::Response::Job,"Keim TS, Inc.",Adzuna::API::Response::Company,"['US', 'Illinois', 'Williamson County', 'New Camp']","New Camp, Williamson County",Adzuna::API::Response::Location,Logistics & Warehouse Jobs,Adzuna::API::Response::Category,logistics-warehouse-jobs,37.723768,-88.92658,
2026-08-26T09:57:22Z,https://www.adzuna.com/details/5856867078?utm_medium=api&utm_source=abfa41a4,"Class A CDL Company Driver - 1yr EXP Required - Regional - Flatbed - $75k - $85k per year - Keim TS, Inc.",0,full_time,75000.0,eyJhbGciOiJIUzI1NiJ9.eyJpIjoiNTg1Njg2NzA3OCIsInMiOiJFZ3FkYWxhaDhSR1FBX2JWTmdKTUVBIn0.ZJ4HnJaKG0yhGL6lRPyMlFybvJK4Zw1xbBP9jSob1-k,"Keim is Hiring CDL-A Drivers | Starting Pay @ 63 CPM!. COMPANY DRIVERS At Keim TS, you’ll primarily haul building products, with 60% of the loads preloaded and pretarped—with no Canada and no hazmat. Benefits for Company Driver Trucking Jobs at Keim TS include: Dedicated Home Time Paid Weekly New Equipment Regional or OTR Lanes 60% of loads pre-loaded & 45% pre-tarped We do not slip seat 1800W inverters Start at 68 mph cruise – could be 75 mph! Free rider program Insurance Coeur Health Insuranc…",85000.0,5856867078,Adzuna::API::Response::Job,"Keim TS, Inc.",Adzuna::API::Response::Company,"['US', 'Louisiana', 'Caddo Parish', 'Risinger Woods']","Risinger Woods, Caddo Parish",Adzuna::API::Response::Location,Logistics & Warehouse Jobs,Adzuna::API::Response::Category,logistics-warehouse-jobs,32.60862,-93.86208,
2026-08-26T09:57:22Z,https://www.adzuna.com/details/5856867068?utm_medium=api&utm_source=abfa41a4,"Regional Truck Driver Company - 1yr EXP Required - Flatbed - $75k - $85k per year - Keim TS, Inc.",0,full_time,75000.0,eyJhbGciOiJIUzI1NiJ9.eyJpIjoiNTg1Njg2NzA2OCIsInMiOiJFZ3FkYWxhaDhSR1FBX2JWTmdKTUVBIn0.YR18nxElEZWbhos_8ESpevaQYYM6rEDJNz40YUzoUj0,"Keim is Hiring CDL-A Drivers | Starting Pay @ 63 CPM!. COMPANY DRIVERS At Keim TS, you’ll primarily haul building products, with 60% of the loads preloaded and pretarped—with no Canada and no hazmat. Benefits for Company Driver Trucking Jobs at Keim TS include: Dedicated Home Time Paid Weekly New Equipment Regional or OTR Lanes 60% of loads pre-loaded & 45% pre-tarped We do not slip seat 1800W inverters Start at 68 mph cruise – could be 75 mph! Free rider program Insurance Coeur Health Insuranc…",85000.0,5856867068,Adzuna::API::Response::Job,"Keim TS, Inc.",Adzuna::API::Response::Company,"['US', 'Tennessee', 'Sullivan County', 'Blountville']","Blountville, Sullivan County",Adzuna::API::Response::Location,Logistics & Warehouse Jobs,Adzuna::API::Response::Category,logistics-warehouse-jobs,36.533772,-82.358684,
2026-08-26T09:57:22Z,https://www.adzuna.com/details/5856867085?utm_medium=api&utm_source=abfa41a4,"Class A CDL Company Driver - 1yr EXP Required - Regional - Flatbed - $75k - $85k per year - Keim TS, Inc.",0,full_time,75000.0,eyJhbGciOiJIUzI1NiJ9.eyJpIjoiNTg1Njg2NzA4NSIsInMiOiJFZ3FkYWxhaDhSR1FBX2JWTmdKTUVBIn0.c5KwyVGTv7htUgDK4aHo9E34LjtSR6a6cYCfS_xMjEY,"Keim is Hiring CDL-A Drivers | Starting Pay @ 63 CPM!. COMPANY DRIVERS At Keim TS, you’ll primarily haul building products, with 60% of the loads preloaded and pretarped—with no Canada and no hazmat. Benefits for Company Driver Trucking Jobs at Keim TS include: Dedicated Home Time Paid Weekly New Equipment Regional or OTR Lanes 60% of loads pre-loaded & 45% pre-tarped We do not slip seat 1800W inverters Start at 68 mph cruise – could be 75 mph! Free rider program Insurance Coeur Health Insuranc…",85000.0,5856867085,Adzuna::API::Response::Job,"Keim TS, Inc.",Adzuna::API::Response::Company,"['US', 'Oklahoma', 'Roger Mills County', 'Cheyenne']","Cheyenne, Roger Mills County",Adzuna::API::Response::Location,Logistics & Warehouse Jobs,Adzuna::API::Response::Category,logistics-warehouse-jobs,35.815989,-99.769676,
2026-08-26T09:57:22Z,https://www.adzuna.com/details/5856867059?utm_medium=api&utm_source=abfa41a4,"Regional Truck Driver Company - 1yr EXP Required - Flatbed - $75k - $85k per year - Keim TS, Inc.",0,full_time,75000.0,eyJhbGciOiJIUzI1NiJ9.eyJpIjoiNTg1Njg2NzA1OSIsInMiOiJFZ3FkYWxhaDhSR1FBX2JWTmdKTUVBIn0.oFSsVGgmSZDzigAkN0O3T6SLUmlhVwqnUqZhbbyVKbk,"Keim is Hiring CDL-A Drivers | Starting Pay @ 63 CPM!. COMPANY DRIVERS At Keim TS, you’ll primarily haul building products, with 60% of the loads preloaded and pretarped—with no Canada and no hazmat. Benefits for Company Driver Trucking Jobs at Keim TS include: Dedicated Home Time Paid Weekly New Equipment Regional or OTR Lanes 60% of loads pre-loaded & 45% pre-tarped We do not slip seat 1800W inverters Start at 68 mph cruise – could be 75 mph! Free rider program Insurance Coeur Health Insuranc…",85000.0,5856867059,Adzuna::API::Response::Job,"Keim TS, Inc.",Adzuna::API::Response::Company,"['US', 'Tennessee', 'Madison County', 'Bemis']","Bemis, Madison County",Adzuna::API::Response::Location,Logistics & Warehouse Jobs,Adzuna::API::Response::Category,logistics-warehouse-jobs,35.610831,-88.818882,
2026-08-26T09:57:22Z,https://www.adzuna.com/details/5856867084?utm_medium=api&utm_source=abfa41a4,"Class A CDL Company Driver - 1yr EXP Required - Regional - Flatbed - $75k - $85k per year - Keim TS, Inc.",0,full_time,75000.0,eyJhbGciOiJIUzI1NiJ9.eyJzIjoiRWdxZGFsYWg4UkdRQV9iVk5nSk1FQSIsImkiOiI1ODU2ODY3MDg0In0.8OacGFgkPUMuNTvWV7mNNp0-dquqbMbayxEKnHbOQyc,"Keim is Hiring CDL-A Drivers | Starting Pay @ 63 CPM!. COMPANY DRIVERS At Keim TS, you’ll primarily haul building products, with 60% of the loads preloaded and pretarped—with no Canada and no hazmat. Benefits for Company Driver Trucking Jobs at Keim TS include: Dedicated Home Time Paid Weekly New Equipment Regional or OTR Lanes 60% of loads pre-loaded & 45% pre-tarped We do not slip seat 1800W inverters Start at 68 mph cruise – could be 75 mph! Free rider program Insurance Coeur Health Insuranc…",85000.0,5856867084,Adzuna::API::Response::Job,"Keim TS, Inc.",Adzuna::API::Response::Company,"['US', 'Tennessee', 'Sullivan County', 'Blountville']","Blountville, Sullivan County",Adzuna::API::Response::Location,Logistics & Warehouse Jobs,Adzuna::API::Response::Category,logistics-warehouse-jobs,36.533772,-82.358684,
2026-08-26T09:57:22Z,https://www.adzuna.com/details/5856867102?utm_medium=api&utm_source=abfa41a4,"CDL-A Company Driver - 1yr EXP Required - Regional - Flatbed - $75k - $85k per year - Keim TS, Inc.",0,full_time,75000.0,eyJhbGciOiJIUzI1NiJ9.eyJzIjoiRWdxZGFsYWg4UkdRQV9iVk5nSk1FQSIsImkiOiI1ODU2ODY3MTAyIn0.TEnmzwStJM6cwL3EdWCz4ipWLfBS7R3AdqhbdsslVA4,"Keim is Hiring CDL-A Drivers | Starting Pay @ 63 CPM!. COMPANY DRIVERS At Keim TS, you’ll primarily haul building products, with 60% of the loads preloaded and pretarped—with no Canada and no hazmat. Benefits for Company Driver Trucking Jobs at Keim TS include: Dedicated Home Time Paid Weekly New Equipment Regional or OTR Lanes 60% of loads pre-loaded & 45% pre-tarped We do not slip seat 1800W inverters Start at 68 mph cruise – could be 75 mph! Free rider program Insurance Coeur Health Insuranc…",85000.0,5856867102,Adzuna::API::Response::Job,"Keim TS, Inc.",Adzuna::API::Response::Company,"['US', 'Iowa', 'Webster County', 'West Fort Dodge']","West Fort Dodge, Webster County",Adzuna::API::Response::Location,Logistics & Warehouse Jobs,Adzuna::API::Response::Category,logistics-warehouse-jobs,42.507397,-94.180326,
2026-08-26T09:57:22Z,https://www.adzuna.com/details/5856867086?utm_medium=api&utm_source=abfa41a4,"CDL-A Company Driver - 1yr EXP Required - Regional - Flatbed - $75k - $85k per year - Keim TS, Inc.",0,full_time,75000.0,eyJhbGciOiJIUzI1NiJ9.eyJpIjoiNTg1Njg2NzA4NiIsInMiOiJFZ3FkYWxhaDhSR1FBX2JWTmdKTUVBIn0.NnNtkpbO0NITDREfcoVm8iT4PcnXLchBVRiw5jMcHIw,"Keim is Hiring CDL-A Drivers | Starting Pay @ 63 CPM!. COMPANY DRIVERS At Keim TS, you’ll primarily haul building products, with 60% of the loads preloaded and pretarped—with no Canada and no hazmat. Benefits for Company Driver Trucking Jobs at Keim TS include: Dedicated Home Time Paid Weekly New Equipment Regional or OTR Lanes 60% of loads pre-loaded & 45% pre-tarped We do not slip seat 1800W inverters Start at 68 mph cruise – could be 75 mph! Free rider program Insurance Coeur Health Insuranc…",85000.0,5856867086,Adzuna::API::Response::Job,"Keim TS, Inc.",Adzuna::API::Response::Company,"['US', 'Arkansas', 'Miller County', 'Texarkana']","Texarkana, Miller County",Adzuna::API::Response::Location,Logistics & Warehouse Jobs,Adzuna::API::Response::Category,logistics-warehouse-jobs,33.430582,-94.005589,
2026-08-26T09:57:22Z,https://www.adzuna.com/details/5856867057?utm_medium=api&utm_source=abfa41a4,"Regional Truck Driver Company - 1yr EXP Required - Flatbed - $75k - $85k per year - Keim TS, Inc.",0,full_time,75000.0,eyJhbGciOiJIUzI1NiJ9.eyJpIjoiNTg1Njg2NzA1NyIsInMiOiJFZ3FkYWxhaDhSR1FBX2JWTmdKTUVBIn0.ecf7toGxykSdHV2YHfpZBBdr8JUnwpTASlPZE8upGaA,"Keim is Hiring CDL-A Drivers | Starting Pay @ 63 CPM!. COMPANY DRIVERS At Keim TS, you’ll primarily haul building products, with 60% of the loads preloaded and pretarped—with no Canada and no hazmat. Benefits for Company Driver Trucking Jobs at Keim TS include: Dedicated Home Time Paid Weekly New Equipment Regional or OTR Lanes 60% of loads pre-loaded & 45% pre-tarped We do not slip seat 1800W inverters Start at 68 mph cruise – could be 75 mph! Free rider program Insurance Coeur Health Insuranc…",85000.0,5856867057,Adzuna::API::Response::Job,"Keim TS, Inc.",Adzuna::API::Response::Company,"['US', 'Iowa', 'Johnson County', 'Iowa City']","Iowa City, Johnson County",Adzuna::API::Response::Location,Logistics & Warehouse Jobs,Adzuna::API::Response::Category,logistics-warehouse-jobs,41.649495,-91.515649,
2026-08-26T09:57:21Z,https://www.adzuna.com/land/ad/5856867030?se=Egqdalah8RGQA_bVNgJMEA&utm_medium=api&utm_source=abfa41a4&v=3032D0947B43209E1797231F79218A89D33F1133,"Travel MedSurg RN in Durant, Oklahoma",1,,23198.56,eyJhbGciOiJIUzI1NiJ9.eyJzIjoiRWdxZGFsYWg4UkdRQV9iVk5nSk1FQSIsImkiOiI1ODU2ODY3MDMwIn0.CGjsLDhq-nC2WpoSWknX91IoX88PQxp21gKSwYoRvRM,"Job Description Job Description Responsibilities MedSurg RNs provide bedside care for a variety of patients and execute individualized patient assessments to create an individualized plan of care. MedSurg RNs prepare equipment and assist physicians during examination and treatment of patients. MedSurg RN job responsibilities include, but are not limited to: MedSurg RNs prepare, administer, and record prescribed medications Initiate alternative action when adverse symptomology is displayed Chang…",23198.56,5856867030,Adzuna::API::Response::Job,Gifted Healthcare,Adzuna::API::Response::Company,"['US', 'Kansas', 'Montgomery County', 'Caney']","Caney, Montgomery County",Adzuna::API::Response::Location,Healthcare & Nursing Jobs,Adzuna::API::Response::Category,healthcare-nursing-jobs,37.011461,-95.935258,
2026-08-26T09:57:21Z,https://www.adzuna.com/details/5856867032?utm_medium=api&utm_source=abfa41a4,"Class A CDL Company Driver - 1yr EXP Required - Regional - Flatbed - $75k - $85k per year - Keim TS, Inc.",0,full_time,75000.0,eyJhbGciOiJIUzI1NiJ9.eyJpIjoiNTg1Njg2NzAzMiIsInMiOiJFZ3FkYWxhaDhSR1FBX2JWTmdKTUVBIn0.KkqYLSRaj4pI65kXzXcgONo5zsrg_R-AeDILERvQzVU,"Keim is Hiring CDL-A Drivers | Starting Pay @ 63 CPM!. COMPANY DRIVERS At Keim TS, you’ll primarily haul building products, with 60% of the loads preloaded and pretarped—with no Canada and no hazmat. Benefits for Company Driver Trucking Jobs at Keim TS include: Dedicated Home Time Paid Weekly New Equipment Regional or OTR Lanes 60% of loads pre-loaded & 45% pre-tarped We do not slip seat 1800W inverters Start at 68 mph cruise – could be 75 mph! Free rider program Insurance Coeur Health Insuranc…",85000.0,5856867032,Adzuna::API::Response::Job,"Keim TS, Inc.",Adzuna::API::Response::Company,"['US', 'Georgia', 'Clarke County', 'Athens']","Athens, Clarke County",Adzuna::API::Response::Location,Logistics & Warehouse Jobs,Adzuna::API::Response::Category,logistics-warehouse-jobs,33.97432,-83.363915,
2026-08-26T09:57:21Z,https://www.adzuna.com/details/5856867023?utm_medium=api&utm_source=abfa41a4,"CDL-A Company Driver - 1yr EXP Required - Regional - Flatbed - $75k - $85k per year - Keim TS, Inc.",0,full_time,75000.0,eyJhbGciOiJIUzI1NiJ9.eyJpIjoiNTg1Njg2NzAyMyIsInMiOiJFZ3FkYWxhaDhSR1FBX2JWTmdKTUVBIn0.-p89MF6uRXBAsdEP0_21rAm4hbo6Nz9dHd5GgR_QGco,"Keim is Hiring CDL-A Drivers | Starting Pay @ 63 CPM!. COMPANY DRIVERS At Keim TS, you’ll primarily haul building products, with 60% of the loads preloaded and pretarped—with no Canada and no hazmat. Benefits for Company Driver Trucking Jobs at Keim TS include: Dedicated Home Time Paid Weekly New Equipment Regional or OTR Lanes 60% of loads pre-loaded & 45% pre-tarped We do not slip seat 1800W inverters Start at 68 mph cruise – could be 75 mph! Free rider program Insurance Coeur Health Insuranc…",85000.0,5856867023,Adzuna::API::Response::Job,"Keim TS, Inc.",Adzuna::API::Response::Company,"['US', 'Missouri', 'Cole County', 'Saint Martins']","Saint Martins, Cole County",Adzuna::API::Response::Location,Logistics & Warehouse Jobs,Adzuna::API::Response::Category,logistics-warehouse-jobs,38.5554,-92.28054,
2026-08-26T09:57:21Z,https://www.adzuna.com/details/5856867033?utm_medium=api&utm_source=abfa41a4,"Regional Truck Driver Company - 1yr EXP Required - Flatbed - $75k - $85k per year - Keim TS, Inc.",0,full_time,75000.0,eyJhbGciOiJIUzI1NiJ9.eyJzIjoiRWdxZGFsYWg4UkdRQV9iVk5nSk1FQSIsImkiOiI1ODU2ODY3MDMzIn0.Z4ZkU7rnkLwoqftxlEgEisahxapK8cDnn3doOjT8Ddc,"Keim is Hiring CDL-A Drivers | Starting Pay @ 63 CPM!. COMPANY DRIVERS At Keim TS, you’ll primarily haul building products, with 60% of the loads preloaded and pretarped—with no Canada and no hazmat. Benefits for Company Driver Trucking Jobs at Keim TS include: Dedicated Home Time Paid Weekly New Equipment Regional or OTR Lanes 60% of loads pre-loaded & 45% pre-tarped We do not slip seat 1800W inverters Start at 68 mph cruise – could be 75 mph! Free rider program Insurance Coeur Health Insuranc…",85000.0,5856867033,Adzuna::API::Response::Job,"Keim TS, Inc.",Adzuna::API::Response::Company,"['US', 'Iowa', 'Linn County', 'Cedar Rapids']","Cedar Rapids, Linn County",Adzuna::API::Response::Location,Logistics & Warehouse Jobs,Adzuna::API::Response::Category,logistics-warehouse-jobs,41.971709,-91.658714,
2026-08-26T09:57:21Z,https://www.adzuna.com/details/5856867045?utm_medium=api&utm_source=abfa41a4,"Regional Truck Driver Company - 1yr EXP Required - Flatbed - $75k - $85k per year - Keim TS, Inc.",0,full_time,75000.0,eyJhbGciOiJIUzI1NiJ9.eyJpIjoiNTg1Njg2NzA0NSIsInMiOiJFZ3FkYWxhaDhSR1FBX2JWTmdKTUVBIn0.JP5v06pJ3ucjGrzY4VO7e79mYyF_urDgtCyfN0eqho8,"Keim is Hiring CDL-A Drivers | Starting Pay @ 63 CPM!. COMPANY DRIVERS At Keim TS, you’ll primarily haul building products, with 60% of the loads preloaded and pretarped—with no Canada and no hazmat. Benefits for Company Driver Trucking Jobs at Keim TS include: Dedicated Home Time Paid Weekly New Equipment Regional or OTR Lanes 60% of loads pre-loaded & 45% pre-tarped We do not slip seat 1800W inverters Start at 68 mph cruise – could be 75 mph! Free rider program Insurance Coeur Health Insuranc…",85000.0,5856867045,Adzuna::API::Response::Job,"Keim TS, Inc.",Adzuna::API::Response::Company,"['US', 'Missouri', 'Greene County', 'Springfield']","Springfield, Greene County",Adzuna::API::Response::Location,Logistics & Warehouse Jobs,Adzuna::API::Response::Category,logistics-warehouse-jobs,37.205393,-93.298681,
2026-08-26T09:57:21Z,https://www.adzuna.com/details/5856867046?utm_medium=api&utm_source=abfa41a4,"Class A CDL Company Driver - 1yr EXP Required - Regional - Flatbed - $75k - $85k per year - Keim TS, Inc.",0,full_time,75000.0,eyJhbGciOiJIUzI1NiJ9.eyJzIjoiRWdxZGFsYWg4UkdRQV9iVk5nSk1FQSIsImkiOiI1ODU2ODY3MDQ2In0.TCKtjcKYgenV1ttMTlUMBc3PD4fJ8t1eLtDAjUQ6UDY,"Keim is Hiring CDL-A Drivers | Starting Pay @ 63 CPM!. COMPANY DRIVERS At Keim TS, you’ll primarily haul building products, with 60% of the loads preloaded and pretarped—with no Canada and no hazmat. Benefits for Company Driver Trucking Jobs at Keim TS include: Dedicated Home Time Paid Weekly New Equipment Regional or OTR Lanes 60% of loads pre-loaded & 45% pre-tarped We do not slip seat 1800W inverters Start at 68 mph cruise – could be 75 mph! Free rider program Insurance Coeur Health Insuranc…",85000.0,5856867046,Adzuna::API::Response::Job,"Keim TS, Inc.",Adzuna::API::Response::Company,"['US', 'Kansas', 'Douglas County', 'Lawrence']","Lawrence, Douglas County",Adzuna::API::Response::Location,Logistics & Warehouse Jobs,Adzuna::API::Response::Category,logistics-warehouse-jobs,38.968784,-95.239539,
2026-08-26T09:57:21Z,https://www.adzuna.com/details/5856867052?utm_medium=api&utm_source=abfa41a4,"Regional Truck Driver Company - 1yr EXP Required - Flatbed - $75k - $85k per year - Keim TS, Inc.",0,full_time,75000.0,eyJhbGciOiJIUzI1NiJ9.eyJzIjoiRWdxZGFsYWg4UkdRQV9iVk5nSk1FQSIsImkiOiI1ODU2ODY3MDUyIn0.9vGsRTljlHvHSrJND19Ozt7uy1LqXJLjdtHJenBj70U,"Keim is Hiring CDL-A Drivers | Starting Pay @ 63 CPM!. COMPANY DRIVERS At Keim TS, you’ll primarily haul building products, with 60% of the loads preloaded and pretarped—with no Canada and no hazmat. Benefits for Company Driver Trucking Jobs at Keim TS include: Dedicated Home Time Paid Weekly New Equipment Regional or OTR Lanes 60% of loads pre-loaded & 45% pre-tarped We do not slip seat 1800W inverters Start at 68 mph cruise – could be 75 mph! Free rider program Insurance Coeur Health Insuranc…",85000.0,5856867052,Adzuna::API::Response::Job,"Keim TS, Inc.",Adzuna::API::Response::Company,"['US', 'Louisiana', 'Caddo Parish', 'Risinger Woods']","Risinger Woods, Caddo Parish",Adzuna::API::Response::Location,Logistics & Warehouse Jobs,Adzuna::API::Response::Category,logistics-warehouse-jobs,32.60862,-93.86208,
2026-08-26T09:57:21Z,https://www.adzuna.com/details/5856867048?utm_medium=api&utm_source=abfa41a4,"CDL-A Company Driver - 1yr EXP Required - Regional - Flatbed - $75k - $85k per year - Keim TS, Inc.",0,full_time,75000.0,eyJhbGciOiJIUzI1NiJ9.eyJpIjoiNTg1Njg2NzA0OCIsInMiOiJFZ3FkYWxhaDhSR1FBX2JWTmdKTUVBIn0.5rg2MD7Q-H3heJ_YVfrSCVA45_Qd7Bnypa4RHPM6EZY,"Keim is Hiring CDL-A Drivers | Starting Pay @ 63 CPM!. COMPANY DRIVERS At Keim TS, you’ll primarily haul building products, with 60% of the loads preloaded and pretarped—with no Canada and no hazmat. Benefits for Company Driver Trucking Jobs at Keim TS include: Dedicated Home Time Paid Weekly New Equipment Regional or OTR Lanes 60% of loads pre-loaded & 45% pre-tarped We do not slip seat 1800W inverters Start at 68 mph cruise – could be 75 mph! Free rider program Insurance Coeur Health Insuranc…",85000.0,5856867048,Adzuna::API::Response::Job,"Keim TS, Inc.",Adzuna::API::Response::Company,"['US', 'Iowa', 'Scott County', 'Davenport']","Davenport, Scott County",Adzuna::API::Response::Location,Logistics & Warehouse Jobs,Adzuna::API::Response::Category,logistics-warehouse-jobs,41.523166,-90.577867,
2026-08-26T09:57:21Z,https://www.adzuna.com/land/ad/5856867024?se=Egqdalah8RGQA_bVNgJMEA&utm_medium=api&utm_source=abfa41a4&v=CBC732212D09F93DD54AE459434FC8EA6DC8BD06,Phlebotomist,0,,47840.0,eyJhbGciOiJIUzI1NiJ9.eyJzIjoiRWdxZGFsYWg4UkdRQV9iVk5nSk1FQSIsImkiOiI1ODU2ODY3MDI0In0.uNxPGgdicBu0vveBPZs7J-7gdjuff1Q5G_ybmHjz5Qs,"Job Description Job Description Description : The Patient Services Representative II (PSR II) represents the face of our company to patients who come in, both as part of their health routine or for insights into life-defining health decisions. The PSR II draws quality blood samples from patients and prepares those specimens for lab testing while following established practices and procedures. The PSR II has direct contact with patients and creates an atmosphere of trust and confidence while exp…",47840.0,5856867024,Adzuna::API::Response::Job,Synectics Inc,Adzuna::API::Response::Company,"['US', 'Georgia', 'Effingham County', 'Springfield']","Springfield, Effingham County",Adzuna::API::Response::Location,HR & Recruitment Jobs,Adzuna::API::Response::Category,hr-jobs,32.372413,-81.311499,
2026-08-26T09:57:21Z,https://www.adzuna.com/details/5856867038?utm_medium=api&utm_source=abfa41a4,"Class A CDL Company Driver - 1yr EXP Required - Regional - Flatbed - $75k - $85k per year - Keim TS, Inc.",0,full_time,75000.0,eyJhbGciOiJIUzI1NiJ9.eyJzIjoiRWdxZGFsYWg4UkdRQV9iVk5nSk1FQSIsImkiOiI1ODU2ODY3MDM4In0.2TDInVMAAR2b4x5HJiw03sWgiSCs7zvwVwJt40jXVF8,"Keim is Hiring CDL-A Drivers | Starting Pay @ 63 CPM!. COMPANY DRIVERS At Keim TS, you’ll primarily haul building products, with 60% of the loads preloaded and pretarped—with no Canada and no hazmat. Benefits for Company Driver Trucking Jobs at Keim TS include: Dedicated Home Time Paid Weekly New Equipment Regional or OTR Lanes 60% of loads pre-loaded & 45% pre-tarped We do not slip seat 1800W inverters Start at 68 mph cruise – could be 75 mph! Free rider program Insurance Coeur Health Insuranc…",85000.0,5856867038,Adzuna::API::Response::Job,"Keim TS, Inc.",Adzuna::API::Response::Company,"['US', 'Iowa', 'Johnson County', 'Iowa City']","Iowa City, Johnson County",Adzuna::API::Response::Location,Logistics & Warehouse Jobs,Adzuna::API::Response::Category,logistics-warehouse-jobs,41.649495,-91.515649,
2026-08-26T09:57:21Z,https://www.adzuna.com/details/5856867055?utm_medium=api&utm_source=abfa41a4,"Regional Truck Driver Company - 1yr EXP Required - Flatbed - $75k - $85k per year - Keim TS, Inc.",0,full_time,75000.0,eyJhbGciOiJIUzI1NiJ9.eyJzIjoiRWdxZGFsYWg4UkdRQV9iVk5nSk1FQSIsImkiOiI1ODU2ODY3MDU1In0.0vPeR7pv5anB3z3vdOiqW0j3hEPzrLEVZPBxkWVl8C4,"Keim is Hiring CDL-A Drivers | Starting Pay @ 63 CPM!. COMPANY DRIVERS At Keim TS, you’ll primarily haul building products, with 60% of the loads preloaded and pretarped—with no Canada and no hazmat. Benefits for Company Driver Trucking Jobs at Keim TS include: Dedicated Home Time Paid Weekly New Equipment Regional or OTR Lanes 60% of loads pre-loaded & 45% pre-tarped We do not slip seat 1800W inverters Start at 68 mph cruise – could be 75 mph! Free rider program Insurance Coeur Health Insuranc…",85000.0,5856867055,Adzuna::API::Response::Job,"Keim TS, Inc.",Adzuna::API::Response::Company,"['US', 'Missouri', 'Jasper County', 'Joplin']","Joplin, Jasper County",Adzuna::API::Response::Location,Logistics & Warehouse Jobs,Adzuna::API::Response::Category,logistics-warehouse-jobs,37.097902,-94.496679,
2026-08-26T09:57:21Z,https://www.adzuna.com/details/5856867031?utm_medium=api&utm_source=abfa41a4,"Regional Truck Driver Company - 1yr EXP Required - Flatbed - $75k - $85k per year - Keim TS, Inc.",0,full_time,75000.0,eyJhbGciOiJIUzI1NiJ9.eyJzIjoiRWdxZGFsYWg4UkdRQV9iVk5nSk1FQSIsImkiOiI1ODU2ODY3MDMxIn0.LpJc-0bk_45HuVe09g3iMSnMipx8Pi4jVExkHspnAg8,"Keim is Hiring CDL-A Drivers | Starting Pay @ 63 CPM!. COMPANY DRIVERS At Keim TS, you’ll primarily haul building products, with 60% of the loads preloaded and pretarped—with no Canada and no hazmat. Benefits for Company Driver Trucking Jobs at Keim TS include: Dedicated Home Time Paid Weekly New Equipment Regional or OTR Lanes 60% of loads pre-loaded & 45% pre-tarped We do not slip seat 1800W inverters Start at 68 mph cruise – could be 75 mph! Free rider program Insurance Coeur Health Insuranc…",85000.0,5856867031,Adzuna::API::Response::Job,"Keim TS, Inc.",Adzuna::API::Response::Company,"['US', 'Georgia', 'Clarke County', 'Athens']","Athens, Clarke County",Adzuna::API::Response::Location,Logistics & Warehouse Jobs,Adzuna::API::Response::Category,logistics-warehouse-jobs,33.97432,-83.363915,
2026-08-26T09:57:21Z,https://www.adzuna.com/details/5856867027?utm_medium=api&utm_source=abfa41a4,"CDL-A Company Driver - 1yr EXP Required - Regional - Flatbed - $75k - $85k per year - Keim TS, Inc.",0,full_time,75000.0,eyJhbGciOiJIUzI1NiJ9.eyJzIjoiRWdxZGFsYWg4UkdRQV9iVk5nSk1FQSIsImkiOiI1ODU2ODY3MDI3In0.ggFVVCe1DBrlTmRTJOGHrc_LyhX7YPfidIBfiRkayKw,"Keim is Hiring CDL-A Drivers | Starting Pay @ 63 CPM!. COMPANY DRIVERS At Keim TS, you’ll primarily haul building products, with 60% of the loads preloaded and pretarped—with no Canada and no hazmat. Benefits for Company Driver Trucking Jobs at Keim TS include: Dedicated Home Time Paid Weekly New Equipment Regional or OTR Lanes 60% of loads pre-loaded & 45% pre-tarped We do not slip seat 1800W inverters Start at 68 mph cruise – could be 75 mph! Free rider program Insurance Coeur Health Insuranc…",85000.0,5856867027,Adzuna::API::Response::Job,"Keim TS, Inc.",Adzuna::API::Response::Company,"['US', 'Kansas', 'Sedgwick County', 'Wichita']","Wichita, Sedgwick County",Adzuna::API::Response::Location,Logistics & Warehouse Jobs,Adzuna::API::Response::Category,logistics-warehouse-jobs,37.68544,-97.335746,
2026-08-26T09:57:21Z,https://www.adzuna.com/details/5856867026?utm_medium=api&utm_source=abfa41a4,"CDL-A Company Driver - 1yr EXP Required - Regional - Flatbed - $75k - $85k per year - Keim TS, Inc.",0,full_time,75000.0,eyJhbGciOiJIUzI1NiJ9.eyJpIjoiNTg1Njg2NzAyNiIsInMiOiJFZ3FkYWxhaDhSR1FBX2JWTmdKTUVBIn0.SfOXzSy5GJylVHNjIZQBgcAFVPme1ok80UgGYifq5-s,"Keim is Hiring CDL-A Drivers | Starting Pay @ 63 CPM!. COMPANY DRIVERS At Keim TS, you’ll primarily haul building products, with 60% of the loads preloaded and pretarped—with no Canada and no hazmat. Benefits for Company Driver Trucking Jobs at Keim TS include: Dedicated Home Time Paid Weekly New Equipment Regional or OTR Lanes 60% of loads pre-loaded & 45% pre-tarped We do not slip seat 1800W inverters Start at 68 mph cruise – could be 75 mph! Free rider program Insurance Coeur Health Insuranc…",85000.0,5856867026,Adzuna::API::Response::Job,"Keim TS, Inc.",Adzuna::API::Response::Company,"['US', 'Georgia', 'DeKalb County', 'Northlake']","Northlake, DeKalb County",Adzuna::API::Response::Location,Logistics & Warehouse Jobs,Adzuna::API::Response::Category,logistics-warehouse-jobs,33.747434,-84.388176,
2026-08-26T09:57:21Z,https://www.adzuna.com/details/5856867041?utm_medium=api&utm_source=abfa41a4,"Class A CDL Company Driver - 1yr EXP Required - Regional - Flatbed - $75k - $85k per year - Keim TS, Inc.",0,full_time,75000.0,eyJhbGciOiJIUzI1NiJ9.eyJzIjoiRWdxZGFsYWg4UkdRQV9iVk5nSk1FQSIsImkiOiI1ODU2ODY3MDQxIn0.GcxeIdPopYjKAasjzVrV2KFoMhOLWSiV6zbmb4LQsDw,"Keim is Hiring CDL-A Drivers | Starting Pay @ 63 CPM!. COMPANY DRIVERS At Keim TS, you’ll primarily haul building products, with 60% of the loads preloaded and pretarped—with no Canada and no hazmat. Benefits for Company Driver Trucking Jobs at Keim TS include: Dedicated Home Time Paid Weekly New Equipment Regional or OTR Lanes 60% of loads pre-loaded & 45% pre-tarped We do not slip seat 1800W inverters Start at 68 mph cruise – could be 75 mph! Free rider program Insurance Coeur Health Insuranc…",85000.0,5856867041,Adzuna::API::Response::Job,"Keim TS, Inc.",Adzuna::API::Response::Company,"['US', 'Nebraska', 'Lancaster County', 'State House']","State House, Lancaster County",Adzuna::API::Response::Location,Logistics & Warehouse Jobs,Adzuna::API::Response::Category,logistics-warehouse-jobs,40.822932,-96.676821,
2026-08-26T09:57:21Z,https://www.adzuna.com/details/5856867047?utm_medium=api&utm_source=abfa41a4,"Class A CDL Company Driver - 1yr EXP Required - Regional - Flatbed - $75k - $85k per year - Keim TS, Inc.",0,full_time,75000.0,eyJhbGciOiJIUzI1NiJ9.eyJzIjoiRWdxZGFsYWg4UkdRQV9iVk5nSk1FQSIsImkiOiI1ODU2ODY3MDQ3In0.zwlxQkSoxnU5U_ruLKOQZGV7UmLj1zQ13FSV_0fDMZs,"Keim is Hiring CDL-A Drivers | Starting Pay @ 63 CPM!. COMPANY DRIVERS At Keim TS, you’ll primarily haul building products, with 60% of the loads preloaded and pretarped—with no Canada and no hazmat. Benefits for Company Driver Trucking Jobs at Keim TS include: Dedicated Home Time Paid Weekly New Equipment Regional or OTR Lanes 60% of loads pre-loaded & 45% pre-tarped We do not slip seat 1800W inverters Start at 68 mph cruise – could be 75 mph! Free rider program Insurance Coeur Health Insuranc…",85000.0,5856867047,Adzuna::API::Response::Job,"Keim TS, Inc.",Adzuna::API::Response::Company,"['US', 'Missouri', 'Greene County', 'Springfield']","Springfield, Greene County",Adzuna::API::Response::Location,Logistics & Warehouse Jobs,Adzuna::API::Response::Category,logistics-warehouse-jobs,37.205393,-93.298681,
2026-08-26T09:57:21Z,https://www.adzuna.com/details/5856867042?utm_medium=api&utm_source=abfa41a4,"Class A CDL Company Driver - 1yr EXP Required - Regional - Flatbed - $75k - $85k per year - Keim TS, Inc.",0,full_time,75000.0,eyJhbGciOiJIUzI1NiJ9.eyJpIjoiNTg1Njg2NzA0MiIsInMiOiJFZ3FkYWxhaDhSR1FBX2JWTmdKTUVBIn0.JBmARHrgvDZ1nkHveVpKx-cFinw-ueOHC4bDcG8TkoU,"Keim is Hiring CDL-A Drivers | Starting Pay @ 63 CPM!. COMPANY DRIVERS At Keim TS, you’ll primarily haul building products, with 60% of the loads preloaded and pretarped—with no Canada and no hazmat. Benefits for Company Driver Trucking Jobs at Keim TS include: Dedicated Home Time Paid Weekly New Equipment Regional or OTR Lanes 60% of loads pre-loaded & 45% pre-tarped We do not slip seat 1800W inverters Start at 68 mph cruise – could be 75 mph! Free rider program Insurance Coeur Health Insuranc…",85000.0,5856867042,Adzuna::API::Response::Job,"Keim TS, Inc.",Adzuna::API::Response::Company,"['US', 'Indiana', 'Vanderburgh County', 'Evansville']","Evansville, Vanderburgh County",Adzuna::API::Response::Location,Logistics & Warehouse Jobs,Adzuna::API::Response::Category,logistics-warehouse-jobs,37.974481,-87.573224,
2026-08-26T09:57:21Z,https://www.adzuna.com/details/5856867039?utm_medium=api&utm_source=abfa41a4,"CDL-A Company Driver - 1yr EXP Required - Regional - Flatbed - $75k - $85k per year - Keim TS, Inc.",0,full_time,75000.0,eyJhbGciOiJIUzI1NiJ9.eyJpIjoiNTg1Njg2NzAzOSIsInMiOiJFZ3FkYWxhaDhSR1FBX2JWTmdKTUVBIn0.0KxTLMbrPDKdXobU63MJszK2WpIPCIQmpBRkYzuzTTc,"Keim is Hiring CDL-A Drivers | Starting Pay @ 63 CPM!. COMPANY DRIVERS At Keim TS, you’ll primarily haul building products, with 60% of the loads preloaded and pretarped—with no Canada and no hazmat. Benefits for Company Driver Trucking Jobs at Keim TS include: Dedicated Home Time Paid Weekly New Equipment Regional or OTR Lanes 60% of loads pre-loaded & 45% pre-tarped We do not slip seat 1800W inverters Start at 68 mph cruise – could be 75 mph! Free rider program Insurance Coeur Health Insuranc…",85000.0,5856867039,Adzuna::API::Response::Job,"Keim TS, Inc.",Adzuna::API::Response::Company,"['US', 'Iowa', 'Linn County', 'Cedar Rapids']","Cedar Rapids, Linn County",Adzuna::API::Response::Location,Logistics & Warehouse Jobs,Adzuna::API::Response::Category,logistics-warehouse-jobs,41.971709,-91.658714,
2026-08-26T09:57:21Z,https://www.adzuna.com/details/5856867029?utm_medium=api&utm_source=abfa41a4,"Regional Truck Driver Company - 1yr EXP Required - Flatbed - $75k - $85k per year - Keim TS, Inc.",0,full_time,75000.0,eyJhbGciOiJIUzI1NiJ9.eyJzIjoiRWdxZGFsYWg4UkdRQV9iVk5nSk1FQSIsImkiOiI1ODU2ODY3MDI5In0.21sN6dlySQTjPUd0GbGmoZ7GcdYoHg5ckc8JRYv9GN8,"Keim is Hiring CDL-A Drivers | Starting Pay @ 63 CPM!. COMPANY DRIVERS At Keim TS, you’ll primarily haul building products, with 60% of the loads preloaded and pretarped—with no Canada and no hazmat. Benefits for Company Driver Trucking Jobs at Keim TS include: Dedicated Home Time Paid Weekly New Equipment Regional or OTR Lanes 60% of loads pre-loaded & 45% pre-tarped We do not slip seat 1800W inverters Start at 68 mph cruise – could be 75 mph! Free rider program Insurance Coeur Health Insuranc…",85000.0,5856867029,Adzuna::API::Response::Job,"Keim TS, Inc.",Adzuna::API::Response::Company,"['US', 'Nebraska', 'Lancaster County', 'State House']","State House, Lancaster County",Adzuna::API::Response::Location,Logistics & Warehouse Jobs,Adzuna::API::Response::Category,logistics-warehouse-jobs,40.822932,-96.676821,
2026-08-26T09:57:21Z,https://www.adzuna.com/details/5856867020?utm_medium=api&utm_source=abfa41a4,"CDL-A Company Driver - 1yr EXP Required - Regional - Flatbed - $75k - $85k per year - Keim TS, Inc.",0,full_time,75000.0,eyJhbGciOiJIUzI1NiJ9.eyJpIjoiNTg1Njg2NzAyMCIsInMiOiJFZ3FkYWxhaDhSR1FBX2JWTmdKTUVBIn0.LVpRW6s2X9UUZQrfQzXN9tbti-NqMjj6LCjV1gkSGHc,"Keim is Hiring CDL-A Drivers | Starting Pay @ 63 CPM!. COMPANY DRIVERS At Keim TS, you’ll primarily haul building products, with 60% of the loads preloaded and pretarped—with no Canada and no hazmat. Benefits for Company Driver Trucking Jobs at Keim TS include: Dedicated Home Time Paid Weekly New Equipment Regional or OTR Lanes 60% of loads pre-loaded & 45% pre-tarped We do not slip seat 1800W inverters Start at 68 mph cruise – could be 75 mph! Free rider program Insurance Coeur Health Insuranc…",85000.0,5856867020,Adzuna::API::Response::Job,"Keim TS, Inc.",Adzuna::API::Response::Company,"['US', 'Arkansas', 'Washington County', 'Johnson']","Johnson, Washington County",Adzuna::API::Response::Location,Logistics & Warehouse Jobs,Adzuna::API::Response::Category,logistics-warehouse-jobs,36.100148,-94.136392,
2026-08-26T09:57:21Z,https://www.adzuna.com/details/5856867035?utm_medium=api&utm_source=abfa41a4,"CDL-A Company Driver - 1yr EXP Required - Regional - Flatbed - $75k - $85k per year - Keim TS, Inc.",0,full_time,75000.0,eyJhbGciOiJIUzI1NiJ9.eyJpIjoiNTg1Njg2NzAzNSIsInMiOiJFZ3FkYWxhaDhSR1FBX2JWTmdKTUVBIn0.jFHZoZbyVDPnagRDomhUgi9zb2r2YdP9NLcFEAFGXAY,"Keim is Hiring CDL-A Drivers | Starting Pay @ 63 CPM!. COMPANY DRIVERS At Keim TS, you’ll primarily haul building products, with 60% of the loads preloaded and pretarped—with no Canada and no hazmat. Benefits for Company Driver Trucking Jobs at Keim TS include: Dedicated Home Time Paid Weekly New Equipment Regional or OTR Lanes 60% of loads pre-loaded & 45% pre-tarped We do not slip seat 1800W inverters Start at 68 mph cruise – could be 75 mph! Free rider program Insurance Coeur Health Insuranc…",85000.0,5856867035,Adzuna::API::Response::Job,"Keim TS, Inc.",Adzuna::API::Response::Company,"['US', 'Texas', 'Smith County', 'St Louis']","St Louis, Smith County",Adzuna::API::Response::Location,Logistics & Warehouse Jobs,Adzuna::API::Response::Category,logistics-warehouse-jobs,32.275009,-95.301669,
2026-08-26T09:57:21Z,https://www.adzuna.com/details/5856867025?utm_medium=api&utm_source=abfa41a4,"Regional Truck Driver Company - 1yr EXP Required - Flatbed - $75k - $85k per year - Keim TS, Inc.",0,full_time,75000.0,eyJhbGciOiJIUzI1NiJ9.eyJpIjoiNTg1Njg2NzAyNSIsInMiOiJFZ3FkYWxhaDhSR1FBX2JWTmdKTUVBIn0.pQZdqf1Ygsvs-na39AoB3BKdumq2Spi_8NCO1lZEVnY,"Keim is Hiring CDL-A Drivers | Starting Pay @ 63 CPM!. COMPANY DRIVERS At Keim TS, you’ll primarily haul building products, with 60% of the loads preloaded and pretarped—with no Canada and no hazmat. Benefits for Company Driver Trucking Jobs at Keim TS include: Dedicated Home Time Paid Weekly New Equipment Regional or OTR Lanes 60% of loads pre-loaded & 45% pre-tarped We do not slip seat 1800W inverters Start at 68 mph cruise – could be 75 mph! Free rider program Insurance Coeur Health Insuranc…",85000.0,5856867025,Adzuna::API::Response::Job,"Keim TS, Inc.",Adzuna::API::Response::Company,"['US', 'Kansas', 'Sedgwick County', 'Wichita']","Wichita, Sedgwick County",Adzuna::API::Response::Location,Logistics & Warehouse Jobs,Adzuna::API::Response::Category,logistics-warehouse-jobs,37.68544,-97.335746,
2026-08-26T09:57:20Z,https://www.adzuna.com/details/5856866996?utm_medium=api&utm_source=abfa41a4,"Class A CDL Company Driver - 1yr EXP Required - Regional - Flatbed - $75k - $85k per year - Keim TS, Inc.",0,full_time,75000.0,eyJhbGciOiJIUzI1NiJ9.eyJpIjoiNTg1Njg2Njk5NiIsInMiOiJFZ3FkYWxhaDhSR1FBX2JWTmdKTUVBIn0.iadSSX7uVRk4XQMzypf6kDtiKb4TEM-vLfOodRjm8T4,"Keim is Hiring CDL-A Drivers | Starting Pay @ 63 CPM!. COMPANY DRIVERS At Keim TS, you’ll primarily haul building products, with 60% of the loads preloaded and pretarped—with no Canada and no hazmat. Benefits for Company Driver Trucking Jobs at Keim TS include: Dedicated Home Time Paid Weekly New Equipment Regional or OTR Lanes 60% of loads pre-loaded & 45% pre-tarped We do not slip seat 1800W inverters Start at 68 mph cruise – could be 75 mph! Free rider program Insurance Coeur Health Insuranc…",85000.0,5856866996,Adzuna::API::Response::Job,"Keim TS, Inc.",Adzuna::API::Response::Company,"['US', 'Alabama', 'Jefferson County', 'Birmingham']","Birmingham, Jefferson County",Adzuna::API::Response::Location,Logistics & Warehouse Jobs,Adzuna::API::Response::Category,logistics-warehouse-jobs,33.519379,-86.807562,
2026-08-26T09:57:20Z,https://www.adzuna.com/details/5856866984?utm_medium=api&utm_source=abfa41a4,"Regional Truck Driver Company - 1yr EXP Required - Flatbed - $75k - $85k per year - Keim TS, Inc.",0,full_time,75000.0,eyJhbGciOiJIUzI1NiJ9.eyJzIjoiRWdxZGFsYWg4UkdRQV9iVk5nSk1FQSIsImkiOiI1ODU2ODY2OTg0In0.6Crc3vgsQ4xg_0jgsVAuJEA3ctRLzZkSoszgLzHKqpc,"Keim is Hiring CDL-A Drivers | Starting Pay @ 63 CPM!. COMPANY DRIVERS At Keim TS, you’ll primarily haul building products, with 60% of the loads preloaded and pretarped—with no Canada and no hazmat. Benefits for Company Driver Trucking Jobs at Keim TS include: Dedicated Home Time Paid Weekly New Equipment Regional or OTR Lanes 60% of loads pre-loaded & 45% pre-tarped We do not slip seat 1800W inverters Start at 68 mph cruise – could be 75 mph! Free rider program Insurance Coeur Health Insuranc…",85000.0,5856866984,Adzuna::API::Response::Job,"Keim TS, Inc.",Adzuna::API::Response::Company,"['US', 'Alabama', 'Limestone County', 'Tanner']","Tanner, Limestone County",Adzuna::API::Response::Location,Logistics & Warehouse Jobs,Adzuna::API::Response::Category,logistics-warehouse-jobs,34.705111,-86.959203,
2026-08-26T09:57:20Z,https://www.adzuna.com/details/5856866990?utm_medium=api&utm_source=abfa41a4,"Regional Truck Driver Company - 1yr EXP Required - Flatbed - $75k - $85k per year - Keim TS, Inc.",0,full_time,75000.0,eyJhbGciOiJIUzI1NiJ9.eyJpIjoiNTg1Njg2Njk5MCIsInMiOiJFZ3FkYWxhaDhSR1FBX2JWTmdKTUVBIn0.iDjWLL2Kxd2pAvXvple5s7L8r9adYeD1SxTvVdhK3N0,"Keim is Hiring CDL-A Drivers | Starting Pay @ 63 CPM!. COMPANY DRIVERS At Keim TS, you’ll primarily haul building products, with 60% of the loads preloaded and pretarped—with no Canada and no hazmat. Benefits for Company Driver Trucking Jobs at Keim TS include: Dedicated Home Time Paid Weekly New Equipment Regional or OTR Lanes 60% of loads pre-loaded & 45% pre-tarped We do not slip seat 1800W inverters Start at 68 mph cruise – could be 75 mph! Free rider program Insurance Coeur Health Insuranc…",85000.0,5856866990,Adzuna::API::Response::Job,"Keim TS, Inc.",Adzuna::API::Response::Company,"['US', 'Nebraska', 'Douglas County', 'Ralston']","Ralston, Douglas County",Adzuna::API::Response::Location,Logistics & Warehouse Jobs,Adzuna::API::Response::Category,logistics-warehouse-jobs,41.207431,-95.997729,
2026-08-26T09:57:20Z,https://www.adzuna.com/details/5856866980?utm_medium=api&utm_source=abfa41a4,"Class A CDL Company Driver - 1yr EXP Required - Regional - Flatbed - $75k - $85k per year - Keim TS, Inc.",0,full_time,75000.0,eyJhbGciOiJIUzI1NiJ9.eyJpIjoiNTg1Njg2Njk4MCIsInMiOiJFZ3FkYWxhaDhSR1FBX2JWTmdKTUVBIn0.Y8L0rQGbhZdEuz2HzUneByCtrQqqGSpGdySLa-K7R74,"Keim is Hiring CDL-A Drivers | Starting Pay @ 63 CPM!. COMPANY DRIVERS At Keim TS, you’ll primarily haul building products, with 60% of the loads preloaded and pretarped—with no Canada and no hazmat. Benefits for Company Driver Trucking Jobs at Keim TS include: Dedicated Home Time Paid Weekly New Equipment Regional or OTR Lanes 60% of loads pre-loaded & 45% pre-tarped We do not slip seat 1800W inverters Start at 68 mph cruise – could be 75 mph! Free rider program Insurance Coeur Health Insuranc…",85000.0,5856866980,Adzuna::API::Response::Job,"Keim TS, Inc.",Adzuna::API::Response::Company,"['US', 'Arkansas', 'Pulaski County', 'Little Rock']","Little Rock, Pulaski County",Adzuna::API::Response::Location,Logistics & Warehouse Jobs,Adzuna::API::Response::Category,logistics-warehouse-jobs,34.74608,-92.276548,
2026-08-26T09:57:20Z,https://www.adzuna.com/details/5856866991?utm_medium=api&utm_source=abfa41a4,"CDL-A Company Driver - 1yr EXP Required - Regional - Flatbed - $75k - $85k per year - Keim TS, Inc.",0,full_time,75000.0,eyJhbGciOiJIUzI1NiJ9.eyJpIjoiNTg1Njg2Njk5MSIsInMiOiJFZ3FkYWxhaDhSR1FBX2JWTmdKTUVBIn0.8Vr7jVdYozMnyV9ibW5v5Ns3_jr51hqo8k1__oG25Iw,"Keim is Hiring CDL-A Drivers | Starting Pay @ 63 CPM!. COMPANY DRIVERS At Keim TS, you’ll primarily haul building products, with 60% of the loads preloaded and pretarped—with no Canada and no hazmat. Benefits for Company Driver Trucking Jobs at Keim TS include: Dedicated Home Time Paid Weekly New Equipment Regional or OTR Lanes 60% of loads pre-loaded & 45% pre-tarped We do not slip seat 1800W inverters Start at 68 mph cruise – could be 75 mph! Free rider program Insurance Coeur Health Insuranc…",85000.0,5856866991,Adzuna::API::Response::Job,"Keim TS, Inc.",Adzuna::API::Response::Company,"['US', 'Mississippi', 'DeSoto County', 'Memphis']","Memphis, DeSoto County",Adzuna::API::Response::Location,Logistics & Warehouse Jobs,Adzuna::API::Response::Category,logistics-warehouse-jobs,35.1478,-90.0521,
2026-08-26T09:57:20Z,https://www.adzuna.com/details/5856867001?utm_medium=api&utm_source=abfa41a4,"Regional Truck Driver Company - 1yr EXP Required - Flatbed - $75k - $85k per year - Keim TS, Inc.",0,full_time,75000.0,eyJhbGciOiJIUzI1NiJ9.eyJzIjoiRWdxZGFsYWg4UkdRQV9iVk5nSk1FQSIsImkiOiI1ODU2ODY3MDAxIn0.OlXqKdYidcZLISxbs6suVHITU7s-1jQuHOxoT7LQNbo,"Keim is Hiring CDL-A Drivers | Starting Pay @ 63 CPM!. COMPANY DRIVERS At Keim TS, you’ll primarily haul building products, with 60% of the loads preloaded and pretarped—with no Canada and no hazmat. Benefits for Company Driver Trucking Jobs at Keim TS include: Dedicated Home Time Paid Weekly New Equipment Regional or OTR Lanes 60% of loads pre-loaded & 45% pre-tarped We do not slip seat 1800W inverters Start at 68 mph cruise – could be 75 mph! Free rider program Insurance Coeur Health Insuranc…",85000.0,5856867001,Adzuna::API::Response::Job,"Keim TS, Inc.",Adzuna::API::Response::Company,"['US', 'Missouri', 'Saint Louis County', 'Saint Louis']","Saint Louis, Saint Louis County",Adzuna::API::Response::Location,Logistics & Warehouse Jobs,Adzuna::API::Response::Category,logistics-warehouse-jobs,38.63037,-90.215277,
2026-08-26T09:57:20Z,https://www.adzuna.com/details/5856867009?utm_medium=api&utm_source=abfa41a4,"Regional Truck Driver Company - 1yr EXP Required - Flatbed - $75k - $85k per year - Keim TS, Inc.",0,full_time,75000.0,eyJhbGciOiJIUzI1NiJ9.eyJpIjoiNTg1Njg2NzAwOSIsInMiOiJFZ3FkYWxhaDhSR1FBX2JWTmdKTUVBIn0.KWi3N0T9Krabd8KWNgGPorf1857m0mTii7uAbP9q-Ms,"Keim is Hiring CDL-A Drivers | Starting Pay @ 63 CPM!. COMPANY DRIVERS At Keim TS, you’ll primarily haul building products, with 60% of the loads preloaded and pretarped—with no Canada and no hazmat. Benefits for Company Driver Trucking Jobs at Keim TS include: Dedicated Home Time Paid Weekly New Equipment Regional or OTR Lanes 60% of loads pre-loaded & 45% pre-tarped We do not slip seat 1800W inverters Start at 68 mph cruise – could be 75 mph! Free rider program Insurance Coeur Health Insuranc…",85000.0,5856867009,Adzuna::API::Response::Job,"Keim TS, Inc.",Adzuna::API::Response::Company,"['US', 'Tennessee', 'Davidson County', 'Nashville']","Nashville, Davidson County",Adzuna::API::Response::Location,Logistics & Warehouse Jobs,Adzuna::API::Response::Category,logistics-warehouse-jobs,36.1681,-86.7847,
2026-08-26T09:57:20Z,https://www.adzuna.com/land/ad/5856867008?se=Egqdalah8RGQA_bVNgJMEA&utm_medium=api&utm_source=abfa41a4&v=29903D5CC19DFB657608A1E4BAEC532BEC5A1C9C,Material Handler - 2ndShift,1,,29819.77,eyJhbGciOiJIUzI1NiJ9.eyJpIjoiNTg1Njg2NzAwOCIsInMiOiJFZ3FkYWxhaDhSR1FBX2JWTmdKTUVBIn0.38u0-EdNOT4bbMcF43n15AQ2VRSakcSeiu8kusuNVrM,"Job Description Job Description Elevate Your Career as a Material Handler on Our 2nd Shift! Are you organized, detail-oriented, and ready to take on a pivotal role in our production process? Do you thrive in a dynamic environment where efficiency and accuracy are key? If this sounds like you, we have an exciting opportunity in Huntington Beach! Job Title: Material Handler - 2nd Shift Pay Rate : $20.00 per hour Location : Huntington Beach, CA Shift : Monday to Friday, 2:15PM to 11:00PM Job Descr…",29819.77,5856867008,Adzuna::API::Response::Job,Kimco Staffing,Adzuna::API::Response::Company,"['US', 'California', 'Orange County', 'Huntington Beach']","Huntington Beach, Orange County",Adzuna::API::Response::Location,Logistics & Warehouse Jobs,Adzuna::API::Response::Category,logistics-warehouse-jobs,33.664935,-117.964196,
2026-08-26T09:57:20Z,https://www.adzuna.com/details/5856866993?utm_medium=api&utm_source=abfa41a4,"CDL-A Company Driver - 1yr EXP Required - Regional - Flatbed - $75k - $85k per year - Keim TS, Inc.",0,full_time,75000.0,eyJhbGciOiJIUzI1NiJ9.eyJpIjoiNTg1Njg2Njk5MyIsInMiOiJFZ3FkYWxhaDhSR1FBX2JWTmdKTUVBIn0.zIqw8vaEvFHRmB0waa7hEIjin1wzkXDQtGIblFQOqBU,"Keim is Hiring CDL-A Drivers | Starting Pay @ 63 CPM!. COMPANY DRIVERS At Keim TS, you’ll primarily haul building products, with 60% of the loads preloaded and pretarped—with no Canada and no hazmat. Benefits for Company Driver Trucking Jobs at Keim TS include: Dedicated Home Time Paid Weekly New Equipment Regional or OTR Lanes 60% of loads pre-loaded & 45% pre-tarped We do not slip seat 1800W inverters Start at 68 mph cruise – could be 75 mph! Free rider program Insurance Coeur Health Insuranc…",85000.0,5856866993,Adzuna::API::Response::Job,"Keim TS, Inc.",Adzuna::API::Response::Company,"['US', 'Tennessee', 'Knox County', 'Knoxville']","Knoxville, Knox County",Adzuna::API::Response::Location,Logistics & Warehouse Jobs,Adzuna::API::Response::Category,logistics-warehouse-jobs,35.961127,-83.920879,
2026-08-26T09:57:20Z,https://www.adzuna.com/details/5856867010?utm_medium=api&utm_source=abfa41a4,"Class A CDL Company Driver - 1yr EXP Required - Regional - Flatbed - $75k - $85k per year - Keim TS, Inc.",0,full_time,75000.0,eyJhbGciOiJIUzI1NiJ9.eyJzIjoiRWdxZGFsYWg4UkdRQV9iVk5nSk1FQSIsImkiOiI1ODU2ODY3MDEwIn0.P8KBk6x7II4iitIKBB_itM1IVeV_2eFQRGOJvFyM3Q4,"Keim is Hiring CDL-A Drivers | Starting Pay @ 63 CPM!. COMPANY DRIVERS At Keim TS, you’ll primarily haul building products, with 60% of the loads preloaded and pretarped—with no Canada and no hazmat. Benefits for Company Driver Trucking Jobs at Keim TS include: Dedicated Home Time Paid Weekly New Equipment Regional or OTR Lanes 60% of loads pre-loaded & 45% pre-tarped We do not slip seat 1800W inverters Start at 68 mph cruise – could be 75 mph! Free rider program Insurance Coeur Health Insuranc…",85000.0,5856867010,Adzuna::API::Response::Job,"Keim TS, Inc.",Adzuna::API::Response::Company,"['US', 'Georgia', 'DeKalb County', 'Northlake']","Northlake, DeKalb County",Adzuna::API::Response::Location,Logistics & Warehouse Jobs,Adzuna::API::Response::Category,logistics-warehouse-jobs,33.747434,-84.388176,
2026-08-26T09:57:20Z,https://www.adzuna.com/details/5856866987?utm_medium=api&utm_source=abfa41a4,"Regional Truck Driver Company - 1yr EXP Required - Flatbed - $75k - $85k per year - Keim TS, Inc.",0,full_time,75000.0,eyJhbGciOiJIUzI1NiJ9.eyJzIjoiRWdxZGFsYWg4UkdRQV9iVk5nSk1FQSIsImkiOiI1ODU2ODY2OTg3In0.FxdNnenTxeZU63R0Bu8hNrng9W9Vz4fQ8sZwzAHEezc,"Keim is Hiring CDL-A Drivers | Starting Pay @ 63 CPM!. COMPANY DRIVERS At Keim TS, you’ll primarily haul building products, with 60% of the loads preloaded and pretarped—with no Canada and no hazmat. Benefits for Company Driver Trucking Jobs at Keim TS include: Dedicated Home Time Paid Weekly New Equipment Regional or OTR Lanes 60% of loads pre-loaded & 45% pre-tarped We do not slip seat 1800W inverters Start at 68 mph cruise – could be 75 mph! Free rider program Insurance Coeur Health Insuranc…",85000.0,5856866987,Adzuna::API::Response::Job,"Keim TS, Inc.",Adzuna::API::Response::Company,"['US', 'South Carolina', 'Greenville County', 'Batesville']","Batesville, Greenville County",Adzuna::API::Response::Location,Logistics & Warehouse Jobs,Adzuna::API::Response::Category,logistics-warehouse-jobs,34.829463,-82.340884,
2026-08-26T09:57:20Z,https://www.adzuna.com/details/5856866982?utm_medium=api&utm_source=abfa41a4,"Class A CDL Company Driver - 1yr EXP Required - Regional - Flatbed - $75k - $85k per year - Keim TS, Inc.",0,full_time,75000.0,eyJhbGciOiJIUzI1NiJ9.eyJpIjoiNTg1Njg2Njk4MiIsInMiOiJFZ3FkYWxhaDhSR1FBX2JWTmdKTUVBIn0.1715fT7T-iM0TSHoLxpP9mLtJJeP5JoYn9BZBuwvkDY,"Keim is Hiring CDL-A Drivers | Starting Pay @ 63 CPM!. COMPANY DRIVERS At Keim TS, you’ll primarily haul building products, with 60% of the loads preloaded and pretarped—with no Canada and no hazmat. Benefits for Company Driver Trucking Jobs at Keim TS include: Dedicated Home Time Paid Weekly New Equipment Regional or OTR Lanes 60% of loads pre-loaded & 45% pre-tarped We do not slip seat 1800W inverters Start at 68 mph cruise – could be 75 mph! Free rider program Insurance Coeur Health Insuranc…",85000.0,5856866982,Adzuna::API::Response::Job,"Keim TS, Inc.",Adzuna::API::Response::Company,"['US', 'Tennessee', 'Hamilton County', 'Chickamauga']","Chickamauga, Hamilton County",Adzuna::API::Response::Location,Logistics & Warehouse Jobs,Adzuna::API::Response::Category,logistics-warehouse-jobs,35.045291,-85.308214,
2026-08-26T09:57:20Z,https://www.adzuna.com/details/5856866983?utm_medium=api&utm_source=abfa41a4,"CDL-A Company Driver - 1yr EXP Required - Regional - Flatbed - $75k - $85k per year - Keim TS, Inc.",0,full_time,75000.0,eyJhbGciOiJIUzI1NiJ9.eyJzIjoiRWdxZGFsYWg4UkdRQV9iVk5nSk1FQSIsImkiOiI1ODU2ODY2OTgzIn0.MQKs26pjDtNdRfef9yxUmZzdhHAEPPQ1Z9F4gtJuN9g,"Keim is Hiring CDL-A Drivers | Starting Pay @ 63 CPM!. COMPANY DRIVERS At Keim TS, you’ll primarily haul building products, with 60% of the loads preloaded and pretarped—with no Canada and no hazmat. Benefits for Company Driver Trucking Jobs at Keim TS include: Dedicated Home Time Paid Weekly New Equipment Regional or OTR Lanes 60% of loads pre-loaded & 45% pre-tarped We do not slip seat 1800W inverters Start at 68 mph cruise – could be 75 mph! Free rider program Insurance Coeur Health Insuranc…",85000.0,5856866983,Adzuna::API::Response::Job,"Keim TS, Inc.",Adzuna::API::Response::Company,"['US', 'South Carolina', 'Greenville County', 'Batesville']","Batesville, Greenville County",Adzuna::API::Response::Location,Logistics & Warehouse Jobs,Adzuna::API::Response::Category,logistics-warehouse-jobs,34.829463,-82.340884,
2026-08-26T09:57:20Z,https://www.adzuna.com/details/5856867013?utm_medium=api&utm_source=abfa41a4,"Regional Truck Driver Company - 1yr EXP Required - Flatbed - $75k - $85k per year - Keim TS, Inc.",0,full_time,75000.0,eyJhbGciOiJIUzI1NiJ9.eyJzIjoiRWdxZGFsYWg4UkdRQV9iVk5nSk1FQSIsImkiOiI1ODU2ODY3MDEzIn0.Y9cLSr965pwo9EcFbiJpSkeLuT9maQoXlf6DZ85WHbI,"Keim is Hiring CDL-A Drivers | Starting Pay @ 63 CPM!. COMPANY DRIVERS At Keim TS, you’ll primarily haul building products, with 60% of the loads preloaded and pretarped—with no Canada and no hazmat. Benefits for Company Driver Trucking Jobs at Keim TS include: Dedicated Home Time Paid Weekly New Equipment Regional or OTR Lanes 60% of loads pre-loaded & 45% pre-tarped We do not slip seat 1800W inverters Start at 68 mph cruise – could be 75 mph! Free rider program Insurance Coeur Health Insuranc…",85000.0,5856867013,Adzuna::API::Response::Job,"Keim TS, Inc.",Adzuna::API::Response::Company,"['US', 'Georgia', 'DeKalb County', 'Northlake']","Northlake, DeKalb County",Adzuna::API::Response::Location,Logistics & Warehouse Jobs,Adzuna::API::Response::Category,logistics-warehouse-jobs,33.747434,-84.388176,
2026-08-26T09:57:20Z,https://www.adzuna.com/details/5856866995?utm_medium=api&utm_source=abfa41a4,"Regional Truck Driver Company - 1yr EXP Required - Flatbed - $75k - $85k per year - Keim TS, Inc.",0,full_time,75000.0,eyJhbGciOiJIUzI1NiJ9.eyJpIjoiNTg1Njg2Njk5NSIsInMiOiJvRld1YTFhaDhSR1FBX2JWTmdKTUVBIn0.cE8VFLKL-M5ep4CLPhcE4vGvaxPYF3tgAAplQG0kd98,"Keim is Hiring CDL-A Drivers | Starting Pay @ 63 CPM!. COMPANY DRIVERS At Keim TS, you’ll primarily haul building products, with 60% of the loads preloaded and pretarped—with no Canada and no hazmat. Benefits for Company Driver Trucking Jobs at Keim TS include: Dedicated Home Time Paid Weekly New Equipment Regional or OTR Lanes 60% of loads pre-loaded & 45% pre-tarped We do not slip seat 1800W inverters Start at 68 mph cruise – could be 75 mph! Free rider program Insurance Coeur Health Insuranc…",85000.0,5856866995,Adzuna::API::Response::Job,"Keim TS, Inc.",Adzuna::API::Response::Company,"['US', 'Alabama', 'Jefferson County', 'Birmingham']","Birmingham, Jefferson County",Adzuna::API::Response::Location,Logistics & Warehouse Jobs,Adzuna::API::Response::Category,logistics-warehouse-jobs,33.519379,-86.807562,
2026-08-26T09:57:20Z,https://www.adzuna.com/details/5856866998?utm_medium=api&utm_source=abfa41a4,"CDL-A Company Driver - 1yr EXP Required - Regional - Flatbed - $75k - $85k per year - Keim TS, Inc.",0,full_time,75000.0,eyJhbGciOiJIUzI1NiJ9.eyJpIjoiNTg1Njg2Njk5OCIsInMiOiJvRld1YTFhaDhSR1FBX2JWTmdKTUVBIn0.yDFA73bJLUu7h_Jwt15OZJggOCobPgAqnxrWZs2Ijsw,"Keim is Hiring CDL-A Drivers | Starting Pay @ 63 CPM!. COMPANY DRIVERS At Keim TS, you’ll primarily haul building products, with 60% of the loads preloaded and pretarped—with no Canada and no hazmat. Benefits for Company Driver Trucking Jobs at Keim TS include: Dedicated Home Time Paid Weekly New Equipment Regional or OTR Lanes 60% of loads pre-loaded & 45% pre-tarped We do not slip seat 1800W inverters Start at 68 mph cruise – could be 75 mph! Free rider program Insurance Coeur Health Insuranc…",85000.0,5856866998,Adzuna::API::Response::Job,"Keim TS, Inc.",Adzuna::API::Response::Company,"['US', 'Tennessee', 'Davidson County', 'Nashville']","Nashville, Davidson County",Adzuna::API::Response::Location,Logistics & Warehouse Jobs,Adzuna::API::Response::Category,logistics-warehouse-jobs,36.1681,-86.7847,
2026-08-26T09:57:20Z,https://www.adzuna.com/details/5856867006?utm_medium=api&utm_source=abfa41a4,"CDL-A Company Driver - 1yr EXP Required - Regional - Flatbed - $75k - $85k per year - Keim TS, Inc.",0,full_time,75000.0,eyJhbGciOiJIUzI1NiJ9.eyJpIjoiNTg1Njg2NzAwNiIsInMiOiJvRld1YTFhaDhSR1FBX2JWTmdKTUVBIn0.0gDW2Xq0wGMaUajvyim30GVOP7Sz7vfZhiHv2bqXJhQ,"Keim is Hiring CDL-A Drivers | Starting Pay @ 63 CPM!. COMPANY DRIVERS At Keim TS, you’ll primarily haul building products, with 60% of the loads preloaded and pretarped—with no Canada and no hazmat. Benefits for Company Driver Trucking Jobs at Keim TS include: Dedicated Home Time Paid Weekly New Equipment Regional or OTR Lanes 60% of loads pre-loaded & 45% pre-tarped We do not slip seat 1800W inverters Start at 68 mph cruise – could be 75 mph! Free rider program Insurance Coeur Health Insuranc…",85000.0,5856867006,Adzuna::API::Response::Job,"Keim TS, Inc.",Adzuna::API::Response::Company,"['US', 'Missouri', 'Saint Louis County', 'Saint Louis']","Saint Louis, Saint Louis County",Adzuna::API::Response::Location,Logistics & Warehouse Jobs,Adzuna::API::Response::Category,logistics-warehouse-jobs,38.63037,-90.215277,
2026-08-26T09:57:20Z,https://www.adzuna.com/details/5856866992?utm_medium=api&utm_source=abfa41a4,"CDL-A Company Driver - 1yr EXP Required - Regional - Flatbed - $75k - $85k per year - Keim TS, Inc.",0,full_time,75000.0,eyJhbGciOiJIUzI1NiJ9.eyJpIjoiNTg1Njg2Njk5MiIsInMiOiJvRld1YTFhaDhSR1FBX2JWTmdKTUVBIn0.QXZZ760gmtQ7djQz-VoqWgc97WwtZoQ-txnwMGOdLv8,"Keim is Hiring CDL-A Drivers | Starting Pay @ 63 CPM!. COMPANY DRIVERS At Keim TS, you’ll primarily haul building products, with 60% of the loads preloaded and pretarped—with no Canada and no hazmat. Benefits for Company Driver Trucking Jobs at Keim TS include: Dedicated Home Time Paid Weekly New Equipment Regional or OTR Lanes 60% of loads pre-loaded & 45% pre-tarped We do not slip seat 1800W inverters Start at 68 mph cruise – could be 75 mph! Free rider program Insurance Coeur Health Insuranc…",85000.0,5856866992,Adzuna::API::Response::Job,"Keim TS, Inc.",Adzuna::API::Response::Company,"['US', 'Nebraska', 'Douglas County', 'Ralston']","Ralston, Douglas County",Adzuna::API::Response::Location,Logistics & Warehouse Jobs,Adzuna::API::Response::Category,logistics-warehouse-jobs,41.207431,-95.997729,
2026-08-26T09:57:20Z,https://www.adzuna.com/details/5856866979?utm_medium=api&utm_source=abfa41a4,"Regional Truck Driver Company - 1yr EXP Required - Flatbed - $75k - $85k per year - Keim TS, Inc.",0,full_time,75000.0,eyJhbGciOiJIUzI1NiJ9.eyJpIjoiNTg1Njg2Njk3OSIsInMiOiJvRld1YTFhaDhSR1FBX2JWTmdKTUVBIn0.CHqvQj3R_koACXMAqOge9Tc-0_AD0eE2Cjmp9Zk6gCM,"Keim is Hiring CDL-A Drivers | Starting Pay @ 63 CPM!. COMPANY DRIVERS At Keim TS, you’ll primarily haul building products, with 60% of the loads preloaded and pretarped—with no Canada and no hazmat. Benefits for Company Driver Trucking Jobs at Keim TS include: Dedicated Home Time Paid Weekly New Equipment Regional or OTR Lanes 60% of loads pre-loaded & 45% pre-tarped We do not slip seat 1800W inverters Start at 68 mph cruise – could be 75 mph! Free rider program Insurance Coeur Health Insuranc…",85000.0,5856866979,Adzuna::API::Response::Job,"Keim TS, Inc.",Adzuna::API::Response::Company,"['US', 'Tennessee', 'Hamilton County', 'Chickamauga']","Chickamauga, Hamilton County",Adzuna::API::Response::Location,Logistics & Warehouse Jobs,Adzuna::API::Response::Category,logistics-warehouse-jobs,35.045291,-85.308214,
2026-08-26T09:57:19Z,https://www.adzuna.com/land/ad/5856866976?se=oFWua1ah8RGQA_bVNgJMEA&utm_medium=api&utm_source=abfa41a4&v=37D5EE3850E362368C63E0F25B8E1A0B50778C40,"Cath Lab Technologist in Portage, IN",1,,62827.2,eyJhbGciOiJIUzI1NiJ9.eyJpIjoiNTg1Njg2Njk3NiIsInMiOiJvRld1YTFhaDhSR1FBX2JWTmdKTUVBIn0.WidOfK_0pFzcfWHtmrsg51A_QWeEuuD6VBlZwEqjevQ,"Job Description Job Description Associate or Bachelor's degree in Radiologic Technology, Certification in Radiologic Technology (ARRT), and 1 year of Cath Lab experience. Applicants who do not meet these qualifications will not be considered. Step into a vital role supporting patient care in a busy cardiac cath lab environment. This contract position calls for a skilled Imaging professional with proven Cath Lab Tech experience to provide expertise in a dynamic, team-oriented setting. Schedule: …",62827.2,5856866976,Adzuna::API::Response::Job,Sunbelt Staffing,Adzuna::API::Response::Company,"['US', 'Indiana', 'Porter County', 'Portage']","Portage, Porter County",Adzuna::API::Response::Location,Healthcare & Nursing Jobs,Adzuna::API::Response::Category,healthcare-nursing-jobs,41.575871,-87.176146,
2026-08-26T09:57:19Z,https://www.adzuna.com/land/ad/5856866975?se=oFWua1ah8RGQA_bVNgJMEA&utm_medium=api&utm_source=abfa41a4&v=8C9DED95ADC1B9894618BBC4A4FDB1E59B8675FA,Outside Sales Representative,1,,145497.56,eyJhbGciOiJIUzI1NiJ9.eyJzIjoib0ZXdWExYWg4UkdRQV9iVk5nSk1FQSIsImkiOiI1ODU2ODY2OTc1In0.V6vUUbP4gBqRs-h0PFqKkt6qqd39Z2bEkhlnj7O1rAg,"Job Description Job Description Title: Outside Sales Consultant Location: Riverside, CA Are you a driven, energetic, and helpful sales professional looking to make great money? Work with one of Forbes’ America's Best Midsize Employers* and be rewarded for your performance with uncapped commissions, performance-based commission bonuses and incentives, and receive access to great benefits? Empire Today is looking for go-getters to meet face-to-face with our customers in their homes and help find …",145497.56,5856866975,Adzuna::API::Response::Job,Empire Today,Adzuna::API::Response::Company,"['US', 'California', 'Riverside County', 'Riverside']","Riverside, Riverside County",Adzuna::API::Response::Location,Sales Jobs,Adzuna::API::Response::Category,sales-jobs,33.953355,-117.396162,
2026-08-26T09:57:06Z,https://www.adzuna.com/details/5856866953?utm_medium=api&utm_source=abfa41a4,Assistant Store Manager,1,full_time,50489.29,eyJhbGciOiJIUzI1NiJ9.eyJzIjoib0ZXdWExYWg4UkdRQV9iVk5nSk1FQSIsImkiOiI1ODU2ODY2OTUzIn0.KvLaRWa8wHhsA2_iyhX_-oYsyfD0muFgV90P5c-OvKE,"Description AutoZone’s store teams are the frontline of WOW! customer service, ensuring that customers find the right parts and solutions for their automotive needs. Store employees maintain well-stocked inventory, assist customers with product selection, and provide expert advice to enhance the shopping experience. They play a vital role in driving sales, maintaining store operations, and fostering a positive, knowledgeable retail environment. As an Assistant Store Manager at AutoZone, you’ll …",50489.29,5856866953,Adzuna::API::Response::Job,Autozone,Adzuna::API::Response::Company,"['US', 'Pennsylvania', 'Lehigh County', 'Allentown']","Allentown, Lehigh County",Adzuna::API::Response::Location,Retail Jobs,Adzuna::API::Response::Category,retail-jobs,40.602718,-75.470885,
2026-08-26T09:57:05Z,https://www.adzuna.com/details/5856866952?utm_medium=api&utm_source=abfa41a4,Pre Op Assessment Clinic - CMA,0,full_time,42931.0,eyJhbGciOiJIUzI1NiJ9.eyJzIjoib0ZXdWExYWg4UkdRQV9iVk5nSk1FQSIsImkiOiI1ODU2ODY2OTUyIn0.OAIAUMRLC0XH5halJbw4NkanDSvdwoQ8IN_FbiA5eEg,"Working at Moffitt is both a career and a mission: to contribute to the prevention and cure of cancer. As the only National Cancer Institute-designated Comprehensive Cancer Center based in Florida, Moffitt employs some of the best and brightest minds from around the world. Join a dedicated team of nearly 11,000 who are shaping the future we envision. Moffitt has been recognized as a Best and Brightest Company to Work For in the Nation and is continually named one of the Tampa Bay Times’ Top Wor…",65457.0,5856866952,Adzuna::API::Response::Job,H. Lee Moffitt Cancer Center and Research Institute Hospital,Adzuna::API::Response::Company,['US'],US,Adzuna::API::Response::Location,Scientific & QA Jobs,Adzuna::API::Response::Category,scientific-qa-jobs,,,
2026-08-26T09:57:05Z,https://www.adzuna.com/details/5856866949?utm_medium=api&utm_source=abfa41a4,Federal Data Analyst,0,full_time,75000.0,eyJhbGciOiJIUzI1NiJ9.eyJzIjoib0ZXdWExYWg4UkdRQV9iVk5nSk1FQSIsImkiOiI1ODU2ODY2OTQ5In0.s2COZiynTaedXrEBVNJA8aK4D6EUeqKgQS3JxoA8f3I,"Position: Federal Data Analyst Location: Boston About Pryzm Pryzm is transforming how companies engage with the federal government. Today, federal procurement and BD is fragmented across disconnected workflows, siloed intelligence, and institutional knowledge locked in spreadsheets and inboxes. Pryzm brings together market intelligence, budget data, program visibility, and human insights into a single platform that helps teams navigate and win in the federal ecosystem. Pryzm is backed by Tier 1…",90000.0,5856866949,Adzuna::API::Response::Job,Pryzm,Adzuna::API::Response::Company,"['US', 'Massachusetts', 'Suffolk County', 'Boston']","Boston, Suffolk County",Adzuna::API::Response::Location,IT Jobs,Adzuna::API::Response::Category,it-jobs,42.354856,-71.066119,contract
2026-08-26T09:57:05Z,https://www.adzuna.com/details/5856866948?utm_medium=api&utm_source=abfa41a4,Assistant Resident Care Director,1,full_time,79296.91,eyJhbGciOiJIUzI1NiJ9.eyJzIjoib0ZXdWExYWg4UkdRQV9iVk5nSk1FQSIsImkiOiI1ODU2ODY2OTQ4In0.XLbMHglwTGaQ42jnwz8TEYsU75EO1tu9k2LWYpSgNz0,"The Assistant Resident Care Director (ARCD) assists the Resident Care Director (RCD) in planning, implementing, and evaluating the Resident Care department to ensure the highest degree of quality care and experience for each resident. Utilizes the nursing process to perform nursing functions in accordance with the Nurse Practice Act, Federal and State regulatory licensing requirements. Provides direct resident care to residents under the direction of the RCD in accordance with Commonwealth Seni…",79296.91,5856866948,Adzuna::API::Response::Job,Commonwealth Senior Living at Charlottesville,Adzuna::API::Response::Company,"['US', 'Virginia', 'Albemarle County', 'Earlysville']","Earlysville, Albemarle County",Adzuna::API::Response::Location,Healthcare & Nursing Jobs,Adzuna::API::Response::Category,healthcare-nursing-jobs,38.099208,-78.431218,
2026-08-26T09:57:03Z,https://www.adzuna.com/details/5856866934?utm_medium=api&utm_source=abfa41a4,Sales Engineer Trainee - Industrial Pump & Fluid Systems,1,full_time,83169.12,eyJhbGciOiJIUzI1NiJ9.eyJpIjoiNTg1Njg2NjkzNCIsInMiOiJvRld1YTFhaDhSR1FBX2JWTmdKTUVBIn0.yC4WYrRZrTdQRR2j6l3rfdfNL_XOrqA5XXGGewDVX8A,"Full-time Description Senior Engineering students are encouraged to apply! (Summer 2026, Fall 2026, Spring 2027) If you're a Summer Grad, we have openings available now! *Possible training locations include but are not limited to: Knoxville, TN; Memphis, TN; Lakeland, FL; Greensboro, NC; Greenville, SC; Richmond, VA. Candidates must be able to relocate, as this is a fully onsite role. About Tencarva Tencarva Machinery is a distributor, engineering and design partner, and OEM-authorized repair n…",83169.12,5856866934,Adzuna::API::Response::Job,Tencarva Machinery Company,Adzuna::API::Response::Company,"['US', 'Tennessee', 'Blount County', 'Alcoa']","Alcoa, Blount County",Adzuna::API::Response::Location,Sales Jobs,Adzuna::API::Response::Category,sales-jobs,35.784059,-83.981071,contract
2026-08-26T09:57:00Z,https://www.adzuna.com/details/5856866920?utm_medium=api&utm_source=abfa41a4,Surgical Pathology Technician,0,full_time,0.0,eyJhbGciOiJIUzI1NiJ9.eyJpIjoiNTg1Njg2NjkyMCIsInMiOiJvRld1YTFhaDhSR1FBX2JWTmdKTUVBIn0.wi_RKhNC05UuT_54MqzjeSUmEHtxUnPAo-aBatkKEEs,"Position Title Surgical Pathology Technician Days - Full Time Bell Hospital Position Summary / Career Interest: M - F 10am - 6:30pm A Surgical Pathology Technician I receive and accessions all specimens for surgical pathology. Performs gross examinations of biopsies and small surgical tissue specimens and prepares frozen section slides for microscopic examination. Must have a basic understanding and knowledge of human anatomy/physiology and medical terminology, especially tissue part types. Mus…",6.0,5856866920,Adzuna::API::Response::Job,The University of Kansas Health System,Adzuna::API::Response::Company,"['US', 'Kansas', 'Wyandotte County', 'Kansas City']","Kansas City, Wyandotte County",Adzuna::API::Response::Location,Healthcare & Nursing Jobs,Adzuna::API::Response::Category,healthcare-nursing-jobs,39.117388,-94.626957,
2026-08-26T09:56:59Z,https://www.adzuna.com/details/5856866915?utm_medium=api&utm_source=abfa41a4,RN - Unit Manager,1,part_time,100237.23,eyJhbGciOiJIUzI1NiJ9.eyJpIjoiNTg1Njg2NjkxNSIsInMiOiJvRld1YTFhaDhSR1FBX2JWTmdKTUVBIn0.9-U_VB25tBDlBU1MOs-CguGk6GqRTcRtWnJ5lFPfTHk,"Unit Managers are responsible for overseeing day to day patient care, supervising, directing and developing nurse staff, and reporting to the Director of Nursing to ensure quality patient care",100237.23,5856866915,Adzuna::API::Response::Job,Genesis SANDIA RIDGE CENTER,Adzuna::API::Response::Company,"['US', 'New Mexico', 'Bernalillo County', 'Sandia Base']","Sandia Base, Bernalillo County",Adzuna::API::Response::Location,Healthcare & Nursing Jobs,Adzuna::API::Response::Category,healthcare-nursing-jobs,35.101258,-106.513882,
2026-08-26T09:56:58Z,https://www.adzuna.com/land/ad/5856866905?se=oFWua1ah8RGQA_bVNgJMEA&utm_medium=api&utm_source=abfa41a4&v=C0A1275988BB3BEA49825B050B77DAA482AC4606,Civil Engineering Technician,1,,60007.79,eyJhbGciOiJIUzI1NiJ9.eyJpIjoiNTg1Njg2NjkwNSIsInMiOiJvRld1YTFhaDhSR1FBX2JWTmdKTUVBIn0.479U-vXVeQap94smYr9OfEQlb0Kg-AFfp4MWdCZEOao,"Job Description Job Description Job Title: Civil Engineering Technician Job Description This position offers an opportunity for a Civil Engineering Technician to support construction materials testing and inspection services across a wide range of residential, commercial, industrial, municipal, and transportation infrastructure projects. You will perform field and laboratory testing on materials such as concrete, asphalt, soils, and masonry to verify compliance with project specifications and q…",60007.79,5856866905,Adzuna::API::Response::Job,Actalent,Adzuna::API::Response::Company,"['US', 'Michigan', 'Muskegon County', 'Muskegon']","Muskegon, Muskegon County",Adzuna::API::Response::Location,Engineering Jobs,Adzuna::API::Response::Category,engineering-jobs,43.237426,-86.253277,
2026-08-26T09:56:58Z,https://www.adzuna.com/land/ad/5856866902?se=oFWua1ah8RGQA_bVNgJMEA&utm_medium=api&utm_source=abfa41a4&v=BB1A3F3DA7EB9EF0F8201378F30DCD610371260D,Maintenance Mechanic,0,,56680.0,eyJhbGciOiJIUzI1NiJ9.eyJpIjoiNTg1Njg2NjkwMiIsInMiOiJvRld1YTFhaDhSR1FBX2JWTmdKTUVBIn0.-mkZWyFAXX8TrC11WPl1eAdDWWj62DEz-6PmX8Q5Twk,"Job Description Job Description Job post summary Pay: $27.25 - $32.00 per hour Plus Shift Differentials Job description: We are offering a $2,000 sign-on bonus and an excellent starting wage. Shifts Available: Sun-Thu 8PM-4AM Mon-Fri 10AM-6PM Mon-Fri 12PM-8PM Position Summary: Repairs and maintains equipment and infrastructure at the production facilities and warehouse operations. Performs daily and weekly preventive maintenance programs to insure efficient operation of mechanical equipment. Ma…",66560.0,5856866902,Adzuna::API::Response::Job,V&V Supremo Foods,Adzuna::API::Response::Company,"['US', 'Ohio', 'Brown County', 'Browntown']","Browntown, Brown County",Adzuna::API::Response::Location,Manufacturing Jobs,Adzuna::API::Response::Category,manufacturing-jobs,38.93405,-83.86743,
2026-08-26T09:56:57Z,https://www.adzuna.com/details/5856866894?utm_medium=api&utm_source=abfa41a4,Senior Manufacturing Engineer,1,full_time,121058.49,eyJhbGciOiJIUzI1NiJ9.eyJzIjoib0ZXdWExYWg4UkdRQV9iVk5nSk1FQSIsImkiOiI1ODU2ODY2ODk0In0.-lAZxrFl_WXZxrVMxdGbfN_A2AyhJoYS2IM8mpgV-5Q,"Nordson Medical , a global leader in Interventional Solutions, Fluid Components, and Surgical Solutions, is seeking an experienced and highly motivated individual to join our team. We are committed to creating a diverse and inclusive workplace, and we are looking for candidates who share that same commitment. Summary of the role As a member of our team, you will have the opportunity to work in a dynamic and collaborative environment, where your ideas and contributions will be valued and respect…",121058.49,5856866894,Adzuna::API::Response::Job,Nordson,Adzuna::API::Response::Company,"['US', 'Florida', 'Pinellas County', 'Saint Petersburg']","Saint Petersburg, Pinellas County",Adzuna::API::Response::Location,Engineering Jobs,Adzuna::API::Response::Category,engineering-jobs,27.769606,-82.632138,
2026-08-26T09:56:57Z,https://www.adzuna.com/details/5856866892?utm_medium=api&utm_source=abfa41a4,Pastry Steward - Temporary,1,part_time,34790.84,eyJhbGciOiJIUzI1NiJ9.eyJzIjoib0ZXdWExYWg4UkdRQV9iVk5nSk1FQSIsImkiOiI1ODU2ODY2ODkyIn0.UgTTJEWvlC4Xgl_sDc7bgFDRTI7RocGZRzTe8ZnqXC4,"About Four Seasons: Four Seasons is powered by our people. We are a collective of individuals who crave to become better, to push ourselves to new heights and to treat each other as we wish to be treated in return. Our team members around the world create amazing experiences for our guests, residents, and partners through a commitment to luxury with genuine heart. We know that the best way to enable our people to deliver these exceptional guest experiences is through a world-class employee expe…",34790.84,5856866892,Adzuna::API::Response::Job,Four Seasons,Adzuna::API::Response::Company,['US'],US,Adzuna::API::Response::Location,Hospitality & Catering Jobs,Adzuna::API::Response::Category,hospitality-catering-jobs,,,
2026-08-26T09:56:56Z,https://www.adzuna.com/details/5856866887?utm_medium=api&utm_source=abfa41a4,Registered Nurse,1,full_time,62474.03,eyJhbGciOiJIUzI1NiJ9.eyJzIjoib0ZXdWExYWg4UkdRQV9iVk5nSk1FQSIsImkiOiI1ODU2ODY2ODg3In0.1vNQGGBNYfsKnrvgfHCN5khRVhbzu11ovgQpbdPtJjQ,"Posting Date 06/29/2026 618 E Court St, Seguin, Texas, 78155-5714, United States of America Make a real impact—every day. As a DaVita RN, you’ll ensure compassionate and professional delivery of all dialysis-related nursing services in an outpatient setting, ensuring the safety, comfort, and wellbeing of your patients. You’ll work in a fast-paced environment, collaborate with our professional team of clinicians, and use your critical thinking skills to solve problems and support patient care. K…",62474.03,5856866887,Adzuna::API::Response::Job,DaVita,Adzuna::API::Response::Company,"['US', 'Texas', 'Guadalupe County', 'Seguin']","Seguin, Guadalupe County",Adzuna::API::Response::Location,Healthcare & Nursing Jobs,Adzuna::API::Response::Category,healthcare-nursing-jobs,29.568841,-97.964727,
2026-08-26T09:56:55Z,https://www.adzuna.com/details/5856866878?utm_medium=api&utm_source=abfa41a4,Teacher Assistant - K,1,,34297.38,eyJhbGciOiJIUzI1NiJ9.eyJzIjoib0ZXdWExYWg4UkdRQV9iVk5nSk1FQSIsImkiOiI1ODU2ODY2ODc4In0.Z71sZo4F6RYWOKd20d43djJmvXYCqym6HC-Z5t1VADw,Position Type: Teacher Assistant/Paraprofessional Date Posted: 7/20/2026 Location: Rosy Mound Elementary School Closing Date: Until Filled Pay: $16.60/hour Schedule: Monday - Friday / 5.50 hours daily / Schedule TBD Please note GHAPS will complete the recruiting process but the employee will be onboarded by WMJ. Applicants for this position must meet the following criteria: Must possess a high school diploma or its equivalent. Must also meet requirements of 60 hours of study completed at a coll…,34297.38,5856866878,Adzuna::API::Response::Job,Grand Haven Area Public Schools,Adzuna::API::Response::Company,['US'],US,Adzuna::API::Response::Location,Admin Jobs,Adzuna::API::Response::Category,admin-jobs,,,
2026-08-26T09:56:54Z,https://www.adzuna.com/land/ad/5856866868?se=oFWua1ah8RGQA_bVNgJMEA&utm_medium=api&utm_source=abfa41a4&v=4BE3DD20FB9173BFB2868C3D99AF8E8C5C08BEF2,Insurance Coverage Litigation Paralegal,0,,50000.0,eyJhbGciOiJIUzI1NiJ9.eyJpIjoiNTg1Njg2Njg2OCIsInMiOiJvRld1YTFhaDhSR1FBX2JWTmdKTUVBIn0.muomHZe6TUgnUeL3-xHqwDff3juHOzc1Ebykgp08Ds4,"Job Description Job Description Our client is seeking a paralegal with 3 years of experience in Insurance Coverage Litigation to join their team, supporting attorneys throughout all stages of complex litigation in state and federal courts nationwide. Roles & Responsibilities: Support attorneys from case intake and investigation through discovery, motion practice, trial preparation, post-trial matters, and appellate practice. Prepare, finalize, and file motions, discovery materials, agreements, …",60000.0,5856866868,Adzuna::API::Response::Job,Synectics Inc,Adzuna::API::Response::Company,"['US', 'Pennsylvania', 'Montgomery County', 'Conshohocken']","Conshohocken, Montgomery County",Adzuna::API::Response::Location,Legal Jobs,Adzuna::API::Response::Category,legal-jobs,40.079277,-75.301571,
2026-08-26T09:56:54Z,https://www.adzuna.com/land/ad/5856866869?se=oFWua1ah8RGQA_bVNgJMEA&utm_medium=api&utm_source=abfa41a4&v=4554C86A0141441DDFE157680DC164CF922364A2,"Travel ICU RN in Oklahoma City, Oklahoma",1,,37698.1,eyJhbGciOiJIUzI1NiJ9.eyJzIjoib0ZXdWExYWg4UkdRQV9iVk5nSk1FQSIsImkiOiI1ODU2ODY2ODY5In0.1-NPvcMb9Xhjm_y1uGn5sV81Z-MplNoD6RpBfOzjUd8,"Job Description Job Description Responsibilities Intensive Care Unit RNs (ICU RNs) specialize in delivering care to patients in intensive care units of hospitals and healthcare facilities. ICU RNs evaluate the patient's conditions, administer treatment, and provide constant support during recovery. ICU RN job responsibilities include, but are not limited to: Evaluate and order diagnostic tests and administer intravenous fluids and medications Respond to life-threatening situations using nursing…",37698.1,5856866869,Adzuna::API::Response::Job,Gifted Healthcare,Adzuna::API::Response::Company,"['US', 'Arizona', 'Maricopa County', 'Cashion']","Cashion, Maricopa County",Adzuna::API::Response::Location,Healthcare & Nursing Jobs,Adzuna::API::Response::Category,healthcare-nursing-jobs,33.432452,-112.296149,
2026-08-26T09:56:53Z,https://www.adzuna.com/details/5856866862?utm_medium=api&utm_source=abfa41a4,Respiratory Therapist (RT) - Inpatient,1,part_time,63323.82,eyJhbGciOiJIUzI1NiJ9.eyJpIjoiNTg1Njg2Njg2MiIsInMiOiJvRld1YTFhaDhSR1FBX2JWTmdKTUVBIn0.qoTE2gnK7XWJWIRPmgeN0Rd3JgQ3Wa9IsDxi11_cJDQ,"Respiratory therapists assist patients who have breathing difficulties. These include chronic respiratory diseases, such as emphysema and asthma. Patients include infants with undeveloped lungs to adult patients with lung disease. They may also give emergency aid for a breathing problem, heart attack, drowning, and shock.",63323.82,5856866862,Adzuna::API::Response::Job,St. Luke's Boise Medical Center,Adzuna::API::Response::Company,"['US', 'Idaho', 'Ada County', 'Boise']","Boise, Ada County",Adzuna::API::Response::Location,Healthcare & Nursing Jobs,Adzuna::API::Response::Category,healthcare-nursing-jobs,43.601154,-116.164481,
2026-08-26T09:56:53Z,https://www.adzuna.com/land/ad/5856866840?se=oFWua1ah8RGQA_bVNgJMEA&utm_medium=api&utm_source=abfa41a4&v=B460049468A85DCF24DE6007E8969369EF0BA334,Local Truck Driver - 3yrs EXP Required - Dry Van - Dana Companies - 5720,1,full_time,71320.03,eyJhbGciOiJIUzI1NiJ9.eyJzIjoib0ZXdWExYWg4UkdRQV9iVk5nSk1FQSIsImkiOiI1ODU2ODY2ODQwIn0.uZIk0-rKsQ1ZCDD_VgkexKY1u14CW59PeO9sj_fVGvM,"Company Driver – OTR/Regional/Local - Bulk Jobs with Huge Pay. Dana Transport is one of the largest privately owned tank companies in the United States, and building a first-class Dry Bulk Team. Our program pays some of the highest salaries and is one of the most modern dry bulk fleets in North America. Become part of the Dana family today! Freight/Trailer Type: Pneumatic Trailer / Dry Bulk Driver compensation: $1400-2400 gross a week Paid % with hourly supplemental 50% of all detention billed …",71320.03,5856866840,Adzuna::API::Response::Job,Dana Companies - 5720,Adzuna::API::Response::Company,"['US', 'New Jersey', 'Middlesex County', 'Metuchen']","Metuchen, Middlesex County",Adzuna::API::Response::Location,Logistics & Warehouse Jobs,Adzuna::API::Response::Category,logistics-warehouse-jobs,40.542172,-74.358222,
2026-08-26T09:56:53Z,https://www.adzuna.com/land/ad/5856866847?se=oFWua1ah8RGQA_bVNgJMEA&utm_medium=api&utm_source=abfa41a4&v=670ECFCC48C5E0920F61EA016FE3C3758A23DE93,Class A CDL Company Driver - 3yrs EXP Required - Local - Dry Van - Dana Companies - 5720,1,full_time,71589.27,eyJhbGciOiJIUzI1NiJ9.eyJzIjoib0ZXdWExYWg4UkdRQV9iVk5nSk1FQSIsImkiOiI1ODU2ODY2ODQ3In0.wDXzzzDbsRbbxqtCluHp5xBT8y_MVEBJlkue2BnH_i0,"Company Driver – OTR/Regional/Local - Bulk Jobs with Huge Pay. Dana Transport is one of the largest privately owned tank companies in the United States, and building a first-class Dry Bulk Team. Our program pays some of the highest salaries and is one of the most modern dry bulk fleets in North America. Become part of the Dana family today! Freight/Trailer Type: Pneumatic Trailer / Dry Bulk Driver compensation: $1400-2400 gross a week Paid % with hourly supplemental 50% of all detention billed …",71589.27,5856866847,Adzuna::API::Response::Job,Dana Companies - 5720,Adzuna::API::Response::Company,"['US', 'New Jersey', 'Middlesex County', 'Metuchen']","Metuchen, Middlesex County",Adzuna::API::Response::Location,Logistics & Warehouse Jobs,Adzuna::API::Response::Category,logistics-warehouse-jobs,40.542172,-74.358222,
2026-08-26T09:56:53Z,https://www.adzuna.com/land/ad/5856866841?se=oFWua1ah8RGQA_bVNgJMEA&utm_medium=api&utm_source=abfa41a4&v=70DC51E1D3AA01E194F5C80430D2E46AE90CCD53,Travel Registered Nurse RN Emergency Room ER,1,,42586.12,eyJhbGciOiJIUzI1NiJ9.eyJpIjoiNTg1Njg2Njg0MSIsInMiOiJvRld1YTFhaDhSR1FBX2JWTmdKTUVBIn0.AtgM5svQf90Bu_o1CpjINwWP2fQXEq2PiJzSkDPzFdQ,"Job Description Job Description We. Are. OneStaff. Medical. An independently-owned, nationally-recognized and amazingly awesome staffing firm ready to work for you! A work ethic forged in the Midwest, we are here to stand by your side and help you find your dream assignment anywhere in this great country. We want the same like-minded, awesome candidates to travel with us. Be bold. Enjoy work again. Let us help. THE POSITION: Emergency Nurses treat patients in emergency situations where they’re …",42586.12,5856866841,Adzuna::API::Response::Job,OneStaffMedical,Adzuna::API::Response::Company,"['US', 'California', 'Sonoma County', 'Santa Rosa']","Santa Rosa, Sonoma County",Adzuna::API::Response::Location,Healthcare & Nursing Jobs,Adzuna::API::Response::Category,healthcare-nursing-jobs,38.44097,-122.797165,
2026-08-26T09:56:53Z,https://www.adzuna.com/land/ad/5856866849?se=oFWua1ah8RGQA_bVNgJMEA&utm_medium=api&utm_source=abfa41a4&v=39FB9EB6C9A27F689438935BB83143D1F5088AF7,Class A CDL Company Driver - 3yrs EXP Required - Local - Dry Van - Dana Companies - 5720,1,full_time,76400.23,eyJhbGciOiJIUzI1NiJ9.eyJzIjoib0ZXdWExYWg4UkdRQV9iVk5nSk1FQSIsImkiOiI1ODU2ODY2ODQ5In0.xZmMFjfznd6gzse6XDRI78BlilJyTVeGWIKvuZ2-EVU,"Company Driver – OTR/Regional/Local - Bulk Jobs with Huge Pay. Dana Transport is one of the largest privately owned tank companies in the United States, and building a first-class Dry Bulk Team. Our program pays some of the highest salaries and is one of the most modern dry bulk fleets in North America. Become part of the Dana family today! Freight/Trailer Type: Pneumatic Trailer / Dry Bulk Driver compensation: $1400-2400 gross a week Paid % with hourly supplemental 50% of all detention billed …",76400.23,5856866849,Adzuna::API::Response::Job,Dana Companies - 5720,Adzuna::API::Response::Company,"['US', 'Massachusetts', 'Bristol County', 'New Bedford']","New Bedford, Bristol County",Adzuna::API::Response::Location,Logistics & Warehouse Jobs,Adzuna::API::Response::Category,logistics-warehouse-jobs,41.634924,-70.942095,
2026-08-26T09:56:53Z,https://www.adzuna.com/land/ad/5856866842?se=oFWua1ah8RGQA_bVNgJMEA&utm_medium=api&utm_source=abfa41a4&v=575F34E0850CA0FA9EA23239270CA963D70258EA,Truck Driver Company - 3yrs EXP Required - Local - Dry Van - Dana Companies - 5720,1,full_time,71277.4,eyJhbGciOiJIUzI1NiJ9.eyJzIjoib0ZXdWExYWg4UkdRQV9iVk5nSk1FQSIsImkiOiI1ODU2ODY2ODQyIn0.HRoZu8wFSIMzFAfbZSmpcbK4ZGA8393F5BLhMjOgQrI,"Company Driver – OTR/Regional/Local - Bulk Jobs with Huge Pay. Dana Transport is one of the largest privately owned tank companies in the United States, and building a first-class Dry Bulk Team. Our program pays some of the highest salaries and is one of the most modern dry bulk fleets in North America. Become part of the Dana family today! Freight/Trailer Type: Pneumatic Trailer / Dry Bulk Driver compensation: $1400-2400 gross a week Paid % with hourly supplemental 50% of all detention billed …",71277.4,5856866842,Adzuna::API::Response::Job,Dana Companies - 5720,Adzuna::API::Response::Company,"['US', 'New Jersey', 'Middlesex County', 'Metuchen']","Metuchen, Middlesex County",Adzuna::API::Response::Location,Logistics & Warehouse Jobs,Adzuna::API::Response::Category,logistics-warehouse-jobs,40.542172,-74.358222,
2026-08-26T09:56:53Z,https://www.adzuna.com/land/ad/5856866856?se=oFWua1ah8RGQA_bVNgJMEA&utm_medium=api&utm_source=abfa41a4&v=DAF5CECD1E4EE96C76955F01B9F5F3ACFE9D9010,Truck Driver Company - 3yrs EXP Required - Local - Dry Van - Dana Companies - 5720,1,full_time,86249.69,eyJhbGciOiJIUzI1NiJ9.eyJpIjoiNTg1Njg2Njg1NiIsInMiOiJvRld1YTFhaDhSR1FBX2JWTmdKTUVBIn0.Vh_SpfyI8tiC3Eu8phV_kNlZJysp1x6QZH9hQxqdt9A,"Company Driver – OTR/Regional/Local - Bulk Jobs with Huge Pay. Dana Transport is one of the largest privately owned tank companies in the United States, and building a first-class Dry Bulk Team. Our program pays some of the highest salaries and is one of the most modern dry bulk fleets in North America. Become part of the Dana family today! Freight/Trailer Type: Pneumatic Trailer / Dry Bulk Driver compensation: $1400-2400 gross a week Paid % with hourly supplemental 50% of all detention billed …",86249.69,5856866856,Adzuna::API::Response::Job,Dana Companies - 5720,Adzuna::API::Response::Company,"['US', 'Massachusetts', 'Essex County', 'Saugus']","Saugus, Essex County",Adzuna::API::Response::Location,Logistics & Warehouse Jobs,Adzuna::API::Response::Category,logistics-warehouse-jobs,42.463548,-71.011881,
2026-08-26T09:56:53Z,https://www.adzuna.com/land/ad/5856866837?se=oFWua1ah8RGQA_bVNgJMEA&utm_medium=api&utm_source=abfa41a4&v=7EA34F618A17EDA967209E63BDE8604BE22D1313,CDL-A Company Driver - 3yrs EXP Required - Local - Dry Van - Dana Companies - 5720,1,full_time,71438.88,eyJhbGciOiJIUzI1NiJ9.eyJzIjoib0ZXdWExYWg4UkdRQV9iVk5nSk1FQSIsImkiOiI1ODU2ODY2ODM3In0.nBW2jEU_ly3brmIDJykdOW2EtlTP9be_EOmLrbtio6I,"Company Driver – OTR/Regional/Local - Bulk Jobs with Huge Pay. Dana Transport is one of the largest privately owned tank companies in the United States, and building a first-class Dry Bulk Team. Our program pays some of the highest salaries and is one of the most modern dry bulk fleets in North America. Become part of the Dana family today! Freight/Trailer Type: Pneumatic Trailer / Dry Bulk Driver compensation: $1400-2400 gross a week Paid % with hourly supplemental 50% of all detention billed …",71438.88,5856866837,Adzuna::API::Response::Job,Dana Companies - 5720,Adzuna::API::Response::Company,"['US', 'New Jersey', 'Middlesex County', 'Metuchen']","Metuchen, Middlesex County",Adzuna::API::Response::Location,Logistics & Warehouse Jobs,Adzuna::API::Response::Category,logistics-warehouse-jobs,40.542172,-74.358222,
2026-08-26T09:56:53Z,https://www.adzuna.com/land/ad/5856866843?se=oFWua1ah8RGQA_bVNgJMEA&utm_medium=api&utm_source=abfa41a4&v=22465B7E370BFC2BC16E535C865FE1F387D48C3F,Local Truck Driver - 3yrs EXP Required - Dry Van - Dana Companies - 5720,1,full_time,59554.32,eyJhbGciOiJIUzI1NiJ9.eyJpIjoiNTg1Njg2Njg0MyIsInMiOiJvRld1YTFhaDhSR1FBX2JWTmdKTUVBIn0.PQt9-SpzEnK7nx5_oZirU0TnuJ06qV1Vcqe1MUiIPHU,"Company Driver – OTR/Regional/Local - Bulk Jobs with Huge Pay. Dana Transport is one of the largest privately owned tank companies in the United States, and building a first-class Dry Bulk Team. Our program pays some of the highest salaries and is one of the most modern dry bulk fleets in North America. Become part of the Dana family today! Freight/Trailer Type: Pneumatic Trailer / Dry Bulk Driver compensation: $1400-2400 gross a week Paid % with hourly supplemental 50% of all detention billed …",59554.32,5856866843,Adzuna::API::Response::Job,Dana Companies - 5720,Adzuna::API::Response::Company,"['US', 'North Carolina', 'Mecklenburg County', 'Charlotte']","Charlotte, Mecklenburg County",Adzuna::API::Response::Location,Logistics & Warehouse Jobs,Adzuna::API::Response::Category,logistics-warehouse-jobs,35.227805,-80.844267,
2026-08-26T09:56:53Z,https://www.adzuna.com/land/ad/5856866852?se=oFWua1ah8RGQA_bVNgJMEA&utm_medium=api&utm_source=abfa41a4&v=FE250FFD74B9876E4980A56735F4596C612879F7,CDL-A Company Driver - 3yrs EXP Required - Local - Dry Van - Dana Companies - 5720,1,full_time,76239.6,eyJhbGciOiJIUzI1NiJ9.eyJzIjoib0ZXdWExYWg4UkdRQV9iVk5nSk1FQSIsImkiOiI1ODU2ODY2ODUyIn0._RAVxUJSGxQxZmlc9d1gBNgHXyS31je9XTvm4GlvBwA,"Company Driver – OTR/Regional/Local - Bulk Jobs with Huge Pay. Dana Transport is one of the largest privately owned tank companies in the United States, and building a first-class Dry Bulk Team. Our program pays some of the highest salaries and is one of the most modern dry bulk fleets in North America. Become part of the Dana family today! Freight/Trailer Type: Pneumatic Trailer / Dry Bulk Driver compensation: $1400-2400 gross a week Paid % with hourly supplemental 50% of all detention billed …",76239.6,5856866852,Adzuna::API::Response::Job,Dana Companies - 5720,Adzuna::API::Response::Company,"['US', 'Massachusetts', 'Bristol County', 'New Bedford']","New Bedford, Bristol County",Adzuna::API::Response::Location,Logistics & Warehouse Jobs,Adzuna::API::Response::Category,logistics-warehouse-jobs,41.634924,-70.942095,
2026-08-26T09:56:53Z,https://www.adzuna.com/land/ad/5856866848?se=oFWua1ah8RGQA_bVNgJMEA&utm_medium=api&utm_source=abfa41a4&v=D3B98B08600F5C601AD3BE2CEE4C3F3D82F21105,Truck Driver Company - 3yrs EXP Required - Local - Dry Van - Dana Companies - 5720,1,full_time,61187.78,eyJhbGciOiJIUzI1NiJ9.eyJpIjoiNTg1Njg2Njg0OCIsInMiOiJvRld1YTFhaDhSR1FBX2JWTmdKTUVBIn0.BOkxi7650I6e1mNfa1oeUyPAGms1EKmVJdzKM6BlogA,"Company Driver – OTR/Regional/Local - Bulk Jobs with Huge Pay. Dana Transport is one of the largest privately owned tank companies in the United States, and building a first-class Dry Bulk Team. Our program pays some of the highest salaries and is one of the most modern dry bulk fleets in North America. Become part of the Dana family today! Freight/Trailer Type: Pneumatic Trailer / Dry Bulk Driver compensation: $1400-2400 gross a week Paid % with hourly supplemental 50% of all detention billed …",61187.78,5856866848,Adzuna::API::Response::Job,Dana Companies - 5720,Adzuna::API::Response::Company,"['US', 'Pennsylvania', 'Monroe County', 'Pocono Pines']","Pocono Pines, Monroe County",Adzuna::API::Response::Location,Logistics & Warehouse Jobs,Adzuna::API::Response::Category,logistics-warehouse-jobs,41.0817,-75.422801,
2026-08-26T09:56:53Z,https://www.adzuna.com/land/ad/5856866853?se=oFWua1ah8RGQA_bVNgJMEA&utm_medium=api&utm_source=abfa41a4&v=F06F454156ADB5F8C13A87E9698C51E478DD3547,Class A CDL Company Driver - 3yrs EXP Required - Local - Dry Van - Dana Companies - 5720,1,full_time,61455.62,eyJhbGciOiJIUzI1NiJ9.eyJpIjoiNTg1Njg2Njg1MyIsInMiOiJvRld1YTFhaDhSR1FBX2JWTmdKTUVBIn0.soOoGbPRULfOMYMeomtFDOqD-hVpqVWhoQb_wH_cqRI,"Company Driver – OTR/Regional/Local - Bulk Jobs with Huge Pay. Dana Transport is one of the largest privately owned tank companies in the United States, and building a first-class Dry Bulk Team. Our program pays some of the highest salaries and is one of the most modern dry bulk fleets in North America. Become part of the Dana family today! Freight/Trailer Type: Pneumatic Trailer / Dry Bulk Driver compensation: $1400-2400 gross a week Paid % with hourly supplemental 50% of all detention billed …",61455.62,5856866853,Adzuna::API::Response::Job,Dana Companies - 5720,Adzuna::API::Response::Company,"['US', 'Pennsylvania', 'Monroe County', 'Pocono Pines']","Pocono Pines, Monroe County",Adzuna::API::Response::Location,Logistics & Warehouse Jobs,Adzuna::API::Response::Category,logistics-warehouse-jobs,41.0817,-75.422801,
2026-08-26T09:56:53Z,https://www.adzuna.com/land/ad/5856866827?se=oFWua1ah8RGQA_bVNgJMEA&utm_medium=api&utm_source=abfa41a4&v=506745A44AA41D95AB69750486E7B1C4222EB59C,CDL-A Company Driver - 3yrs EXP Required - Local - Dry Van - Dana Companies - 5720,1,full_time,59653.57,eyJhbGciOiJIUzI1NiJ9.eyJzIjoib0ZXdWExYWg4UkdRQV9iVk5nSk1FQSIsImkiOiI1ODU2ODY2ODI3In0.DZG5yvBvroEFtjE6TtR5oINJB--YJpwCo9A6qd_rkkk,"Company Driver – OTR/Regional/Local - Bulk Jobs with Huge Pay. Dana Transport is one of the largest privately owned tank companies in the United States, and building a first-class Dry Bulk Team. Our program pays some of the highest salaries and is one of the most modern dry bulk fleets in North America. Become part of the Dana family today! Freight/Trailer Type: Pneumatic Trailer / Dry Bulk Driver compensation: $1400-2400 gross a week Paid % with hourly supplemental 50% of all detention billed …",59653.57,5856866827,Adzuna::API::Response::Job,Dana Companies - 5720,Adzuna::API::Response::Company,"['US', 'North Carolina', 'Mecklenburg County', 'Charlotte']","Charlotte, Mecklenburg County",Adzuna::API::Response::Location,Logistics & Warehouse Jobs,Adzuna::API::Response::Category,logistics-warehouse-jobs,35.227805,-80.844267,
2026-08-26T09:56:53Z,https://www.adzuna.com/land/ad/5856866855?se=oFWua1ah8RGQA_bVNgJMEA&utm_medium=api&utm_source=abfa41a4&v=ABE24410FBFAC10782F64CD42F2B1FF65F8BC5FA,Local Truck Driver - 3yrs EXP Required - Dry Van - Dana Companies - 5720,1,full_time,65057.57,eyJhbGciOiJIUzI1NiJ9.eyJzIjoib0ZXdWExYWg4UkdRQV9iVk5nSk1FQSIsImkiOiI1ODU2ODY2ODU1In0.O3ScSV7DHX14orkigwP8kkmCF5tU3RqPPyOyLwHE4vg,"Company Driver – OTR/Regional/Local - Bulk Jobs with Huge Pay. Dana Transport is one of the largest privately owned tank companies in the United States, and building a first-class Dry Bulk Team. Our program pays some of the highest salaries and is one of the most modern dry bulk fleets in North America. Become part of the Dana family today! Freight/Trailer Type: Pneumatic Trailer / Dry Bulk Driver compensation: $1400-2400 gross a week Paid % with hourly supplemental 50% of all detention billed …",65057.57,5856866855,Adzuna::API::Response::Job,Dana Companies - 5720,Adzuna::API::Response::Company,"['US', 'Connecticut', 'Windham County', 'Chestnut Hill']","Chestnut Hill, Windham County",Adzuna::API::Response::Location,Logistics & Warehouse Jobs,Adzuna::API::Response::Category,logistics-warehouse-jobs,41.712509,-72.209222,
2026-08-26T09:56:53Z,https://www.adzuna.com/land/ad/5856866828?se=oFWua1ah8RGQA_bVNgJMEA&utm_medium=api&utm_source=abfa41a4&v=BDEFF4C6CDE25102A90DC635F35004074D8E2599,CDL-A Company Driver - 3yrs EXP Required - Local - Dry Van - Dana Companies - 5720,1,full_time,69187.02,eyJhbGciOiJIUzI1NiJ9.eyJzIjoib0ZXdWExYWg4UkdRQV9iVk5nSk1FQSIsImkiOiI1ODU2ODY2ODI4In0.lq2uGvPBLEGHJoDyqraeiEFzvd9CWxMHMtY67oUdKG8,"Company Driver – OTR/Regional/Local - Bulk Jobs with Huge Pay. Dana Transport is one of the largest privately owned tank companies in the United States, and building a first-class Dry Bulk Team. Our program pays some of the highest salaries and is one of the most modern dry bulk fleets in North America. Become part of the Dana family today! Freight/Trailer Type: Pneumatic Trailer / Dry Bulk Driver compensation: $1400-2400 gross a week Paid % with hourly supplemental 50% of all detention billed …",69187.02,5856866828,Adzuna::API::Response::Job,Dana Companies - 5720,Adzuna::API::Response::Company,"['US', 'Rhode Island', 'Washington County', 'North Kingstown']","North Kingstown, Washington County",Adzuna::API::Response::Location,Logistics & Warehouse Jobs,Adzuna::API::Response::Category,logistics-warehouse-jobs,41.58648,-71.46756,
2026-08-26T09:56:53Z,https://www.adzuna.com/land/ad/5856866834?se=oFWua1ah8RGQA_bVNgJMEA&utm_medium=api&utm_source=abfa41a4&v=0BC4F6A2BED8FBC69EB50D9C8C8F30B26FA216AB,Local Truck Driver - 3yrs EXP Required - Dry Van - Dana Companies - 5720,1,full_time,69071.84,eyJhbGciOiJIUzI1NiJ9.eyJpIjoiNTg1Njg2NjgzNCIsInMiOiJvRld1YTFhaDhSR1FBX2JWTmdKTUVBIn0.KWl-gqvN5eI4bmlc-CwD43aBPd50e6KL_vzusjHV2t0,"Company Driver – OTR/Regional/Local - Bulk Jobs with Huge Pay. Dana Transport is one of the largest privately owned tank companies in the United States, and building a first-class Dry Bulk Team. Our program pays some of the highest salaries and is one of the most modern dry bulk fleets in North America. Become part of the Dana family today! Freight/Trailer Type: Pneumatic Trailer / Dry Bulk Driver compensation: $1400-2400 gross a week Paid % with hourly supplemental 50% of all detention billed …",69071.84,5856866834,Adzuna::API::Response::Job,Dana Companies - 5720,Adzuna::API::Response::Company,"['US', 'Rhode Island', 'Washington County', 'North Kingstown']","North Kingstown, Washington County",Adzuna::API::Response::Location,Logistics & Warehouse Jobs,Adzuna::API::Response::Category,logistics-warehouse-jobs,41.58648,-71.46756,
2026-08-26T09:56:52Z,https://www.adzuna.com/land/ad/5856866812?se=oFWua1ah8RGQA_bVNgJMEA&utm_medium=api&utm_source=abfa41a4&v=624FD228EB1B0903E1B1F2687D2E2D0BA0E81764,Local Truck Driver - 3yrs EXP Required - Dry Van - Dana Companies - 5720,1,full_time,77374.57,eyJhbGciOiJIUzI1NiJ9.eyJzIjoib0ZXdWExYWg4UkdRQV9iVk5nSk1FQSIsImkiOiI1ODU2ODY2ODEyIn0.uIgS7bQTGndwJwrawtRl-1Z5moMdJR2Yhdd2RI8C3CM,"Company Driver – OTR/Regional/Local - Bulk Jobs with Huge Pay. Dana Transport is one of the largest privately owned tank companies in the United States, and building a first-class Dry Bulk Team. Our program pays some of the highest salaries and is one of the most modern dry bulk fleets in North America. Become part of the Dana family today! Freight/Trailer Type: Pneumatic Trailer / Dry Bulk Driver compensation: $1400-2400 gross a week Paid % with hourly supplemental 50% of all detention billed …",77374.57,5856866812,Adzuna::API::Response::Job,Dana Companies - 5720,Adzuna::API::Response::Company,"['US', 'North Carolina', 'Forsyth County', 'Winston Salem']","Winston Salem, Forsyth County",Adzuna::API::Response::Location,Logistics & Warehouse Jobs,Adzuna::API::Response::Category,logistics-warehouse-jobs,36.103638,-80.215929,
2026-08-26T09:56:52Z,https://www.adzuna.com/land/ad/5856866815?se=oFWua1ah8RGQA_bVNgJMEA&utm_medium=api&utm_source=abfa41a4&v=76837350B24909E5A8E49064E353AFFFDE0791A0,CDL-A Company Driver - 3yrs EXP Required - Local - Dry Van - Dana Companies - 5720,1,full_time,77503.52,eyJhbGciOiJIUzI1NiJ9.eyJzIjoib0ZXdWExYWg4UkdRQV9iVk5nSk1FQSIsImkiOiI1ODU2ODY2ODE1In0.zObw-BuTVjBH_Kq7Wr19xTXBlytes8c6pZircTJkYZ8,"Company Driver – OTR/Regional/Local - Bulk Jobs with Huge Pay. Dana Transport is one of the largest privately owned tank companies in the United States, and building a first-class Dry Bulk Team. Our program pays some of the highest salaries and is one of the most modern dry bulk fleets in North America. Become part of the Dana family today! Freight/Trailer Type: Pneumatic Trailer / Dry Bulk Driver compensation: $1400-2400 gross a week Paid % with hourly supplemental 50% of all detention billed …",77503.52,5856866815,Adzuna::API::Response::Job,Dana Companies - 5720,Adzuna::API::Response::Company,"['US', 'North Carolina', 'Forsyth County', 'Winston Salem']","Winston Salem, Forsyth County",Adzuna::API::Response::Location,Logistics & Warehouse Jobs,Adzuna::API::Response::Category,logistics-warehouse-jobs,36.103638,-80.215929,
2026-08-26T09:56:52Z,https://www.adzuna.com/land/ad/5856866821?se=oFWua1ah8RGQA_bVNgJMEA&utm_medium=api&utm_source=abfa41a4&v=EB703AD482AB9940A1045E888A15DE7CCE7D18E3,Class A CDL Company Driver - 6mo EXP Required - Regional - Dry Van - $1k - $2.18k per week - Roehl Transport,0,full_time,52000.0,eyJhbGciOiJIUzI1NiJ9.eyJzIjoib0ZXdWExYWg4UkdRQV9iVk5nSk1FQSIsImkiOiI1ODU2ODY2ODIxIn0.8dwQGUERbRtwtgYxUf_PrxRwbyUUxRoxPo_gN3gX0Ms,"CDL-A Truck Driver (Regional). ROEHL IS URGENTLY HIRING HOME WEEKLY CDL-A TRUCK DRIVERS Roehl, for every mile of your driving career. DRIVE toward balance. GROW with opportunity. THRIVE with support. With Roehl’s Regional & Dedicated positions, you can DRIVE your career forward while enjoying the consistency and predictability of home weekly routes. GROW your earnings with our Dynamic Pay Plan and quarterly bonuses, and THRIVE in a positive environment built around flexibility, reliability, and…",113360.0,5856866821,Adzuna::API::Response::Job,Roehl Transport,Adzuna::API::Response::Company,"['US', 'Michigan', 'Wayne County', 'Romulus']","Romulus, Wayne County",Adzuna::API::Response::Location,Logistics & Warehouse Jobs,Adzuna::API::Response::Category,logistics-warehouse-jobs,42.2152,-83.3497,
2026-08-26T09:56:52Z,https://www.adzuna.com/land/ad/5856866820?se=oFWua1ah8RGQA_bVNgJMEA&utm_medium=api&utm_source=abfa41a4&v=C95ED576BB8A9D6F02B0F398B833F9AA567F3CBC,Class A CDL Company Driver - 3yrs EXP Required - Local - Dry Van - Dana Companies - 5720,1,full_time,69714.56,eyJhbGciOiJIUzI1NiJ9.eyJzIjoib0ZXdWExYWg4UkdRQV9iVk5nSk1FQSIsImkiOiI1ODU2ODY2ODIwIn0.cuSInIGfZpsJuLejScsLmkn2b3CrwlgLEGUsXon_gRA,"Company Driver – OTR/Regional/Local - Bulk Jobs with Huge Pay. Dana Transport is one of the largest privately owned tank companies in the United States, and building a first-class Dry Bulk Team. Our program pays some of the highest salaries and is one of the most modern dry bulk fleets in North America. Become part of the Dana family today! Freight/Trailer Type: Pneumatic Trailer / Dry Bulk Driver compensation: $1400-2400 gross a week Paid % with hourly supplemental 50% of all detention billed …",69714.56,5856866820,Adzuna::API::Response::Job,Dana Companies - 5720,Adzuna::API::Response::Company,"['US', 'Connecticut', 'Hartford County', 'Barry Square']","Barry Square, Hartford County",Adzuna::API::Response::Location,Logistics & Warehouse Jobs,Adzuna::API::Response::Category,logistics-warehouse-jobs,41.747873,-72.694442,
2026-08-26T09:56:52Z,https://www.adzuna.com/land/ad/5856866816?se=oFWua1ah8RGQA_bVNgJMEA&utm_medium=api&utm_source=abfa41a4&v=AF36AD24861EE7427EFE320090C3F564AEFB4625,Truck Driver Company - 3yrs EXP Required - Local - Dry Van - Dana Companies - 5720,1,full_time,98663.82,eyJhbGciOiJIUzI1NiJ9.eyJpIjoiNTg1Njg2NjgxNiIsInMiOiJvRld1YTFhaDhSR1FBX2JWTmdKTUVBIn0.FEAHjh3TNybPKy-EoGhz2sOagxhPSiayYqqU_Gxeeek,"Company Driver – OTR/Regional/Local - Bulk Jobs with Huge Pay. Dana Transport is one of the largest privately owned tank companies in the United States, and building a first-class Dry Bulk Team. Our program pays some of the highest salaries and is one of the most modern dry bulk fleets in North America. Become part of the Dana family today! Freight/Trailer Type: Pneumatic Trailer / Dry Bulk Driver compensation: $1400-2400 gross a week Paid % with hourly supplemental 50% of all detention billed …",98663.82,5856866816,Adzuna::API::Response::Job,Dana Companies - 5720,Adzuna::API::Response::Company,"['US', 'North Carolina', 'Guilford County', 'Greensboro']","Greensboro, Guilford County",Adzuna::API::Response::Location,Logistics & Warehouse Jobs,Adzuna::API::Response::Category,logistics-warehouse-jobs,36.070282,-79.771856,
2026-08-26T09:56:52Z,https://www.adzuna.com/land/ad/5856866795?se=oFWua1ah8RGQA_bVNgJMEA&utm_medium=api&utm_source=abfa41a4&v=D757BBE52A77EC6C81BEF94F1C8B56F156389216,CDL-A Company Driver - 6mo EXP Required - Regional - Dry Van - $1k - $2.18k per week - Roehl Transport,0,full_time,52000.0,eyJhbGciOiJIUzI1NiJ9.eyJzIjoib0ZXdWExYWg4UkdRQV9iVk5nSk1FQSIsImkiOiI1ODU2ODY2Nzk1In0.L2Ly7cIQ4WmYp-5zCJJ7cPx9t2eyDeV5ZEVHbhlPIm4,"CDL-A Truck Driver (Regional). ROEHL IS URGENTLY HIRING HOME WEEKLY CDL-A TRUCK DRIVERS Roehl, for every mile of your driving career. DRIVE toward balance. GROW with opportunity. THRIVE with support. With Roehl’s Regional & Dedicated positions, you can DRIVE your career forward while enjoying the consistency and predictability of home weekly routes. GROW your earnings with our Dynamic Pay Plan and quarterly bonuses, and THRIVE in a positive environment built around flexibility, reliability, and…",113360.0,5856866795,Adzuna::API::Response::Job,Roehl Transport,Adzuna::API::Response::Company,"['US', 'Ohio', 'Lucas County', 'Toledo']","Toledo, Lucas County",Adzuna::API::Response::Location,Logistics & Warehouse Jobs,Adzuna::API::Response::Category,logistics-warehouse-jobs,41.665197,-83.553563,
2026-08-26T09:56:52Z,https://www.adzuna.com/land/ad/5856866817?se=oFWua1ah8RGQA_bVNgJMEA&utm_medium=api&utm_source=abfa41a4&v=EE150122B168B64417F5DB7F2704DA2C513F5CF0,Local Truck Driver - 3yrs EXP Required - Dry Van - Dana Companies - 5720,1,full_time,98722.83,eyJhbGciOiJIUzI1NiJ9.eyJzIjoib0ZXdWExYWg4UkdRQV9iVk5nSk1FQSIsImkiOiI1ODU2ODY2ODE3In0.EmKuc6ZzZoFfBkqmwPI8wxS_oAUEM2Wlnk-2pCWqgBY,"Company Driver – OTR/Regional/Local - Bulk Jobs with Huge Pay. Dana Transport is one of the largest privately owned tank companies in the United States, and building a first-class Dry Bulk Team. Our program pays some of the highest salaries and is one of the most modern dry bulk fleets in North America. Become part of the Dana family today! Freight/Trailer Type: Pneumatic Trailer / Dry Bulk Driver compensation: $1400-2400 gross a week Paid % with hourly supplemental 50% of all detention billed …",98722.83,5856866817,Adzuna::API::Response::Job,Dana Companies - 5720,Adzuna::API::Response::Company,"['US', 'North Carolina', 'Guilford County', 'Greensboro']","Greensboro, Guilford County",Adzuna::API::Response::Location,Logistics & Warehouse Jobs,Adzuna::API::Response::Category,logistics-warehouse-jobs,36.070282,-79.771856,
2026-08-26T09:56:52Z,https://www.adzuna.com/land/ad/5856866801?se=oFWua1ah8RGQA_bVNgJMEA&utm_medium=api&utm_source=abfa41a4&v=15772FE217E9D18E45A07DF85DFF25F856F22430,Regional Truck Driver Company - 6mo EXP Required - Dry Van - $1k - $2.18k per week - Roehl Transport,0,full_time,52000.0,eyJhbGciOiJIUzI1NiJ9.eyJpIjoiNTg1Njg2NjgwMSIsInMiOiJvRld1YTFhaDhSR1FBX2JWTmdKTUVBIn0.eYnF7xjL3ptumZxbpH-8rN_A9nCzN_eMusZHrETmbAM,"CDL-A Truck Driver (Regional). ROEHL IS URGENTLY HIRING HOME WEEKLY CDL-A TRUCK DRIVERS Roehl, for every mile of your driving career. DRIVE toward balance. GROW with opportunity. THRIVE with support. With Roehl’s Regional & Dedicated positions, you can DRIVE your career forward while enjoying the consistency and predictability of home weekly routes. GROW your earnings with our Dynamic Pay Plan and quarterly bonuses, and THRIVE in a positive environment built around flexibility, reliability, and…",113360.0,5856866801,Adzuna::API::Response::Job,Roehl Transport,Adzuna::API::Response::Company,"['US', 'Michigan', 'Wayne County', 'Romulus']","Romulus, Wayne County",Adzuna::API::Response::Location,Logistics & Warehouse Jobs,Adzuna::API::Response::Category,logistics-warehouse-jobs,42.2152,-83.3497,
2026-08-26T09:56:52Z,https://www.adzuna.com/land/ad/5856866822?se=oFWua1ah8RGQA_bVNgJMEA&utm_medium=api&utm_source=abfa41a4&v=04F31EB9E57AAB5C1916D244431A79F868E690E5,CDL-A Company Driver - 3yrs EXP Required - Local - Dry Van - Dana Companies - 5720,1,full_time,69568.12,eyJhbGciOiJIUzI1NiJ9.eyJpIjoiNTg1Njg2NjgyMiIsInMiOiJvRld1YTFhaDhSR1FBX2JWTmdKTUVBIn0.OMFlj0EJqjYcCSscvyFgbI8KNm9cCUKLXq_mbQZdNhU,"Company Driver – OTR/Regional/Local - Bulk Jobs with Huge Pay. Dana Transport is one of the largest privately owned tank companies in the United States, and building a first-class Dry Bulk Team. Our program pays some of the highest salaries and is one of the most modern dry bulk fleets in North America. Become part of the Dana family today! Freight/Trailer Type: Pneumatic Trailer / Dry Bulk Driver compensation: $1400-2400 gross a week Paid % with hourly supplemental 50% of all detention billed …",69568.12,5856866822,Adzuna::API::Response::Job,Dana Companies - 5720,Adzuna::API::Response::Company,"['US', 'Connecticut', 'Hartford County', 'Barry Square']","Barry Square, Hartford County",Adzuna::API::Response::Location,Logistics & Warehouse Jobs,Adzuna::API::Response::Category,logistics-warehouse-jobs,41.747873,-72.694442,
2026-08-26T09:56:52Z,https://www.adzuna.com/land/ad/5856866810?se=oFWua1ah8RGQA_bVNgJMEA&utm_medium=api&utm_source=abfa41a4&v=E186E157B18B7F64F34982C0C3B1980CF6AE6408,CDL-A Company Driver - 6mo EXP Required - Regional - Dry Van - $1k - $2.18k per week - Roehl Transport,0,full_time,52000.0,eyJhbGciOiJIUzI1NiJ9.eyJzIjoib0ZXdWExYWg4UkdRQV9iVk5nSk1FQSIsImkiOiI1ODU2ODY2ODEwIn0.u6R0W5L26kvEvCDC_iu3uMQ7I1oQJtUpcY07q_24lE8,"CDL-A Truck Driver (Regional). ROEHL IS URGENTLY HIRING HOME WEEKLY CDL-A TRUCK DRIVERS Roehl, for every mile of your driving career. DRIVE toward balance. GROW with opportunity. THRIVE with support. With Roehl’s Regional & Dedicated positions, you can DRIVE your career forward while enjoying the consistency and predictability of home weekly routes. GROW your earnings with our Dynamic Pay Plan and quarterly bonuses, and THRIVE in a positive environment built around flexibility, reliability, and…",113360.0,5856866810,Adzuna::API::Response::Job,Roehl Transport,Adzuna::API::Response::Company,"['US', 'Pennsylvania', 'Allegheny County', 'Pittsburgh']","Pittsburgh, Allegheny County",Adzuna::API::Response::Location,Logistics & Warehouse Jobs,Adzuna::API::Response::Category,logistics-warehouse-jobs,40.445052,-79.978494,
2026-08-26T09:56:52Z,https://www.adzuna.com/land/ad/5856866823?se=oFWua1ah8RGQA_bVNgJMEA&utm_medium=api&utm_source=abfa41a4&v=067A9A8279B618DEFF20258048C47BF65DA1AE56,Class A CDL Company Driver - 3yrs EXP Required - Local - Dry Van - Dana Companies - 5720,1,full_time,99095.61,eyJhbGciOiJIUzI1NiJ9.eyJpIjoiNTg1Njg2NjgyMyIsInMiOiJvRld1YTFhaDhSR1FBX2JWTmdKTUVBIn0.cXgvpRfvFrrv1zAZoLwVscmMdcyZCp8a_tgqeK4hEeY,"Company Driver – OTR/Regional/Local - Bulk Jobs with Huge Pay. Dana Transport is one of the largest privately owned tank companies in the United States, and building a first-class Dry Bulk Team. Our program pays some of the highest salaries and is one of the most modern dry bulk fleets in North America. Become part of the Dana family today! Freight/Trailer Type: Pneumatic Trailer / Dry Bulk Driver compensation: $1400-2400 gross a week Paid % with hourly supplemental 50% of all detention billed …",99095.61,5856866823,Adzuna::API::Response::Job,Dana Companies - 5720,Adzuna::API::Response::Company,"['US', 'North Carolina', 'Guilford County', 'Greensboro']","Greensboro, Guilford County",Adzuna::API::Response::Location,Logistics & Warehouse Jobs,Adzuna::API::Response::Category,logistics-warehouse-jobs,36.070282,-79.771856,
2026-08-26T09:56:52Z,https://www.adzuna.com/land/ad/5856866800?se=oFWua1ah8RGQA_bVNgJMEA&utm_medium=api&utm_source=abfa41a4&v=54F5F4DF05DEB0A1FE94F6C0884C2FE43F19441D,Regional Truck Driver Company - 6mo EXP Required - Dry Van - $1k - $2.18k per week - Roehl Transport,0,full_time,52000.0,eyJhbGciOiJIUzI1NiJ9.eyJpIjoiNTg1Njg2NjgwMCIsInMiOiJvRld1YTFhaDhSR1FBX2JWTmdKTUVBIn0.jKKsUNy_b-fcPnU7G0zzPPtJN3ldtfzUdIilX7s4arQ,"CDL-A Truck Driver (Regional). ROEHL IS URGENTLY HIRING HOME WEEKLY CDL-A TRUCK DRIVERS Roehl, for every mile of your driving career. DRIVE toward balance. GROW with opportunity. THRIVE with support. With Roehl’s Regional & Dedicated positions, you can DRIVE your career forward while enjoying the consistency and predictability of home weekly routes. GROW your earnings with our Dynamic Pay Plan and quarterly bonuses, and THRIVE in a positive environment built around flexibility, reliability, and…",113360.0,5856866800,Adzuna::API::Response::Job,Roehl Transport,Adzuna::API::Response::Company,"['US', 'New York', 'Rensselaer County', 'Rensselaer']","Rensselaer, Rensselaer County",Adzuna::API::Response::Location,Logistics & Warehouse Jobs,Adzuna::API::Response::Category,logistics-warehouse-jobs,42.657304,-73.757553,
2026-08-26T09:56:52Z,https://www.adzuna.com/land/ad/5856866826?se=pqeWbFah8RGQA_bVNgJMEA&utm_medium=api&utm_source=abfa41a4&v=E3A0D7FF6CBFA53B262A54A1AAFFE7B769112614,Class A CDL Company Driver - 3yrs EXP Required - Local - Dry Van - Dana Companies - 5720,1,full_time,69332.66,eyJhbGciOiJIUzI1NiJ9.eyJpIjoiNTg1Njg2NjgyNiIsInMiOiJwcWVXYkZhaDhSR1FBX2JWTmdKTUVBIn0.n3jTshx1ceItiAjtoxn_1h_zfcwOf9E_H3k8TbM0vXE,"Company Driver – OTR/Regional/Local - Bulk Jobs with Huge Pay. Dana Transport is one of the largest privately owned tank companies in the United States, and building a first-class Dry Bulk Team. Our program pays some of the highest salaries and is one of the most modern dry bulk fleets in North America. Become part of the Dana family today! Freight/Trailer Type: Pneumatic Trailer / Dry Bulk Driver compensation: $1400-2400 gross a week Paid % with hourly supplemental 50% of all detention billed …",69332.66,5856866826,Adzuna::API::Response::Job,Dana Companies - 5720,Adzuna::API::Response::Company,"['US', 'Rhode Island', 'Washington County', 'North Kingstown']","North Kingstown, Washington County",Adzuna::API::Response::Location,Logistics & Warehouse Jobs,Adzuna::API::Response::Category,logistics-warehouse-jobs,41.58648,-71.46756,
2026-08-26T09:56:51Z,https://www.adzuna.com/land/ad/5856866734?se=pqeWbFah8RGQA_bVNgJMEA&utm_medium=api&utm_source=abfa41a4&v=95C41D952B448267462496355FC969010283B81E,CDL-A Company Driver - 6mo EXP Required - Regional - Dry Van - $1k - $2.18k per week - Roehl Transport,0,full_time,52000.0,eyJhbGciOiJIUzI1NiJ9.eyJzIjoicHFlV2JGYWg4UkdRQV9iVk5nSk1FQSIsImkiOiI1ODU2ODY2NzM0In0.J5x9_mI2GpDzESmi4jFVwQB-OiElx3nF5DdlycNyMFo,"CDL-A Truck Driver (Regional). ROEHL IS URGENTLY HIRING HOME WEEKLY CDL-A TRUCK DRIVERS Roehl, for every mile of your driving career. DRIVE toward balance. GROW with opportunity. THRIVE with support. With Roehl’s Regional & Dedicated positions, you can DRIVE your career forward while enjoying the consistency and predictability of home weekly routes. GROW your earnings with our Dynamic Pay Plan and quarterly bonuses, and THRIVE in a positive environment built around flexibility, reliability, and…",113360.0,5856866734,Adzuna::API::Response::Job,Roehl Transport,Adzuna::API::Response::Company,"['US', 'Ohio', 'Hancock County', 'Findlay']","Findlay, Hancock County",Adzuna::API::Response::Location,Logistics & Warehouse Jobs,Adzuna::API::Response::Category,logistics-warehouse-jobs,41.04052,-83.644115,
2026-08-26T09:56:51Z,https://www.adzuna.com/land/ad/5856866781?se=pqeWbFah8RGQA_bVNgJMEA&utm_medium=api&utm_source=abfa41a4&v=4DC40C8AEEB9F7DDAD51F5DB6C142FF52C674F3A,Regional Truck Driver Company - 6mo EXP Required - Dry Van - $1k - $2.18k per week - Roehl Transport,0,full_time,52000.0,eyJhbGciOiJIUzI1NiJ9.eyJpIjoiNTg1Njg2Njc4MSIsInMiOiJwcWVXYkZhaDhSR1FBX2JWTmdKTUVBIn0.r6tUgv8FJ9ZWejsZGKKrsK_Q15SWnN94mhwtYkolwQU,"CDL-A Truck Driver (Regional). ROEHL IS URGENTLY HIRING HOME WEEKLY CDL-A TRUCK DRIVERS Roehl, for every mile of your driving career. DRIVE toward balance. GROW with opportunity. THRIVE with support. With Roehl’s Regional & Dedicated positions, you can DRIVE your career forward while enjoying the consistency and predictability of home weekly routes. GROW your earnings with our Dynamic Pay Plan and quarterly bonuses, and THRIVE in a positive environment built around flexibility, reliability, and…",113360.0,5856866781,Adzuna::API::Response::Job,Roehl Transport,Adzuna::API::Response::Company,"['US', 'New York', 'Suffolk County', 'Lake Ronkonkoma Heights']","Lake Ronkonkoma Heights, Suffolk County",Adzuna::API::Response::Location,Logistics & Warehouse Jobs,Adzuna::API::Response::Category,logistics-warehouse-jobs,40.81812,-73.1208,
2026-08-26T09:56:51Z,https://www.adzuna.com/land/ad/5856866738?se=pqeWbFah8RGQA_bVNgJMEA&utm_medium=api&utm_source=abfa41a4&v=8F9B408EE58E94EED8D5EF7A422E04DC9778CC11,Class A CDL Company Driver - 6mo EXP Required - Regional - Dry Van - $1k - $2.18k per week - Roehl Transport,0,full_time,52000.0,eyJhbGciOiJIUzI1NiJ9.eyJpIjoiNTg1Njg2NjczOCIsInMiOiJwcWVXYkZhaDhSR1FBX2JWTmdKTUVBIn0._hyPZcUFhFhqSKgAVAPbpnPlYU8FJalAKc56Pp2WajE,"CDL-A Truck Driver (Regional). ROEHL IS URGENTLY HIRING HOME WEEKLY CDL-A TRUCK DRIVERS Roehl, for every mile of your driving career. DRIVE toward balance. GROW with opportunity. THRIVE with support. With Roehl’s Regional & Dedicated positions, you can DRIVE your career forward while enjoying the consistency and predictability of home weekly routes. GROW your earnings with our Dynamic Pay Plan and quarterly bonuses, and THRIVE in a positive environment built around flexibility, reliability, and…",113360.0,5856866738,Adzuna::API::Response::Job,Roehl Transport,Adzuna::API::Response::Company,"['US', 'New York', 'Seneca County', 'Romulus']","Romulus, Seneca County",Adzuna::API::Response::Location,Logistics & Warehouse Jobs,Adzuna::API::Response::Category,logistics-warehouse-jobs,42.743176,-76.844301,
2026-08-26T09:56:51Z,https://www.adzuna.com/land/ad/5856866741?se=pqeWbFah8RGQA_bVNgJMEA&utm_medium=api&utm_source=abfa41a4&v=130D3F01707ACA145218D7AB2D90DC5B8DD81791,CDL-A Company Driver - 6mo EXP Required - Regional - Dry Van - $1k - $2.18k per week - Roehl Transport,0,full_time,52000.0,eyJhbGciOiJIUzI1NiJ9.eyJzIjoicHFlV2JGYWg4UkdRQV9iVk5nSk1FQSIsImkiOiI1ODU2ODY2NzQxIn0.vSjC-3xKAat4PUTURtEkAtKkqCfI57XDIyFTtaTWoNc,"CDL-A Truck Driver (Regional). ROEHL IS URGENTLY HIRING HOME WEEKLY CDL-A TRUCK DRIVERS Roehl, for every mile of your driving career. DRIVE toward balance. GROW with opportunity. THRIVE with support. With Roehl’s Regional & Dedicated positions, you can DRIVE your career forward while enjoying the consistency and predictability of home weekly routes. GROW your earnings with our Dynamic Pay Plan and quarterly bonuses, and THRIVE in a positive environment built around flexibility, reliability, and…",113360.0,5856866741,Adzuna::API::Response::Job,Roehl Transport,Adzuna::API::Response::Company,"['US', 'New York', 'Chemung County', 'Pine City']","Pine City, Chemung County",Adzuna::API::Response::Location,Logistics & Warehouse Jobs,Adzuna::API::Response::Category,logistics-warehouse-jobs,42.050857,-76.865835,
2026-08-26T09:56:51Z,https://www.adzuna.com/land/ad/5856866750?se=pqeWbFah8RGQA_bVNgJMEA&utm_medium=api&utm_source=abfa41a4&v=3335BF35B30893FADCAD86878A9DCC4BA3F5BD92,CDL-A Company Driver - 6mo EXP Required - Regional - Dry Van - $1k - $2.18k per week - Roehl Transport,0,full_time,52000.0,eyJhbGciOiJIUzI1NiJ9.eyJpIjoiNTg1Njg2Njc1MCIsInMiOiJwcWVXYkZhaDhSR1FBX2JWTmdKTUVBIn0.5YqBebT9FlxPPF7BXWqsYorALLaKgDtzT3ueqGPuw6Q,"CDL-A Truck Driver (Regional). ROEHL IS URGENTLY HIRING HOME WEEKLY CDL-A TRUCK DRIVERS Roehl, for every mile of your driving career. DRIVE toward balance. GROW with opportunity. THRIVE with support. With Roehl’s Regional & Dedicated positions, you can DRIVE your career forward while enjoying the consistency and predictability of home weekly routes. GROW your earnings with our Dynamic Pay Plan and quarterly bonuses, and THRIVE in a positive environment built around flexibility, reliability, and…",113360.0,5856866750,Adzuna::API::Response::Job,Roehl Transport,Adzuna::API::Response::Company,"['US', 'Pennsylvania', 'Centre County', 'State College']","State College, Centre County",Adzuna::API::Response::Location,Logistics & Warehouse Jobs,Adzuna::API::Response::Category,logistics-warehouse-jobs,40.793925,-77.844355,
2026-08-26T09:56:51Z,https://www.adzuna.com/land/ad/5856866763?se=pqeWbFah8RGQA_bVNgJMEA&utm_medium=api&utm_source=abfa41a4&v=45E4F2BEA9A314128AAFF6FEBCB66C4FC92C134A,CDL-A Company Driver - 6mo EXP Required - Regional - Dry Van - $1k - $2.18k per week - Roehl Transport,0,full_time,52000.0,eyJhbGciOiJIUzI1NiJ9.eyJpIjoiNTg1Njg2Njc2MyIsInMiOiJwcWVXYkZhaDhSR1FBX2JWTmdKTUVBIn0.JNCbLvgJUVOykuGhjVb05bcDBQgTsYiYrKoPvp3ZnJQ,"CDL-A Truck Driver (Regional). ROEHL IS URGENTLY HIRING HOME WEEKLY CDL-A TRUCK DRIVERS Roehl, for every mile of your driving career. DRIVE toward balance. GROW with opportunity. THRIVE with support. With Roehl’s Regional & Dedicated positions, you can DRIVE your career forward while enjoying the consistency and predictability of home weekly routes. GROW your earnings with our Dynamic Pay Plan and quarterly bonuses, and THRIVE in a positive environment built around flexibility, reliability, and…",113360.0,5856866763,Adzuna::API::Response::Job,Roehl Transport,Adzuna::API::Response::Company,"['US', 'South Carolina', 'Beaufort County', 'Hilton Head Island']","Hilton Head Island, Beaufort County",Adzuna::API::Response::Location,Logistics & Warehouse Jobs,Adzuna::API::Response::Category,logistics-warehouse-jobs,32.225692,-80.737001,
2026-08-26T09:56:51Z,https://www.adzuna.com/land/ad/5856866770?se=pqeWbFah8RGQA_bVNgJMEA&utm_medium=api&utm_source=abfa41a4&v=7156A336E8F8815E3F496A99ECC75741594EBD61,Regional Truck Driver Company - 6mo EXP Required - Dry Van - $1k - $2.18k per week - Roehl Transport,0,full_time,52000.0,eyJhbGciOiJIUzI1NiJ9.eyJpIjoiNTg1Njg2Njc3MCIsInMiOiJwcWVXYkZhaDhSR1FBX2JWTmdKTUVBIn0.LQA3SYNylZSwl2rwWL02rP384KK9pg4xiw_2OHt16RA,"CDL-A Truck Driver (Regional). ROEHL IS URGENTLY HIRING HOME WEEKLY CDL-A TRUCK DRIVERS Roehl, for every mile of your driving career. DRIVE toward balance. GROW with opportunity. THRIVE with support. With Roehl’s Regional & Dedicated positions, you can DRIVE your career forward while enjoying the consistency and predictability of home weekly routes. GROW your earnings with our Dynamic Pay Plan and quarterly bonuses, and THRIVE in a positive environment built around flexibility, reliability, and…",113360.0,5856866770,Adzuna::API::Response::Job,Roehl Transport,Adzuna::API::Response::Company,"['US', 'West Virginia', 'Monongalia County', 'Westover']","Westover, Monongalia County",Adzuna::API::Response::Location,Logistics & Warehouse Jobs,Adzuna::API::Response::Category,logistics-warehouse-jobs,39.649199,-79.953757,
2026-08-26T09:56:51Z,https://www.adzuna.com/land/ad/5856866753?se=pqeWbFah8RGQA_bVNgJMEA&utm_medium=api&utm_source=abfa41a4&v=500A1D5B4A977AC4670DDC8DBED624D10E751777,Regional Truck Driver Company - 6mo EXP Required - Dry Van - $1k - $2.18k per week - Roehl Transport,0,full_time,52000.0,eyJhbGciOiJIUzI1NiJ9.eyJzIjoicHFlV2JGYWg4UkdRQV9iVk5nSk1FQSIsImkiOiI1ODU2ODY2NzUzIn0.7iO6AYG_97ufvl9U9S1cCNwOqQ5RkCYBjvkp0SrgomI,"CDL-A Truck Driver (Regional). ROEHL IS URGENTLY HIRING HOME WEEKLY CDL-A TRUCK DRIVERS Roehl, for every mile of your driving career. DRIVE toward balance. GROW with opportunity. THRIVE with support. With Roehl’s Regional & Dedicated positions, you can DRIVE your career forward while enjoying the consistency and predictability of home weekly routes. GROW your earnings with our Dynamic Pay Plan and quarterly bonuses, and THRIVE in a positive environment built around flexibility, reliability, and…",113360.0,5856866753,Adzuna::API::Response::Job,Roehl Transport,Adzuna::API::Response::Company,"['US', 'Pennsylvania', 'Centre County', 'State College']","State College, Centre County",Adzuna::API::Response::Location,Logistics & Warehouse Jobs,Adzuna::API::Response::Category,logistics-warehouse-jobs,40.793925,-77.844355,
2026-08-26T09:56:51Z,https://www.adzuna.com/land/ad/5856866765?se=pqeWbFah8RGQA_bVNgJMEA&utm_medium=api&utm_source=abfa41a4&v=BA578507B6A31AB4ADF7B5EC57F16FDB74E0AB62,Regional Truck Driver Company - 6mo EXP Required - Dry Van - $1k - $2.18k per week - Roehl Transport,0,full_time,52000.0,eyJhbGciOiJIUzI1NiJ9.eyJzIjoicHFlV2JGYWg4UkdRQV9iVk5nSk1FQSIsImkiOiI1ODU2ODY2NzY1In0.8XBc9sQM5-LDG96JmGtx1hJJlvFNLa1ncs-1bS9YAMc,"CDL-A Truck Driver (Regional). ROEHL IS URGENTLY HIRING HOME WEEKLY CDL-A TRUCK DRIVERS Roehl, for every mile of your driving career. DRIVE toward balance. GROW with opportunity. THRIVE with support. With Roehl’s Regional & Dedicated positions, you can DRIVE your career forward while enjoying the consistency and predictability of home weekly routes. GROW your earnings with our Dynamic Pay Plan and quarterly bonuses, and THRIVE in a positive environment built around flexibility, reliability, and…",113360.0,5856866765,Adzuna::API::Response::Job,Roehl Transport,Adzuna::API::Response::Company,"['US', 'Ohio', 'Muskingum County', 'Zanesville']","Zanesville, Muskingum County",Adzuna::API::Response::Location,Logistics & Warehouse Jobs,Adzuna::API::Response::Category,logistics-warehouse-jobs,39.95424,-81.98496,
2026-08-26T09:56:50Z,https://www.adzuna.com/land/ad/5856866693?se=pqeWbFah8RGQA_bVNgJMEA&utm_medium=api&utm_source=abfa41a4&v=882C17777D585B315E7274FB7934E33B8C632B7F,Class A CDL Company Driver - 6mo EXP Required - Regional - Dry Van - $1k - $2.18k per week - Roehl Transport,0,full_time,52000.0,eyJhbGciOiJIUzI1NiJ9.eyJpIjoiNTg1Njg2NjY5MyIsInMiOiJwcWVXYkZhaDhSR1FBX2JWTmdKTUVBIn0.yhjXIiel43OcSPebS2JAnFm-usZpnCsuDvyXreGd5uI,"CDL-A Truck Driver (Regional). ROEHL IS URGENTLY HIRING HOME WEEKLY CDL-A TRUCK DRIVERS Roehl, for every mile of your driving career. DRIVE toward balance. GROW with opportunity. THRIVE with support. With Roehl’s Regional & Dedicated positions, you can DRIVE your career forward while enjoying the consistency and predictability of home weekly routes. GROW your earnings with our Dynamic Pay Plan and quarterly bonuses, and THRIVE in a positive environment built around flexibility, reliability, and…",113360.0,5856866693,Adzuna::API::Response::Job,Roehl Transport,Adzuna::API::Response::Company,"['US', 'Illinois', 'Coles County', 'Charleston']","Charleston, Coles County",Adzuna::API::Response::Location,Logistics & Warehouse Jobs,Adzuna::API::Response::Category,logistics-warehouse-jobs,39.488789,-88.176764,
2026-08-26T09:56:50Z,https://www.adzuna.com/details/5856866681?utm_medium=api&utm_source=abfa41a4,Grossing Technician,1,full_time,48269.69,eyJhbGciOiJIUzI1NiJ9.eyJpIjoiNTg1Njg2NjY4MSIsInMiOiJwcWVXYkZhaDhSR1FBX2JWTmdKTUVBIn0.OrRVFkyS3RNyCZWd2EU3Qkww5yIzbH-bvebQvM3KGFo,"Job Functions, Duties, Responsibilities and Position Qualifications: We're not just a workplace - we're a Great Place to Work certified employer! Proudly certified as a Great Place to Work, we are dedicated to creating a supportive and inclusive environment. At Sonic Healthcare USA, we emphasize teamwork and innovation. Check out our job openings and advance your career with a company that values its team members! Quality is in our DNA  is it in yours? You put the pro in medical laboratory prof…",48269.69,5856866681,Adzuna::API::Response::Job,Sonic Healthcare USA,Adzuna::API::Response::Company,"['US', 'North Carolina', 'Guilford County', 'Greensboro']","Greensboro, Guilford County",Adzuna::API::Response::Location,Scientific & QA Jobs,Adzuna::API::Response::Category,scientific-qa-jobs,36.067604,-79.756811,
2026-08-26T09:56:50Z,https://www.adzuna.com/land/ad/5856866683?se=pqeWbFah8RGQA_bVNgJMEA&utm_medium=api&utm_source=abfa41a4&v=C25D3DAF2E7B0064DAD5B6BCECA51BC9BB9CD913,Regional Truck Driver Company - 6mo EXP Required - Dry Van - $1k - $2.18k per week - Roehl Transport,0,full_time,52000.0,eyJhbGciOiJIUzI1NiJ9.eyJzIjoicHFlV2JGYWg4UkdRQV9iVk5nSk1FQSIsImkiOiI1ODU2ODY2NjgzIn0._SZdj0xFSq70PUmX5Sef1FP42SBhFvaJfv35SvOyWng,"CDL-A Truck Driver (Regional). ROEHL IS URGENTLY HIRING HOME WEEKLY CDL-A TRUCK DRIVERS Roehl, for every mile of your driving career. DRIVE toward balance. GROW with opportunity. THRIVE with support. With Roehl’s Regional & Dedicated positions, you can DRIVE your career forward while enjoying the consistency and predictability of home weekly routes. GROW your earnings with our Dynamic Pay Plan and quarterly bonuses, and THRIVE in a positive environment built around flexibility, reliability, and…",113360.0,5856866683,Adzuna::API::Response::Job,Roehl Transport,Adzuna::API::Response::Company,"['US', 'Georgia', 'Telfair County', 'Helena']","Helena, Telfair County",Adzuna::API::Response::Location,Logistics & Warehouse Jobs,Adzuna::API::Response::Category,logistics-warehouse-jobs,32.0903,-82.916373,
2026-08-26T09:56:50Z,https://www.adzuna.com/land/ad/5856866728?se=pqeWbFah8RGQA_bVNgJMEA&utm_medium=api&utm_source=abfa41a4&v=4F5C664E6690B2E8EA95D39D23E00D5C65506365,Regional Truck Driver Company - 6mo EXP Required - Dry Van - $1k - $2.18k per week - Roehl Transport,0,full_time,52000.0,eyJhbGciOiJIUzI1NiJ9.eyJpIjoiNTg1Njg2NjcyOCIsInMiOiJwcWVXYkZhaDhSR1FBX2JWTmdKTUVBIn0.kr16pWIO6McZ_XsvS8ogYZJIkzTVO10mytErrQGF0JY,"CDL-A Truck Driver (Regional). ROEHL IS URGENTLY HIRING HOME WEEKLY CDL-A TRUCK DRIVERS Roehl, for every mile of your driving career. DRIVE toward balance. GROW with opportunity. THRIVE with support. With Roehl’s Regional & Dedicated positions, you can DRIVE your career forward while enjoying the consistency and predictability of home weekly routes. GROW your earnings with our Dynamic Pay Plan and quarterly bonuses, and THRIVE in a positive environment built around flexibility, reliability, and…",113360.0,5856866728,Adzuna::API::Response::Job,Roehl Transport,Adzuna::API::Response::Company,"['US', 'Michigan', 'Ottawa County', 'Holland']","Holland, Ottawa County",Adzuna::API::Response::Location,Logistics & Warehouse Jobs,Adzuna::API::Response::Category,logistics-warehouse-jobs,42.779394,-86.110118,
2026-08-26T09:56:50Z,https://www.adzuna.com/land/ad/5856866714?se=pqeWbFah8RGQA_bVNgJMEA&utm_medium=api&utm_source=abfa41a4&v=0A58BD16CFC6E76E55CDF6E7542444538BBC35CE,Regional Truck Driver Company - 6mo EXP Required - Dry Van - $1k - $2.18k per week - Roehl Transport,0,full_time,52000.0,eyJhbGciOiJIUzI1NiJ9.eyJzIjoicHFlV2JGYWg4UkdRQV9iVk5nSk1FQSIsImkiOiI1ODU2ODY2NzE0In0.PrvRIwQZHnTLZ89g-Fe9FrTYSN9QYqYYG7BH8_4bfow,"CDL-A Truck Driver (Regional). ROEHL IS URGENTLY HIRING HOME WEEKLY CDL-A TRUCK DRIVERS Roehl, for every mile of your driving career. DRIVE toward balance. GROW with opportunity. THRIVE with support. With Roehl’s Regional & Dedicated positions, you can DRIVE your career forward while enjoying the consistency and predictability of home weekly routes. GROW your earnings with our Dynamic Pay Plan and quarterly bonuses, and THRIVE in a positive environment built around flexibility, reliability, and…",113360.0,5856866714,Adzuna::API::Response::Job,Roehl Transport,Adzuna::API::Response::Company,"['US', 'New York', 'Chautauqua County', 'Mayville']","Mayville, Chautauqua County",Adzuna::API::Response::Location,Logistics & Warehouse Jobs,Adzuna::API::Response::Category,logistics-warehouse-jobs,42.243549,-79.495821,
2026-08-26T09:56:50Z,https://www.adzuna.com/land/ad/5856866705?se=pqeWbFah8RGQA_bVNgJMEA&utm_medium=api&utm_source=abfa41a4&v=D34FF62E6DDE78F72CFB9056A96AAC5543034749,Regional Truck Driver Company - 6mo EXP Required - Dry Van - $1k - $2.18k per week - Roehl Transport,0,full_time,52000.0,eyJhbGciOiJIUzI1NiJ9.eyJpIjoiNTg1Njg2NjcwNSIsInMiOiJwcWVXYkZhaDhSR1FBX2JWTmdKTUVBIn0.bTlTBJOjXl6161RAU6cEcCBPszHwH7Gkc4D0tADOVD8,"CDL-A Truck Driver (Regional). ROEHL IS URGENTLY HIRING HOME WEEKLY CDL-A TRUCK DRIVERS Roehl, for every mile of your driving career. DRIVE toward balance. GROW with opportunity. THRIVE with support. With Roehl’s Regional & Dedicated positions, you can DRIVE your career forward while enjoying the consistency and predictability of home weekly routes. GROW your earnings with our Dynamic Pay Plan and quarterly bonuses, and THRIVE in a positive environment built around flexibility, reliability, and…",113360.0,5856866705,Adzuna::API::Response::Job,Roehl Transport,Adzuna::API::Response::Company,"['US', 'Michigan', 'Jackson County', 'Jackson']","Jackson, Jackson County",Adzuna::API::Response::Location,Logistics & Warehouse Jobs,Adzuna::API::Response::Category,logistics-warehouse-jobs,42.254615,-84.388213,
2026-08-26T09:56:50Z,https://www.adzuna.com/land/ad/5856866715?se=pqeWbFah8RGQA_bVNgJMEA&utm_medium=api&utm_source=abfa41a4&v=681008840576A3701A01CA943FA18C1419D0C34F,CDL-A Company Driver - 6mo EXP Required - Regional - Dry Van - $1k - $2.18k per week - Roehl Transport,0,full_time,52000.0,eyJhbGciOiJIUzI1NiJ9.eyJzIjoicHFlV2JGYWg4UkdRQV9iVk5nSk1FQSIsImkiOiI1ODU2ODY2NzE1In0.EhlAGd2zwMYFBOeFpWR5LASYtqVPpZr1EvOvTiXdhqU,"CDL-A Truck Driver (Regional). ROEHL IS URGENTLY HIRING HOME WEEKLY CDL-A TRUCK DRIVERS Roehl, for every mile of your driving career. DRIVE toward balance. GROW with opportunity. THRIVE with support. With Roehl’s Regional & Dedicated positions, you can DRIVE your career forward while enjoying the consistency and predictability of home weekly routes. GROW your earnings with our Dynamic Pay Plan and quarterly bonuses, and THRIVE in a positive environment built around flexibility, reliability, and…",113360.0,5856866715,Adzuna::API::Response::Job,Roehl Transport,Adzuna::API::Response::Company,"['US', 'Pennsylvania', 'Blair County', 'Hollidaysburg']","Hollidaysburg, Blair County",Adzuna::API::Response::Location,Logistics & Warehouse Jobs,Adzuna::API::Response::Category,logistics-warehouse-jobs,40.437297,-78.374829,
2026-08-26T09:56:50Z,https://www.adzuna.com/land/ad/5856866700?se=pqeWbFah8RGQA_bVNgJMEA&utm_medium=api&utm_source=abfa41a4&v=2B1B05A3835FA31E37AC9B15DAB65BAC9751EDFD,Regional Truck Driver Company - 6mo EXP Required - Dry Van - $1k - $2.18k per week - Roehl Transport,0,full_time,52000.0,eyJhbGciOiJIUzI1NiJ9.eyJzIjoicHFlV2JGYWg4UkdRQV9iVk5nSk1FQSIsImkiOiI1ODU2ODY2NzAwIn0.2bk2yF5Wr3POvy33TDugLwo30jNLxawZ5MXDVw4EO2M,"CDL-A Truck Driver (Regional). ROEHL IS URGENTLY HIRING HOME WEEKLY CDL-A TRUCK DRIVERS Roehl, for every mile of your driving career. DRIVE toward balance. GROW with opportunity. THRIVE with support. With Roehl’s Regional & Dedicated positions, you can DRIVE your career forward while enjoying the consistency and predictability of home weekly routes. GROW your earnings with our Dynamic Pay Plan and quarterly bonuses, and THRIVE in a positive environment built around flexibility, reliability, and…",113360.0,5856866700,Adzuna::API::Response::Job,Roehl Transport,Adzuna::API::Response::Company,"['US', 'Illinois', 'Coles County', 'Charleston']","Charleston, Coles County",Adzuna::API::Response::Location,Logistics & Warehouse Jobs,Adzuna::API::Response::Category,logistics-warehouse-jobs,39.488789,-88.176764,
2026-08-26T09:56:50Z,https://www.adzuna.com/details/5856866713?utm_medium=api&utm_source=abfa41a4,"Direct Regional Sales Manager - Southeast GA, AL, FL",0,full_time,90000.0,eyJhbGciOiJIUzI1NiJ9.eyJpIjoiNTg1Njg2NjcxMyIsInMiOiJwcWVXYkZhaDhSR1FBX2JWTmdKTUVBIn0.CtN-Mq9wkv6q0ghzQ4iMXxr-vNvEu74-BC-Txp9pwqo,"Become part of our success story! A leading global solution provider for all sectors of intralogistics – that is us: SSI SCHAEFER. What we also are: A family business that invests in the expertise, passion, and talents of its employees. As one of the largest providers, we help our customers increase the efficiency and sustainability of their storage, picking, and transport processes using innovative technologies and software. From fully automated warehouses with customized service and maintenan…",120000.0,5856866713,Adzuna::API::Response::Job,SCHAEFER SYSTEM INTERNATIONAL,Adzuna::API::Response::Company,['US'],US,Adzuna::API::Response::Location,Sales Jobs,Adzuna::API::Response::Category,sales-jobs,,,
2026-08-26T09:56:49Z,https://www.adzuna.com/land/ad/5856866635?se=pqeWbFah8RGQA_bVNgJMEA&utm_medium=api&utm_source=abfa41a4&v=8E31AB39C2B3B18F86BB58B97C597A95D8D8DFA6,Class A CDL Company Driver - 6mo EXP Required - Regional - Dry Van - $1k - $2.18k per week - Roehl Transport,0,full_time,52000.0,eyJhbGciOiJIUzI1NiJ9.eyJpIjoiNTg1Njg2NjYzNSIsInMiOiJwcWVXYkZhaDhSR1FBX2JWTmdKTUVBIn0.6wlG7bfmLP5WbCpUtQftzA9adhZULDZBkUnt8EwhQC8,"CDL-A Truck Driver (Regional). ROEHL IS URGENTLY HIRING HOME WEEKLY CDL-A TRUCK DRIVERS Roehl, for every mile of your driving career. DRIVE toward balance. GROW with opportunity. THRIVE with support. With Roehl’s Regional & Dedicated positions, you can DRIVE your career forward while enjoying the consistency and predictability of home weekly routes. GROW your earnings with our Dynamic Pay Plan and quarterly bonuses, and THRIVE in a positive environment built around flexibility, reliability, and…",113360.0,5856866635,Adzuna::API::Response::Job,Roehl Transport,Adzuna::API::Response::Company,"['US', 'Georgia', 'Clarke County', 'Athens']","Athens, Clarke County",Adzuna::API::Response::Location,Logistics & Warehouse Jobs,Adzuna::API::Response::Category,logistics-warehouse-jobs,33.97432,-83.363915,
2026-08-26T09:56:49Z,https://www.adzuna.com/land/ad/5856866646?se=pqeWbFah8RGQA_bVNgJMEA&utm_medium=api&utm_source=abfa41a4&v=723E9C88E5CACA51ECA58E0ACDDB97AF09DAF8D1,Regional Truck Driver Company - 6mo EXP Required - Dry Van - $1k - $2.18k per week - Roehl Transport,0,full_time,52000.0,eyJhbGciOiJIUzI1NiJ9.eyJpIjoiNTg1Njg2NjY0NiIsInMiOiJwcWVXYkZhaDhSR1FBX2JWTmdKTUVBIn0.asVVj4cmx9CV5t_GA4l0LNVKKak3m0mUp2y3aVwm96M,"CDL-A Truck Driver (Regional). ROEHL IS URGENTLY HIRING HOME WEEKLY CDL-A TRUCK DRIVERS Roehl, for every mile of your driving career. DRIVE toward balance. GROW with opportunity. THRIVE with support. With Roehl’s Regional & Dedicated positions, you can DRIVE your career forward while enjoying the consistency and predictability of home weekly routes. GROW your earnings with our Dynamic Pay Plan and quarterly bonuses, and THRIVE in a positive environment built around flexibility, reliability, and…",113360.0,5856866646,Adzuna::API::Response::Job,Roehl Transport,Adzuna::API::Response::Company,"['US', 'New York', 'Tompkins County', 'Ithaca']","Ithaca, Tompkins County",Adzuna::API::Response::Location,Logistics & Warehouse Jobs,Adzuna::API::Response::Category,logistics-warehouse-jobs,42.40548,-76.5195,
2026-08-26T09:56:49Z,https://www.adzuna.com/land/ad/5856866679?se=pqeWbFah8RGQA_bVNgJMEA&utm_medium=api&utm_source=abfa41a4&v=8CC1C7CDA7E50D072BA1D6DA1AF6DA43AE82DD7E,Regional Truck Driver Company - 6mo EXP Required - Dry Van - $1k - $2.18k per week - Roehl Transport,0,full_time,52000.0,eyJhbGciOiJIUzI1NiJ9.eyJpIjoiNTg1Njg2NjY3OSIsInMiOiJwcWVXYkZhaDhSR1FBX2JWTmdKTUVBIn0.IV2sp5k78DlvwM8EPhP0FyWXbGRvKLXk-QDId0SiDe4,"CDL-A Truck Driver (Regional). ROEHL IS URGENTLY HIRING HOME WEEKLY CDL-A TRUCK DRIVERS Roehl, for every mile of your driving career. DRIVE toward balance. GROW with opportunity. THRIVE with support. With Roehl’s Regional & Dedicated positions, you can DRIVE your career forward while enjoying the consistency and predictability of home weekly routes. GROW your earnings with our Dynamic Pay Plan and quarterly bonuses, and THRIVE in a positive environment built around flexibility, reliability, and…",113360.0,5856866679,Adzuna::API::Response::Job,Roehl Transport,Adzuna::API::Response::Company,"['US', 'Pennsylvania', 'Lycoming County', 'Williamsport']","Williamsport, Lycoming County",Adzuna::API::Response::Location,Logistics & Warehouse Jobs,Adzuna::API::Response::Category,logistics-warehouse-jobs,41.2674,-77.03508,
2026-08-26T09:56:49Z,https://www.adzuna.com/land/ad/5856866639?se=pqeWbFah8RGQA_bVNgJMEA&utm_medium=api&utm_source=abfa41a4&v=C9296F0CE73DA4964606842E3299956A271CD014,CDL-A Company Driver - 6mo EXP Required - Regional - Dry Van - $1k - $2.18k per week - Roehl Transport,0,full_time,52000.0,eyJhbGciOiJIUzI1NiJ9.eyJpIjoiNTg1Njg2NjYzOSIsInMiOiJwcWVXYkZhaDhSR1FBX2JWTmdKTUVBIn0.ewB0zgApZih4Iw_Q4N5WAqGesmnTY5XYGMkKyDHp85s,"CDL-A Truck Driver (Regional). ROEHL IS URGENTLY HIRING HOME WEEKLY CDL-A TRUCK DRIVERS Roehl, for every mile of your driving career. DRIVE toward balance. GROW with opportunity. THRIVE with support. With Roehl’s Regional & Dedicated positions, you can DRIVE your career forward while enjoying the consistency and predictability of home weekly routes. GROW your earnings with our Dynamic Pay Plan and quarterly bonuses, and THRIVE in a positive environment built around flexibility, reliability, and…",113360.0,5856866639,Adzuna::API::Response::Job,Roehl Transport,Adzuna::API::Response::Company,"['US', 'New York', 'Tompkins County', 'Ithaca']","Ithaca, Tompkins County",Adzuna::API::Response::Location,Logistics & Warehouse Jobs,Adzuna::API::Response::Category,logistics-warehouse-jobs,42.40548,-76.5195,
2026-08-26T09:56:49Z,https://www.adzuna.com/land/ad/5856866629?se=pqeWbFah8RGQA_bVNgJMEA&utm_medium=api&utm_source=abfa41a4&v=CE36D26605EAF13D9F87743DC389AAD718696142,CDL-A Company Driver - 6mo EXP Required - Regional - Dry Van - $1k - $2.18k per week - Roehl Transport,0,full_time,52000.0,eyJhbGciOiJIUzI1NiJ9.eyJpIjoiNTg1Njg2NjYyOSIsInMiOiJwcWVXYkZhaDhSR1FBX2JWTmdKTUVBIn0.fHImTLH0icnDz-NczasNGXxzFJZecHE-JiTAm2_7Whg,"CDL-A Truck Driver (Regional). ROEHL IS URGENTLY HIRING HOME WEEKLY CDL-A TRUCK DRIVERS Roehl, for every mile of your driving career. DRIVE toward balance. GROW with opportunity. THRIVE with support. With Roehl’s Regional & Dedicated positions, you can DRIVE your career forward while enjoying the consistency and predictability of home weekly routes. GROW your earnings with our Dynamic Pay Plan and quarterly bonuses, and THRIVE in a positive environment built around flexibility, reliability, and…",113360.0,5856866629,Adzuna::API::Response::Job,Roehl Transport,Adzuna::API::Response::Company,"['US', 'Connecticut', 'Windham County', 'Chestnut Hill']","Chestnut Hill, Windham County",Adzuna::API::Response::Location,Logistics & Warehouse Jobs,Adzuna::API::Response::Category,logistics-warehouse-jobs,41.712509,-72.209222,
2026-08-26T09:56:49Z,https://www.adzuna.com/land/ad/5856866662?se=pqeWbFah8RGQA_bVNgJMEA&utm_medium=api&utm_source=abfa41a4&v=EFBD051D1B8D56B7F2C8B6A0EE24F71E5A39B38A,CDL-A Company Driver - 6mo EXP Required - Regional - Dry Van - $1k - $2.18k per week - Roehl Transport,0,full_time,52000.0,eyJhbGciOiJIUzI1NiJ9.eyJpIjoiNTg1Njg2NjY2MiIsInMiOiJwcWVXYkZhaDhSR1FBX2JWTmdKTUVBIn0.y3QUvmfvdZc54Ox1bNCsDjsISNhrYGhQ0phrv6fQJBE,"CDL-A Truck Driver (Regional). ROEHL IS URGENTLY HIRING HOME WEEKLY CDL-A TRUCK DRIVERS Roehl, for every mile of your driving career. DRIVE toward balance. GROW with opportunity. THRIVE with support. With Roehl’s Regional & Dedicated positions, you can DRIVE your career forward while enjoying the consistency and predictability of home weekly routes. GROW your earnings with our Dynamic Pay Plan and quarterly bonuses, and THRIVE in a positive environment built around flexibility, reliability, and…",113360.0,5856866662,Adzuna::API::Response::Job,Roehl Transport,Adzuna::API::Response::Company,"['US', 'Alabama', 'Lee County', 'Auburn']","Auburn, Lee County",Adzuna::API::Response::Location,Logistics & Warehouse Jobs,Adzuna::API::Response::Category,logistics-warehouse-jobs,32.5824,-85.5126,
2026-08-26T09:56:49Z,https://www.adzuna.com/land/ad/5856866638?se=pqeWbFah8RGQA_bVNgJMEA&utm_medium=api&utm_source=abfa41a4&v=31E13F656F5166EED797C9F80DD59BBCC987E11D,CDL-A Company Driver - 6mo EXP Required - Regional - Dry Van - $1k - $2.18k per week - Roehl Transport,0,full_time,52000.0,eyJhbGciOiJIUzI1NiJ9.eyJpIjoiNTg1Njg2NjYzOCIsInMiOiJwcWVXYkZhaDhSR1FBX2JWTmdKTUVBIn0.2n7BwVWsYsUSbL4P_DmReI0JH_Kj1XUBSd4Zr5NldwA,"CDL-A Truck Driver (Regional). ROEHL IS URGENTLY HIRING HOME WEEKLY CDL-A TRUCK DRIVERS Roehl, for every mile of your driving career. DRIVE toward balance. GROW with opportunity. THRIVE with support. With Roehl’s Regional & Dedicated positions, you can DRIVE your career forward while enjoying the consistency and predictability of home weekly routes. GROW your earnings with our Dynamic Pay Plan and quarterly bonuses, and THRIVE in a positive environment built around flexibility, reliability, and…",113360.0,5856866638,Adzuna::API::Response::Job,Roehl Transport,Adzuna::API::Response::Company,"['US', 'Michigan', 'Kalamazoo County', 'Parchment']","Parchment, Kalamazoo County",Adzuna::API::Response::Location,Logistics & Warehouse Jobs,Adzuna::API::Response::Category,logistics-warehouse-jobs,42.297165,-85.590993,
2026-08-26T09:56:49Z,https://www.adzuna.com/land/ad/5856866644?se=pqeWbFah8RGQA_bVNgJMEA&utm_medium=api&utm_source=abfa41a4&v=AD9D52FAEC70F6C4EEFABD8E7F20FADD54CC2EF8,Regional Truck Driver Company - 6mo EXP Required - Dry Van - $1k - $2.18k per week - Roehl Transport,0,full_time,52000.0,eyJhbGciOiJIUzI1NiJ9.eyJpIjoiNTg1Njg2NjY0NCIsInMiOiJwcWVXYkZhaDhSR1FBX2JWTmdKTUVBIn0.bHgx6v5osn62gCqTUoiN9UZznfh0gaEWISwGep6FAIo,"CDL-A Truck Driver (Regional). ROEHL IS URGENTLY HIRING HOME WEEKLY CDL-A TRUCK DRIVERS Roehl, for every mile of your driving career. DRIVE toward balance. GROW with opportunity. THRIVE with support. With Roehl’s Regional & Dedicated positions, you can DRIVE your career forward while enjoying the consistency and predictability of home weekly routes. GROW your earnings with our Dynamic Pay Plan and quarterly bonuses, and THRIVE in a positive environment built around flexibility, reliability, and…",113360.0,5856866644,Adzuna::API::Response::Job,Roehl Transport,Adzuna::API::Response::Company,"['US', 'Michigan', 'Kalamazoo County', 'Parchment']","Parchment, Kalamazoo County",Adzuna::API::Response::Location,Logistics & Warehouse Jobs,Adzuna::API::Response::Category,logistics-warehouse-jobs,42.297165,-85.590993,
2026-08-26T09:56:49Z,https://www.adzuna.com/land/ad/5856866645?se=pqeWbFah8RGQA_bVNgJMEA&utm_medium=api&utm_source=abfa41a4&v=EFFBE3081520240244CA9A76E259B4E0156EE69C,CDL-A Company Driver - 6mo EXP Required - Regional - Dry Van - $1k - $2.18k per week - Roehl Transport,0,full_time,52000.0,eyJhbGciOiJIUzI1NiJ9.eyJzIjoicHFlV2JGYWg4UkdRQV9iVk5nSk1FQSIsImkiOiI1ODU2ODY2NjQ1In0.pju5NbKrmluL-o82Yl6QdU31D-qGZS5mHCVZgWjlzpI,"CDL-A Truck Driver (Regional). ROEHL IS URGENTLY HIRING HOME WEEKLY CDL-A TRUCK DRIVERS Roehl, for every mile of your driving career. DRIVE toward balance. GROW with opportunity. THRIVE with support. With Roehl’s Regional & Dedicated positions, you can DRIVE your career forward while enjoying the consistency and predictability of home weekly routes. GROW your earnings with our Dynamic Pay Plan and quarterly bonuses, and THRIVE in a positive environment built around flexibility, reliability, and…",113360.0,5856866645,Adzuna::API::Response::Job,Roehl Transport,Adzuna::API::Response::Company,"['US', 'Pennsylvania', 'Monroe County', 'Pocono Pines']","Pocono Pines, Monroe County",Adzuna::API::Response::Location,Logistics & Warehouse Jobs,Adzuna::API::Response::Category,logistics-warehouse-jobs,41.0817,-75.422801,
2026-08-26T09:56:49Z,https://www.adzuna.com/land/ad/5856866657?se=pqeWbFah8RGQA_bVNgJMEA&utm_medium=api&utm_source=abfa41a4&v=3FDC43BFCBA5709641A7CE812EE2020F69EDC4EB,Regional Truck Driver Company - 6mo EXP Required - Dry Van - $1k - $2.18k per week - Roehl Transport,0,full_time,52000.0,eyJhbGciOiJIUzI1NiJ9.eyJpIjoiNTg1Njg2NjY1NyIsInMiOiJwcWVXYkZhaDhSR1FBX2JWTmdKTUVBIn0.wvC8gG1QFAZdI1i5V8RXdWEHHEe6p1Fwz5H9DcHN9JU,"CDL-A Truck Driver (Regional). ROEHL IS URGENTLY HIRING HOME WEEKLY CDL-A TRUCK DRIVERS Roehl, for every mile of your driving career. DRIVE toward balance. GROW with opportunity. THRIVE with support. With Roehl’s Regional & Dedicated positions, you can DRIVE your career forward while enjoying the consistency and predictability of home weekly routes. GROW your earnings with our Dynamic Pay Plan and quarterly bonuses, and THRIVE in a positive environment built around flexibility, reliability, and…",113360.0,5856866657,Adzuna::API::Response::Job,Roehl Transport,Adzuna::API::Response::Company,"['US', 'North Carolina', 'Buncombe County', 'Asheville']","Asheville, Buncombe County",Adzuna::API::Response::Location,Logistics & Warehouse Jobs,Adzuna::API::Response::Category,logistics-warehouse-jobs,35.596321,-82.555682,
2026-08-26T09:56:49Z,https://www.adzuna.com/land/ad/5856866630?se=pqeWbFah8RGQA_bVNgJMEA&utm_medium=api&utm_source=abfa41a4&v=66F49A29CE16441E2694A6EDD530C041C4476503,CDL-A Company Driver - 6mo EXP Required - Regional - Dry Van - $1k - $2.18k per week - Roehl Transport,0,full_time,52000.0,eyJhbGciOiJIUzI1NiJ9.eyJpIjoiNTg1Njg2NjYzMCIsInMiOiJwcWVXYkZhaDhSR1FBX2JWTmdKTUVBIn0.MXvDxQ-_W0rv7059E_BOrQeXzNgJBT0dqAzJrXNwRlI,"CDL-A Truck Driver (Regional). ROEHL IS URGENTLY HIRING HOME WEEKLY CDL-A TRUCK DRIVERS Roehl, for every mile of your driving career. DRIVE toward balance. GROW with opportunity. THRIVE with support. With Roehl’s Regional & Dedicated positions, you can DRIVE your career forward while enjoying the consistency and predictability of home weekly routes. GROW your earnings with our Dynamic Pay Plan and quarterly bonuses, and THRIVE in a positive environment built around flexibility, reliability, and…",113360.0,5856866630,Adzuna::API::Response::Job,Roehl Transport,Adzuna::API::Response::Company,"['US', 'Pennsylvania', 'York County', 'Pleasant Hill']","Pleasant Hill, York County",Adzuna::API::Response::Location,Logistics & Warehouse Jobs,Adzuna::API::Response::Category,logistics-warehouse-jobs,39.962122,-76.727212,
2026-08-26T09:56:49Z,https://www.adzuna.com/land/ad/5856866663?se=pqeWbFah8RGQA_bVNgJMEA&utm_medium=api&utm_source=abfa41a4&v=69EE57366837AF78BC38DCCC500D5AD5930AA231,Regional Truck Driver Company - 6mo EXP Required - Dry Van - $1k - $2.18k per week - Roehl Transport,0,full_time,52000.0,eyJhbGciOiJIUzI1NiJ9.eyJzIjoicHFlV2JGYWg4UkdRQV9iVk5nSk1FQSIsImkiOiI1ODU2ODY2NjYzIn0.YJA87g-gE6gvfBwKRcWkAzBOoShp8UVgWqhqWVjVjBQ,"CDL-A Truck Driver (Regional). ROEHL IS URGENTLY HIRING HOME WEEKLY CDL-A TRUCK DRIVERS Roehl, for every mile of your driving career. DRIVE toward balance. GROW with opportunity. THRIVE with support. With Roehl’s Regional & Dedicated positions, you can DRIVE your career forward while enjoying the consistency and predictability of home weekly routes. GROW your earnings with our Dynamic Pay Plan and quarterly bonuses, and THRIVE in a positive environment built around flexibility, reliability, and…",113360.0,5856866663,Adzuna::API::Response::Job,Roehl Transport,Adzuna::API::Response::Company,"['US', 'Alabama', 'Lee County', 'Auburn']","Auburn, Lee County",Adzuna::API::Response::Location,Logistics & Warehouse Jobs,Adzuna::API::Response::Category,logistics-warehouse-jobs,32.5824,-85.5126,
2026-08-26T09:56:49Z,https://www.adzuna.com/details/5856866678?utm_medium=api&utm_source=abfa41a4,Loader Operator,0,full_time,48672.0,eyJhbGciOiJIUzI1NiJ9.eyJzIjoicHFlV2JGYWg4UkdRQV9iVk5nSk1FQSIsImkiOiI1ODU2ODY2Njc4In0.xgRbZuroH3cyg-RaIg5VxCWIwMxFBmBYd8TUxlFs50o,"Copart, Inc. a technology leader and the premier online vehicle auction platform globally, with over 200 facilities located across the world, Copart links vehicle sellers to more than 750,000 buyers in over 190 countries. We believe in providing an unmatched experience, every day and everywhere, driven by our people, processes, and technology. The Loader Operator will be responsible for moving and loading vehicles with a company-provided front-end loader or forklift. In addition, the Loader Ope…",54724.0,5856866678,Adzuna::API::Response::Job,Copart,Adzuna::API::Response::Company,['US'],US,Adzuna::API::Response::Location,Trade & Construction Jobs,Adzuna::API::Response::Category,trade-construction-jobs,,,
2026-08-26T09:56:49Z,https://www.adzuna.com/land/ad/5856866654?se=pqeWbFah8RGQA_bVNgJMEA&utm_medium=api&utm_source=abfa41a4&v=E9347F01463A7291F1EB6AE0876E78990DD63DCB,Regional Truck Driver Company - 6mo EXP Required - Dry Van - $1k - $2.18k per week - Roehl Transport,0,full_time,52000.0,eyJhbGciOiJIUzI1NiJ9.eyJpIjoiNTg1Njg2NjY1NCIsInMiOiJwcWVXYkZhaDhSR1FBX2JWTmdKTUVBIn0.nOh5NZDbSQ5LpbcOqB75198JlTHOcQFeJN2RWeg7GO0,"CDL-A Truck Driver (Regional). ROEHL IS URGENTLY HIRING HOME WEEKLY CDL-A TRUCK DRIVERS Roehl, for every mile of your driving career. DRIVE toward balance. GROW with opportunity. THRIVE with support. With Roehl’s Regional & Dedicated positions, you can DRIVE your career forward while enjoying the consistency and predictability of home weekly routes. GROW your earnings with our Dynamic Pay Plan and quarterly bonuses, and THRIVE in a positive environment built around flexibility, reliability, and…",113360.0,5856866654,Adzuna::API::Response::Job,Roehl Transport,Adzuna::API::Response::Company,"['US', 'Pennsylvania', 'Monroe County', 'Pocono Pines']","Pocono Pines, Monroe County",Adzuna::API::Response::Location,Logistics & Warehouse Jobs,Adzuna::API::Response::Category,logistics-warehouse-jobs,41.0817,-75.422801,
2026-08-26T09:56:49Z,https://www.adzuna.com/land/ad/5856866668?se=pqeWbFah8RGQA_bVNgJMEA&utm_medium=api&utm_source=abfa41a4&v=83F5B9A6013A4673C667519865C1A60FB20B7D35,Class A CDL Company Driver - 6mo EXP Required - Regional - Dry Van - $1k - $2.18k per week - Roehl Transport,0,full_time,52000.0,eyJhbGciOiJIUzI1NiJ9.eyJzIjoicHFlV2JGYWg4UkdRQV9iVk5nSk1FQSIsImkiOiI1ODU2ODY2NjY4In0.tHUICbpxEkjyXBS2Bp29hjG-wglbXd8uTBmIa-ruMWU,"CDL-A Truck Driver (Regional). ROEHL IS URGENTLY HIRING HOME WEEKLY CDL-A TRUCK DRIVERS Roehl, for every mile of your driving career. DRIVE toward balance. GROW with opportunity. THRIVE with support. With Roehl’s Regional & Dedicated positions, you can DRIVE your career forward while enjoying the consistency and predictability of home weekly routes. GROW your earnings with our Dynamic Pay Plan and quarterly bonuses, and THRIVE in a positive environment built around flexibility, reliability, and…",113360.0,5856866668,Adzuna::API::Response::Job,Roehl Transport,Adzuna::API::Response::Company,"['US', 'North Carolina', 'Buncombe County', 'Asheville']","Asheville, Buncombe County",Adzuna::API::Response::Location,Logistics & Warehouse Jobs,Adzuna::API::Response::Category,logistics-warehouse-jobs,35.596321,-82.555682,
2026-08-26T09:56:49Z,https://www.adzuna.com/land/ad/5856866666?se=pqeWbFah8RGQA_bVNgJMEA&utm_medium=api&utm_source=abfa41a4&v=1E49C554928980D8003138C7E641BF09770043C6,Regional Truck Driver Company - 6mo EXP Required - Dry Van - $1k - $2.18k per week - Roehl Transport,0,full_time,52000.0,eyJhbGciOiJIUzI1NiJ9.eyJpIjoiNTg1Njg2NjY2NiIsInMiOiJwcWVXYkZhaDhSR1FBX2JWTmdKTUVBIn0.w_4Ek_EQPuNA8dkq0RZVUWwH7hOZIFQWsQ2rINx2xDY,"CDL-A Truck Driver (Regional). ROEHL IS URGENTLY HIRING HOME WEEKLY CDL-A TRUCK DRIVERS Roehl, for every mile of your driving career. DRIVE toward balance. GROW with opportunity. THRIVE with support. With Roehl’s Regional & Dedicated positions, you can DRIVE your career forward while enjoying the consistency and predictability of home weekly routes. GROW your earnings with our Dynamic Pay Plan and quarterly bonuses, and THRIVE in a positive environment built around flexibility, reliability, and…",113360.0,5856866666,Adzuna::API::Response::Job,Roehl Transport,Adzuna::API::Response::Company,"['US', 'Alabama', 'Colbert County', 'Muscle Shoals']","Muscle Shoals, Colbert County",Adzuna::API::Response::Location,Logistics & Warehouse Jobs,Adzuna::API::Response::Category,logistics-warehouse-jobs,34.7538,-87.622223,
2026-08-26T09:56:48Z,https://www.adzuna.com/land/ad/5856866589?se=pqeWbFah8RGQA_bVNgJMEA&utm_medium=api&utm_source=abfa41a4&v=4A08B89E019694E7407E90029C9E29731709B662,CDL-A Company Driver - 6mo EXP Required - Regional - Dry Van - $1k - $2.18k per week - Roehl Transport,0,full_time,52000.0,eyJhbGciOiJIUzI1NiJ9.eyJzIjoicHFlV2JGYWg4UkdRQV9iVk5nSk1FQSIsImkiOiI1ODU2ODY2NTg5In0.65hlW-5EcsGYcSUWczeNv4VvgnNMdbwNITHz-vOJRzI,"CDL-A Truck Driver (Regional). ROEHL IS URGENTLY HIRING HOME WEEKLY CDL-A TRUCK DRIVERS Roehl, for every mile of your driving career. DRIVE toward balance. GROW with opportunity. THRIVE with support. With Roehl’s Regional & Dedicated positions, you can DRIVE your career forward while enjoying the consistency and predictability of home weekly routes. GROW your earnings with our Dynamic Pay Plan and quarterly bonuses, and THRIVE in a positive environment built around flexibility, reliability, and…",113360.0,5856866589,Adzuna::API::Response::Job,Roehl Transport,Adzuna::API::Response::Company,"['US', 'Ohio', 'Cuyahoga County', 'Newburgh Heights']","Newburgh Heights, Cuyahoga County",Adzuna::API::Response::Location,Logistics & Warehouse Jobs,Adzuna::API::Response::Category,logistics-warehouse-jobs,41.483702,-81.693448,
2026-08-26T09:56:48Z,https://www.adzuna.com/land/ad/5856866585?se=pqeWbFah8RGQA_bVNgJMEA&utm_medium=api&utm_source=abfa41a4&v=35218A523F8BE7CF44DDEA7F74F69A4E3A0864F4,Regional Truck Driver Company - 6mo EXP Required - Dry Van - $1k - $2.18k per week - Roehl Transport,0,full_time,52000.0,eyJhbGciOiJIUzI1NiJ9.eyJpIjoiNTg1Njg2NjU4NSIsInMiOiJwcWVXYkZhaDhSR1FBX2JWTmdKTUVBIn0.K3H0BiEshA6NCmA8Rsm4ZawYZU_eeNjI52cBh3ihyHM,"CDL-A Truck Driver (Regional). ROEHL IS URGENTLY HIRING HOME WEEKLY CDL-A TRUCK DRIVERS Roehl, for every mile of your driving career. DRIVE toward balance. GROW with opportunity. THRIVE with support. With Roehl’s Regional & Dedicated positions, you can DRIVE your career forward while enjoying the consistency and predictability of home weekly routes. GROW your earnings with our Dynamic Pay Plan and quarterly bonuses, and THRIVE in a positive environment built around flexibility, reliability, and…",113360.0,5856866585,Adzuna::API::Response::Job,Roehl Transport,Adzuna::API::Response::Company,"['US', 'Virginia', 'Fredericksburg City', 'Enon']","Enon, Fredericksburg City",Adzuna::API::Response::Location,Logistics & Warehouse Jobs,Adzuna::API::Response::Category,logistics-warehouse-jobs,38.2923,-77.49108,
2026-08-26T09:56:48Z,https://www.adzuna.com/land/ad/5856866593?se=pqeWbFah8RGQA_bVNgJMEA&utm_medium=api&utm_source=abfa41a4&v=82B5099712CBF02AF4459F947F59E1A03EA19052,Class A CDL Company Driver - 6mo EXP Required - Regional - Dry Van - $1k - $2.18k per week - Roehl Transport,0,full_time,52000.0,eyJhbGciOiJIUzI1NiJ9.eyJpIjoiNTg1Njg2NjU5MyIsInMiOiJwcWVXYkZhaDhSR1FBX2JWTmdKTUVBIn0.Ei59dYCSe28lFgSHLHqDMFnwiUCwUq0UYEqxzb8avxQ,"CDL-A Truck Driver (Regional). ROEHL IS URGENTLY HIRING HOME WEEKLY CDL-A TRUCK DRIVERS Roehl, for every mile of your driving career. DRIVE toward balance. GROW with opportunity. THRIVE with support. With Roehl’s Regional & Dedicated positions, you can DRIVE your career forward while enjoying the consistency and predictability of home weekly routes. GROW your earnings with our Dynamic Pay Plan and quarterly bonuses, and THRIVE in a positive environment built around flexibility, reliability, and…",113360.0,5856866593,Adzuna::API::Response::Job,Roehl Transport,Adzuna::API::Response::Company,"['US', 'Pennsylvania', 'Dauphin County', 'West End']","West End, Dauphin County",Adzuna::API::Response::Location,Logistics & Warehouse Jobs,Adzuna::API::Response::Category,logistics-warehouse-jobs,40.25898,-76.86294,
2026-08-26T09:56:48Z,https://www.adzuna.com/land/ad/5856866604?se=pqeWbFah8RGQA_bVNgJMEA&utm_medium=api&utm_source=abfa41a4&v=11B8CB025F5544F6DE4A8E8554000B5481C6D28A,CDL-A Company Driver - 6mo EXP Required - Regional - Dry Van - $1k - $2.18k per week - Roehl Transport,0,full_time,52000.0,eyJhbGciOiJIUzI1NiJ9.eyJpIjoiNTg1Njg2NjYwNCIsInMiOiJwcWVXYkZhaDhSR1FBX2JWTmdKTUVBIn0.mbYpt72ZRbsyr2aeyjzL5mCpxXhCs7_XobIavtatmmA,"CDL-A Truck Driver (Regional). ROEHL IS URGENTLY HIRING HOME WEEKLY CDL-A TRUCK DRIVERS Roehl, for every mile of your driving career. DRIVE toward balance. GROW with opportunity. THRIVE with support. With Roehl’s Regional & Dedicated positions, you can DRIVE your career forward while enjoying the consistency and predictability of home weekly routes. GROW your earnings with our Dynamic Pay Plan and quarterly bonuses, and THRIVE in a positive environment built around flexibility, reliability, and…",113360.0,5856866604,Adzuna::API::Response::Job,Roehl Transport,Adzuna::API::Response::Company,"['US', 'North Carolina', 'Mecklenburg County', 'Charlotte']","Charlotte, Mecklenburg County",Adzuna::API::Response::Location,Logistics & Warehouse Jobs,Adzuna::API::Response::Category,logistics-warehouse-jobs,35.227805,-80.844267,
2026-08-26T09:56:48Z,https://www.adzuna.com/land/ad/5856866608?se=pqeWbFah8RGQA_bVNgJMEA&utm_medium=api&utm_source=abfa41a4&v=B2CC62F3005719CDB15192E85A53632DDACE47B6,CDL-A Company Driver - 6mo EXP Required - Regional - Dry Van - $1k - $2.18k per week - Roehl Transport,0,full_time,52000.0,eyJhbGciOiJIUzI1NiJ9.eyJzIjoicHFlV2JGYWg4UkdRQV9iVk5nSk1FQSIsImkiOiI1ODU2ODY2NjA4In0.J8sI90EvptzwKe8PyfZntmaPcgIxnjAnLxzVrLc0RWw,"CDL-A Truck Driver (Regional). ROEHL IS URGENTLY HIRING HOME WEEKLY CDL-A TRUCK DRIVERS Roehl, for every mile of your driving career. DRIVE toward balance. GROW with opportunity. THRIVE with support. With Roehl’s Regional & Dedicated positions, you can DRIVE your career forward while enjoying the consistency and predictability of home weekly routes. GROW your earnings with our Dynamic Pay Plan and quarterly bonuses, and THRIVE in a positive environment built around flexibility, reliability, and…",113360.0,5856866608,Adzuna::API::Response::Job,Roehl Transport,Adzuna::API::Response::Company,"['US', 'Maryland', 'Baltimore County', 'Baltimore', 'East Case']","East Case, Baltimore",Adzuna::API::Response::Location,Logistics & Warehouse Jobs,Adzuna::API::Response::Category,logistics-warehouse-jobs,39.29688,-76.60944,
2026-08-26T09:56:48Z,https://www.adzuna.com/land/ad/5856866616?se=pqeWbFah8RGQA_bVNgJMEA&utm_medium=api&utm_source=abfa41a4&v=5659F293BA51B533AEF4EEA3FA8DC7433A8C10CA,Regional Truck Driver Company - 6mo EXP Required - Dry Van - $1k - $2.18k per week - Roehl Transport,0,full_time,52000.0,eyJhbGciOiJIUzI1NiJ9.eyJzIjoicHFlV2JGYWg4UkdRQV9iVk5nSk1FQSIsImkiOiI1ODU2ODY2NjE2In0.rRSILPbTB-cJTB9FrTPOHHXgFnXjy63k3SRvByFQ7gs,"CDL-A Truck Driver (Regional). ROEHL IS URGENTLY HIRING HOME WEEKLY CDL-A TRUCK DRIVERS Roehl, for every mile of your driving career. DRIVE toward balance. GROW with opportunity. THRIVE with support. With Roehl’s Regional & Dedicated positions, you can DRIVE your career forward while enjoying the consistency and predictability of home weekly routes. GROW your earnings with our Dynamic Pay Plan and quarterly bonuses, and THRIVE in a positive environment built around flexibility, reliability, and…",113360.0,5856866616,Adzuna::API::Response::Job,Roehl Transport,Adzuna::API::Response::Company,"['US', 'South Carolina', 'Richland County', 'Market']","Market, Richland County",Adzuna::API::Response::Location,Logistics & Warehouse Jobs,Adzuna::API::Response::Category,logistics-warehouse-jobs,33.996485,-81.030183,
2026-08-26T09:56:48Z,https://www.adzuna.com/land/ad/5856866599?se=pqeWbFah8RGQA_bVNgJMEA&utm_medium=api&utm_source=abfa41a4&v=6C9B396B40467D221720E7FBDEC9595A0769E196,Regional Truck Driver Company - 6mo EXP Required - Dry Van - $1k - $2.18k per week - Roehl Transport,0,full_time,52000.0,eyJhbGciOiJIUzI1NiJ9.eyJpIjoiNTg1Njg2NjU5OSIsInMiOiJwcWVXYkZhaDhSR1FBX2JWTmdKTUVBIn0.I-KpDT2R-6RHqrP7q_WkU9RBCETfw-2gNYCSZG40l3U,"CDL-A Truck Driver (Regional). ROEHL IS URGENTLY HIRING HOME WEEKLY CDL-A TRUCK DRIVERS Roehl, for every mile of your driving career. DRIVE toward balance. GROW with opportunity. THRIVE with support. With Roehl’s Regional & Dedicated positions, you can DRIVE your career forward while enjoying the consistency and predictability of home weekly routes. GROW your earnings with our Dynamic Pay Plan and quarterly bonuses, and THRIVE in a positive environment built around flexibility, reliability, and…",113360.0,5856866599,Adzuna::API::Response::Job,Roehl Transport,Adzuna::API::Response::Company,"['US', 'Maryland', 'Baltimore County', 'Baltimore', 'East Case']","East Case, Baltimore",Adzuna::API::Response::Location,Logistics & Warehouse Jobs,Adzuna::API::Response::Category,logistics-warehouse-jobs,39.29688,-76.60944,
2026-08-26T09:56:48Z,https://www.adzuna.com/land/ad/5856866595?se=pqeWbFah8RGQA_bVNgJMEA&utm_medium=api&utm_source=abfa41a4&v=EF8669E0B2DE2CACF59631D235EF5A5A9F1D68D2,Class A CDL Company Driver - 6mo EXP Required - Regional - Dry Van - $1k - $2.18k per week - Roehl Transport,0,full_time,52000.0,eyJhbGciOiJIUzI1NiJ9.eyJpIjoiNTg1Njg2NjU5NSIsInMiOiJwcWVXYkZhaDhSR1FBX2JWTmdKTUVBIn0.8-1L_SdRePNQ0NszVUd_crOLr_rBuXkuutq9IF0wRwQ,"CDL-A Truck Driver (Regional). ROEHL IS URGENTLY HIRING HOME WEEKLY CDL-A TRUCK DRIVERS Roehl, for every mile of your driving career. DRIVE toward balance. GROW with opportunity. THRIVE with support. With Roehl’s Regional & Dedicated positions, you can DRIVE your career forward while enjoying the consistency and predictability of home weekly routes. GROW your earnings with our Dynamic Pay Plan and quarterly bonuses, and THRIVE in a positive environment built around flexibility, reliability, and…",113360.0,5856866595,Adzuna::API::Response::Job,Roehl Transport,Adzuna::API::Response::Company,"['US', 'Connecticut', 'Hartford County', 'Barry Square']","Barry Square, Hartford County",Adzuna::API::Response::Location,Logistics & Warehouse Jobs,Adzuna::API::Response::Category,logistics-warehouse-jobs,41.747873,-72.694442,
2026-08-26T09:56:48Z,https://www.adzuna.com/land/ad/5856866610?se=pqeWbFah8RGQA_bVNgJMEA&utm_medium=api&utm_source=abfa41a4&v=5FC3C2E12ABDB5FB3A7A07EC304CA6B3E6F83E70,Regional Truck Driver Company - 6mo EXP Required - Dry Van - $1k - $2.18k per week - Roehl Transport,0,full_time,52000.0,eyJhbGciOiJIUzI1NiJ9.eyJpIjoiNTg1Njg2NjYxMCIsInMiOiJwcWVXYkZhaDhSR1FBX2JWTmdKTUVBIn0.onJOtnVbjystXge13N-29nqGxnwwq3nSguULzCQT9Bc,"CDL-A Truck Driver (Regional). ROEHL IS URGENTLY HIRING HOME WEEKLY CDL-A TRUCK DRIVERS Roehl, for every mile of your driving career. DRIVE toward balance. GROW with opportunity. THRIVE with support. With Roehl’s Regional & Dedicated positions, you can DRIVE your career forward while enjoying the consistency and predictability of home weekly routes. GROW your earnings with our Dynamic Pay Plan and quarterly bonuses, and THRIVE in a positive environment built around flexibility, reliability, and…",113360.0,5856866610,Adzuna::API::Response::Job,Roehl Transport,Adzuna::API::Response::Company,"['US', 'Connecticut', 'Hartford County', 'Barry Square']","Barry Square, Hartford County",Adzuna::API::Response::Location,Logistics & Warehouse Jobs,Adzuna::API::Response::Category,logistics-warehouse-jobs,41.747873,-72.694442,
2026-08-26T09:56:48Z,https://www.adzuna.com/land/ad/5856866580?se=pqeWbFah8RGQA_bVNgJMEA&utm_medium=api&utm_source=abfa41a4&v=5B18C8A7B44C4DA6F2BF88D464E0BC391FB91643,Regional Truck Driver Company - 6mo EXP Required - Dry Van - $1k - $2.18k per week - Roehl Transport,0,full_time,52000.0,eyJhbGciOiJIUzI1NiJ9.eyJpIjoiNTg1Njg2NjU4MCIsInMiOiJwcWVXYkZhaDhSR1FBX2JWTmdKTUVBIn0.kd-CLVmSD55dUyrc2b-3XWCTK-XA4znYH41lfgWVsBI,"CDL-A Truck Driver (Regional). ROEHL IS URGENTLY HIRING HOME WEEKLY CDL-A TRUCK DRIVERS Roehl, for every mile of your driving career. DRIVE toward balance. GROW with opportunity. THRIVE with support. With Roehl’s Regional & Dedicated positions, you can DRIVE your career forward while enjoying the consistency and predictability of home weekly routes. GROW your earnings with our Dynamic Pay Plan and quarterly bonuses, and THRIVE in a positive environment built around flexibility, reliability, and…",113360.0,5856866580,Adzuna::API::Response::Job,Roehl Transport,Adzuna::API::Response::Company,"['US', 'South Carolina', 'Charleston County', 'James Island']","James Island, Charleston County",Adzuna::API::Response::Location,Logistics & Warehouse Jobs,Adzuna::API::Response::Category,logistics-warehouse-jobs,32.77864,-79.937723,
2026-08-26T09:56:48Z,https://www.adzuna.com/land/ad/5856866590?se=pqeWbFah8RGQA_bVNgJMEA&utm_medium=api&utm_source=abfa41a4&v=435C9B475466C7525BB1E6298DA7DDD885476B03,Regional Truck Driver Company - 6mo EXP Required - Dry Van - $1k - $2.18k per week - Roehl Transport,0,full_time,52000.0,eyJhbGciOiJIUzI1NiJ9.eyJpIjoiNTg1Njg2NjU5MCIsInMiOiJwcWVXYkZhaDhSR1FBX2JWTmdKTUVBIn0.-ny86kBbt_ildTaeJJh5PCIcw13fhtbP1H-SwGu3PM0,"CDL-A Truck Driver (Regional). ROEHL IS URGENTLY HIRING HOME WEEKLY CDL-A TRUCK DRIVERS Roehl, for every mile of your driving career. DRIVE toward balance. GROW with opportunity. THRIVE with support. With Roehl’s Regional & Dedicated positions, you can DRIVE your career forward while enjoying the consistency and predictability of home weekly routes. GROW your earnings with our Dynamic Pay Plan and quarterly bonuses, and THRIVE in a positive environment built around flexibility, reliability, and…",113360.0,5856866590,Adzuna::API::Response::Job,Roehl Transport,Adzuna::API::Response::Company,"['US', 'Ohio', 'Cuyahoga County', 'Newburgh Heights']","Newburgh Heights, Cuyahoga County",Adzuna::API::Response::Location,Logistics & Warehouse Jobs,Adzuna::API::Response::Category,logistics-warehouse-jobs,41.483702,-81.693448,
2026-08-26T09:56:48Z,https://www.adzuna.com/land/ad/5856866596?se=pqeWbFah8RGQA_bVNgJMEA&utm_medium=api&utm_source=abfa41a4&v=80FB267F8FD4481FE263695D4C385C6D9FD2ADDB,Regional Truck Driver Company - 6mo EXP Required - Dry Van - $1k - $2.18k per week - Roehl Transport,0,full_time,52000.0,eyJhbGciOiJIUzI1NiJ9.eyJzIjoicHFlV2JGYWg4UkdRQV9iVk5nSk1FQSIsImkiOiI1ODU2ODY2NTk2In0.Iu0gxifZjb8EIEq1yjC9-EcL03B8fYzW1FjyvWdB8B4,"CDL-A Truck Driver (Regional). ROEHL IS URGENTLY HIRING HOME WEEKLY CDL-A TRUCK DRIVERS Roehl, for every mile of your driving career. DRIVE toward balance. GROW with opportunity. THRIVE with support. With Roehl’s Regional & Dedicated positions, you can DRIVE your career forward while enjoying the consistency and predictability of home weekly routes. GROW your earnings with our Dynamic Pay Plan and quarterly bonuses, and THRIVE in a positive environment built around flexibility, reliability, and…",113360.0,5856866596,Adzuna::API::Response::Job,Roehl Transport,Adzuna::API::Response::Company,"['US', 'Pennsylvania', 'Dauphin County', 'West End']","West End, Dauphin County",Adzuna::API::Response::Location,Logistics & Warehouse Jobs,Adzuna::API::Response::Category,logistics-warehouse-jobs,40.25898,-76.86294,
2026-08-26T09:56:48Z,https://www.adzuna.com/land/ad/5856866623?se=pqeWbFah8RGQA_bVNgJMEA&utm_medium=api&utm_source=abfa41a4&v=E5569EC4E029016AB4A5DF148D564286EE07D20C,Class A CDL Company Driver - 6mo EXP Required - Regional - Dry Van - $1k - $2.18k per week - Roehl Transport,0,full_time,52000.0,eyJhbGciOiJIUzI1NiJ9.eyJpIjoiNTg1Njg2NjYyMyIsInMiOiJwcWVXYkZhaDhSR1FBX2JWTmdKTUVBIn0.C7cwjez3GWNlCEeFC77X0Bb8p1E1nvgtG0qqWcCNCAI,"CDL-A Truck Driver (Regional). ROEHL IS URGENTLY HIRING HOME WEEKLY CDL-A TRUCK DRIVERS Roehl, for every mile of your driving career. DRIVE toward balance. GROW with opportunity. THRIVE with support. With Roehl’s Regional & Dedicated positions, you can DRIVE your career forward while enjoying the consistency and predictability of home weekly routes. GROW your earnings with our Dynamic Pay Plan and quarterly bonuses, and THRIVE in a positive environment built around flexibility, reliability, and…",113360.0,5856866623,Adzuna::API::Response::Job,Roehl Transport,Adzuna::API::Response::Company,"['US', 'Pennsylvania', 'Lancaster County', 'Bausman']","Bausman, Lancaster County",Adzuna::API::Response::Location,Logistics & Warehouse Jobs,Adzuna::API::Response::Category,logistics-warehouse-jobs,40.030868,-76.331325,
2026-08-26T09:56:48Z,https://www.adzuna.com/land/ad/5856866606?se=pqeWbFah8RGQA_bVNgJMEA&utm_medium=api&utm_source=abfa41a4&v=CADEF4803296F25AF16B18CBA6D1DCFE0750F44E,Class A CDL Company Driver - 6mo EXP Required - Regional - Dry Van - $1k - $2.18k per week - Roehl Transport,0,full_time,52000.0,eyJhbGciOiJIUzI1NiJ9.eyJzIjoicHFlV2JGYWg4UkdRQV9iVk5nSk1FQSIsImkiOiI1ODU2ODY2NjA2In0.3_d9jpPN9SyKvJU0C2NqaAA8Uz5KLjrje0kCKJqaxpE,"CDL-A Truck Driver (Regional). ROEHL IS URGENTLY HIRING HOME WEEKLY CDL-A TRUCK DRIVERS Roehl, for every mile of your driving career. DRIVE toward balance. GROW with opportunity. THRIVE with support. With Roehl’s Regional & Dedicated positions, you can DRIVE your career forward while enjoying the consistency and predictability of home weekly routes. GROW your earnings with our Dynamic Pay Plan and quarterly bonuses, and THRIVE in a positive environment built around flexibility, reliability, and…",113360.0,5856866606,Adzuna::API::Response::Job,Roehl Transport,Adzuna::API::Response::Company,"['US', 'Virginia', 'Richmond County', 'Richmond', 'Capitol']","Capitol, Richmond",Adzuna::API::Response::Location,Logistics & Warehouse Jobs,Adzuna::API::Response::Category,logistics-warehouse-jobs,37.5423,-77.4347,
2026-08-26T09:56:48Z,https://www.adzuna.com/land/ad/5856866615?se=pqeWbFah8RGQA_bVNgJMEA&utm_medium=api&utm_source=abfa41a4&v=655148FAFED824FB7935620DDBF04C9A3E01476B,Regional Truck Driver Company - 6mo EXP Required - Dry Van - $1k - $2.18k per week - Roehl Transport,0,full_time,52000.0,eyJhbGciOiJIUzI1NiJ9.eyJzIjoicHFlV2JGYWg4UkdRQV9iVk5nSk1FQSIsImkiOiI1ODU2ODY2NjE1In0.WHbi9XmSEeXeZ3j2orUZB9kxCwWoP0YRDPezwfFzZPk,"CDL-A Truck Driver (Regional). ROEHL IS URGENTLY HIRING HOME WEEKLY CDL-A TRUCK DRIVERS Roehl, for every mile of your driving career. DRIVE toward balance. GROW with opportunity. THRIVE with support. With Roehl’s Regional & Dedicated positions, you can DRIVE your career forward while enjoying the consistency and predictability of home weekly routes. GROW your earnings with our Dynamic Pay Plan and quarterly bonuses, and THRIVE in a positive environment built around flexibility, reliability, and…",113360.0,5856866615,Adzuna::API::Response::Job,Roehl Transport,Adzuna::API::Response::Company,"['US', 'Michigan', 'Kent County', 'Grand Rapids']","Grand Rapids, Kent County",Adzuna::API::Response::Location,Logistics & Warehouse Jobs,Adzuna::API::Response::Category,logistics-warehouse-jobs,42.96324,-85.65582,
2026-08-26T09:56:48Z,https://www.adzuna.com/land/ad/5856866584?se=XuCGbVah8RGgo6RzkAQImQ&utm_medium=api&utm_source=abfa41a4&v=981318E817D8BF431222238260DEEF4729BAF8FF,CDL-A Company Driver - 6mo EXP Required - Regional - Dry Van - $1k - $2.18k per week - Roehl Transport,0,full_time,52000.0,eyJhbGciOiJIUzI1NiJ9.eyJpIjoiNTg1Njg2NjU4NCIsInMiOiJYdUNHYlZhaDhSR2dvNlJ6a0FRSW1RIn0.GrqrW_OKrPbbIm8fHALmBURW-cwSDP9TzXB8W1evMAs,"CDL-A Truck Driver (Regional). ROEHL IS URGENTLY HIRING HOME WEEKLY CDL-A TRUCK DRIVERS Roehl, for every mile of your driving career. DRIVE toward balance. GROW with opportunity. THRIVE with support. With Roehl’s Regional & Dedicated positions, you can DRIVE your career forward while enjoying the consistency and predictability of home weekly routes. GROW your earnings with our Dynamic Pay Plan and quarterly bonuses, and THRIVE in a positive environment built around flexibility, reliability, and…",113360.0,5856866584,Adzuna::API::Response::Job,Roehl Transport,Adzuna::API::Response::Company,"['US', 'Virginia', 'Fredericksburg City', 'Enon']","Enon, Fredericksburg City",Adzuna::API::Response::Location,Logistics & Warehouse Jobs,Adzuna::API::Response::Category,logistics-warehouse-jobs,38.2923,-77.49108,
2026-08-26T09:56:48Z,https://www.adzuna.com/land/ad/5856866579?se=XuCGbVah8RGgo6RzkAQImQ&utm_medium=api&utm_source=abfa41a4&v=5E04ECABDCDDDF8AC9A329C27F2D42E6F7813058,Regional Truck Driver Company - 6mo EXP Required - Dry Van - $1k - $2.18k per week - Roehl Transport,0,full_time,52000.0,eyJhbGciOiJIUzI1NiJ9.eyJzIjoiWHVDR2JWYWg4UkdnbzZSemtBUUltUSIsImkiOiI1ODU2ODY2NTc5In0.jocWI68NQra7-DyIt3f_ocdbRjiYCocv6WcDMV7ldUk,"CDL-A Truck Driver (Regional). ROEHL IS URGENTLY HIRING HOME WEEKLY CDL-A TRUCK DRIVERS Roehl, for every mile of your driving career. DRIVE toward balance. GROW with opportunity. THRIVE with support. With Roehl’s Regional & Dedicated positions, you can DRIVE your career forward while enjoying the consistency and predictability of home weekly routes. GROW your earnings with our Dynamic Pay Plan and quarterly bonuses, and THRIVE in a positive environment built around flexibility, reliability, and…",113360.0,5856866579,Adzuna::API::Response::Job,Roehl Transport,Adzuna::API::Response::Company,"['US', 'New York', 'Onondaga County', 'Syracuse']","Syracuse, Onondaga County",Adzuna::API::Response::Location,Logistics & Warehouse Jobs,Adzuna::API::Response::Category,logistics-warehouse-jobs,43.04466,-76.1512,
2026-08-26T09:56:48Z,https://www.adzuna.com/land/ad/5856866603?se=XuCGbVah8RGgo6RzkAQImQ&utm_medium=api&utm_source=abfa41a4&v=1C169FB4630153BC0455B03E1C5395EC6CCB9DF4,CDL-A Company Driver - 6mo EXP Required - Regional - Dry Van - $1k - $2.18k per week - Roehl Transport,0,full_time,52000.0,eyJhbGciOiJIUzI1NiJ9.eyJpIjoiNTg1Njg2NjYwMyIsInMiOiJYdUNHYlZhaDhSR2dvNlJ6a0FRSW1RIn0.F0qmLZZcx7TdH9k3Oqf0shrC2mZU5Qox-ApD_R_-4mI,"CDL-A Truck Driver (Regional). ROEHL IS URGENTLY HIRING HOME WEEKLY CDL-A TRUCK DRIVERS Roehl, for every mile of your driving career. DRIVE toward balance. GROW with opportunity. THRIVE with support. With Roehl’s Regional & Dedicated positions, you can DRIVE your career forward while enjoying the consistency and predictability of home weekly routes. GROW your earnings with our Dynamic Pay Plan and quarterly bonuses, and THRIVE in a positive environment built around flexibility, reliability, and…",113360.0,5856866603,Adzuna::API::Response::Job,Roehl Transport,Adzuna::API::Response::Company,"['US', 'South Carolina', 'Richland County', 'Market']","Market, Richland County",Adzuna::API::Response::Location,Logistics & Warehouse Jobs,Adzuna::API::Response::Category,logistics-warehouse-jobs,33.996485,-81.030183,
2026-08-26T09:56:48Z,https://www.adzuna.com/land/ad/5856866587?se=XuCGbVah8RGgo6RzkAQImQ&utm_medium=api&utm_source=abfa41a4&v=38C1F9A05A4B1CDBC1704752FAD6698463114AE1,Class A CDL Company Driver - 6mo EXP Required - Regional - Dry Van - $1k - $2.18k per week - Roehl Transport,0,full_time,52000.0,eyJhbGciOiJIUzI1NiJ9.eyJpIjoiNTg1Njg2NjU4NyIsInMiOiJYdUNHYlZhaDhSR2dvNlJ6a0FRSW1RIn0.xsvECuR0sBuj-AI3AVN9EfRs2RVrLSRinivMhcz2X4s,"CDL-A Truck Driver (Regional). ROEHL IS URGENTLY HIRING HOME WEEKLY CDL-A TRUCK DRIVERS Roehl, for every mile of your driving career. DRIVE toward balance. GROW with opportunity. THRIVE with support. With Roehl’s Regional & Dedicated positions, you can DRIVE your career forward while enjoying the consistency and predictability of home weekly routes. GROW your earnings with our Dynamic Pay Plan and quarterly bonuses, and THRIVE in a positive environment built around flexibility, reliability, and…",113360.0,5856866587,Adzuna::API::Response::Job,Roehl Transport,Adzuna::API::Response::Company,"['US', 'South Carolina', 'Charleston County', 'James Island']","James Island, Charleston County",Adzuna::API::Response::Location,Logistics & Warehouse Jobs,Adzuna::API::Response::Category,logistics-warehouse-jobs,32.77864,-79.937723,
2026-08-26T09:56:47Z,https://www.adzuna.com/land/ad/5856866563?se=XuCGbVah8RGgo6RzkAQImQ&utm_medium=api&utm_source=abfa41a4&v=CCFDD4AB19910AA0DB06E39CF7D6ED523BD5541D,CDL-A Company Driver - 6mo EXP Required - Regional - Dry Van - $1k - $2.18k per week - Roehl Transport,0,full_time,52000.0,eyJhbGciOiJIUzI1NiJ9.eyJpIjoiNTg1Njg2NjU2MyIsInMiOiJYdUNHYlZhaDhSR2dvNlJ6a0FRSW1RIn0.HETbctrlBjKBDFlvAAOSMRSGiaD_PqalnCu2as1i6Rk,"CDL-A Truck Driver (Regional). ROEHL IS URGENTLY HIRING HOME WEEKLY CDL-A TRUCK DRIVERS Roehl, for every mile of your driving career. DRIVE toward balance. GROW with opportunity. THRIVE with support. With Roehl’s Regional & Dedicated positions, you can DRIVE your career forward while enjoying the consistency and predictability of home weekly routes. GROW your earnings with our Dynamic Pay Plan and quarterly bonuses, and THRIVE in a positive environment built around flexibility, reliability, and…",113360.0,5856866563,Adzuna::API::Response::Job,Roehl Transport,Adzuna::API::Response::Company,"['US', 'Georgia', 'Liberty County', 'Hinesville']","Hinesville, Liberty County",Adzuna::API::Response::Location,Logistics & Warehouse Jobs,Adzuna::API::Response::Category,logistics-warehouse-jobs,31.824705,-81.618235,
2026-08-26T09:56:47Z,https://www.adzuna.com/land/ad/5856866562?se=XuCGbVah8RGgo6RzkAQImQ&utm_medium=api&utm_source=abfa41a4&v=315FA9CBB7382193F354E5B8E0B2D1248F9C630B,CDL-A Company Driver - 6mo EXP Required - Regional - Dry Van - $1k - $2.18k per week - Roehl Transport,0,full_time,52000.0,eyJhbGciOiJIUzI1NiJ9.eyJzIjoiWHVDR2JWYWg4UkdnbzZSemtBUUltUSIsImkiOiI1ODU2ODY2NTYyIn0.iHUKxaygUdOZJX_Hp-Kc8pQIPujU0xK7kXAHdaa9M5E,"CDL-A Truck Driver (Regional). ROEHL IS URGENTLY HIRING HOME WEEKLY CDL-A TRUCK DRIVERS Roehl, for every mile of your driving career. DRIVE toward balance. GROW with opportunity. THRIVE with support. With Roehl’s Regional & Dedicated positions, you can DRIVE your career forward while enjoying the consistency and predictability of home weekly routes. GROW your earnings with our Dynamic Pay Plan and quarterly bonuses, and THRIVE in a positive environment built around flexibility, reliability, and…",113360.0,5856866562,Adzuna::API::Response::Job,Roehl Transport,Adzuna::API::Response::Company,"['US', 'Georgia', 'Richmond County', 'Augusta']","Augusta, Richmond County",Adzuna::API::Response::Location,Logistics & Warehouse Jobs,Adzuna::API::Response::Category,logistics-warehouse-jobs,33.473754,-82.012604,
2026-08-26T09:56:47Z,https://www.adzuna.com/land/ad/5856866565?se=XuCGbVah8RGgo6RzkAQImQ&utm_medium=api&utm_source=abfa41a4&v=81C232C6BC872CC34B66FD457C2A971EC78DD781,Regional Truck Driver Company - 6mo EXP Required - Dry Van - $1k - $2.18k per week - Roehl Transport,0,full_time,52000.0,eyJhbGciOiJIUzI1NiJ9.eyJpIjoiNTg1Njg2NjU2NSIsInMiOiJYdUNHYlZhaDhSR2dvNlJ6a0FRSW1RIn0.TqtRcZIMbggjt5AJ7cs29Fs5Er1uRCDAagb0CmHIUmU,"CDL-A Truck Driver (Regional). ROEHL IS URGENTLY HIRING HOME WEEKLY CDL-A TRUCK DRIVERS Roehl, for every mile of your driving career. DRIVE toward balance. GROW with opportunity. THRIVE with support. With Roehl’s Regional & Dedicated positions, you can DRIVE your career forward while enjoying the consistency and predictability of home weekly routes. GROW your earnings with our Dynamic Pay Plan and quarterly bonuses, and THRIVE in a positive environment built around flexibility, reliability, and…",113360.0,5856866565,Adzuna::API::Response::Job,Roehl Transport,Adzuna::API::Response::Company,"['US', 'Georgia', 'Richmond County', 'Augusta']","Augusta, Richmond County",Adzuna::API::Response::Location,Logistics & Warehouse Jobs,Adzuna::API::Response::Category,logistics-warehouse-jobs,33.473754,-82.012604,
2026-08-26T09:56:47Z,https://www.adzuna.com/land/ad/5856866566?se=XuCGbVah8RGgo6RzkAQImQ&utm_medium=api&utm_source=abfa41a4&v=4288996133CC3905E82D416214E646F0BF320EC9,CDL-A Company Driver - 6mo EXP Required - Regional - Dry Van - $1k - $2.18k per week - Roehl Transport,0,full_time,52000.0,eyJhbGciOiJIUzI1NiJ9.eyJzIjoiWHVDR2JWYWg4UkdnbzZSemtBUUltUSIsImkiOiI1ODU2ODY2NTY2In0.4D7I60nNdniNGFT_acMO9A2H-Da_AYuRqpNRdT582uc,"CDL-A Truck Driver (Regional). ROEHL IS URGENTLY HIRING HOME WEEKLY CDL-A TRUCK DRIVERS Roehl, for every mile of your driving career. DRIVE toward balance. GROW with opportunity. THRIVE with support. With Roehl’s Regional & Dedicated positions, you can DRIVE your career forward while enjoying the consistency and predictability of home weekly routes. GROW your earnings with our Dynamic Pay Plan and quarterly bonuses, and THRIVE in a positive environment built around flexibility, reliability, and…",113360.0,5856866566,Adzuna::API::Response::Job,Roehl Transport,Adzuna::API::Response::Company,"['US', 'South Carolina', 'Greenville County', 'Batesville']","Batesville, Greenville County",Adzuna::API::Response::Location,Logistics & Warehouse Jobs,Adzuna::API::Response::Category,logistics-warehouse-jobs,34.829463,-82.340884,
2026-08-26T09:56:47Z,https://www.adzuna.com/land/ad/5856866574?se=XuCGbVah8RGgo6RzkAQImQ&utm_medium=api&utm_source=abfa41a4&v=FCC32C6A1BB2E32762CB3C76C38B7A2288B4894A,CDL-A Company Driver - 6mo EXP Required - Regional - Dry Van - $1k - $2.18k per week - Roehl Transport,0,full_time,52000.0,eyJhbGciOiJIUzI1NiJ9.eyJpIjoiNTg1Njg2NjU3NCIsInMiOiJYdUNHYlZhaDhSR2dvNlJ6a0FRSW1RIn0.z9uieospSBQv8JqmNoLOHIDdDNwU53J6wPqT51tIlbI,"CDL-A Truck Driver (Regional). ROEHL IS URGENTLY HIRING HOME WEEKLY CDL-A TRUCK DRIVERS Roehl, for every mile of your driving career. DRIVE toward balance. GROW with opportunity. THRIVE with support. With Roehl’s Regional & Dedicated positions, you can DRIVE your career forward while enjoying the consistency and predictability of home weekly routes. GROW your earnings with our Dynamic Pay Plan and quarterly bonuses, and THRIVE in a positive environment built around flexibility, reliability, and…",113360.0,5856866574,Adzuna::API::Response::Job,Roehl Transport,Adzuna::API::Response::Company,"['US', 'Alabama', 'Jefferson County', 'Birmingham']","Birmingham, Jefferson County",Adzuna::API::Response::Location,Logistics & Warehouse Jobs,Adzuna::API::Response::Category,logistics-warehouse-jobs,33.519379,-86.807562,
2026-08-26T09:56:47Z,https://www.adzuna.com/land/ad/5856866569?se=XuCGbVah8RGgo6RzkAQImQ&utm_medium=api&utm_source=abfa41a4&v=C07552D6B78580DF52D04396168D849BD5B04916,Regional Truck Driver Company - 6mo EXP Required - Dry Van - $1k - $2.18k per week - Roehl Transport,0,full_time,52000.0,eyJhbGciOiJIUzI1NiJ9.eyJzIjoiWHVDR2JWYWg4UkdnbzZSemtBUUltUSIsImkiOiI1ODU2ODY2NTY5In0.DoiXkBjp3mA0K-WztRbWqYzMPgO3mLWba8soKi23x0I,"CDL-A Truck Driver (Regional). ROEHL IS URGENTLY HIRING HOME WEEKLY CDL-A TRUCK DRIVERS Roehl, for every mile of your driving career. DRIVE toward balance. GROW with opportunity. THRIVE with support. With Roehl’s Regional & Dedicated positions, you can DRIVE your career forward while enjoying the consistency and predictability of home weekly routes. GROW your earnings with our Dynamic Pay Plan and quarterly bonuses, and THRIVE in a positive environment built around flexibility, reliability, and…",113360.0,5856866569,Adzuna::API::Response::Job,Roehl Transport,Adzuna::API::Response::Company,"['US', 'South Carolina', 'Greenville County', 'Batesville']","Batesville, Greenville County",Adzuna::API::Response::Location,Logistics & Warehouse Jobs,Adzuna::API::Response::Category,logistics-warehouse-jobs,34.829463,-82.340884,
2026-08-26T09:56:47Z,https://www.adzuna.com/land/ad/5856866576?se=XuCGbVah8RGgo6RzkAQImQ&utm_medium=api&utm_source=abfa41a4&v=1EDC2D42BC1AF01BF7EED69B664FC9313CDFF310,CDL-A Company Driver - 6mo EXP Required - Regional - Dry Van - $1k - $2.18k per week - Roehl Transport,0,full_time,52000.0,eyJhbGciOiJIUzI1NiJ9.eyJzIjoiWHVDR2JWYWg4UkdnbzZSemtBUUltUSIsImkiOiI1ODU2ODY2NTc2In0.ltLsFYI4MGmDYrz8e0OImdJmNW-vPdDK32A_kYavXDY,"CDL-A Truck Driver (Regional). ROEHL IS URGENTLY HIRING HOME WEEKLY CDL-A TRUCK DRIVERS Roehl, for every mile of your driving career. DRIVE toward balance. GROW with opportunity. THRIVE with support. With Roehl’s Regional & Dedicated positions, you can DRIVE your career forward while enjoying the consistency and predictability of home weekly routes. GROW your earnings with our Dynamic Pay Plan and quarterly bonuses, and THRIVE in a positive environment built around flexibility, reliability, and…",113360.0,5856866576,Adzuna::API::Response::Job,Roehl Transport,Adzuna::API::Response::Company,"['US', 'New York', 'Onondaga County', 'Syracuse']","Syracuse, Onondaga County",Adzuna::API::Response::Location,Logistics & Warehouse Jobs,Adzuna::API::Response::Category,logistics-warehouse-jobs,43.04466,-76.1512,
2026-08-26T09:56:47Z,https://www.adzuna.com/land/ad/5856866571?se=XuCGbVah8RGgo6RzkAQImQ&utm_medium=api&utm_source=abfa41a4&v=3E2F374DFE454329A7533F6E6E4C1A35563A2E01,Class A CDL Company Driver - 6mo EXP Required - Regional - Dry Van - $1k - $2.18k per week - Roehl Transport,0,full_time,52000.0,eyJhbGciOiJIUzI1NiJ9.eyJzIjoiWHVDR2JWYWg4UkdnbzZSemtBUUltUSIsImkiOiI1ODU2ODY2NTcxIn0.lr4wi4zjtzzvFHaq8STV4NNIVa0ZsbA_wdXFRo9FzDE,"CDL-A Truck Driver (Regional). ROEHL IS URGENTLY HIRING HOME WEEKLY CDL-A TRUCK DRIVERS Roehl, for every mile of your driving career. DRIVE toward balance. GROW with opportunity. THRIVE with support. With Roehl’s Regional & Dedicated positions, you can DRIVE your career forward while enjoying the consistency and predictability of home weekly routes. GROW your earnings with our Dynamic Pay Plan and quarterly bonuses, and THRIVE in a positive environment built around flexibility, reliability, and…",113360.0,5856866571,Adzuna::API::Response::Job,Roehl Transport,Adzuna::API::Response::Company,"['US', 'Alabama', 'Limestone County', 'Tanner']","Tanner, Limestone County",Adzuna::API::Response::Location,Logistics & Warehouse Jobs,Adzuna::API::Response::Category,logistics-warehouse-jobs,34.705111,-86.959203,
2026-08-26T09:56:44Z,https://www.adzuna.com/land/ad/5856866559?se=XuCGbVah8RGgo6RzkAQImQ&utm_medium=api&utm_source=abfa41a4&v=D6E6F21FD0E1F65E881F19FFBA27252F48897A94,Regional Truck Driver Company - 6mo EXP Required - Dry Van - $1.25k - $1.5k per week - Mesilla Valley Transportation,0,full_time,65000.0,eyJhbGciOiJIUzI1NiJ9.eyJpIjoiNTg1Njg2NjU1OSIsInMiOiJYdUNHYlZhaDhSR2dvNlJ6a0FRSW1RIn0.3YnXoFkM5OdOY-OpHZQteDoucAOmH1pHzPryTnY2D-Q,"Regional CDL A Truck Driver Wanted - No Touch Freight. Regional CDL-A Truck Driver Wanted No Touch Freight Immediately Hiring Class-A CDL Truck Drivers for our Regional Lanes! Mesilla Valley Transportation (MVT) is looking for truck drivers that are passionate about being on the road and understand that safety and delivering on time are critical. One-of-a-Kind Offerings: A NEW CAR GIVEAWAY every quarter Finish with the best yearly MPG and win a $25,000 GRAND PRIZE Monthly Fuel Incentive Bonuses…",78000.0,5856866559,Adzuna::API::Response::Job,Mesilla Valley Transportation,Adzuna::API::Response::Company,"['US', 'Florida', 'Duval County', 'Jacksonville']","Jacksonville, Duval County",Adzuna::API::Response::Location,Logistics & Warehouse Jobs,Adzuna::API::Response::Category,logistics-warehouse-jobs,30.328445,-81.651888,
2026-08-26T09:56:43Z,https://www.adzuna.com/land/ad/5856866540?se=XuCGbVah8RGgo6RzkAQImQ&utm_medium=api&utm_source=abfa41a4&v=01BC416B5DD5C91AF87EE63C1D6C24734C9232CE,CDL-A Company Driver - 6mo EXP Required - Regional - Dry Van - $1.25k - $1.5k per week - Mesilla Valley Transportation,0,full_time,65000.0,eyJhbGciOiJIUzI1NiJ9.eyJzIjoiWHVDR2JWYWg4UkdnbzZSemtBUUltUSIsImkiOiI1ODU2ODY2NTQwIn0.ICBz45UuD0PlGp-9PzJhB7YpY0NyaGqslLu9Nc1PrGU,"Regional CDL A Truck Driver Wanted - No Touch Freight. Regional CDL-A Truck Driver Wanted No Touch Freight Immediately Hiring Class-A CDL Truck Drivers for our Regional Lanes! Mesilla Valley Transportation (MVT) is looking for truck drivers that are passionate about being on the road and understand that safety and delivering on time are critical. One-of-a-Kind Offerings: A NEW CAR GIVEAWAY every quarter Finish with the best yearly MPG and win a $25,000 GRAND PRIZE Monthly Fuel Incentive Bonuses…",78000.0,5856866540,Adzuna::API::Response::Job,Mesilla Valley Transportation,Adzuna::API::Response::Company,"['US', 'Florida', 'St. Johns County', 'Villano Beach']","Villano Beach, St. Johns County",Adzuna::API::Response::Location,Logistics & Warehouse Jobs,Adzuna::API::Response::Category,logistics-warehouse-jobs,29.88516,-81.31398,
2026-08-26T09:56:43Z,https://www.adzuna.com/land/ad/5856866539?se=XuCGbVah8RGgo6RzkAQImQ&utm_medium=api&utm_source=abfa41a4&v=2A0FBD2033CAE288B81EBF73E9154559E557117E,Regional Truck Driver Company - 6mo EXP Required - Dry Van - $1.25k - $1.5k per week - Mesilla Valley Transportation,0,full_time,65000.0,eyJhbGciOiJIUzI1NiJ9.eyJzIjoiWHVDR2JWYWg4UkdnbzZSemtBUUltUSIsImkiOiI1ODU2ODY2NTM5In0.xKp2jSdgsFP4dAHYHtK-j23J77pQEywApV16T6-Ub7w,"Regional CDL A Truck Driver Wanted - No Touch Freight. Regional CDL-A Truck Driver Wanted No Touch Freight Immediately Hiring Class-A CDL Truck Drivers for our Regional Lanes! Mesilla Valley Transportation (MVT) is looking for truck drivers that are passionate about being on the road and understand that safety and delivering on time are critical. One-of-a-Kind Offerings: A NEW CAR GIVEAWAY every quarter Finish with the best yearly MPG and win a $25,000 GRAND PRIZE Monthly Fuel Incentive Bonuses…",78000.0,5856866539,Adzuna::API::Response::Job,Mesilla Valley Transportation,Adzuna::API::Response::Company,"['US', 'Florida', 'Alachua County', 'Gainesville']","Gainesville, Alachua County",Adzuna::API::Response::Location,Logistics & Warehouse Jobs,Adzuna::API::Response::Category,logistics-warehouse-jobs,29.649294,-82.328656,
2026-08-26T09:56:43Z,https://www.adzuna.com/land/ad/5856866543?se=XuCGbVah8RGgo6RzkAQImQ&utm_medium=api&utm_source=abfa41a4&v=15C58998C7AED88250875C08083DB8DE40BFC509,CDL-A Company Driver - 6mo EXP Required - Regional - Dry Van - $1k - $2.18k per week - Roehl Transport,0,full_time,52000.0,eyJhbGciOiJIUzI1NiJ9.eyJpIjoiNTg1Njg2NjU0MyIsInMiOiJYdUNHYlZhaDhSR2dvNlJ6a0FRSW1RIn0.xrSXoo8XtvMhuuouJYKvkd31weprFP5NTfCRralKDSI,"CDL-A Truck Driver (Regional). ROEHL IS URGENTLY HIRING HOME WEEKLY CDL-A TRUCK DRIVERS Roehl, for every mile of your driving career. DRIVE toward balance. GROW with opportunity. THRIVE with support. With Roehl’s Regional & Dedicated positions, you can DRIVE your career forward while enjoying the consistency and predictability of home weekly routes. GROW your earnings with our Dynamic Pay Plan and quarterly bonuses, and THRIVE in a positive environment built around flexibility, reliability, and…",113360.0,5856866543,Adzuna::API::Response::Job,Roehl Transport,Adzuna::API::Response::Company,"['US', 'Florida', 'St. Johns County', 'Villano Beach']","Villano Beach, St. Johns County",Adzuna::API::Response::Location,Logistics & Warehouse Jobs,Adzuna::API::Response::Category,logistics-warehouse-jobs,29.88516,-81.31398,
2026-08-26T09:56:43Z,https://www.adzuna.com/land/ad/5856866555?se=XuCGbVah8RGgo6RzkAQImQ&utm_medium=api&utm_source=abfa41a4&v=69178BBFDEB2B3B12FC7B1176AE23B8D40A22ACB,CDL-A Company Driver - 6mo EXP Required - Regional - Dry Van - $1k - $2.18k per week - Roehl Transport,0,full_time,52000.0,eyJhbGciOiJIUzI1NiJ9.eyJpIjoiNTg1Njg2NjU1NSIsInMiOiJYdUNHYlZhaDhSR2dvNlJ6a0FRSW1RIn0.x_RNmqnHTLOrIKStNSZAMVDd1B3bgW-dPzVlKQwWdIY,"CDL-A Truck Driver (Regional). ROEHL IS URGENTLY HIRING HOME WEEKLY CDL-A TRUCK DRIVERS Roehl, for every mile of your driving career. DRIVE toward balance. GROW with opportunity. THRIVE with support. With Roehl’s Regional & Dedicated positions, you can DRIVE your career forward while enjoying the consistency and predictability of home weekly routes. GROW your earnings with our Dynamic Pay Plan and quarterly bonuses, and THRIVE in a positive environment built around flexibility, reliability, and…",113360.0,5856866555,Adzuna::API::Response::Job,Roehl Transport,Adzuna::API::Response::Company,"['US', 'Florida', 'Duval County', 'Jacksonville']","Jacksonville, Duval County",Adzuna::API::Response::Location,Logistics & Warehouse Jobs,Adzuna::API::Response::Category,logistics-warehouse-jobs,30.328445,-81.651888,
2026-08-26T09:56:43Z,https://www.adzuna.com/land/ad/5856866554?se=XuCGbVah8RGgo6RzkAQImQ&utm_medium=api&utm_source=abfa41a4&v=EF9205BDE64CAA7885C697CCECD93716035BFF05,Class A CDL Company Driver - 6mo EXP Required - Regional - Dry Van - $1k - $2.18k per week - Roehl Transport,0,full_time,52000.0,eyJhbGciOiJIUzI1NiJ9.eyJzIjoiWHVDR2JWYWg4UkdnbzZSemtBUUltUSIsImkiOiI1ODU2ODY2NTU0In0.qpyESYVR3gxom2o5wQrInETeFAuWwez91CyRC1ld0FE,"CDL-A Truck Driver (Regional). ROEHL IS URGENTLY HIRING HOME WEEKLY CDL-A TRUCK DRIVERS Roehl, for every mile of your driving career. DRIVE toward balance. GROW with opportunity. THRIVE with support. With Roehl’s Regional & Dedicated positions, you can DRIVE your career forward while enjoying the consistency and predictability of home weekly routes. GROW your earnings with our Dynamic Pay Plan and quarterly bonuses, and THRIVE in a positive environment built around flexibility, reliability, and…",113360.0,5856866554,Adzuna::API::Response::Job,Roehl Transport,Adzuna::API::Response::Company,"['US', 'Georgia', 'Glynn County', 'Altama']","Altama, Glynn County",Adzuna::API::Response::Location,Logistics & Warehouse Jobs,Adzuna::API::Response::Category,logistics-warehouse-jobs,31.17792,-81.491769,
2026-08-26T09:56:43Z,https://www.adzuna.com/land/ad/5856866548?se=XuCGbVah8RGgo6RzkAQImQ&utm_medium=api&utm_source=abfa41a4&v=83530277F47E62F99508AAA858C04547F41C9A6F,Regional Truck Driver Company - 6mo EXP Required - Dry Van - $1k - $2.18k per week - Roehl Transport,0,full_time,52000.0,eyJhbGciOiJIUzI1NiJ9.eyJpIjoiNTg1Njg2NjU0OCIsInMiOiJYdUNHYlZhaDhSR2dvNlJ6a0FRSW1RIn0.x_IgXztM8-819SHLWMpcESc71bJpNxUzs7XIW7wGrow,"CDL-A Truck Driver (Regional). ROEHL IS URGENTLY HIRING HOME WEEKLY CDL-A TRUCK DRIVERS Roehl, for every mile of your driving career. DRIVE toward balance. GROW with opportunity. THRIVE with support. With Roehl’s Regional & Dedicated positions, you can DRIVE your career forward while enjoying the consistency and predictability of home weekly routes. GROW your earnings with our Dynamic Pay Plan and quarterly bonuses, and THRIVE in a positive environment built around flexibility, reliability, and…",113360.0,5856866548,Adzuna::API::Response::Job,Roehl Transport,Adzuna::API::Response::Company,"['US', 'Georgia', 'Glynn County', 'Altama']","Altama, Glynn County",Adzuna::API::Response::Location,Logistics & Warehouse Jobs,Adzuna::API::Response::Category,logistics-warehouse-jobs,31.17792,-81.491769,
2026-08-26T09:56:43Z,https://www.adzuna.com/land/ad/5856866552?se=XuCGbVah8RGgo6RzkAQImQ&utm_medium=api&utm_source=abfa41a4&v=4FAAB62075681C2EC1FBDC2D4B39A6076FE6CEDE,Regional Truck Driver Company - 6mo EXP Required - Dry Van - $1.25k - $1.5k per week - Mesilla Valley Transportation,0,full_time,65000.0,eyJhbGciOiJIUzI1NiJ9.eyJpIjoiNTg1Njg2NjU1MiIsInMiOiJYdUNHYlZhaDhSR2dvNlJ6a0FRSW1RIn0.GBwJc3lFdMt9EluovXUPdlw5FbwrkMVuOw3rKE0FM_w,"Regional CDL A Truck Driver Wanted - No Touch Freight. Regional CDL-A Truck Driver Wanted No Touch Freight Immediately Hiring Class-A CDL Truck Drivers for our Regional Lanes! Mesilla Valley Transportation (MVT) is looking for truck drivers that are passionate about being on the road and understand that safety and delivering on time are critical. One-of-a-Kind Offerings: A NEW CAR GIVEAWAY every quarter Finish with the best yearly MPG and win a $25,000 GRAND PRIZE Monthly Fuel Incentive Bonuses…",78000.0,5856866552,Adzuna::API::Response::Job,Mesilla Valley Transportation,Adzuna::API::Response::Company,"['US', 'Georgia', 'Glynn County', 'Altama']","Altama, Glynn County",Adzuna::API::Response::Location,Logistics & Warehouse Jobs,Adzuna::API::Response::Category,logistics-warehouse-jobs,31.17792,-81.491769,
2026-08-26T09:56:43Z,https://www.adzuna.com/land/ad/5856866533?se=XuCGbVah8RGgo6RzkAQImQ&utm_medium=api&utm_source=abfa41a4&v=42323FF1828419A4246835143B20FB854000040D,Regional Truck Driver Company - 6mo EXP Required - Dry Van - $1.7k - $1.8k per week - Mesilla Valley Transportation,0,full_time,88400.0,eyJhbGciOiJIUzI1NiJ9.eyJpIjoiNTg1Njg2NjUzMyIsInMiOiJYdUNHYlZhaDhSR2dvNlJ6a0FRSW1RIn0.wz6Mszs6DHrLYE-ZOELFlXFIttQKn_sP1FIWKHTdgG4,"Regional CDL A Truck Drivers. Regional CDL-A Truck Driver Wanted No Touch Freight Immediately Hiring Class-A CDL Truck Drivers for our Regional Lanes! Mesilla Valley Transportation (MVT) is looking for truck drivers that are passionate about being on the road and understand that safety and delivering on time are critical. One-of-a-Kind Offerings: A NEW CAR GIVEAWAY every quarter Finish with the best yearly MPG and win a $25,000 GRAND PRIZE Monthly Fuel Incentive Bonuses Benefits: Average Weekly…",93600.0,5856866533,Adzuna::API::Response::Job,Mesilla Valley Transportation,Adzuna::API::Response::Company,"['US', 'Utah', 'Salt Lake County', 'Salt Lake City']","Salt Lake City, Salt Lake County",Adzuna::API::Response::Location,Logistics & Warehouse Jobs,Adzuna::API::Response::Category,logistics-warehouse-jobs,40.753977,-111.88172,
2026-08-26T09:56:42Z,https://www.adzuna.com/land/ad/5856866519?se=XuCGbVah8RGgo6RzkAQImQ&utm_medium=api&utm_source=abfa41a4&v=78BE8C787773752E9CB16EFC23E85A783093A4D9,Local Truck Driver - 1-5mo EXP Required - Reefer - $1.35k - $1.65k per week - Marten Transport*,0,full_time,70200.0,eyJhbGciOiJIUzI1NiJ9.eyJzIjoiWHVDR2JWYWg4UkdnbzZSemtBUUltUSIsImkiOiI1ODU2ODY2NTE5In0.j6aImuOsT0FSV39z1ME4WPkPb5qGtc5fE-xcAp_dGKA,CDL-A Local Truck Driver - $5k Sign-On Bonus!. Local CDL-A Dedicated Truck Drivers- Join a 2-Time TCA Elite Fleet Now offering NEW HIGHER PAY! Are you looking for a CDL-A truck driving job with reliable miles and a driver-first culture? Marten Transport - a back-to-back TCA Elite Fleet honoree (2025 & 2026) - is urgently hiring CDL-A truck drivers to join one of the industry's most stable and financially independent fleets that puts drivers first. From dependable schedules to competitive pay an…,85800.0,5856866519,Adzuna::API::Response::Job,Marten Transport*,Adzuna::API::Response::Company,"['US', 'Arkansas', 'Sebastian County', 'Fort Smith']","Fort Smith, Sebastian County",Adzuna::API::Response::Location,Logistics & Warehouse Jobs,Adzuna::API::Response::Category,logistics-warehouse-jobs,35.405173,-94.389201,
2026-08-26T09:56:42Z,https://www.adzuna.com/land/ad/5856866522?se=XuCGbVah8RGgo6RzkAQImQ&utm_medium=api&utm_source=abfa41a4&v=6D259486B3F57E983808E3703FC78E615B384224,Regional Truck Driver Company - 2yrs EXP Required - Dry Van - $1.65k - $2.1k per week - Arka Express,0,full_time,85800.0,eyJhbGciOiJIUzI1NiJ9.eyJzIjoiWHVDR2JWYWg4UkdnbzZSemtBUUltUSIsImkiOiI1ODU2ODY2NTIyIn0.D83SC8kLHbvUQfLWaM5Kst-27DWlM7IDsv7IH-cqv0w,CDL-A Regional OTR Truck Driver. Got at least 2 years of CDL-A Experience? Put it to work at Arka. Turn Up the Performance. Turn Up the Pay. Drivers Now Earning Up to $2100/Weekly! The American Dream is alive and well at Arka Express where your hard work and dedication to getting the job done right means earning more. We have built our CDL-A truck driving opportunities with the goal of helping professional over-the-road truck drivers earn industry leading pay on a merit-based pay system that re…,109200.0,5856866522,Adzuna::API::Response::Job,Arka Express,Adzuna::API::Response::Company,"['US', 'North Carolina', 'Mecklenburg County', 'Charlotte']","Charlotte, Mecklenburg County",Adzuna::API::Response::Location,Logistics & Warehouse Jobs,Adzuna::API::Response::Category,logistics-warehouse-jobs,35.227805,-80.844267,
2026-08-26T09:56:42Z,https://www.adzuna.com/land/ad/5856866532?se=XuCGbVah8RGgo6RzkAQImQ&utm_medium=api&utm_source=abfa41a4&v=608F21803EB7EC5F2F1A69F3693DD2C656C8E23E,Class B CDL Company Driver - 1yr EXP Required - Local - Specialized - Pavlich Inc,1,full_time,85387.96,eyJhbGciOiJIUzI1NiJ9.eyJpIjoiNTg1Njg2NjUzMiIsInMiOiJYdUNHYlZhaDhSR2dvNlJ6a0FRSW1RIn0.SI3Tra_wEJhwFP2gLs1h_8kKPA7Ngq-wHFlvq_n7c9E,"CDL A and Class B Truck Drivers | High Earning Potential | Home Daily. Pavlich Inc is Seeking Local CDL-A Drivers | High Earning Potential! Hiring Class A and Class B drivers Job Details:  Competitive Pay - Pay Based on Commission Pay by the Load (NO 1099) - HIGH EARNING POTENTIAL!  HOME DAILY!  Late Model Manual & Automatic Peterbilts - Our equipment is kept in excellent condition!  Class A Drivers - Most locations can be home daily, regional or weekly.  Year Round Work  Training Available to …",85387.96,5856866532,Adzuna::API::Response::Job,Pavlich Inc,Adzuna::API::Response::Company,"['US', 'Missouri', 'Jackson County', 'Kansas City']","Kansas City, Jackson County",Adzuna::API::Response::Location,Logistics & Warehouse Jobs,Adzuna::API::Response::Category,logistics-warehouse-jobs,39.103829,-94.572672,
2026-08-26T09:56:42Z,https://www.adzuna.com/land/ad/5856866523?se=XuCGbVah8RGgo6RzkAQImQ&utm_medium=api&utm_source=abfa41a4&v=2AC89D5ECF2481A7F93414722EB8E3F55D9BDC15,CDL-A Company Driver - 6mo EXP Required - Regional - Dry Van - $1k - $2.18k per week - Roehl Transport,0,full_time,52000.0,eyJhbGciOiJIUzI1NiJ9.eyJpIjoiNTg1Njg2NjUyMyIsInMiOiJYdUNHYlZhaDhSR2dvNlJ6a0FRSW1RIn0.Wj7tyH46xfsWG0BkJ036oXQ96BOoyxX7ZoTPmTCcK-w,"CDL-A Truck Driver (Regional). ROEHL IS URGENTLY HIRING HOME WEEKLY CDL-A TRUCK DRIVERS Roehl, for every mile of your driving career. DRIVE toward balance. GROW with opportunity. THRIVE with support. With Roehl’s Regional & Dedicated positions, you can DRIVE your career forward while enjoying the consistency and predictability of home weekly routes. GROW your earnings with our Dynamic Pay Plan and quarterly bonuses, and THRIVE in a positive environment built around flexibility, reliability, and…",113360.0,5856866523,Adzuna::API::Response::Job,Roehl Transport,Adzuna::API::Response::Company,"['US', 'Tennessee', 'Davidson County', 'Nashville']","Nashville, Davidson County",Adzuna::API::Response::Location,Logistics & Warehouse Jobs,Adzuna::API::Response::Category,logistics-warehouse-jobs,36.1681,-86.7847,
2026-08-26T09:56:42Z,https://www.adzuna.com/land/ad/5856866531?se=XuCGbVah8RGgo6RzkAQImQ&utm_medium=api&utm_source=abfa41a4&v=33D72BF18568CA0CB82F1520816A624263E02BD4,Truck Driver Company - 1yr EXP Required - Local - Specialized - Pavlich Inc,1,full_time,65854.71,eyJhbGciOiJIUzI1NiJ9.eyJzIjoiWHVDR2JWYWg4UkdnbzZSemtBUUltUSIsImkiOiI1ODU2ODY2NTMxIn0.bzZClFfJjB_rtaE36Z6RZ-1XocqIYK7FXTE1IAPT1Oc,"CDL A and Class B Truck Drivers | High Earning Potential | Home Daily. Pavlich Inc is Seeking Local CDL-A Drivers | High Earning Potential! Hiring Class A and Class B drivers Job Details:  Competitive Pay - Pay Based on Commission Pay by the Load (NO 1099) - HIGH EARNING POTENTIAL!  HOME DAILY!  Late Model Manual & Automatic Peterbilts - Our equipment is kept in excellent condition!  Class A Drivers - Most locations can be home daily, regional or weekly.  Year Round Work  Training Available to …",65854.71,5856866531,Adzuna::API::Response::Job,Pavlich Inc,Adzuna::API::Response::Company,"['US', 'Missouri', 'Buchanan County', 'Saint Joseph']","Saint Joseph, Buchanan County",Adzuna::API::Response::Location,Logistics & Warehouse Jobs,Adzuna::API::Response::Category,logistics-warehouse-jobs,39.76637,-94.843862,
2026-08-26T09:56:42Z,https://www.adzuna.com/land/ad/5856866516?se=XuCGbVah8RGgo6RzkAQImQ&utm_medium=api&utm_source=abfa41a4&v=D55AAB1B1C86AD7CE3CEBBE774273D6B16F08F9D,CDL-A Company Driver - 2yrs EXP Required - Regional - Dry Van - $1.65k - $2.1k per week - Arka Express,0,full_time,85800.0,eyJhbGciOiJIUzI1NiJ9.eyJpIjoiNTg1Njg2NjUxNiIsInMiOiJYdUNHYlZhaDhSR2dvNlJ6a0FRSW1RIn0.DCE6O7gdosAiPH1gS_ZtUY4rvFG-1y2Afo7WZJF2-p0,CDL-A Regional OTR Truck Driver. Got at least 2 years of CDL-A Experience? Put it to work at Arka. Turn Up the Performance. Turn Up the Pay. Drivers Now Earning Up to $2100/Weekly! The American Dream is alive and well at Arka Express where your hard work and dedication to getting the job done right means earning more. We have built our CDL-A truck driving opportunities with the goal of helping professional over-the-road truck drivers earn industry leading pay on a merit-based pay system that re…,109200.0,5856866516,Adzuna::API::Response::Job,Arka Express,Adzuna::API::Response::Company,"['US', 'Pennsylvania', 'Dauphin County', 'West End']","West End, Dauphin County",Adzuna::API::Response::Location,Logistics & Warehouse Jobs,Adzuna::API::Response::Category,logistics-warehouse-jobs,40.25898,-76.86294,
2026-08-26T09:56:42Z,https://www.adzuna.com/land/ad/5856866518?se=XuCGbVah8RGgo6RzkAQImQ&utm_medium=api&utm_source=abfa41a4&v=7F6A4D64C938BBDB8A0B417471D4D053683255BB,Class A CDL Company Driver - 2yrs EXP Required - Regional - Dry Van - $1.65k - $2.1k per week - Arka Express,0,full_time,85800.0,eyJhbGciOiJIUzI1NiJ9.eyJzIjoiWHVDR2JWYWg4UkdnbzZSemtBUUltUSIsImkiOiI1ODU2ODY2NTE4In0.Uoh71AqWKqyNkLYy809Is0e6QM4d-s7SGfO09c5Kq6I,CDL-A Regional OTR Truck Driver. Got at least 2 years of CDL-A Experience? Put it to work at Arka. Turn Up the Performance. Turn Up the Pay. Drivers Now Earning Up to $2100/Weekly! The American Dream is alive and well at Arka Express where your hard work and dedication to getting the job done right means earning more. We have built our CDL-A truck driving opportunities with the goal of helping professional over-the-road truck drivers earn industry leading pay on a merit-based pay system that re…,109200.0,5856866518,Adzuna::API::Response::Job,Arka Express,Adzuna::API::Response::Company,"['US', 'Pennsylvania', 'Dauphin County', 'West End']","West End, Dauphin County",Adzuna::API::Response::Location,Logistics & Warehouse Jobs,Adzuna::API::Response::Category,logistics-warehouse-jobs,40.25898,-76.86294,
2026-08-26T09:56:41Z,https://www.adzuna.com/land/ad/5856866499?se=XuCGbVah8RGgo6RzkAQImQ&utm_medium=api&utm_source=abfa41a4&v=4ED2BBBDE08EBABC9C7005EBC858369B59A0BF4D,Class A CDL Company Driver - 1-5mo EXP Required - Regional - Reefer - $1.25k - $1.84k per week - Marten Transport*,0,full_time,65000.0,eyJhbGciOiJIUzI1NiJ9.eyJpIjoiNTg1Njg2NjQ5OSIsInMiOiJYdUNHYlZhaDhSR2dvNlJ6a0FRSW1RIn0.kgcuXRDfJa2711NDuHTbcyF4UuZuai-NXKcc-qn0rNM,"CDL-A Truck Driver - $1,000 Sign-On Bonus. CDL-A Truck Drivers- Join a 2-Time TCA Elite Fleet Are you looking for a CDL-A truck driving job with reliable miles and a driver-first culture? Marten Transport - a back-to-back TCA Elite Fleet honoree (2025 & 2026) - is urgently hiring CDL-A truck drivers to join one of the industry's most stable and financially independent fleets that puts drivers first. From dependable schedules to competitive pay and modern equipment, Marten continues to set the s…",95680.0,5856866499,Adzuna::API::Response::Job,Marten Transport*,Adzuna::API::Response::Company,"['US', 'Arizona', 'Yavapai County', 'Sedona']","Sedona, Yavapai County",Adzuna::API::Response::Location,Logistics & Warehouse Jobs,Adzuna::API::Response::Category,logistics-warehouse-jobs,34.861204,-111.795864,
2026-08-26T09:56:41Z,https://www.adzuna.com/land/ad/5856866497?se=XuCGbVah8RGgo6RzkAQImQ&utm_medium=api&utm_source=abfa41a4&v=CDC7A761F63BD67C209E6BCDDAF737DB993E2269,Class A CDL Company Driver - 1-5mo EXP Required - Regional - Reefer - $1.25k - $1.84k per week - Marten Transport*,0,full_time,65000.0,eyJhbGciOiJIUzI1NiJ9.eyJpIjoiNTg1Njg2NjQ5NyIsInMiOiJYdUNHYlZhaDhSR2dvNlJ6a0FRSW1RIn0.MhNiFPN00oW0TcUjHiKd0hc_CBfxgcf1x3XzyvLq5qo,"CDL-A Truck Driver - $1,000 Sign-On Bonus. CDL-A Truck Drivers- Join a 2-Time TCA Elite Fleet Are you looking for a CDL-A truck driving job with reliable miles and a driver-first culture? Marten Transport - a back-to-back TCA Elite Fleet honoree (2025 & 2026) - is urgently hiring CDL-A truck drivers to join one of the industry's most stable and financially independent fleets that puts drivers first. From dependable schedules to competitive pay and modern equipment, Marten continues to set the s…",95680.0,5856866497,Adzuna::API::Response::Job,Marten Transport*,Adzuna::API::Response::Company,"['US', 'Arizona', 'Yavapai County', 'Groom Creek']","Groom Creek, Yavapai County",Adzuna::API::Response::Location,Logistics & Warehouse Jobs,Adzuna::API::Response::Category,logistics-warehouse-jobs,34.5348,-112.46994,
2026-08-26T09:56:41Z,https://www.adzuna.com/land/ad/5856866511?se=XuCGbVah8RGgo6RzkAQImQ&utm_medium=api&utm_source=abfa41a4&v=0E9314DBCBDE5583F1280CC09C8168D3E01172C8,Truck Driver Company - 1-5mo EXP Required - Local - Reefer - $1.35k - $1.65k per week - Marten Transport*,0,full_time,70200.0,eyJhbGciOiJIUzI1NiJ9.eyJpIjoiNTg1Njg2NjUxMSIsInMiOiJYdUNHYlZhaDhSR2dvNlJ6a0FRSW1RIn0.EVSSAqLXY1t3XSL8Rm5tJ8iqosMixNo5hgS4Y1w7R54,CDL-A Local Truck Driver - $5k Sign-On Bonus!. Local CDL-A Dedicated Truck Drivers- Join a 2-Time TCA Elite Fleet Now offering NEW HIGHER PAY! Are you looking for a CDL-A truck driving job with reliable miles and a driver-first culture? Marten Transport - a back-to-back TCA Elite Fleet honoree (2025 & 2026) - is urgently hiring CDL-A truck drivers to join one of the industry's most stable and financially independent fleets that puts drivers first. From dependable schedules to competitive pay an…,85800.0,5856866511,Adzuna::API::Response::Job,Marten Transport*,Adzuna::API::Response::Company,"['US', 'Arkansas', 'Washington County', 'Johnson']","Johnson, Washington County",Adzuna::API::Response::Location,Logistics & Warehouse Jobs,Adzuna::API::Response::Category,logistics-warehouse-jobs,36.100148,-94.136392,
2026-08-26T09:56:41Z,https://www.adzuna.com/land/ad/5856866501?se=XuCGbVah8RGgo6RzkAQImQ&utm_medium=api&utm_source=abfa41a4&v=002D76F11A665551C9083438D812F712DC5D51B1,Regional Truck Driver Company - 1-5mo EXP Required - Reefer - $1.25k - $1.84k per week - Marten Transport*,0,full_time,65000.0,eyJhbGciOiJIUzI1NiJ9.eyJpIjoiNTg1Njg2NjUwMSIsInMiOiJYdUNHYlZhaDhSR2dvNlJ6a0FRSW1RIn0.jZ41hdiOQSYcnvyKcQCTY1i_91w58RmgZVm_S5exAF4,"CDL-A Truck Driver - $1,000 Sign-On Bonus. CDL-A Truck Drivers- Join a 2-Time TCA Elite Fleet Are you looking for a CDL-A truck driving job with reliable miles and a driver-first culture? Marten Transport - a back-to-back TCA Elite Fleet honoree (2025 & 2026) - is urgently hiring CDL-A truck drivers to join one of the industry's most stable and financially independent fleets that puts drivers first. From dependable schedules to competitive pay and modern equipment, Marten continues to set the s…",95680.0,5856866501,Adzuna::API::Response::Job,Marten Transport*,Adzuna::API::Response::Company,"['US', 'California', 'Ventura County', 'Santa Paula']","Santa Paula, Ventura County",Adzuna::API::Response::Location,Logistics & Warehouse Jobs,Adzuna::API::Response::Category,logistics-warehouse-jobs,34.357481,-119.072174,
2026-08-26T09:56:41Z,https://www.adzuna.com/land/ad/5856866504?se=XuCGbVah8RGgo6RzkAQImQ&utm_medium=api&utm_source=abfa41a4&v=8456C62EA7620B95D08142A7C187AAB57479FC4B,CDL-A Company Driver - 1-5mo EXP Required - Dedicated - Dry Van - $1.35k - $1.68k per week - Marten Transport*,0,full_time,70200.0,eyJhbGciOiJIUzI1NiJ9.eyJzIjoiWHVDR2JWYWg4UkdnbzZSemtBUUltUSIsImkiOiI1ODU2ODY2NTA0In0.G7N2owehL9GqqkjHZbwA5g-dJAX4vcM3rYMitXwNwVU,"CDL-A Truck Driver - $2k Sign-On Bonus!. CDL-A Dedicated Truck Drivers- Join a 2-Time TCA Elite Fleet Are you looking for a CDL-A truck driving job with reliable miles and a driver-first culture? Marten Transport - a back-to-back TCA Elite Fleet honoree (2025 & 2026) - is urgently hiring CDL-A truck drivers to join one of the industry's most stable and financially independent fleets that puts drivers first. From dependable schedules to competitive pay and modern equipment, Marten continues to s…",87360.0,5856866504,Adzuna::API::Response::Job,Marten Transport*,Adzuna::API::Response::Company,"['US', 'Kansas', 'Sedgwick County', 'Wichita']","Wichita, Sedgwick County",Adzuna::API::Response::Location,Logistics & Warehouse Jobs,Adzuna::API::Response::Category,logistics-warehouse-jobs,37.68544,-97.335746,
2026-08-26T09:56:41Z,https://www.adzuna.com/land/ad/5856866494?se=XuCGbVah8RGgo6RzkAQImQ&utm_medium=api&utm_source=abfa41a4&v=0385BB382B3B8CBADD4785B0C11372303CBB9B0D,CDL-A Company Driver - 1-5mo EXP Required - Regional - Reefer - $1.25k - $1.84k per week - Marten Transport*,0,full_time,65000.0,eyJhbGciOiJIUzI1NiJ9.eyJzIjoiWHVDR2JWYWg4UkdnbzZSemtBUUltUSIsImkiOiI1ODU2ODY2NDk0In0.rLUVu7tY0NK_bckQKRpdEtKVS9Q3sIyzON3F-Zs8zxY,"CDL-A Truck Driver - $1,000 Sign-On Bonus. CDL-A Truck Drivers- Join a 2-Time TCA Elite Fleet Are you looking for a CDL-A truck driving job with reliable miles and a driver-first culture? Marten Transport - a back-to-back TCA Elite Fleet honoree (2025 & 2026) - is urgently hiring CDL-A truck drivers to join one of the industry's most stable and financially independent fleets that puts drivers first. From dependable schedules to competitive pay and modern equipment, Marten continues to set the s…",95680.0,5856866494,Adzuna::API::Response::Job,Marten Transport*,Adzuna::API::Response::Company,"['US', 'Arizona', 'Yavapai County', 'Groom Creek']","Groom Creek, Yavapai County",Adzuna::API::Response::Location,Logistics & Warehouse Jobs,Adzuna::API::Response::Category,logistics-warehouse-jobs,34.5348,-112.46994,
2026-08-26T09:56:41Z,https://www.adzuna.com/land/ad/5856866502?se=XuCGbVah8RGgo6RzkAQImQ&utm_medium=api&utm_source=abfa41a4&v=12D19E0FA0D5EE6AA13D95220B954266BCFC91F8,Regional Truck Driver Company - 1-5mo EXP Required - Reefer - $1.25k - $1.84k per week - Marten Transport*,0,full_time,65000.0,eyJhbGciOiJIUzI1NiJ9.eyJpIjoiNTg1Njg2NjUwMiIsInMiOiJYdUNHYlZhaDhSR2dvNlJ6a0FRSW1RIn0.7RBVfr2zbwHxIQKyiLv4kiVGz2Ez9TnOC3yhvd0PBPI,"CDL-A Truck Driver - $1,000 Sign-On Bonus. CDL-A Truck Drivers- Join a 2-Time TCA Elite Fleet Are you looking for a CDL-A truck driving job with reliable miles and a driver-first culture? Marten Transport - a back-to-back TCA Elite Fleet honoree (2025 & 2026) - is urgently hiring CDL-A truck drivers to join one of the industry's most stable and financially independent fleets that puts drivers first. From dependable schedules to competitive pay and modern equipment, Marten continues to set the s…",95680.0,5856866502,Adzuna::API::Response::Job,Marten Transport*,Adzuna::API::Response::Company,"['US', 'Arizona', 'Yavapai County', 'Sedona']","Sedona, Yavapai County",Adzuna::API::Response::Location,Logistics & Warehouse Jobs,Adzuna::API::Response::Category,logistics-warehouse-jobs,34.861204,-111.795864,
2026-08-26T09:56:41Z,https://www.adzuna.com/land/ad/5856866493?se=XuCGbVah8RGgo6RzkAQImQ&utm_medium=api&utm_source=abfa41a4&v=4B3B69F1C4129C6A3480EF6E91938BDAE575BD9D,CDL-A Company Driver - 1-5mo EXP Required - Regional - Reefer - $1.25k - $1.84k per week - Marten Transport*,0,full_time,65000.0,eyJhbGciOiJIUzI1NiJ9.eyJzIjoiWHVDR2JWYWg4UkdnbzZSemtBUUltUSIsImkiOiI1ODU2ODY2NDkzIn0.qwnp5D3qclOC3uvDxNYRbagfIkU9mgENYFb2JBWSGuE,"CDL-A Truck Driver - $1,000 Sign-On Bonus. CDL-A Truck Drivers- Join a 2-Time TCA Elite Fleet Are you looking for a CDL-A truck driving job with reliable miles and a driver-first culture? Marten Transport - a back-to-back TCA Elite Fleet honoree (2025 & 2026) - is urgently hiring CDL-A truck drivers to join one of the industry's most stable and financially independent fleets that puts drivers first. From dependable schedules to competitive pay and modern equipment, Marten continues to set the s…",95680.0,5856866493,Adzuna::API::Response::Job,Marten Transport*,Adzuna::API::Response::Company,"['US', 'California', 'Ventura County', 'Santa Paula']","Santa Paula, Ventura County",Adzuna::API::Response::Location,Logistics & Warehouse Jobs,Adzuna::API::Response::Category,logistics-warehouse-jobs,34.357481,-119.072174,
2026-08-26T09:56:41Z,https://www.adzuna.com/land/ad/5856866513?se=XuCGbVah8RGgo6RzkAQImQ&utm_medium=api&utm_source=abfa41a4&v=8969A67CC59A2688BEA36322252A8FDF6889A9F9,CDL-A Company Driver - 1-5mo EXP Required - Local - Reefer - $1.35k - $1.65k per week - Marten Transport*,0,full_time,70200.0,eyJhbGciOiJIUzI1NiJ9.eyJzIjoiWHVDR2JWYWg4UkdnbzZSemtBUUltUSIsImkiOiI1ODU2ODY2NTEzIn0.oyUM5x2v2hsUMxlmKIwQERcOTLcGqVZxT_YOszFhIv8,CDL-A Local Truck Driver - $5k Sign-On Bonus!. Local CDL-A Dedicated Truck Drivers- Join a 2-Time TCA Elite Fleet Now offering NEW HIGHER PAY! Are you looking for a CDL-A truck driving job with reliable miles and a driver-first culture? Marten Transport - a back-to-back TCA Elite Fleet honoree (2025 & 2026) - is urgently hiring CDL-A truck drivers to join one of the industry's most stable and financially independent fleets that puts drivers first. From dependable schedules to competitive pay an…,85800.0,5856866513,Adzuna::API::Response::Job,Marten Transport*,Adzuna::API::Response::Company,"['US', 'Arkansas', 'Sebastian County', 'Fort Smith']","Fort Smith, Sebastian County",Adzuna::API::Response::Location,Logistics & Warehouse Jobs,Adzuna::API::Response::Category,logistics-warehouse-jobs,35.405173,-94.389201,
2026-08-26T09:56:40Z,https://www.adzuna.com/land/ad/5856866449?se=XuCGbVah8RGgo6RzkAQImQ&utm_medium=api&utm_source=abfa41a4&v=1E6BCB720BE0F94B7589A3F923FE5270AD0CC79D,CDL-B Company Driver - 1yr EXP Required - Local - Specialized - Pavlich Inc,1,full_time,70228.65,eyJhbGciOiJIUzI1NiJ9.eyJpIjoiNTg1Njg2NjQ0OSIsInMiOiJYdUNHYlZhaDhSR2dvNlJ6a0FRSW1RIn0.ZUt_82uTqwAFAw8PxiPGRTOuyX00cRJIFNwPDKXu_ko,"CDL A and Class B Truck Drivers | High Earning Potential | Home Daily. Pavlich Inc is Seeking Local CDL-A Drivers | High Earning Potential! Hiring Class A and Class B drivers Job Details:  Competitive Pay - Pay Based on Commission Pay by the Load (NO 1099) - HIGH EARNING POTENTIAL!  HOME DAILY!  Late Model Manual & Automatic Peterbilts - Our equipment is kept in excellent condition!  Class A Drivers - Most locations can be home daily, regional or weekly.  Year Round Work  Training Available to …",70228.65,5856866449,Adzuna::API::Response::Job,Pavlich Inc,Adzuna::API::Response::Company,"['US', 'Kansas', 'Douglas County', 'Lawrence']","Lawrence, Douglas County",Adzuna::API::Response::Location,Logistics & Warehouse Jobs,Adzuna::API::Response::Category,logistics-warehouse-jobs,38.968784,-95.239539,
2026-08-26T09:56:40Z,https://www.adzuna.com/land/ad/5856866454?se=XuCGbVah8RGgo6RzkAQImQ&utm_medium=api&utm_source=abfa41a4&v=F5AC271C94C7690872012CE4D0585217363254A8,Class B CDL Company Driver - 1yr EXP Required - Local - Specialized - Pavlich Inc,1,full_time,79610.76,eyJhbGciOiJIUzI1NiJ9.eyJzIjoiWHVDR2JWYWg4UkdnbzZSemtBUUltUSIsImkiOiI1ODU2ODY2NDU0In0.kQ90bQRF1csSvFHh0dDc36dZSOopHfjduvNBfZTJNEA,"CDL A and Class B Truck Drivers | High Earning Potential | Home Daily. Pavlich Inc is Seeking Local CDL-A Drivers | High Earning Potential! Hiring Class A and Class B drivers Job Details:  Competitive Pay - Pay Based on Commission Pay by the Load (NO 1099) - HIGH EARNING POTENTIAL!  HOME DAILY!  Late Model Manual & Automatic Peterbilts - Our equipment is kept in excellent condition!  Class A Drivers - Most locations can be home daily, regional or weekly.  Year Round Work  Training Available to …",79610.76,5856866454,Adzuna::API::Response::Job,Pavlich Inc,Adzuna::API::Response::Company,"['US', 'Kansas', 'Shawnee County', 'Topeka']","Topeka, Shawnee County",Adzuna::API::Response::Location,Logistics & Warehouse Jobs,Adzuna::API::Response::Category,logistics-warehouse-jobs,39.05827,-95.715066,
2026-08-26T09:56:40Z,https://www.adzuna.com/land/ad/5856866457?se=XuCGbVah8RGgo6RzkAQImQ&utm_medium=api&utm_source=abfa41a4&v=2846032D7F8CCE4FD72C798A532C793ED3E0D9E5,Local Truck Driver - 1yr EXP Required - Specialized - Pavlich Inc,1,full_time,67989.5,eyJhbGciOiJIUzI1NiJ9.eyJpIjoiNTg1Njg2NjQ1NyIsInMiOiJYdUNHYlZhaDhSR2dvNlJ6a0FRSW1RIn0.cQ2wN-GlOY07KyIYcOVl5ZpNHg0GCQXyp1S5QKcj0bA,"CDL A and Class B Truck Drivers | High Earning Potential | Home Daily. Pavlich Inc is Seeking Local CDL-A Drivers | High Earning Potential! Hiring Class A and Class B drivers Job Details:  Competitive Pay - Pay Based on Commission Pay by the Load (NO 1099) - HIGH EARNING POTENTIAL!  HOME DAILY!  Late Model Manual & Automatic Peterbilts - Our equipment is kept in excellent condition!  Class A Drivers - Most locations can be home daily, regional or weekly.  Year Round Work  Training Available to …",67989.5,5856866457,Adzuna::API::Response::Job,Pavlich Inc,Adzuna::API::Response::Company,"['US', 'Kansas', 'Douglas County', 'Lawrence']","Lawrence, Douglas County",Adzuna::API::Response::Location,Logistics & Warehouse Jobs,Adzuna::API::Response::Category,logistics-warehouse-jobs,38.968784,-95.239539,
2026-08-26T09:56:40Z,https://www.adzuna.com/land/ad/5856866471?se=XuCGbVah8RGgo6RzkAQImQ&utm_medium=api&utm_source=abfa41a4&v=9E43CDE052D8B7BE7FC118683775A682DCE2FD34,Local Truck Driver - 1yr EXP Required - Specialized - Pavlich Inc,1,full_time,82076.48,eyJhbGciOiJIUzI1NiJ9.eyJzIjoiWHVDR2JWYWg4UkdnbzZSemtBUUltUSIsImkiOiI1ODU2ODY2NDcxIn0.pZuIT2OYY7ESqsGqFtQW7hvAGEr7xgZsRpzpd5Ou2s4,"CDL A Drivers Needed in Kansas City • Home Daily • Competitive Pay . Seeking Local CDL A Drivers | High Earning Potential! Job Details:  Competitive Pay - Pay Based on Commission Pay by the Load (NO 1099) - HIGH EARNING POTENTIAL!  HOME DAILY!  Late Model Manual & Automatic Peterbilts - Our equipment is kept in excellent condition!  Class A Drivers - Most locations can be home daily, regional or weekly.  Year Round Work  Training Available to Operate  Bulk Freight Benefits: Local, Regional and …",82076.48,5856866471,Adzuna::API::Response::Job,Pavlich Inc,Adzuna::API::Response::Company,"['US', 'Missouri', 'Jackson County', 'Kansas City']","Kansas City, Jackson County",Adzuna::API::Response::Location,Logistics & Warehouse Jobs,Adzuna::API::Response::Category,logistics-warehouse-jobs,39.103829,-94.572672,
2026-08-26T09:56:40Z,https://www.adzuna.com/land/ad/5856866475?se=XuCGbVah8RGgo6RzkAQImQ&utm_medium=api&utm_source=abfa41a4&v=0C644D6130149B61BB366C54015ABF513BC8A372,CDL-A Company Driver - 1-5mo EXP Required - Local - Reefer - Marten Transport*,1,full_time,73701.12,eyJhbGciOiJIUzI1NiJ9.eyJpIjoiNTg1Njg2NjQ3NSIsInMiOiJYdUNHYlZhaDhSR2dvNlJ6a0FRSW1RIn0._QjgJzty0Ngt_6-kqVAdFRWO44EblTbL1bH3Dw320nA,"Local CDL-A Truck Driver. CDL-A Local Truck Drivers- Join a 2-Time TCA Elite Fleet Are you looking for a CDL-A truck driving job with reliable miles and a driver-first culture? Marten Transport - a back-to-back TCA Elite Fleet honoree (2025 & 2026) - is urgently hiring CDL-A truck drivers to join one of the industry's most stable and financially independent fleets that puts drivers first. From dependable schedules to competitive pay and modern equipment, Marten continues to set the standard for…",73701.12,5856866475,Adzuna::API::Response::Job,Marten Transport*,Adzuna::API::Response::Company,"['US', 'Minnesota', 'Olmsted County', 'Rochester']","Rochester, Olmsted County",Adzuna::API::Response::Location,Logistics & Warehouse Jobs,Adzuna::API::Response::Category,logistics-warehouse-jobs,43.999708,-92.491794,
2026-08-26T09:56:40Z,https://www.adzuna.com/land/ad/5856866442?se=XuCGbVah8RGgo6RzkAQImQ&utm_medium=api&utm_source=abfa41a4&v=FECB7D883AAFD1B3C2D333A47D0207E8CF8579BD,CDL-B Company Driver - 1yr EXP Required - Local - Specialized - Pavlich Inc,1,full_time,81733.73,eyJhbGciOiJIUzI1NiJ9.eyJpIjoiNTg1Njg2NjQ0MiIsInMiOiJYdUNHYlZhaDhSR2dvNlJ6a0FRSW1RIn0.mLm8YEqHLcvCIAhPYIgSAKRzFXox5yRmSbayv_8FjXs,"CDL A and Class B Truck Drivers | High Earning Potential | Home Daily. Pavlich Inc is Seeking Local CDL-A Drivers | High Earning Potential! Hiring Class A and Class B drivers Job Details:  Competitive Pay - Pay Based on Commission Pay by the Load (NO 1099) - HIGH EARNING POTENTIAL!  HOME DAILY!  Late Model Manual & Automatic Peterbilts - Our equipment is kept in excellent condition!  Class A Drivers - Most locations can be home daily, regional or weekly.  Year Round Work  Training Available to …",81733.73,5856866442,Adzuna::API::Response::Job,Pavlich Inc,Adzuna::API::Response::Company,"['US', 'Kansas', 'Shawnee County', 'Topeka']","Topeka, Shawnee County",Adzuna::API::Response::Location,Logistics & Warehouse Jobs,Adzuna::API::Response::Category,logistics-warehouse-jobs,39.05827,-95.715066,
2026-08-26T09:56:40Z,https://www.adzuna.com/land/ad/5856866452?se=XuCGbVah8RGgo6RzkAQImQ&utm_medium=api&utm_source=abfa41a4&v=9A974424A84FC09FFE63BCAED2282F7DC0656B6E,Truck Driver Company - 1yr EXP Required - Local - Specialized - Pavlich Inc,1,full_time,68075.6,eyJhbGciOiJIUzI1NiJ9.eyJpIjoiNTg1Njg2NjQ1MiIsInMiOiJYdUNHYlZhaDhSR2dvNlJ6a0FRSW1RIn0.NSXc9TPgYtIh3eJBUzEjcoUanSHLA_qMfNCU52cky_c,"CDL A and Class B Truck Drivers | High Earning Potential | Home Daily. Pavlich Inc is Seeking Local CDL-A Drivers | High Earning Potential! Hiring Class A and Class B drivers Job Details:  Competitive Pay - Pay Based on Commission Pay by the Load (NO 1099) - HIGH EARNING POTENTIAL!  HOME DAILY!  Late Model Manual & Automatic Peterbilts - Our equipment is kept in excellent condition!  Class A Drivers - Most locations can be home daily, regional or weekly.  Year Round Work  Training Available to …",68075.6,5856866452,Adzuna::API::Response::Job,Pavlich Inc,Adzuna::API::Response::Company,"['US', 'Kansas', 'Douglas County', 'Lawrence']","Lawrence, Douglas County",Adzuna::API::Response::Location,Logistics & Warehouse Jobs,Adzuna::API::Response::Category,logistics-warehouse-jobs,38.968784,-95.239539,
2026-08-26T09:56:40Z,https://www.adzuna.com/land/ad/5856866467?se=XuCGbVah8RGgo6RzkAQImQ&utm_medium=api&utm_source=abfa41a4&v=15E1818735C7CCF8D7DCC611C991F0EDF9720597,Truck Driver Company - 1yr EXP Required - Local - Specialized - Pavlich Inc,1,full_time,84977.31,eyJhbGciOiJIUzI1NiJ9.eyJpIjoiNTg1Njg2NjQ2NyIsInMiOiJYdUNHYlZhaDhSR2dvNlJ6a0FRSW1RIn0.COSLIOZYnYAkwFuYg2gdSUjmAtF_2IUSI4dssc7fuKM,"CDL A and Class B Truck Drivers | High Earning Potential | Home Daily. Pavlich Inc is Seeking Local CDL-A Drivers | High Earning Potential! Hiring Class A and Class B drivers Job Details:  Competitive Pay - Pay Based on Commission Pay by the Load (NO 1099) - HIGH EARNING POTENTIAL!  HOME DAILY!  Late Model Manual & Automatic Peterbilts - Our equipment is kept in excellent condition!  Class A Drivers - Most locations can be home daily, regional or weekly.  Year Round Work  Training Available to …",84977.31,5856866467,Adzuna::API::Response::Job,Pavlich Inc,Adzuna::API::Response::Company,"['US', 'Missouri', 'Jackson County', 'Kansas City']","Kansas City, Jackson County",Adzuna::API::Response::Location,Logistics & Warehouse Jobs,Adzuna::API::Response::Category,logistics-warehouse-jobs,39.103829,-94.572672,
2026-08-26T09:56:40Z,https://www.adzuna.com/land/ad/5856866473?se=XuCGbVah8RGgo6RzkAQImQ&utm_medium=api&utm_source=abfa41a4&v=49C2A0733F3CA0BEE76B447C5431CFA8A19F6242,Truck Driver Company - 1-5mo EXP Required - Local - Reefer - Marten Transport*,1,full_time,73509.62,eyJhbGciOiJIUzI1NiJ9.eyJzIjoiWHVDR2JWYWg4UkdnbzZSemtBUUltUSIsImkiOiI1ODU2ODY2NDczIn0.8fqH9b8LpMGdfIvS9hK748OxQT1xN6W0gGts1mIrRgk,"Local CDL-A Truck Driver. CDL-A Local Truck Drivers- Join a 2-Time TCA Elite Fleet Are you looking for a CDL-A truck driving job with reliable miles and a driver-first culture? Marten Transport - a back-to-back TCA Elite Fleet honoree (2025 & 2026) - is urgently hiring CDL-A truck drivers to join one of the industry's most stable and financially independent fleets that puts drivers first. From dependable schedules to competitive pay and modern equipment, Marten continues to set the standard for…",73509.62,5856866473,Adzuna::API::Response::Job,Marten Transport*,Adzuna::API::Response::Company,"['US', 'Minnesota', 'Olmsted County', 'Rochester']","Rochester, Olmsted County",Adzuna::API::Response::Location,Logistics & Warehouse Jobs,Adzuna::API::Response::Category,logistics-warehouse-jobs,43.999708,-92.491794,
2026-08-26T09:56:40Z,https://www.adzuna.com/land/ad/5856866481?se=XuCGbVah8RGgo6RzkAQImQ&utm_medium=api&utm_source=abfa41a4&v=A40BA90C03D41DE412C21B69BACEF741A0F87008,Class A CDL Company Driver - 1-5mo EXP Required - Regional - Reefer - $1.25k - $1.88k per week - Marten Transport*,0,full_time,65000.0,eyJhbGciOiJIUzI1NiJ9.eyJzIjoiWHVDR2JWYWg4UkdnbzZSemtBUUltUSIsImkiOiI1ODU2ODY2NDgxIn0.8B1THTzyopvxNmXvgwaholRueIVW-V-2R7h7dLhU4Tg,"CDL-A Truck Driver - $5k Sign-On Bonus!. CDL-A Truck Drivers- Join a 2-Time TCA Elite Fleet Are you looking for a CDL-A truck driving job with reliable miles and a driver-first culture? Marten Transport - a back-to-back TCA Elite Fleet honoree (2025 & 2026) - is urgently hiring CDL-A truck drivers to join one of the industry's most stable and financially independent fleets that puts drivers first. From dependable schedules to competitive pay and modern equipment, Marten continues to set the sta…",97760.0,5856866481,Adzuna::API::Response::Job,Marten Transport*,Adzuna::API::Response::Company,"['US', 'Iowa', 'Scott County', 'Davenport']","Davenport, Scott County",Adzuna::API::Response::Location,Logistics & Warehouse Jobs,Adzuna::API::Response::Category,logistics-warehouse-jobs,41.523166,-90.577867,
2026-08-26T09:56:40Z,https://www.adzuna.com/land/ad/5856866448?se=XuCGbVah8RGgo6RzkAQImQ&utm_medium=api&utm_source=abfa41a4&v=EA4DEDFD2BAAF420606CE9FE03409604ABB91A4A,Class A CDL Company Driver - 1yr EXP Required - Local - Specialized - Pavlich Inc,1,full_time,76990.56,eyJhbGciOiJIUzI1NiJ9.eyJpIjoiNTg1Njg2NjQ0OCIsInMiOiJYdUNHYlZhaDhSR2dvNlJ6a0FRSW1RIn0.KcfnBF4ZWTCVZQh1wPbC3RjcXW5SeI_AoLItKCR20t4,"CDL A Drivers Needed in Kansas City • Home Daily • Competitive Pay . Seeking Local CDL A Drivers | High Earning Potential! Job Details:  Competitive Pay - Pay Based on Commission Pay by the Load (NO 1099) - HIGH EARNING POTENTIAL!  HOME DAILY!  Late Model Manual & Automatic Peterbilts - Our equipment is kept in excellent condition!  Class A Drivers - Most locations can be home daily, regional or weekly.  Year Round Work  Training Available to Operate  Bulk Freight Benefits: Local, Regional and …",76990.56,5856866448,Adzuna::API::Response::Job,Pavlich Inc,Adzuna::API::Response::Company,"['US', 'Kansas', 'Shawnee County', 'Topeka']","Topeka, Shawnee County",Adzuna::API::Response::Location,Logistics & Warehouse Jobs,Adzuna::API::Response::Category,logistics-warehouse-jobs,39.05827,-95.715066,
2026-08-26T09:56:40Z,https://www.adzuna.com/land/ad/5856866461?se=XuCGbVah8RGgo6RzkAQImQ&utm_medium=api&utm_source=abfa41a4&v=D55A8555F5CA067D8D130D63AEDACD68B08905F5,CDL-A Company Driver - 1yr EXP Required - Local - Specialized - Pavlich Inc,1,full_time,63847.63,eyJhbGciOiJIUzI1NiJ9.eyJpIjoiNTg1Njg2NjQ2MSIsInMiOiJYdUNHYlZhaDhSR2dvNlJ6a0FRSW1RIn0.HbXx9-m54vOCQr8XZmXms4683F2ZCR9IiAhsJxuSiF8,"CDL A Drivers Needed in Kansas City • Home Daily • Competitive Pay . Seeking Local CDL A Drivers | High Earning Potential! Job Details:  Competitive Pay - Pay Based on Commission Pay by the Load (NO 1099) - HIGH EARNING POTENTIAL!  HOME DAILY!  Late Model Manual & Automatic Peterbilts - Our equipment is kept in excellent condition!  Class A Drivers - Most locations can be home daily, regional or weekly.  Year Round Work  Training Available to Operate  Bulk Freight Benefits: Local, Regional and …",63847.63,5856866461,Adzuna::API::Response::Job,Pavlich Inc,Adzuna::API::Response::Company,"['US', 'Missouri', 'Buchanan County', 'Saint Joseph']","Saint Joseph, Buchanan County",Adzuna::API::Response::Location,Logistics & Warehouse Jobs,Adzuna::API::Response::Category,logistics-warehouse-jobs,39.76637,-94.843862,
2026-08-26T09:56:40Z,https://www.adzuna.com/land/ad/5856866477?se=XuCGbVah8RGgo6RzkAQImQ&utm_medium=api&utm_source=abfa41a4&v=7EF64627684762F0E3603AEFDD284374DD88F352,Regional Truck Driver Company - 1-5mo EXP Required - Reefer - $1.25k - $1.88k per week - Marten Transport*,0,full_time,65000.0,eyJhbGciOiJIUzI1NiJ9.eyJpIjoiNTg1Njg2NjQ3NyIsInMiOiJYdUNHYlZhaDhSR2dvNlJ6a0FRSW1RIn0.MtTQhDTv0ysdSJwb9Uc6tzIonVyShsT6V1RqPaHalSU,"CDL-A Truck Driver - $5k Sign-On Bonus!. CDL-A Truck Drivers- Join a 2-Time TCA Elite Fleet Are you looking for a CDL-A truck driving job with reliable miles and a driver-first culture? Marten Transport - a back-to-back TCA Elite Fleet honoree (2025 & 2026) - is urgently hiring CDL-A truck drivers to join one of the industry's most stable and financially independent fleets that puts drivers first. From dependable schedules to competitive pay and modern equipment, Marten continues to set the sta…",97760.0,5856866477,Adzuna::API::Response::Job,Marten Transport*,Adzuna::API::Response::Company,"['US', 'Illinois', 'Winnebago County', 'Rockford']","Rockford, Winnebago County",Adzuna::API::Response::Location,Logistics & Warehouse Jobs,Adzuna::API::Response::Category,logistics-warehouse-jobs,42.297912,-89.127617,
